  0
SECTION
  2
HEADER
  9
$ACADVER
  1
AC1015
  9
$ACADMAINTVER
 70
     6
  9
$DWGCODEPAGE
  3
ANSI_932
  9
$INSBASE
 10
0.0
 20
0.0
 30
0.0
  9
$EXTMIN
 10
0.0
 20
0.0
 30
0.0
  9
$EXTMAX
 10
100.000000000000199
 20
70.7106781186553661
 30
0.0
  9
$LIMMIN
 10
0.0
 20
0.0
  9
$LIMMAX
 10
100.000000000000199
 20
70.7106781186553661
  9
$ORTHOMODE
 70
     0
  9
$REGENMODE
 70
     1
  9
$FILLMODE
 70
     1
  9
$QTEXTMODE
 70
     0
  9
$MIRRTEXT
 70
     1
  9
$LTSCALE
 40
1.0
  9
$ATTMODE
 70
     1
  9
$TEXTSIZE
 40
2.5
  9
$TRACEWID
 40
1.0
  9
$TEXTSTYLE
  7
Standard
  9
$CLAYER
  8
0
  9
$CELTYPE
  6
ByLayer
  9
$CECOLOR
 62
   256
  9
$CELTSCALE
 40
1.0
  9
$DISPSILH
 70
     0
  9
$DIMSCALE
 40
1.0
  9
$DIMASZ
 40
2.5
  9
$DIMEXO
 40
0.625
  9
$DIMDLI
 40
3.75
  9
$DIMRND
 40
0.0
  9
$DIMDLE
 40
0.0
  9
$DIMEXE
 40
1.25
  9
$DIMTP
 40
0.0
  9
$DIMTM
 40
0.0
  9
$DIMTXT
 40
2.5
  9
$DIMCEN
 40
2.5
  9
$DIMTSZ
 40
0.0
  9
$DIMTOL
 70
     0
  9
$DIMLIM
 70
     0
  9
$DIMTIH
 70
     1
  9
$DIMTOH
 70
     1
  9
$DIMSE1
 70
     0
  9
$DIMSE2
 70
     0
  9
$DIMTAD
 70
     0
  9
$DIMZIN
 70
     8
  9
$DIMBLK
  1

  9
$DIMASO
 70
     1
  9
$DIMSHO
 70
     1
  9
$DIMPOST
  1

  9
$DIMAPOST
  1

  9
$DIMALT
 70
     0
  9
$DIMALTD
 70
     2
  9
$DIMALTF
 40
25.4
  9
$DIMLFAC
 40
1.0
  9
$DIMTOFL
 70
     0
  9
$DIMTVP
 40
0.0
  9
$DIMTIX
 70
     0
  9
$DIMSOXD
 70
     0
  9
$DIMSAH
 70
     0
  9
$DIMBLK1
  1

  9
$DIMBLK2
  1

  9
$DIMSTYLE
  2
Standard
  9
$DIMCLRD
 70
     0
  9
$DIMCLRE
 70
     0
  9
$DIMCLRT
 70
     0
  9
$DIMTFAC
 40
1.0
  9
$DIMGAP
 40
1.524
  9
$DIMJUST
 70
     0
  9
$DIMSD1
 70
     0
  9
$DIMSD2
 70
     0
  9
$DIMTOLJ
 70
     1
  9
$DIMTZIN
 70
     0
  9
$DIMALTZ
 70
     0
  9
$DIMALTTZ
 70
     0
  9
$DIMUPT
 70
     0
  9
$DIMDEC
 70
     2
  9
$DIMTDEC
 70
     2
  9
$DIMALTU
 70
     2
  9
$DIMALTTD
 70
     3
  9
$DIMTXSTY
  7
Standard
  9
$DIMAUNIT
 70
     0
  9
$DIMADEC
 70
     0
  9
$DIMALTRND
 40
0.0
  9
$DIMAZIN
 70
     0
  9
$DIMDSEP
 70
    46
  9
$DIMATFIT
 70
     3
  9
$DIMFRAC
 70
     0
  9
$DIMLDRBLK
  1

  9
$DIMLUNIT
 70
     2
  9
$DIMLWD
 70
     -2
  9
$DIMLWE
 70
     -2
  9
$DIMTMOVE
 70
     0
  9
$LUNITS
 70
     2
  9
$LUPREC
 70
     4
  9
$SKETCHINC
 40
1.0
  9
$FILLETRAD
 40
10.0
  9
$AUNITS
 70
     0
  9
$AUPREC
 70
     0
  9
$MENU
  1
.
  9
$ELEVATION
 40
0.0
  9
$PELEVATION
 40
0.0
  9
$THICKNESS
 40
0.0
  9
$LIMCHECK
 70
     0
  9
$CHAMFERA
 40
0.0
  9
$CHAMFERB
 40
0.0
  9
$CHAMFERC
 40
0.0
  9
$CHAMFERD
 40
0.0
  9
$SKPOLY
 70
     0
  9
$TDCREATE
 40
2456924.6050732177682221
  9
$TDUCREATE
 40
2456924.6050732177682221
  9
$TDUPDATE
 40
2456924.605073228944093
  9
$TDUUPDATE
 40
2456924.2717398959212005
  9
$TDINDWG
 40
0.0000000116
  9
$TDUSRTIMER
 40
0.0000000116
  9
$USRTIMER
 70
     1
  9
$ANGBASE
 50
0.0
  9
$ANGDIR
 70
     0
  9
$PDMODE
 70
     0
  9
$PDSIZE
 40
0.0
  9
$PLINEWID
 40
0.0
  9
$SPLFRAME
 70
     0
  9
$SPLINETYPE
 70
     6
  9
$SPLINESEGS
 70
     8
  9
$HANDSEED
  5
406
  9
$SURFTAB1
 70
     6
  9
$SURFTAB2
 70
     6
  9
$SURFTYPE
 70
     6
  9
$SURFU
 70
     6
  9
$SURFV
 70
     6
  9
$UCSBASE
  2

  9
$UCSNAME
  2

  9
$UCSORG
 10
0.0
 20
0.0
 30
0.0
  9
$UCSXDIR
 10
1.0
 20
0.0
 30
0.0
  9
$UCSYDIR
 10
0.0
 20
1.0
 30
0.0
  9
$UCSORTHOREF
  2

  9
$UCSORTHOVIEW
 70
     0
  9
$UCSORGTOP
 10
0.0
 20
0.0
 30
0.0
  9
$UCSORGBOTTOM
 10
0.0
 20
0.0
 30
0.0
  9
$UCSORGLEFT
 10
0.0
 20
0.0
 30
0.0
  9
$UCSORGRIGHT
 10
0.0
 20
0.0
 30
0.0
  9
$UCSORGFRONT
 10
0.0
 20
0.0
 30
0.0
  9
$UCSORGBACK
 10
0.0
 20
0.0
 30
0.0
  9
$PUCSBASE
  2

  9
$PUCSNAME
  2

  9
$PUCSORG
 10
0.0
 20
0.0
 30
0.0
  9
$PUCSXDIR
 10
1.0
 20
0.0
 30
0.0
  9
$PUCSYDIR
 10
0.0
 20
1.0
 30
0.0
  9
$PUCSORTHOREF
  2

  9
$PUCSORTHOVIEW
 70
     0
  9
$PUCSORGTOP
 10
0.0
 20
0.0
 30
0.0
  9
$PUCSORGBOTTOM
 10
0.0
 20
0.0
 30
0.0
  9
$PUCSORGLEFT
 10
0.0
 20
0.0
 30
0.0
  9
$PUCSORGRIGHT
 10
0.0
 20
0.0
 30
0.0
  9
$PUCSORGFRONT
 10
0.0
 20
0.0
 30
0.0
  9
$PUCSORGBACK
 10
0.0
 20
0.0
 30
0.0
  9
$USERI1
 70
     0
  9
$USERI2
 70
     0
  9
$USERI3
 70
     0
  9
$USERI4
 70
     0
  9
$USERI5
 70
     0
  9
$USERR1
 40
0.0
  9
$USERR2
 40
0.0
  9
$USERR3
 40
0.0
  9
$USERR4
 40
0.0
  9
$USERR5
 40
0.0
  9
$WORLDVIEW
 70
     1
  9
$SHADEDGE
 70
     3
  9
$SHADEDIF
 70
    70
  9
$TILEMODE
 70
     1
  9
$MAXACTVP
 70
    64
  9
$PINSBASE
 10
0.0
 20
0.0
 30
0.0
  9
$PLIMCHECK
 70
     0
  9
$PEXTMIN
 10
1.000000000000000E+20
 20
1.000000000000000E+20
 30
1.000000000000000E+20
  9
$PEXTMAX
 10
-1.000000000000000E+20
 20
-1.000000000000000E+20
 30
-1.000000000000000E+20
  9
$PLIMMIN
 10
0.0
 20
0.0
  9
$PLIMMAX
 10
100.000000000000199
 20
70.7106781186553661
  9
$UNITMODE
 70
     0
  9
$VISRETAIN
 70
     1
  9
$PLINEGEN
 70
     0
  9
$PSLTSCALE
 70
     1
  9
$TREEDEPTH
 70
  3020
  9
$CMLSTYLE
  2
Standard
  9
$CMLJUST
 70
     0
  9
$CMLSCALE
 40
20.0
  9
$PROXYGRAPHICS
 70
     1
  9
$MEASUREMENT
 70
     1
  9
$CELWEIGHT
370
     -1
  9
$ENDCAPS
280
     0
  9
$JOINSTYLE
280
     0
  9
$LWDISPLAY
290
     0
  9
$INSUNITS
 70
     4
  9
$HYPERLINKBASE
  1

  9
$STYLESHEET
  1

  9
$XEDIT
290
     1
  9
$CEPSNTYPE
380
     0
  9
$PSTYLEMODE
290
     1
  9
$FINGERPRINTGUID
  2
{BBE61EF9-1F76-4BE8-AD51-58B72A634858}
  9
$VERSIONGUID
  2
{FAEB1C32-E019-11D5-929B-00C0DF256EC4}
  9
$EXTNAMES
290
     1
  9
$PSVPSCALE
 40
0.0
  9
$OLESTARTUP
290
     0
  9
$DXFTOLERANCE
 71
     0
 72
     1
 73
0.000001
  0
ENDSEC
  0
SECTION
  2
CLASSES
  0
ENDSEC
  0
SECTION
  2
TABLES
  0
TABLE
  2
VPORT
  5
8
330
0
100
AcDbSymbolTable
 70
     1
  0
VPORT
  5
40
330
8
100
AcDbSymbolTableRecord
100
AcDbViewportTableRecord
  2
*Active
 70
     0
 10
0.0
 20
0.0
 11
1.0
 21
1.0
 12
50.0000000000000995
 22
35.3553390593276831
 13
0.0
 23
0.0
 14
0.5
 24
0.5
 15
0.5
 25
0.5
 16
0.0
 26
0.0
 36
1.0
 17
0.0
 27
0.0
 37
0.0
 40
300.0
 41
1.0
 42
50.0
 43
0.0
 44
0.0
 50
0.0
 51
0.0
 71
     0
 72
   100
 73
     1
 74
     3
 75
     0
 76
     0
 77
     0
 78
     0
281
     0
 65
     1
110
0.0
120
0.0
130
0.0
111
1.0
121
0.0
131
0.0
112
0.0
122
1.0
132
0.0
 79
     0
146
0.0
  0
ENDTAB
  0
TABLE
  2
LTYPE
  5
5
330
0
100
AcDbSymbolTable
 70
     1
  0
LTYPE
  5
2B
330
5
100
AcDbSymbolTableRecord
100
AcDbLinetypeTableRecord
  2
ByBlock
 70
     0
  3

 72
    65
 73
     0
 40
0.0
  0
LTYPE
  5
2C
330
5
100
AcDbSymbolTableRecord
100
AcDbLinetypeTableRecord
  2
ByLayer
 70
     0
  3

 72
    65
 73
     0
 40
0.0
  0
LTYPE
  5
2D
330
5
100
AcDbSymbolTableRecord
100
AcDbLinetypeTableRecord
  2
Continuous
 70
     0
  3

 72
    65
 73
     0
 40
0.0
  0
ENDTAB
  0
TABLE
  2
LAYER
  5
2
330
0
100
AcDbSymbolTable
 70
     3
  0
LAYER
  5
200
330
2
100
AcDbSymbolTableRecord
100
AcDbLayerTableRecord
  2
0
 70
     0
 62
     7
  6
Continuous
370
     -3
390
0
  0
LAYER
  5
201
330
2
100
AcDbSymbolTableRecord
100
AcDbLayerTableRecord
  2
Rotor
 70
     0
 62
     7
  6
Continuous
370
     -3
390
0
  0
LAYER
  5
202
330
2
100
AcDbSymbolTableRecord
100
AcDbLayerTableRecord
  2
Stator
 70
     0
 62
     7
  6
Continuous
370
     -3
390
0
  0
ENDTAB
  0
TABLE
  2
STYLE
  5
3
330
0
100
AcDbSymbolTable
 70
     1
  0
STYLE
  5
11
330
3
100
AcDbSymbolTableRecord
100
AcDbTextStyleTableRecord
  2
Standard
 70
     0
 40
0.0
 41
1.0
 50
0.0
 71
     0
 42
3.5
  3
txt
  4
bigfont
  0
ENDTAB
  0
TABLE
  2
VIEW
  5
6
330
0
100
AcDbSymbolTable
 70
     0
  0
ENDTAB
  0
TABLE
  2
UCS
  5
7
330
0
100
AcDbSymbolTable
 70
     0
  0
ENDTAB
  0
TABLE
  2
APPID
  5
9
330
0
100
AcDbSymbolTable
 70
     2
  0
APPID
  5
85
330
9
100
AcDbSymbolTableRecord
100
AcDbRegAppTableRecord
  2
ACAD
 70
     0
  0
APPID
  5
86
330
9
100
AcDbSymbolTableRecord
100
AcDbRegAppTableRecord
  2
ACAD_MLEADERVER
 70
     0
  0
ENDTAB
  0
TABLE
  2
DIMSTYLE
  5
A
330
0
100
AcDbSymbolTable
 70
     1
100
AcDbDimStyleTable
  0
DIMSTYLE
105
3E
330
A
100
AcDbSymbolTableRecord
100
AcDbDimStyleTableRecord
  2
Standard
 70
     0
 41
2.5
 42
0.625
 43
3.75
 44
1.25
 73
     0
 74
     0
 77
     1
 78
     8
140
2.5
141
2.5
143
0.0393700787
147
0.625
171
     3
172
     1
178
     0
271
     2
272
     2
274
     3
278
    44
283
     0
284
     8
340
11
  0
ENDTAB
  0
TABLE
  2
BLOCK_RECORD
  5
1
330
0
100
AcDbSymbolTable
 70
     1
  0
BLOCK_RECORD
  5
36
330
1
100
AcDbSymbolTableRecord
100
AcDbBlockTableRecord
  2
*Model_Space
340
124
  0
BLOCK_RECORD
  5
3A
330
1
100
AcDbSymbolTableRecord
100
AcDbBlockTableRecord
  2
*Paper_Space
340
125
  0
BLOCK_RECORD
  5
3C
330
1
100
AcDbSymbolTableRecord
100
AcDbBlockTableRecord
  2
*Paper_Space0
340
0
  0
ENDTAB
  0
ENDSEC
  0
SECTION
  2
BLOCKS
  0
BLOCK
  5
20
330
36
100
AcDbEntity
  8
0
100
AcDbBlockBegin
  2
*Model_Space
 70
     0
 10
0.0
 20
0.0
 30
0.0
  3
*Model_Space
  1

  0
ENDBLK
  5
38
330
36
100
AcDbEntity
  8
0
100
AcDbBlockEnd
  0
BLOCK
  5
33
330
3A
100
AcDbEntity
 67
     1
  8
0
100
AcDbBlockBegin
  2
*Paper_Space
 70
     0
 10
0.0
 20
0.0
 30
0.0
  3
*Paper_Space
  1

  0
ENDBLK
  5
34
330
3A
100
AcDbEntity
 67
     1
  8
0
100
AcDbBlockEnd
  0
BLOCK
  5
3B
330
3C
100
AcDbEntity
  8
0
100
AcDbBlockBegin
  2
*Paper_Space0
 70
     0
 10
0.0
 20
0.0
 30
0.0
  3
*Paper_Space0
  1

  0
ENDBLK
  5
44
330
3C
100
AcDbEntity
  8
0
100
AcDbBlockEnd
  0
ENDSEC
  0
SECTION
  2
ENTITIES
  0
LINE
  5
203
330
36
100
AcDbEntity
  8
Rotor
100
AcDbLine
 10
79.0
 20
0.0
 30
0.0
 11
26.3689500000000017
 21
0.0
 31
0.0
  0
LINE
  5
204
330
36
100
AcDbEntity
  8
Rotor
100
AcDbLine
 10
57.6122570889664232
 20
22.0241484926560283
 30
0.0
 11
55.6694390889664135
 21
19.0888704926560315
 31
0.0
  0
LINE
  5
205
330
36
100
AcDbEntity
  8
Rotor
100
AcDbLine
 10
73.6629795073439624
 20
6.5796030889664161
 30
0.0
 11
55.8104135073439735
 21
18.3959590889664213
 31
0.0
  0
LINE
  5
206
330
36
100
AcDbEntity
  8
Rotor
100
AcDbLine
 10
76.2987089110335859
 20
9.655855507343972
 30
0.0
 11
74.3558909110335833
 21
6.7205775073439709
 31
0.0
  0
LINE
  5
207
330
36
100
AcDbEntity
  8
Rotor
100
AcDbLine
 10
76.1577344926560329
 20
10.3487669110335805
 30
0.0
 11
58.3051684926560299
 21
22.1651229110335812
 31
0.0
  0
LINE
  5
208
330
36
100
AcDbEntity
  8
Rotor
100
AcDbLine
 10
76.9123038958727818
 20
9.8493289735054823
 30
0.0
 11
76.1577344926560329
 21
10.3487669110335805
 31
0.0
  0
LINE
  5
209
330
36
100
AcDbEntity
  8
Rotor
100
AcDbLine
 10
58.3051684926560299
 20
22.1651229110335812
 30
0.0
 11
58.140905325150527
 21
22.2738458342484797
 31
0.0
  0
LINE
  5
20A
330
36
100
AcDbEntity
  8
Rotor
100
AcDbLine
 10
56.7389746579555023
 20
22.4088362186178891
 30
0.0
 11
54.82220658539417
 21
21.6148851885619884
 31
0.0
  0
LINE
  5
20B
330
36
100
AcDbEntity
  8
Rotor
100
AcDbLine
 10
55.2830829999999978
 20
18.5051500000000004
 30
0.0
 11
54.5683262818900516
 21
18.9782374258457089
 31
0.0
  0
LINE
  5
20C
330
36
100
AcDbEntity
  8
Rotor
100
AcDbLine
 10
73.5525920000000042
 20
6.4128259999999999
 30
0.0
 11
55.2830829999999978
 21
18.5051500000000004
 31
0.0
  0
LINE
  5
20D
330
36
100
AcDbEntity
  8
Rotor
100
AcDbLine
 10
73.9058444779680883
 20
6.1790137331007529
 30
0.0
 11
73.5525920000000042
 21
6.4128259999999999
 31
0.0
  0
LINE
  5
20E
330
36
100
AcDbEntity
  8
Rotor
100
AcDbLine
 10
75.0607668884955785
 20
5.2427473350840081
 30
0.0
 11
74.0286131925063131
 21
6.088451598546416
 31
0.0
  0
LINE
  5
20F
330
36
100
AcDbEntity
  8
Rotor
100
AcDbLine
 10
77.1754049999999978
 20
4.9030139999999998
 30
0.0
 11
76.0114410000000049
 21
4.9030139999999998
 31
0.0
  0
LINE
  5
210
330
36
100
AcDbEntity
  8
Rotor
100
AcDbLine
 10
70.2467539824400689
 20
28.20478278961561
 30
0.0
 11
68.4300369824400718
 21
27.2550267896156093
 31
0.0
  0
LINE
  5
211
330
36
100
AcDbEntity
  8
Rotor
100
AcDbLine
 10
73.4522422103843837
 20
16.5692089824400703
 30
0.0
 11
68.218583210384395
 21
26.5802769824400684
 31
0.0
  0
LINE
  5
212
330
36
100
AcDbEntity
  8
Rotor
100
AcDbLine
 10
75.9437100175599369
 20
17.3075122103843917
 30
0.0
 11
74.1269920175599282
 21
16.35775521038439
 31
0.0
  0
LINE
  5
213
330
36
100
AcDbEntity
  8
Rotor
100
AcDbLine
 10
76.1551637896156137
 20
17.982262017559929
 30
0.0
 11
70.9215037896156133
 21
27.9933290175599296
 31
0.0
  0
LINE
  5
214
330
36
100
AcDbEntity
  8
Rotor
100
AcDbLine
 10
76.5567359391143754
 20
17.21412509484108
 30
0.0
 11
76.1551637896156137
 21
17.982262017559929
 31
0.0
  0
LINE
  5
215
330
36
100
AcDbEntity
  8
Rotor
100
AcDbLine
 10
69.5315715856540635
 20
28.4978498192755509
 30
0.0
 11
68.6779059213222638
 21
28.1442506769225105
 31
0.0
  0
LINE
  5
216
330
36
100
AcDbEntity
  8
Rotor
100
AcDbLine
 10
73.3193119999999965
 20
16.4997149999999984
 30
0.0
 11
68.0852591647851568
 21
26.5115353600016093
 31
0.0
  0
LINE
  5
217
330
36
100
AcDbEntity
  8
Rotor
100
AcDbLine
 10
73.5078588130891575
 20
16.1390585993088997
 30
0.0
 11
73.3193119999999965
 21
16.4997149999999984
 31
0.0
  0
LINE
  5
218
330
36
100
AcDbEntity
  8
Rotor
100
AcDbLine
 10
74.9068006966110715
 20
14.0983935026956306
 30
0.0
 11
73.6039199052529938
 21
15.9801242013572207
 31
0.0
  0
LINE
  5
219
330
36
100
AcDbEntity
  8
Rotor
100
AcDbLine
 10
76.7466059999999999
 20
13.4522720000000007
 30
0.0
 11
76.1400450000000006
 21
13.4522720000000007
 31
0.0
  0
LINE
  5
21A
330
36
100
AcDbEntity
  8
Rotor
100
AcDbLine
 10
26.3689500000000017
 20
0.0
 30
0.0
 11
0.0
 21
0.0
 31
0.0
  0
LINE
  5
21B
330
36
100
AcDbEntity
  8
Rotor
100
AcDbLine
 10
0.0
 20
0.0
 30
0.0
 11
24.3617331988135
 21
10.0909602938634304
 31
0.0
  0
LINE
  5
21C
330
36
100
AcDbEntity
  8
Rotor
100
AcDbLine
 10
24.3617331988135
 20
10.0909602938634304
 30
0.0
 11
72.9864830683916495
 21
30.2319911568420885
 31
0.0
  0
LINE
  5
21D
330
36
100
AcDbEntity
  8
Rotor
100
AcDbLine
 10
73.5078588130891575
 20
16.1390585993088997
 30
0.0
 11
73.3193119999999965
 21
16.4997149999999984
 31
0.0
  0
LINE
  5
21E
330
36
100
AcDbEntity
  8
Rotor
100
AcDbLine
 10
74.9068006966110715
 20
14.0983935026956289
 30
0.0
 11
73.603919905253008
 21
15.980124201357226
 31
0.0
  0
LINE
  5
21F
330
36
100
AcDbEntity
  8
Rotor
100
AcDbLine
 10
76.7466059999999999
 20
13.4522720000000007
 30
0.0
 11
76.1400450000000006
 21
13.4522719999999953
 31
0.0
  0
LINE
  5
220
330
36
100
AcDbEntity
  8
Rotor
100
AcDbLine
 10
76.5567359391143754
 20
17.2141250948410764
 30
0.0
 11
76.1551637896156137
 21
17.982262017559929
 31
0.0
  0
LINE
  5
221
330
36
100
AcDbEntity
  8
Rotor
100
AcDbLine
 10
75.9437100175599369
 20
17.3075122103843917
 30
0.0
 11
74.1269920175599282
 21
16.3577552103843935
 31
0.0
  0
LINE
  5
222
330
36
100
AcDbEntity
  8
Rotor
100
AcDbLine
 10
73.4522422103843837
 20
16.5692089824400703
 30
0.0
 11
68.218583210384395
 21
26.5802769824400684
 31
0.0
  0
LINE
  5
223
330
36
100
AcDbEntity
  8
Rotor
100
AcDbLine
 10
70.2467539824400689
 20
28.2047827896156065
 30
0.0
 11
68.4300369824400718
 21
27.2550267896156058
 31
0.0
  0
LINE
  5
224
330
36
100
AcDbEntity
  8
Rotor
100
AcDbLine
 10
69.5315715856540635
 20
28.497849819275558
 30
0.0
 11
68.6779059213222638
 21
28.1442506769225105
 31
0.0
  0
LINE
  5
225
330
36
100
AcDbEntity
  8
Rotor
100
AcDbLine
 10
73.3193119999999965
 20
16.4997149999999984
 30
0.0
 11
68.0852591647851568
 21
26.5115353600016093
 31
0.0
  0
LINE
  5
226
330
36
100
AcDbEntity
  8
Rotor
100
AcDbLine
 10
63.3899432147770483
 20
40.565867659700281
 30
0.0
 11
63.5116430712776037
 21
40.1775223429868191
 31
0.0
  0
LINE
  5
227
330
36
100
AcDbEntity
  8
Rotor
100
AcDbLine
 10
63.5116430712776037
 20
40.1775223429868191
 30
0.0
 11
66.8900348869871948
 21
29.3970620215390461
 31
0.0
  0
LINE
  5
228
330
36
100
AcDbEntity
  8
Rotor
100
AcDbLine
 10
69.3172686312194202
 20
29.0152229183282842
 30
0.0
 11
68.4636034997246981
 21
28.6616224895927338
 31
0.0
  0
LINE
  5
229
330
36
100
AcDbEntity
  8
Rotor
100
AcDbLine
 10
69.6157492697573019
 20
29.7281629248956634
 30
0.0
 11
67.6595574514878138
 21
29.1151289227713974
 31
0.0
  0
LINE
  5
22A
330
36
100
AcDbEntity
  8
Rotor
100
AcDbLine
 10
63.6547785906999835
 20
40.2223785299391352
 30
0.0
 11
67.0329168911016353
 21
29.4427286909014967
 31
0.0
  0
LINE
  5
22B
330
36
100
AcDbEntity
  8
Rotor
100
AcDbLine
 10
65.9385715913131349
 20
41.462053092449608
 30
0.0
 11
63.9823783588300898
 21
40.8490190903253279
 31
0.0
  0
LINE
  5
22C
330
36
100
AcDbEntity
  8
Rotor
100
AcDbLine
 10
66.3060117148112909
 20
41.9615625413000046
 30
0.0
 11
66.5652121516993276
 21
41.1344533243195087
 31
0.0
  0
LINE
  5
22D
330
36
100
AcDbEntity
  8
Rotor
100
AcDbLine
 10
63.7802382892180901
 20
44.7558527820862579
 30
0.0
 11
63.3513348929147995
 21
44.3269493857829673
 31
0.0
  0
LINE
  5
22E
330
36
100
AcDbEntity
  8
Rotor
100
AcDbLine
 10
62.9361763791553273
 20
42.9980370799704517
 30
0.0
 11
63.3454850738988569
 21
40.7461766999329598
 31
0.0
  0
LINE
  5
22F
330
36
100
AcDbEntity
  8
Rotor
100
AcDbLine
 10
76.1551637896156137
 20
17.982262017559929
 30
0.0
 11
70.9215037896156133
 21
27.9933290175599296
 31
0.0
  0
LINE
  5
230
330
36
100
AcDbEntity
  8
Rotor
100
AcDbLine
 10
70.2467539824400689
 20
28.2047827896156065
 30
0.0
 11
68.4300369824400718
 21
27.2550267896156058
 31
0.0
  0
LINE
  5
231
330
36
100
AcDbEntity
  8
Rotor
100
AcDbLine
 10
73.4522422103843837
 20
16.5692089824400703
 30
0.0
 11
68.218583210384395
 21
26.5802769824400684
 31
0.0
  0
LINE
  5
232
330
36
100
AcDbEntity
  8
Rotor
100
AcDbLine
 10
75.9437100175599369
 20
17.3075122103843917
 30
0.0
 11
74.1269920175599282
 21
16.3577552103843935
 31
0.0
  0
LINE
  5
233
330
36
100
AcDbEntity
  8
Rotor
100
AcDbLine
 10
66.5652121516993276
 20
41.1344533243195087
 30
0.0
 11
69.9433490378874012
 21
30.3548034852818525
 31
0.0
  0
LINE
  5
234
330
36
100
AcDbEntity
  8
Rotor
100
AcDbLine
 10
65.9385715913131349
 20
41.462053092449608
 30
0.0
 11
63.9823783588300898
 21
40.8490190903253279
 31
0.0
  0
LINE
  5
235
330
36
100
AcDbEntity
  8
Rotor
100
AcDbLine
 10
63.6547785906999835
 20
40.2223785299391352
 30
0.0
 11
67.0329168911016353
 21
29.4427286909014967
 31
0.0
  0
LINE
  5
236
330
36
100
AcDbEntity
  8
Rotor
100
AcDbLine
 10
69.6157492697573019
 20
29.7281629248956634
 30
0.0
 11
67.6595574514878138
 21
29.1151289227713974
 31
0.0
  0
LINE
  5
237
330
36
100
AcDbEntity
  8
Rotor
100
AcDbLine
 10
73.9058444779680883
 20
6.1790137331007529
 30
0.0
 11
73.5525920000000042
 21
6.4128259999999999
 31
0.0
  0
LINE
  5
238
330
36
100
AcDbEntity
  8
Rotor
100
AcDbLine
 10
75.0607668884955785
 20
5.2427473350840081
 30
0.0
 11
74.0286131925063131
 21
6.088451598546416
 31
0.0
  0
LINE
  5
239
330
36
100
AcDbEntity
  8
Rotor
100
AcDbLine
 10
77.1754049999999978
 20
4.9030139999999998
 30
0.0
 11
76.0114410000000049
 21
4.9030139999999962
 31
0.0
  0
LINE
  5
23A
330
36
100
AcDbEntity
  8
Rotor
100
AcDbLine
 10
76.9123038958727818
 20
9.8493289735054823
 30
0.0
 11
76.1577344926560329
 21
10.348766911033584
 31
0.0
  0
LINE
  5
23B
330
36
100
AcDbEntity
  8
Rotor
100
AcDbLine
 10
76.2987089110335859
 20
9.655855507343972
 30
0.0
 11
74.3558909110335833
 21
6.7205775073439709
 31
0.0
  0
LINE
  5
23C
330
36
100
AcDbEntity
  8
Rotor
100
AcDbLine
 10
73.6629795073439624
 20
6.5796030889664161
 30
0.0
 11
55.8104135073439735
 21
18.3959590889664177
 31
0.0
  0
LINE
  5
23D
330
36
100
AcDbEntity
  8
Rotor
100
AcDbLine
 10
57.6122570889664161
 20
22.0241484926560318
 30
0.0
 11
55.6694390889664135
 21
19.0888704926560315
 31
0.0
  0
LINE
  5
23E
330
36
100
AcDbEntity
  8
Rotor
100
AcDbLine
 10
58.3051684926560299
 20
22.1651229110335848
 30
0.0
 11
58.140905325150527
 21
22.2738458342484762
 31
0.0
  0
LINE
  5
23F
330
36
100
AcDbEntity
  8
Rotor
100
AcDbLine
 10
56.7389746579554952
 20
22.4088362186178855
 30
0.0
 11
54.82220658539417
 21
21.6148851885619884
 31
0.0
  0
LINE
  5
240
330
36
100
AcDbEntity
  8
Rotor
100
AcDbLine
 10
55.2830829999999978
 20
18.5051500000000004
 30
0.0
 11
54.5683262818900516
 21
18.9782374258457089
 31
0.0
  0
LINE
  5
241
330
36
100
AcDbEntity
  8
Rotor
100
AcDbLine
 10
73.5525920000000042
 20
6.4128259999999999
 30
0.0
 11
55.2830829999999978
 21
18.5051500000000004
 31
0.0
  0
LINE
  5
242
330
36
100
AcDbEntity
  8
Rotor
100
AcDbLine
 10
56.6285463114099343
 20
47.8901012879692516
 30
0.0
 11
56.5440893282168062
 21
47.474983825878013
 31
0.0
  0
LINE
  5
243
330
36
100
AcDbEntity
  8
Rotor
100
AcDbLine
 10
56.5440893282168062
 20
47.474983825878013
 30
0.0
 11
52.1761599260729838
 21
26.0059258223245102
 31
0.0
  0
LINE
  5
244
330
36
100
AcDbEntity
  8
Rotor
100
AcDbLine
 10
52.1761599260729838
 20
26.0059258223245102
 30
0.0
 11
52.0052739307083911
 21
25.165993173140734
 31
0.0
  0
LINE
  5
245
330
36
100
AcDbEntity
  8
Rotor
100
AcDbLine
 10
55.9659537868954189
 20
24.2750736895285897
 30
0.0
 11
54.0491859275428652
 21
23.4811221447411747
 31
0.0
  0
LINE
  5
246
330
36
100
AcDbEntity
  8
Rotor
100
AcDbLine
 10
56.9010887356064643
 20
25.5548713031561583
 30
0.0
 11
56.8618158522398147
 21
25.3618409872381605
 31
0.0
  0
LINE
  5
247
330
36
100
AcDbEntity
  8
Rotor
100
AcDbLine
 10
56.311442416087452
 20
25.1645929180543391
 30
0.0
 11
52.862107655208483
 21
25.8663681141107382
 31
0.0
  0
LINE
  5
248
330
36
100
AcDbEntity
  8
Rotor
100
AcDbLine
 10
56.7400742937727003
 20
47.4351103703245016
 30
0.0
 11
52.4718292701066673
 21
26.4560144336297611
 31
0.0
  0
LINE
  5
249
330
36
100
AcDbEntity
  8
Rotor
100
AcDbLine
 10
60.7790553741706958
 20
47.1236135593699217
 30
0.0
 11
57.3297206132917196
 21
47.8253887554263173
 31
0.0
  0
LINE
  5
24A
330
36
100
AcDbEntity
  8
Rotor
100
AcDbLine
 10
61.3497389487550251
 20
47.4206843341492998
 30
0.0
 11
61.1693337592725186
 21
46.5339672398509094
 31
0.0
  0
LINE
  5
24B
330
36
100
AcDbEntity
  8
Rotor
100
AcDbLine
 10
58.0382066639707546
 20
51.1042977686656101
 30
0.0
 11
57.2151598265137409
 21
50.2812509312085965
 31
0.0
  0
LINE
  5
24C
330
36
100
AcDbEntity
  8
Rotor
100
AcDbLine
 10
56.7831594606034926
 20
49.368795075232299
 30
0.0
 11
56.651319802515367
 21
48.0409489779988803
 31
0.0
  0
LINE
  5
24D
330
36
100
AcDbEntity
  8
Rotor
100
AcDbLine
 10
76.1577344926560329
 20
10.348766911033584
 30
0.0
 11
58.3051684926560299
 21
22.1651229110335848
 31
0.0
  0
LINE
  5
24E
330
36
100
AcDbEntity
  8
Rotor
100
AcDbLine
 10
57.6122570889664161
 20
22.0241484926560283
 30
0.0
 11
55.6694390889664135
 21
19.0888704926560315
 31
0.0
  0
LINE
  5
24F
330
36
100
AcDbEntity
  8
Rotor
100
AcDbLine
 10
73.6629795073439624
 20
6.5796030889664161
 30
0.0
 11
55.8104135073439664
 21
18.3959590889664142
 31
0.0
  0
LINE
  5
250
330
36
100
AcDbEntity
  8
Rotor
100
AcDbLine
 10
76.2987089110335859
 20
9.655855507343972
 30
0.0
 11
74.3558909110335833
 21
6.7205775073439709
 31
0.0
  0
LINE
  5
251
330
36
100
AcDbEntity
  8
Rotor
100
AcDbLine
 10
61.1693337592725186
 20
46.5339672398509094
 30
0.0
 11
56.9010887356064643
 21
25.5548713031561583
 31
0.0
  0
LINE
  5
252
330
36
100
AcDbEntity
  8
Rotor
100
AcDbLine
 10
60.7790553741706958
 20
47.1236135593699217
 30
0.0
 11
57.3297206132917196
 21
47.8253887554263173
 31
0.0
  0
LINE
  5
253
330
36
100
AcDbEntity
  8
Rotor
100
AcDbLine
 10
56.7400742937727003
 20
47.4351103703245016
 30
0.0
 11
52.4718292701066531
 21
26.456014433629754
 31
0.0
  0
LINE
  5
254
330
36
100
AcDbEntity
  8
Rotor
100
AcDbLine
 10
56.311442416087452
 20
25.1645929180543462
 30
0.0
 11
52.862107655208483
 21
25.8663681141107382
 31
0.0
  0
LINE
  5
255
330
36
100
AcDbEntity
  8
Rotor
100
AcDbLine
 10
56.6285463114099343
 20
47.8901012879692516
 30
0.0
 11
56.5440893282168062
 21
47.474983825878013
 31
0.0
  0
LINE
  5
256
330
36
100
AcDbEntity
  8
Rotor
100
AcDbLine
 10
56.7831594606034926
 20
49.368795075232299
 30
0.0
 11
56.651319802515367
 21
48.0409489779988803
 31
0.0
  0
LINE
  5
257
330
36
100
AcDbEntity
  8
Rotor
100
AcDbLine
 10
58.0382066639707546
 20
51.1042977686656101
 30
0.0
 11
57.2151598265137409
 21
50.2812509312085965
 31
0.0
  0
LINE
  5
258
330
36
100
AcDbEntity
  8
Rotor
100
AcDbLine
 10
61.3497389487550251
 20
47.4206843341492998
 30
0.0
 11
61.1693337592725186
 21
46.5339672398509094
 31
0.0
  0
LINE
  5
259
330
36
100
AcDbEntity
  8
Rotor
100
AcDbLine
 10
61.1693337592725186
 20
46.5339672398509094
 30
0.0
 11
56.9010887356064643
 21
25.5548713031561583
 31
0.0
  0
LINE
  5
25A
330
36
100
AcDbEntity
  8
Rotor
100
AcDbLine
 10
56.9010887356064643
 20
25.5548713031561583
 30
0.0
 11
56.8618158522398147
 21
25.3618409872381605
 31
0.0
  0
LINE
  5
25B
330
36
100
AcDbEntity
  8
Rotor
100
AcDbLine
 10
55.9659537868954189
 20
24.2750736895285897
 30
0.0
 11
54.0491859275428652
 21
23.4811221447411747
 31
0.0
  0
LINE
  5
25C
330
36
100
AcDbEntity
  8
Rotor
100
AcDbLine
 10
52.1761599260729838
 20
26.0059258223245102
 30
0.0
 11
52.0052739307083911
 21
25.165993173140734
 31
0.0
  0
LINE
  5
25D
330
36
100
AcDbEntity
  8
Rotor
100
AcDbLine
 10
56.5440893282168062
 20
47.474983825878013
 30
0.0
 11
52.1761599260729838
 21
26.0059258223245102
 31
0.0
  0
LINE
  5
25E
330
36
100
AcDbEntity
  8
Rotor
100
AcDbLine
 10
63.3899432147770483
 20
40.565867659700281
 30
0.0
 11
63.5116430712776037
 21
40.1775223429868191
 31
0.0
  0
LINE
  5
25F
330
36
100
AcDbEntity
  8
Rotor
100
AcDbLine
 10
62.9361763791553273
 20
42.9980370799704517
 30
0.0
 11
63.3454850738988569
 21
40.7461766999329598
 31
0.0
  0
LINE
  5
260
330
36
100
AcDbEntity
  8
Rotor
100
AcDbLine
 10
63.7802382892180901
 20
44.7558527820862579
 30
0.0
 11
63.3513348929147995
 21
44.3269493857829673
 31
0.0
  0
LINE
  5
261
330
36
100
AcDbEntity
  8
Rotor
100
AcDbLine
 10
66.3060117148112909
 20
41.9615625413000046
 30
0.0
 11
66.5652121516993276
 21
41.1344533243195087
 31
0.0
  0
LINE
  5
262
330
36
100
AcDbEntity
  8
Rotor
100
AcDbLine
 10
66.5652121516993276
 20
41.1344533243195087
 30
0.0
 11
69.9433490378874012
 21
30.3548034852818525
 31
0.0
  0
LINE
  5
263
330
36
100
AcDbEntity
  8
Rotor
100
AcDbLine
 10
69.3172686312194202
 20
29.0152229183282842
 30
0.0
 11
68.4636034997246981
 21
28.6616224895927338
 31
0.0
  0
LINE
  5
264
330
36
100
AcDbEntity
  8
Rotor
100
AcDbLine
 10
63.5116430712776037
 20
40.1775223429868191
 30
0.0
 11
66.8900348869871948
 21
29.3970620215390461
 31
0.0
  0
LINE
  5
265
330
36
100
AcDbEntity
  8
Rotor
100
AcDbLine
 10
79.0
 20
0.0
 30
0.0
 11
26.3689500000000017
 21
0.0
 31
0.0
  0
LINE
  5
266
330
36
100
AcDbEntity
  8
Rotor
100
AcDbLine
 10
55.8614357137372508
 20
55.8614357137372579
 30
0.0
 11
18.6456633577690134
 21
18.6456633577690134
 31
0.0
  0
LINE
  5
267
330
36
100
AcDbEntity
  8
Rotor
100
AcDbLine
 10
73.9058444779680883
 20
6.1790137331007529
 30
0.0
 11
73.5525920000000042
 21
6.4128259999999999
 31
0.0
  0
LINE
  5
268
330
36
100
AcDbEntity
  8
Rotor
100
AcDbLine
 10
73.5525920000000042
 20
6.4128259999999999
 30
0.0
 11
55.2830829999999978
 21
18.5051500000000004
 31
0.0
  0
LINE
  5
269
330
36
100
AcDbEntity
  8
Rotor
100
AcDbLine
 10
55.2830829999999978
 20
18.5051500000000004
 30
0.0
 11
54.5683262818900516
 21
18.9782374258457089
 31
0.0
  0
LINE
  5
26A
330
36
100
AcDbEntity
  8
Rotor
100
AcDbLine
 10
56.7389746579554952
 20
22.4088362186178855
 30
0.0
 11
54.82220658539417
 21
21.6148851885619884
 31
0.0
  0
LINE
  5
26B
330
36
100
AcDbEntity
  8
Rotor
100
AcDbLine
 10
58.3051684926560299
 20
22.1651229110335848
 30
0.0
 11
58.140905325150527
 21
22.2738458342484762
 31
0.0
  0
LINE
  5
26C
330
36
100
AcDbEntity
  8
Rotor
100
AcDbLine
 10
76.1577344926560329
 20
10.348766911033584
 30
0.0
 11
58.3051684926560299
 21
22.1651229110335848
 31
0.0
  0
LINE
  5
26D
330
36
100
AcDbEntity
  8
Rotor
100
AcDbLine
 10
76.9123038958727818
 20
9.8493289735054823
 30
0.0
 11
76.1577344926560329
 21
10.348766911033584
 31
0.0
  0
LINE
  5
26E
330
36
100
AcDbEntity
  8
Rotor
100
AcDbLine
 10
77.1754049999999978
 20
4.9030139999999998
 30
0.0
 11
76.0114410000000049
 21
4.9030139999999962
 31
0.0
  0
LINE
  5
26F
330
36
100
AcDbEntity
  8
Rotor
100
AcDbLine
 10
75.0607668884955785
 20
5.2427473350840081
 30
0.0
 11
74.0286131925063131
 21
6.088451598546416
 31
0.0
  0
LINE
  5
270
330
36
100
AcDbEntity
  8
Rotor
100
AcDbLine
 10
73.5078588130891575
 20
16.1390585993088997
 30
0.0
 11
73.3193119999999965
 21
16.4997149999999984
 31
0.0
  0
LINE
  5
271
330
36
100
AcDbEntity
  8
Rotor
100
AcDbLine
 10
73.3193119999999965
 20
16.4997149999999984
 30
0.0
 11
68.0852591647851568
 21
26.5115353600016093
 31
0.0
  0
LINE
  5
272
330
36
100
AcDbEntity
  8
Rotor
100
AcDbLine
 10
69.5315715856540635
 20
28.497849819275558
 30
0.0
 11
68.6779059213222638
 21
28.1442506769225105
 31
0.0
  0
LINE
  5
273
330
36
100
AcDbEntity
  8
Rotor
100
AcDbLine
 10
76.1551637896156137
 20
17.982262017559929
 30
0.0
 11
70.9215037896156133
 21
27.9933290175599296
 31
0.0
  0
LINE
  5
274
330
36
100
AcDbEntity
  8
Rotor
100
AcDbLine
 10
76.5567359391143754
 20
17.2141250948410764
 30
0.0
 11
76.1551637896156137
 21
17.982262017559929
 31
0.0
  0
LINE
  5
275
330
36
100
AcDbEntity
  8
Rotor
100
AcDbLine
 10
76.7466059999999999
 20
13.4522720000000007
 30
0.0
 11
76.1400450000000006
 21
13.4522719999999953
 31
0.0
  0
LINE
  5
276
330
36
100
AcDbEntity
  8
Rotor
100
AcDbLine
 10
74.9068006966110715
 20
14.0983935026956289
 30
0.0
 11
73.603919905253008
 21
15.980124201357226
 31
0.0
  0
LINE
  5
277
330
36
100
AcDbEntity
  8
Rotor
100
AcDbLine
 10
18.6456633577690134
 20
18.6456633577690134
 30
0.0
 11
0.0
 21
0.0
 31
0.0
  0
LINE
  5
278
330
36
100
AcDbEntity
  8
Rotor
100
AcDbLine
 10
26.3689500000000017
 20
0.0
 30
0.0
 11
0.0
 21
0.0
 31
0.0
  0
LINE
  5
279
330
36
100
AcDbEntity
  8
Stator
100
AcDbLine
 10
89.807303091474239
 20
5.8862816307131816
 30
0.0
 11
80.8265727823268492
 21
5.2976534676418616
 31
0.0
  0
LINE
  5
27A
330
36
100
AcDbEntity
  8
Stator
100
AcDbLine
 10
99.7858923238605513
 20
6.5403129230146586
 30
0.0
 11
89.807303091474239
 21
5.8862816307131816
 31
0.0
  0
LINE
  5
27B
330
36
100
AcDbEntity
  8
Stator
100
AcDbLine
 10
80.8987017098728529
 20
4.0496989588132513
 30
0.0
 11
79.9007224597358174
 21
3.9842879429415108
 31
0.0
  0
LINE
  5
27C
330
36
100
AcDbEntity
  8
Stator
100
AcDbLine
 10
89.9838915403956463
 20
3.1920625379689991
 30
0.0
 11
81.0031612312482281
 21
2.6034343748976769
 31
0.0
  0
LINE
  5
27D
330
36
100
AcDbEntity
  8
Stator
100
AcDbLine
 10
80.8265727823268492
 20
5.2976534676418616
 30
0.0
 11
81.0031612312482281
 21
2.6034343748976769
 31
0.0
  0
LINE
  5
27E
330
36
100
AcDbEntity
  8
Stator
100
AcDbLine
 10
89.807303091474239
 20
5.8862816307131816
 30
0.0
 11
89.9838915403956463
 21
3.1920625379689991
 31
0.0
  0
LINE
  5
27F
330
36
100
AcDbEntity
  8
Stator
100
AcDbLine
 10
80.0
 20
0.0
 30
0.0
 11
100.000000000000199
 21
0.0
 31
0.0
  0
LINE
  5
280
330
36
100
AcDbEntity
  8
Stator
100
AcDbLine
 10
80.8265727823268492
 20
5.2976534676418616
 30
0.0
 11
79.8287138590882961
 21
5.2322503384117436
 31
0.0
  0
LINE
  5
281
330
36
100
AcDbEntity
  8
Stator
100
AcDbLine
 10
80.8987017098728529
 20
4.0496989588132513
 30
0.0
 11
81.0031612312482281
 21
2.6034343748976769
 31
0.0
  0
LINE
  5
282
330
36
100
AcDbEntity
  8
Stator
100
AcDbLine
 10
68.28007979018399
 20
57.9514205432320963
 30
0.0
 11
66.36797692639378
 21
60.1317559849211278
 31
0.0
  0
LINE
  5
283
330
36
100
AcDbEntity
  8
Stator
100
AcDbLine
 10
65.803502677362161
 20
60.1687535818726928
 30
0.0
 11
65.2020308313789769
 21
59.6412769297926317
 31
0.0
  0
LINE
  5
284
330
36
100
AcDbEntity
  8
Stator
100
AcDbLine
 10
65.1650332344274119
 20
59.0768026807610056
 30
0.0
 11
67.0771360982176219
 21
56.8964672390719812
 31
0.0
  0
LINE
  5
285
330
36
100
AcDbEntity
  8
Stator
100
AcDbLine
 10
67.6416103472492551
 20
56.8594696421204162
 30
0.0
 11
68.243082193232425
 21
57.3869462942004773
 31
0.0
  0
LINE
  5
286
330
36
100
AcDbEntity
  8
Stator
100
AcDbLine
 10
80.9524238177509261
 20
38.3045887220274253
 30
0.0
 11
79.6697866161158004
 21
40.9055196724722094
 31
0.0
  0
LINE
  5
287
330
36
100
AcDbEntity
  8
Stator
100
AcDbLine
 10
79.1341220434151182
 20
41.0873532929976832
 30
0.0
 11
78.4166238501889836
 21
40.733522340822482
 31
0.0
  0
LINE
  5
288
330
36
100
AcDbEntity
  8
Stator
100
AcDbLine
 10
78.2347902296635027
 20
40.1978577681217999
 30
0.0
 11
79.5174274312986142
 21
37.5969268176770086
 31
0.0
  0
LINE
  5
289
330
36
100
AcDbEntity
  8
Stator
100
AcDbLine
 10
80.0530920039992964
 20
37.4150931971515348
 30
0.0
 11
80.7705901972254452
 21
37.7689241493267431
 31
0.0
  0
LINE
  5
28A
330
36
100
AcDbEntity
  8
Stator
100
AcDbLine
 10
88.1079939423438248
 20
16.0473624807424144
 30
0.0
 11
87.5422320084970522
 21
18.8916397939117786
 31
0.0
  0
LINE
  5
28B
330
36
100
AcDbEntity
  8
Stator
100
AcDbLine
 10
87.0718817675292911
 20
19.2059177772666203
 30
0.0
 11
86.2872535432067025
 21
19.0498455196537115
 31
0.0
  0
LINE
  5
28C
330
36
100
AcDbEntity
  8
Stator
100
AcDbLine
 10
85.9729755598518608
 20
18.5794952786859646
 30
0.0
 11
86.5387374936986475
 21
15.7352179655166022
 31
0.0
  0
LINE
  5
28D
330
36
100
AcDbEntity
  8
Stator
100
AcDbLine
 10
87.0090877346663945
 20
15.420939982161757
 30
0.0
 11
87.7937159589889831
 21
15.5770122397746675
 31
0.0
  0
LINE
  5
28E
330
36
100
AcDbEntity
  8
Stator
100
AcDbLine
 10
73.6387467554326776
 20
47.4599373330179048
 30
0.0
 11
72.0275930796758246
 21
49.8711992086952804
 31
0.0
  0
LINE
  5
28F
330
36
100
AcDbEntity
  8
Stator
100
AcDbLine
 10
71.4727771415469704
 20
49.9815589604084565
 30
0.0
 11
70.8076014517049401
 21
49.5371027739927712
 31
0.0
  0
LINE
  5
290
330
36
100
AcDbEntity
  8
Stator
100
AcDbLine
 10
70.6972416999917499
 20
48.9822868358639099
 30
0.0
 11
72.3083953757486029
 21
46.5710249601865343
 31
0.0
  0
LINE
  5
291
330
36
100
AcDbEntity
  8
Stator
100
AcDbLine
 10
72.8632113138774713
 20
46.4606652084733582
 30
0.0
 11
73.5283870037195015
 21
46.9051213948890435
 31
0.0
  0
LINE
  5
292
330
36
100
AcDbEntity
  8
Stator
100
AcDbLine
 10
83.4131029677899249
 20
26.7836690662352908
 30
0.0
 11
82.4809285184107495
 21
29.5297664417710912
 31
0.0
  0
LINE
  5
293
330
36
100
AcDbEntity
  8
Stator
100
AcDbLine
 10
81.9735806804914375
 20
29.7799627074478721
 30
0.0
 11
81.2160365768953483
 21
29.522811135205334
 31
0.0
  0
LINE
  5
294
330
36
100
AcDbEntity
  8
Stator
100
AcDbLine
 10
80.9658403112185709
 20
29.0154632972860256
 30
0.0
 11
81.8980147605977464
 21
26.2693659217502251
 31
0.0
  0
LINE
  5
295
330
36
100
AcDbEntity
  8
Stator
100
AcDbLine
 10
82.4053625985170726
 20
26.0191696560734442
 30
0.0
 11
83.1629067021131476
 21
26.2763212283159788
 31
0.0
  0
LINE
  5
296
330
36
100
AcDbEntity
  8
Stator
100
AcDbLine
 10
65.3479045410159927
 20
55.3799718643418259
 30
0.0
 11
63.4358016772257898
 21
57.5603073060308574
 31
0.0
  0
LINE
  5
297
330
36
100
AcDbEntity
  8
Stator
100
AcDbLine
 10
62.8713274281941565
 20
57.5973049029824153
 30
0.0
 11
62.2698555822109867
 21
57.0698282509023613
 31
0.0
  0
LINE
  5
298
330
36
100
AcDbEntity
  8
Stator
100
AcDbLine
 10
62.2328579852594217
 20
56.5053540018707352
 30
0.0
 11
64.1449608490496246
 21
54.3250185601817037
 31
0.0
  0
LINE
  5
299
330
36
100
AcDbEntity
  8
Stator
100
AcDbLine
 10
64.7094350980812436
 20
54.2880209632301458
 30
0.0
 11
65.3109069440644276
 21
54.8154976153101998
 31
0.0
  0
LINE
  5
29A
330
36
100
AcDbEntity
  8
Stator
100
AcDbLine
 10
77.4546201257734452
 20
36.5796628301733051
 30
0.0
 11
76.1719829241383337
 21
39.1805937806180964
 31
0.0
  0
LINE
  5
29B
330
36
100
AcDbEntity
  8
Stator
100
AcDbLine
 10
75.6363183514376516
 20
39.3624274011435773
 30
0.0
 11
74.9188201582115028
 21
39.0085964489683619
 31
0.0
  0
LINE
  5
29C
330
36
100
AcDbEntity
  8
Stator
100
AcDbLine
 10
74.7369865376860361
 20
38.4729318762676797
 30
0.0
 11
76.0196237393211476
 21
35.8720009258228956
 31
0.0
  0
LINE
  5
29D
330
36
100
AcDbEntity
  8
Stator
100
AcDbLine
 10
76.5552883120218297
 20
35.6901673052974218
 30
0.0
 11
77.2727865052479643
 21
36.043998257472623
 31
0.0
  0
LINE
  5
29E
330
36
100
AcDbEntity
  8
Stator
100
AcDbLine
 10
84.2829313487712284
 20
15.2865102248794997
 30
0.0
 11
83.7171694149244559
 21
18.1307875380488639
 31
0.0
  0
LINE
  5
29F
330
36
100
AcDbEntity
  8
Stator
100
AcDbLine
 10
83.2468191739566947
 20
18.4450655214037091
 30
0.0
 11
82.4621909496341345
 21
18.2889932637908004
 31
0.0
  0
LINE
  5
2A0
330
36
100
AcDbEntity
  8
Stator
100
AcDbLine
 10
82.1479129662792928
 20
17.8186430228230535
 30
0.0
 11
82.7136749001260654
 21
14.9743657096536893
 31
0.0
  0
LINE
  5
2A1
330
36
100
AcDbEntity
  8
Stator
100
AcDbLine
 10
83.1840251410938123
 20
14.660087726298844
 30
0.0
 11
83.9686533654163867
 21
14.8161599839117528
 31
0.0
  0
LINE
  5
2A2
330
36
100
AcDbEntity
  8
Stator
100
AcDbLine
 10
70.3960152674527393
 20
45.2932134242414364
 30
0.0
 11
68.7848615916958863
 21
47.704475299918812
 31
0.0
  0
LINE
  5
2A3
330
36
100
AcDbEntity
  8
Stator
100
AcDbLine
 10
68.2300456535670321
 20
47.814835051631988
 30
0.0
 11
67.5648699637250019
 21
47.3703788652162956
 31
0.0
  0
LINE
  5
2A4
330
36
100
AcDbEntity
  8
Stator
100
AcDbLine
 10
67.4545102120118116
 20
46.8155629270874343
 30
0.0
 11
69.0656638877686646
 21
44.4043010514100587
 31
0.0
  0
LINE
  5
2A5
330
36
100
AcDbEntity
  8
Stator
100
AcDbLine
 10
69.6204798258975472
 20
44.2939412996968827
 30
0.0
 11
70.2856555157395633
 21
44.7383974861125751
 31
0.0
  0
LINE
  5
2A6
330
36
100
AcDbEntity
  8
Stator
100
AcDbLine
 10
79.7200754627589987
 20
25.5300551515529399
 30
0.0
 11
78.7879010133798232
 21
28.2761525270887404
 31
0.0
  0
LINE
  5
2A7
330
36
100
AcDbEntity
  8
Stator
100
AcDbLine
 10
78.2805531754605113
 20
28.5263487927655213
 30
0.0
 11
77.523009071864422
 21
28.2691972205229831
 31
0.0
  0
LINE
  5
2A8
330
36
100
AcDbEntity
  8
Stator
100
AcDbLine
 10
77.2728128061876447
 20
27.7618493826036747
 30
0.0
 11
78.2049872555668202
 21
25.0157520070678743
 31
0.0
  0
LINE
  5
2A9
330
36
100
AcDbEntity
  8
Stator
100
AcDbLine
 10
78.7123350934861463
 20
24.7655557413910934
 30
0.0
 11
79.4698791970822214
 21
25.022707313633628
 31
0.0
  0
LINE
  5
2AA
330
36
100
AcDbEntity
  8
Stator
100
AcDbLine
 10
82.370400051984916
 20
14.9060840969480388
 30
0.0
 11
81.8046381181381435
 21
17.750361410117403
 31
0.0
  0
LINE
  5
2AB
330
36
100
AcDbEntity
  8
Stator
100
AcDbLine
 10
81.3342878771703823
 20
18.0646393934722482
 30
0.0
 11
80.5496596528477937
 21
17.9085671358593359
 31
0.0
  0
LINE
  5
2AC
330
36
100
AcDbEntity
  8
Stator
100
AcDbLine
 10
80.235381669492952
 20
17.438216894891589
 30
0.0
 11
80.8011436033397388
 21
14.5939395817222266
 31
0.0
  0
LINE
  5
2AD
330
36
100
AcDbEntity
  8
Stator
100
AcDbLine
 10
81.2714938443074857
 20
14.2796615983673831
 30
0.0
 11
82.0561220686300743
 21
14.4357338559802919
 31
0.0
  0
LINE
  5
2AE
330
36
100
AcDbEntity
  8
Stator
100
AcDbLine
 10
75.7057182797846906
 20
35.7171998842462344
 30
0.0
 11
74.4230810781495649
 21
38.3181308346910257
 31
0.0
  0
LINE
  5
2AF
330
36
100
AcDbEntity
  8
Stator
100
AcDbLine
 10
73.8874165054488969
 20
38.4999644552164995
 30
0.0
 11
73.1699183122227481
 21
38.1461335030412982
 31
0.0
  0
LINE
  5
2B0
330
36
100
AcDbEntity
  8
Stator
100
AcDbLine
 10
72.9880846916972672
 20
37.6104689303406161
 30
0.0
 11
74.2707218933323929
 21
35.0095379798958248
 31
0.0
  0
LINE
  5
2B1
330
36
100
AcDbEntity
  8
Stator
100
AcDbLine
 10
74.8063864660330609
 20
34.827704359370351
 30
0.0
 11
75.5238846592592097
 21
35.1815353115455594
 31
0.0
  0
LINE
  5
2B2
330
36
100
AcDbEntity
  8
Stator
100
AcDbLine
 10
63.8818169164319727
 20
54.094247524896673
 30
0.0
 11
61.9697140526417627
 21
56.2745829665856974
 31
0.0
  0
LINE
  5
2B3
330
36
100
AcDbEntity
  8
Stator
100
AcDbLine
 10
61.4052398036101437
 20
56.3115805635372624
 30
0.0
 11
60.8037679576269596
 21
55.7841039114572013
 31
0.0
  0
LINE
  5
2B4
330
36
100
AcDbEntity
  8
Stator
100
AcDbLine
 10
60.7667703606753946
 20
55.2196296624255822
 30
0.0
 11
62.6788732244656046
 21
53.0392942207365579
 31
0.0
  0
LINE
  5
2B5
330
36
100
AcDbEntity
  8
Stator
100
AcDbLine
 10
63.2433474734972378
 20
53.0022966237849928
 30
0.0
 11
63.8448193194804006
 21
53.529773275865054
 31
0.0
  0
LINE
  5
2B6
330
36
100
AcDbEntity
  8
Stator
100
AcDbLine
 10
81.566589215274476
 20
26.1568621088941171
 30
0.0
 11
80.6344147658953005
 21
28.9029594844299211
 31
0.0
  0
LINE
  5
2B7
330
36
100
AcDbEntity
  8
Stator
100
AcDbLine
 10
80.1270669279759886
 20
29.153155750106702
 30
0.0
 11
79.3695228243799136
 21
28.8960041778641639
 31
0.0
  0
LINE
  5
2B8
330
36
100
AcDbEntity
  8
Stator
100
AcDbLine
 10
79.1193265587031362
 20
28.3886563399448519
 30
0.0
 11
80.0515010080822975
 21
25.6425589644090515
 31
0.0
  0
LINE
  5
2B9
330
36
100
AcDbEntity
  8
Stator
100
AcDbLine
 10
80.5588488460016094
 20
25.3923626987322741
 30
0.0
 11
81.3163929495976987
 21
25.6495142709748087
 31
0.0
  0
LINE
  5
2BA
330
36
100
AcDbEntity
  8
Stator
100
AcDbLine
 10
72.0173810114427226
 20
46.3765753786296813
 30
0.0
 11
70.4062273356858697
 21
48.7878372543070498
 31
0.0
  0
LINE
  5
2BB
330
36
100
AcDbEntity
  8
Stator
100
AcDbLine
 10
69.8514113975570012
 20
48.8981970060202258
 30
0.0
 11
69.186235707714971
 21
48.4537408196045405
 31
0.0
  0
LINE
  5
2BC
330
36
100
AcDbEntity
  8
Stator
100
AcDbLine
 10
69.075875956001795
 20
47.8989248814756792
 30
0.0
 11
70.6870296317586337
 21
45.4876630057983036
 31
0.0
  0
LINE
  5
2BD
330
36
100
AcDbEntity
  8
Stator
100
AcDbLine
 10
71.2418455698875164
 20
45.3773032540851275
 30
0.0
 11
71.9070212597295466
 21
45.8217594405008128
 31
0.0
  0
LINE
  5
2BE
330
36
100
AcDbEntity
  8
Stator
100
AcDbLine
 10
86.1954626455575266
 20
15.6669363528109553
 30
0.0
 11
85.6297007117107398
 21
18.5112136659803213
 31
0.0
  0
LINE
  5
2BF
330
36
100
AcDbEntity
  8
Stator
100
AcDbLine
 10
85.1593504707430071
 20
18.8254916493351629
 30
0.0
 11
84.3747222464204185
 21
18.6694193917222542
 31
0.0
  0
LINE
  5
2C0
330
36
100
AcDbEntity
  8
Stator
100
AcDbLine
 10
84.0604442630655768
 20
18.1990691507545073
 30
0.0
 11
84.6262061969123494
 21
15.3547918375851449
 31
0.0
  0
LINE
  5
2C1
330
36
100
AcDbEntity
  8
Stator
100
AcDbLine
 10
85.0965564378801105
 20
15.0405138542302996
 30
0.0
 11
85.8811846622026849
 21
15.1965861118432102
 31
0.0
  0
LINE
  5
2C2
330
36
100
AcDbEntity
  8
Stator
100
AcDbLine
 10
79.2035219717621857
 20
37.4421257761003616
 30
0.0
 11
77.9208847701270741
 21
40.0430567265451529
 31
0.0
  0
LINE
  5
2C3
330
36
100
AcDbEntity
  8
Stator
100
AcDbLine
 10
77.385220197426392
 20
40.2248903470706267
 30
0.0
 11
76.6677220042002432
 21
39.8710593948954255
 31
0.0
  0
LINE
  5
2C4
330
36
100
AcDbEntity
  8
Stator
100
AcDbLine
 10
76.4858883836747623
 20
39.3353948221947434
 30
0.0
 11
77.768525585309888
 21
36.7344638717499521
 31
0.0
  0
LINE
  5
2C5
330
36
100
AcDbEntity
  8
Stator
100
AcDbLine
 10
78.3041901580105701
 20
36.5526302512244783
 30
0.0
 11
79.021688351236719
 21
36.9064612033996866
 31
0.0
  0
LINE
  5
2C6
330
36
100
AcDbEntity
  8
Stator
100
AcDbLine
 10
66.8139921655999984
 20
56.6656962037869647
 30
0.0
 11
64.9018893018097884
 21
58.8460316454759891
 31
0.0
  0
LINE
  5
2C7
330
36
100
AcDbEntity
  8
Stator
100
AcDbLine
 10
64.3374150527781552
 20
58.8830292424275541
 30
0.0
 11
63.7359432067949854
 21
58.355552590347493
 31
0.0
  0
LINE
  5
2C8
330
36
100
AcDbEntity
  8
Stator
100
AcDbLine
 10
63.6989456098434204
 20
57.791078341315874
 30
0.0
 11
65.6110484736336304
 21
55.6107428996268496
 31
0.0
  0
LINE
  5
2C9
330
36
100
AcDbEntity
  8
Stator
100
AcDbLine
 10
66.1755227226652494
 20
55.5737453026752846
 30
0.0
 11
66.7769945686484334
 21
56.1012219547553457
 31
0.0
  0
LINE
  5
2CA
330
36
100
AcDbEntity
  8
Stator
100
AcDbLine
 10
85.2596167203053739
 20
27.4104760235764608
 30
0.0
 11
84.3274422709261984
 21
30.1565733991122649
 31
0.0
  0
LINE
  5
2CB
330
36
100
AcDbEntity
  8
Stator
100
AcDbLine
 10
83.8200944330068864
 20
30.4067696647890457
 30
0.0
 11
83.0625503294108114
 21
30.1496180925465076
 31
0.0
  0
LINE
  5
2CC
330
36
100
AcDbEntity
  8
Stator
100
AcDbLine
 10
82.8123540637340341
 20
29.6422702546271957
 30
0.0
 11
83.7445285131132096
 21
26.8961728790913952
 31
0.0
  0
LINE
  5
2CD
330
36
100
AcDbEntity
  8
Stator
100
AcDbLine
 10
84.2518763510325073
 20
26.6459766134146143
 30
0.0
 11
85.0094204546285965
 21
26.9031281856571525
 31
0.0
  0
LINE
  5
2CE
330
36
100
AcDbEntity
  8
Stator
100
AcDbLine
 10
75.2601124994226467
 20
48.5432992874061355
 30
0.0
 11
73.6489588236657937
 21
50.9545611630835111
 31
0.0
  0
LINE
  5
2CF
330
36
100
AcDbEntity
  8
Stator
100
AcDbLine
 10
73.0941428855369111
 20
51.0649209147966872
 30
0.0
 11
72.4289671956948808
 21
50.6204647283810019
 31
0.0
  0
LINE
  5
2D0
330
36
100
AcDbEntity
  8
Stator
100
AcDbLine
 10
72.318607443981719
 20
50.0656487902521405
 30
0.0
 11
73.9297611197385578
 21
47.6543869145747649
 31
0.0
  0
LINE
  5
2D1
330
36
100
AcDbEntity
  8
Stator
100
AcDbLine
 10
74.4845770578674262
 20
47.5440271628615889
 30
0.0
 11
75.1497527477094565
 21
47.9884833492772742
 31
0.0
  0
LINE
  5
2D2
330
36
100
AcDbEntity
  8
Stator
100
AcDbLine
 10
89.4488189598778405
 20
4.4096741166934379
 30
0.0
 11
89.2591498851104177
 21
7.3034649940853855
 31
0.0
  0
LINE
  5
2D3
330
36
100
AcDbEntity
  8
Stator
100
AcDbLine
 10
88.8338450641229116
 20
7.6764473116887739
 30
0.0
 11
88.0355579255320322
 21
7.6241248083046518
 31
0.0
  0
LINE
  5
2D4
330
36
100
AcDbEntity
  8
Stator
100
AcDbLine
 10
87.6625756079286447
 20
7.198819987317151
 30
0.0
 11
87.8522446826960675
 21
4.3050291099252034
 31
0.0
  0
LINE
  5
2D5
330
36
100
AcDbEntity
  8
Stator
100
AcDbLine
 10
88.2775495036835736
 20
3.932046792321815
 30
0.0
 11
89.075836642274453
 21
3.9843692957059376
 31
0.0
  0
LINE
  5
2D6
330
36
100
AcDbEntity
  8
Stator
100
AcDbLine
 10
85.5571691592472945
 20
4.1546019126958651
 30
0.0
 11
85.3675000844798717
 21
7.0483927900878127
 31
0.0
  0
LINE
  5
2D7
330
36
100
AcDbEntity
  8
Stator
100
AcDbLine
 10
84.9421952634923656
 20
7.4213751076912011
 30
0.0
 11
84.1439081249014862
 21
7.369052604307079
 31
0.0
  0
LINE
  5
2D8
330
36
100
AcDbEntity
  8
Stator
100
AcDbLine
 10
83.7709258072980987
 20
6.9437477833195782
 30
0.0
 11
83.9605948820655215
 21
4.0499569059276306
 31
0.0
  0
LINE
  5
2D9
330
36
100
AcDbEntity
  8
Stator
100
AcDbLine
 10
84.3858997030530276
 20
3.6769745883242422
 30
0.0
 11
85.184186841643907
 21
3.7292970917083648
 31
0.0
  0
LINE
  5
2DA
330
36
100
AcDbEntity
  8
Stator
100
AcDbLine
 10
80.0
 20
0.0
 30
0.0
 11
100.000000000000199
 21
0.0
 31
0.0
  0
LINE
  5
2DB
330
36
100
AcDbEntity
  8
Stator
100
AcDbLine
 10
56.5685424949234203
 20
56.5685424949241948
 30
0.0
 11
70.7106781186544282
 21
70.7106781186553661
 31
0.0
  0
LINE
  5
2DC
330
36
100
AcDbEntity
  8
Stator
100
AcDbLine
 10
59.843533639347406
 20
54.143958674391456
 30
0.0
 11
59.4146147258553583
 21
53.7678068827265037
 31
0.0
  0
LINE
  5
2DD
330
36
100
AcDbEntity
  8
Stator
100
AcDbLine
 10
59.8725926403425035
 20
54.5658096097369949
 30
0.0
 11
59.1187907050268038
 21
55.4369785032989739
 31
0.0
  0
LINE
  5
2DE
330
36
100
AcDbEntity
  8
Stator
100
AcDbLine
 10
65.8853489723375816
 20
61.3710908391995886
 30
0.0
 11
59.1187907050268038
 21
55.4369785032989739
 31
0.0
  0
LINE
  5
2DF
330
36
100
AcDbEntity
  8
Stator
100
AcDbLine
 10
69.4458163738778893
 20
57.3111558788131887
 30
0.0
 11
65.8853489723375816
 21
61.3710908391995886
 31
0.0
  0
LINE
  5
2E0
330
36
100
AcDbEntity
  8
Stator
100
AcDbLine
 10
69.4458163738778893
 20
57.3111558788131887
 30
0.0
 11
62.6792581065671257
 21
51.3770435429125456
 31
0.0
  0
LINE
  5
2E1
330
36
100
AcDbEntity
  8
Stator
100
AcDbLine
 10
61.9139330799612679
 20
52.238106956632123
 30
0.0
 11
62.6792581065671257
 21
51.3770435429125456
 31
0.0
  0
LINE
  5
2E2
330
36
100
AcDbEntity
  8
Stator
100
AcDbLine
 10
61.4918981770975748
 20
52.2643591556939953
 30
0.0
 11
61.0629792636055413
 21
51.8882073640290571
 31
0.0
  0
LINE
  5
2E3
330
36
100
AcDbEntity
  8
Stator
100
AcDbLine
 10
66.398768670669881
 20
45.8696010272247818
 30
0.0
 11
65.9244215568793805
 21
45.5526524188312862
 31
0.0
  0
LINE
  5
2E4
330
36
100
AcDbEntity
  8
Stator
100
AcDbLine
 10
66.4826416641582512
 20
46.2840500085892472
 30
0.0
 11
65.8489989673530687
 21
47.2461568278048389
 31
0.0
  0
LINE
  5
2E5
330
36
100
AcDbEntity
  8
Stator
100
AcDbLine
 10
73.3322254780759692
 20
52.2462889249812648
 30
0.0
 11
65.8489989673530687
 21
47.2461568278048389
 31
0.0
  0
LINE
  5
2E6
330
36
100
AcDbEntity
  8
Stator
100
AcDbLine
 10
76.3323047363817579
 20
47.7563530185475997
 30
0.0
 11
73.3322254780759692
 21
52.2462889249812648
 31
0.0
  0
LINE
  5
2E7
330
36
100
AcDbEntity
  8
Stator
100
AcDbLine
 10
76.3323047363817579
 20
47.7563530185475997
 30
0.0
 11
68.8490782256588858
 21
42.7562209213711526
 31
0.0
  0
LINE
  5
2E8
330
36
100
AcDbEntity
  8
Stator
100
AcDbLine
 10
68.2026919894025383
 20
43.7098127797539959
 30
0.0
 11
68.8490782256588858
 21
42.7562209213711526
 31
0.0
  0
LINE
  5
2E9
330
36
100
AcDbEntity
  8
Stator
100
AcDbLine
 10
67.7876942532188878
 20
43.7909269964684
 30
0.0
 11
67.3133471394284015
 21
43.4739783880749258
 31
0.0
  0
LINE
  5
2EA
330
36
100
AcDbEntity
  8
Stator
100
AcDbLine
 10
71.8179023608206393
 20
36.8104017890262725
 30
0.0
 11
71.306243257362496
 21
36.5580794424686104
 31
0.0
  0
LINE
  5
2EB
330
36
100
AcDbEntity
  8
Stator
100
AcDbLine
 10
71.9551542566296973
 20
37.2103574794315506
 30
0.0
 11
71.452512600556318
 21
38.2469403098775658
 31
0.0
  0
LINE
  5
2EC
330
36
100
AcDbEntity
  8
Stator
100
AcDbLine
 10
79.5243672743504817
 20
42.2275385218485937
 30
0.0
 11
71.452512600556318
 21
38.2469403098775658
 31
0.0
  0
LINE
  5
2ED
330
36
100
AcDbEntity
  8
Stator
100
AcDbLine
 10
81.9127262015330615
 20
37.3844257175721566
 30
0.0
 11
79.5243672743504817
 21
42.2275385218485937
 31
0.0
  0
LINE
  5
2EE
330
36
100
AcDbEntity
  8
Stator
100
AcDbLine
 10
81.9127262015330615
 20
37.3844257175721566
 30
0.0
 11
73.8408715277388836
 21
33.4038275056011216
 31
0.0
  0
LINE
  5
2EF
330
36
100
AcDbEntity
  8
Stator
100
AcDbLine
 10
73.3244839295465312
 20
34.4336315875646761
 30
0.0
 11
73.8408715277388836
 21
33.4038275056011216
 31
0.0
  0
LINE
  5
2F0
330
36
100
AcDbEntity
  8
Stator
100
AcDbLine
 10
72.923624086368136
 20
34.5682199351945343
 30
0.0
 11
72.4119649829100069
 21
34.3158975886368864
 31
0.0
  0
LINE
  5
2F1
330
36
100
AcDbEntity
  8
Stator
100
AcDbLine
 10
76.0082118298934404
 20
27.1213663704460437
 30
0.0
 11
75.467995365886523
 21
26.9379875910307831
 31
0.0
  0
LINE
  5
2F2
330
36
100
AcDbEntity
  8
Stator
100
AcDbLine
 10
76.1964942100324834
 20
27.4999854171406284
 30
0.0
 11
75.83345393278492
 21
28.5933080391930972
 31
0.0
  0
LINE
  5
2F3
330
36
100
AcDbEntity
  8
Stator
100
AcDbLine
 10
84.3558250982408424
 20
31.4862632269215581
 30
0.0
 11
75.83345393278492
 21
28.5933080391930972
 31
0.0
  0
LINE
  5
2F4
330
36
100
AcDbEntity
  8
Stator
100
AcDbLine
 10
86.0915982108778906
 20
26.37284052764808
 30
0.0
 11
84.3558250982408424
 21
31.4862632269215581
 31
0.0
  0
LINE
  5
2F5
330
36
100
AcDbEntity
  8
Stator
100
AcDbLine
 10
86.0915982108778906
 20
26.37284052764808
 30
0.0
 11
77.5692270454219681
 21
23.4798853399195977
 31
0.0
  0
LINE
  5
2F6
330
36
100
AcDbEntity
  8
Stator
100
AcDbLine
 10
77.1916736202683609
 20
24.568281412105847
 30
0.0
 11
77.5692270454219681
 21
23.4798853399195977
 31
0.0
  0
LINE
  5
2F7
330
36
100
AcDbEntity
  8
Stator
100
AcDbLine
 10
76.8118104931513415
 20
24.754041046708263
 30
0.0
 11
76.2715940291444383
 21
24.5706622672930131
 31
0.0
  0
LINE
  5
2F8
330
36
100
AcDbEntity
  8
Stator
100
AcDbLine
 10
78.8979997210991968
 20
16.9682768538041344
 30
0.0
 11
78.3384691500189803
 21
16.8569793032892719
 31
0.0
  0
LINE
  5
2F9
330
36
100
AcDbEntity
  8
Stator
100
AcDbLine
 10
79.134091021842309
 20
17.3190809799260492
 30
0.0
 11
78.9168638432180387
 21
18.4504363403953491
 31
0.0
  0
LINE
  5
2FA
330
36
100
AcDbEntity
  8
Stator
100
AcDbLine
 10
87.743931366847093
 20
20.206249238540515
 30
0.0
 11
78.9168638432180387
 21
18.4504363403953491
 31
0.0
  0
LINE
  5
2FB
330
36
100
AcDbEntity
  8
Stator
100
AcDbLine
 10
88.7974191057341784
 20
14.9100087243631627
 30
0.0
 11
87.743931366847093
 21
20.206249238540515
 31
0.0
  0
LINE
  5
2FC
330
36
100
AcDbEntity
  8
Stator
100
AcDbLine
 10
88.7974191057341784
 20
14.9100087243631627
 30
0.0
 11
79.9703515821051099
 21
13.1541958262179755
 31
0.0
  0
LINE
  5
2FD
330
36
100
AcDbEntity
  8
Stator
100
AcDbLine
 10
79.7380923737722185
 20
14.2825611300714108
 30
0.0
 11
79.9703515821051099
 21
13.1541958262179755
 31
0.0
  0
LINE
  5
2FE
330
36
100
AcDbEntity
  8
Stator
100
AcDbLine
 10
79.3857255261395096
 20
14.5163136527960397
 30
0.0
 11
78.8261949550593073
 21
14.4050161022811878
 31
0.0
  0
LINE
  5
2FF
330
36
100
AcDbEntity
  8
Stator
100
AcDbLine
 10
80.4378209624188258
 20
6.5248554156985046
 30
0.0
 11
79.8685500074676753
 21
6.4875434260308635
 31
0.0
  0
LINE
  5
300
330
36
100
AcDbEntity
  8
Stator
100
AcDbLine
 10
80.717681596153426
 20
6.8418422653885314
 30
0.0
 11
80.649984333405456
 21
7.9918725603860636
 31
0.0
  0
LINE
  5
301
330
36
100
AcDbEntity
  8
Stator
100
AcDbLine
 10
89.6307146425528742
 20
8.5805007234573658
 30
0.0
 11
80.649984333405456
 21
7.9918725603860636
 31
0.0
  0
LINE
  5
302
330
36
100
AcDbEntity
  8
Stator
100
AcDbLine
 10
89.9838915403956463
 20
3.1920625379689991
 30
0.0
 11
89.6307146425528742
 21
8.5805007234573658
 31
0.0
  0
LINE
  5
303
330
36
100
AcDbEntity
  8
Stator
100
AcDbLine
 10
89.9838915403956463
 20
3.1920625379689991
 30
0.0
 11
81.0031612312482281
 21
2.6034343748976769
 31
0.0
  0
LINE
  5
304
330
36
100
AcDbEntity
  8
Stator
100
AcDbLine
 10
80.920170259185042
 20
3.7524622672274002
 30
0.0
 11
81.0031612312482281
 21
2.6034343748976769
 31
0.0
  0
LINE
  5
305
330
36
100
AcDbEntity
  8
Stator
100
AcDbLine
 10
80.6013287854941751
 20
4.0302081076019798
 30
0.0
 11
80.0320578305430388
 21
3.9928961179343467
 31
0.0
  0
LINE
  5
306
330
36
100
AcDbEntity
  8
Stator
100
AcDbLine
 10
83.6113442589319931
 20
4.0270658106970778
 30
0.0
 11
83.4216751841645703
 21
6.9208566880890254
 31
0.0
  0
LINE
  5
307
330
36
100
AcDbEntity
  8
Stator
100
AcDbLine
 10
82.9963703631770642
 20
7.2938390056924138
 30
0.0
 11
82.1980832245861848
 21
7.2415165023082917
 31
0.0
  0
LINE
  5
308
330
36
100
AcDbEntity
  8
Stator
100
AcDbLine
 10
81.8251009069827973
 20
6.81621168132079
 30
0.0
 11
82.01476998175022
 21
3.9224208039288428
 31
0.0
  0
LINE
  5
309
330
36
100
AcDbEntity
  8
Stator
100
AcDbLine
 10
82.4400748027377261
 20
3.5494384863254544
 30
0.0
 11
83.2383619413286056
 21
3.6017609897095775
 31
0.0
  0
LINE
  5
30A
330
36
100
AcDbEntity
  8
Stator
100
AcDbLine
 10
87.5029940595625675
 20
4.2821380146946506
 30
0.0
 11
87.3133249847951447
 21
7.1759288920865982
 31
0.0
  0
LINE
  5
30B
330
36
100
AcDbEntity
  8
Stator
100
AcDbLine
 10
86.8880201638076386
 20
7.5489112096899866
 30
0.0
 11
86.0897330252167592
 21
7.4965887063058645
 31
0.0
  0
LINE
  5
30C
330
36
100
AcDbEntity
  8
Stator
100
AcDbLine
 10
85.7167507076133717
 20
7.0712838853183628
 30
0.0
 11
85.9064197823807945
 21
4.1774930079264161
 31
0.0
  0
LINE
  5
30D
330
36
100
AcDbEntity
  8
Stator
100
AcDbLine
 10
86.3317246033683006
 20
3.8045106903230277
 30
0.0
 11
87.13001174195918
 21
3.8568331937071503
 31
0.0
  0
ARC
  5
30E
100
AcDbEntity
  8
Rotor
100
AcDbCircle
 10
0.0
 20
0.0
 40
79.0
210
0.0
220
0.0
230
1.0
100
AcDbArc
 50
0.0
 51
22.5
  0
ARC
  5
30F
100
AcDbEntity
  8
Rotor
100
AcDbCircle
 10
0.0
 20
0.0
 40
26.3689500000000017
210
0.0
220
0.0
230
1.0
100
AcDbArc
 50
0.0
 51
22.4999999999999822
  0
ARC
  5
310
100
AcDbEntity
  8
Rotor
100
AcDbCircle
 10
58.029200000000003
 20
21.7481800000000014
 40
0.4999999999999952
210
0.0
220
0.0
230
1.0
100
AcDbArc
 50
56.4999999999999432
 51
146.4999999999999432
  0
ARC
  5
311
100
AcDbEntity
  8
Rotor
100
AcDbCircle
 10
56.0863820000000004
 20
18.8129020000000011
 40
0.5000000000000031
210
0.0
220
0.0
230
1.0
100
AcDbArc
 50
146.5000000000000568
 51
236.4999999999997442
  0
ARC
  5
312
100
AcDbEntity
  8
Rotor
100
AcDbCircle
 10
73.9389479999999963
 20
6.9965460000000004
 40
0.5000000000000028
210
0.0
220
0.0
230
1.0
100
AcDbArc
 50
-123.5000000000004547
 51
-33.4999999999998721
  0
ARC
  5
313
100
AcDbEntity
  8
Rotor
100
AcDbCircle
 10
75.8817659999999989
 20
9.9318240000000007
 40
0.5000000000000021
210
0.0
220
0.0
230
1.0
100
AcDbArc
 50
-33.4999999999997797
 51
56.4999999999994813
  0
ARC
  5
314
100
AcDbEntity
  8
Rotor
100
AcDbCircle
 10
77.1754049999999978
 20
5.4830759999999996
 40
0.5800619999999999
210
0.0
220
0.0
230
1.0
100
AcDbArc
 50
-90.0
 51
4.0638610000000019
  0
ARC
  5
315
100
AcDbEntity
  8
Rotor
100
AcDbCircle
 10
0.0
 20
0.0
 40
77.9499996976342118
210
0.0
220
0.0
230
1.0
100
AcDbArc
 50
4.0638610425374582
 51
6.6372433367734116
  0
ARC
  5
316
100
AcDbEntity
  8
Rotor
100
AcDbCircle
 10
76.268141
 20
8.8761050000000008
 40
1.1670950000000031
210
0.0
220
0.0
230
1.0
100
AcDbArc
 50
6.5720561712512433
 51
56.4999999999997797
  0
ARC
  5
317
100
AcDbEntity
  8
Rotor
100
AcDbCircle
 10
57.3130000000000024
 20
21.0230169999999994
 40
1.5000000000000027
210
0.0
220
0.0
230
1.0
100
AcDbArc
 50
56.5000069999999823
 51
112.500007999999724
  0
ARC
  5
318
100
AcDbEntity
  8
Rotor
100
AcDbCircle
 10
55.3962319999999977
 20
20.2290659999999995
 40
1.5000000000000004
210
0.0
220
0.0
230
1.0
100
AcDbArc
 50
112.5000109999999154
 51
236.4999890000001699
  0
ARC
  5
319
100
AcDbEntity
  8
Rotor
100
AcDbCircle
 10
73.0779390000000006
 20
4.928185
 40
1.4999999999999998
210
0.0
220
0.0
230
1.0
100
AcDbArc
 50
50.6702350000000266
 51
56.4999999999999858
  0
ARC
  5
31A
100
AcDbEntity
  8
Rotor
100
AcDbCircle
 10
76.0114410000000049
 20
6.4030139999999998
 40
1.5000000000000029
210
0.0
220
0.0
230
1.0
100
AcDbArc
 50
-129.3297610000001612
 51
-90.0000000000000142
  0
ARC
  5
31B
100
AcDbEntity
  8
Rotor
100
AcDbCircle
 10
70.4784020000000027
 20
27.7616809999999994
 40
0.5000000000000026
210
0.0
220
0.0
230
1.0
100
AcDbArc
 50
27.5999999999997669
 51
117.600000000000108
  0
ARC
  5
31C
100
AcDbEntity
  8
Rotor
100
AcDbCircle
 10
68.6616850000000056
 20
26.8119249999999987
 40
0.5000000000000042
210
0.0
220
0.0
230
1.0
100
AcDbArc
 50
117.6000000000001364
 51
207.5999999999997954
  0
ARC
  5
31D
100
AcDbEntity
  8
Rotor
100
AcDbCircle
 10
73.8953439999999944
 20
16.8008570000000006
 40
0.5000000000000026
210
0.0
220
0.0
230
1.0
100
AcDbArc
 50
-152.4000000000002331
 51
-62.3999999999998849
  0
ARC
  5
31E
100
AcDbEntity
  8
Rotor
100
AcDbCircle
 10
75.7120620000000031
 20
17.7506139999999988
 40
0.5000000000000011
210
0.0
220
0.0
230
1.0
100
AcDbArc
 50
-62.399999999999693
 51
27.5999999999997456
  0
ARC
  5
31F
100
AcDbEntity
  8
Rotor
100
AcDbCircle
 10
76.7466059999999999
 20
13.9484250000000003
 40
0.4961529999999996
210
0.0
220
0.0
230
1.0
100
AcDbArc
 50
-90.0
 51
10.3008689999991052
  0
ARC
  5
320
100
AcDbEntity
  8
Rotor
100
AcDbCircle
 10
0.0
 20
0.0
 40
78.499999651943142
210
0.0
220
0.0
230
1.0
100
AcDbArc
 50
10.3008693119233783
 51
12.495829225044762
  0
ARC
  5
321
100
AcDbEntity
  8
Rotor
100
AcDbCircle
 10
75.7316679999999991
 20
16.7827899999999985
 40
0.931013999999994
210
0.0
220
0.0
230
1.0
100
AcDbArc
 50
12.5398670326075141
 51
27.5999999999997598
  0
ARC
  5
322
100
AcDbEntity
  8
Rotor
100
AcDbCircle
 10
69.950761
 20
27.4858370000000001
 40
1.0953947742607462
210
0.0
220
0.0
230
1.0
100
AcDbArc
 50
27.5999977426156669
 51
112.4999990000003862
  0
ARC
  5
323
100
AcDbEntity
  8
Rotor
100
AcDbCircle
 10
69.1283269999999987
 20
27.0568379999999991
 40
1.1770069999999986
210
0.0
220
0.0
230
1.0
100
AcDbArc
 50
112.4999999999999147
 51
207.5999980000004257
  0
ARC
  5
324
100
AcDbEntity
  8
Rotor
100
AcDbCircle
 10
74.8371640000000014
 20
16.8340029999999992
 40
1.4999999999999949
210
0.0
220
0.0
230
1.0
100
AcDbArc
 50
-152.3999849999999583
 51
-145.301880999999554
  0
ARC
  5
325
100
AcDbEntity
  8
Rotor
100
AcDbCircle
 10
76.1400450000000006
 20
14.9522720000000007
 40
1.5000000000000047
210
0.0
220
0.0
230
1.0
100
AcDbArc
 50
-145.3018950000002008
 51
-89.9999999999999858
  0
ARC
  5
326
100
AcDbEntity
  8
Rotor
100
AcDbCircle
 10
74.8371640000000014
 20
16.8340029999999992
 40
1.4999999999999949
210
0.0
220
0.0
230
1.0
100
AcDbArc
 50
-152.3999849999999583
 51
-145.3018809999999235
  0
ARC
  5
327
100
AcDbEntity
  8
Rotor
100
AcDbCircle
 10
76.1400450000000006
 20
14.9522720000000007
 40
1.5000000000000056
210
0.0
220
0.0
230
1.0
100
AcDbArc
 50
-145.3018950000001723
 51
-90.0
  0
ARC
  5
328
100
AcDbEntity
  8
Rotor
100
AcDbCircle
 10
76.7466059999999999
 20
13.9484250000000003
 40
0.4961529999999996
210
0.0
220
0.0
230
1.0
100
AcDbArc
 50
-90.0
 51
10.3008689999995138
  0
ARC
  5
329
100
AcDbEntity
  8
Rotor
100
AcDbCircle
 10
0.0
 20
0.0
 40
78.499999651943142
210
0.0
220
0.0
230
1.0
100
AcDbArc
 50
10.3008693119233783
 51
12.4958292250447585
  0
ARC
  5
32A
100
AcDbEntity
  8
Rotor
100
AcDbCircle
 10
75.7316679999999991
 20
16.7827899999999985
 40
0.9310139999999932
210
0.0
220
0.0
230
1.0
100
AcDbArc
 50
12.5398670326070878
 51
27.5999999999997598
  0
ARC
  5
32B
100
AcDbEntity
  8
Rotor
100
AcDbCircle
 10
75.7120620000000031
 20
17.7506139999999988
 40
0.5000000000000011
210
0.0
220
0.0
230
1.0
100
AcDbArc
 50
-62.399999999999693
 51
27.5999999999997456
  0
ARC
  5
32C
100
AcDbEntity
  8
Rotor
100
AcDbCircle
 10
73.8953439999999944
 20
16.8008570000000006
 40
0.5000000000000026
210
0.0
220
0.0
230
1.0
100
AcDbArc
 50
-152.4000000000002331
 51
-62.3999999999996788
  0
ARC
  5
32D
100
AcDbEntity
  8
Rotor
100
AcDbCircle
 10
68.6616850000000056
 20
26.8119249999999987
 40
0.5000000000000011
210
0.0
220
0.0
230
1.0
100
AcDbArc
 50
117.6000000000003212
 51
207.5999999999997669
  0
ARC
  5
32E
100
AcDbEntity
  8
Rotor
100
AcDbCircle
 10
70.4784020000000027
 20
27.7616809999999994
 40
0.5000000000000026
210
0.0
220
0.0
230
1.0
100
AcDbArc
 50
27.5999999999997669
 51
117.6000000000003212
  0
ARC
  5
32F
100
AcDbEntity
  8
Rotor
100
AcDbCircle
 10
69.950761
 20
27.4858370000000001
 40
1.0953947742607462
210
0.0
220
0.0
230
1.0
100
AcDbArc
 50
27.5999977426156669
 51
112.4999990000003862
  0
ARC
  5
330
100
AcDbEntity
  8
Rotor
100
AcDbCircle
 10
69.1283269999999987
 20
27.0568379999999991
 40
1.1770069999999986
210
0.0
220
0.0
230
1.0
100
AcDbArc
 50
112.4999999999999147
 51
207.5999980000002552
  0
ARC
  5
331
100
AcDbEntity
  8
Rotor
100
AcDbCircle
 10
68.0131824210469631
 20
29.7490351665152488
 40
1.1770069999999984
210
0.0
220
0.0
230
1.0
100
AcDbArc
 50
-162.5999980000002552
 51
-67.4999999999999147
  0
ARC
  5
332
100
AcDbEntity
  8
Rotor
100
AcDbCircle
 10
68.8980791815475868
 20
30.0272357229713762
 40
1.0953947742607462
210
0.0
220
0.0
230
1.0
100
AcDbArc
 50
-67.499999000000372
 51
17.4000022573843403
  0
ARC
  5
333
100
AcDbEntity
  8
Rotor
100
AcDbCircle
 10
69.4662288736292624
 20
30.2052830891538058
 40
0.5000000000000026
210
0.0
220
0.0
230
1.0
100
AcDbArc
 50
-72.6000000000003354
 51
17.4000000000002402
  0
ARC
  5
334
100
AcDbEntity
  8
Rotor
100
AcDbCircle
 10
67.5100370553597742
 20
29.5922490870295398
 40
0.5000000000000011
210
0.0
220
0.0
230
1.0
100
AcDbArc
 50
-162.5999999999997669
 51
-72.600000000000307
  0
ARC
  5
335
100
AcDbEntity
  8
Rotor
100
AcDbCircle
 10
64.1318987549581294
 20
40.371898926067189
 40
0.5000000000000026
210
0.0
220
0.0
230
1.0
100
AcDbArc
 50
-252.600000000000307
 51
-162.5999999999997669
  0
ARC
  5
336
100
AcDbEntity
  8
Rotor
100
AcDbCircle
 10
66.0880919874411745
 20
40.9849329281914621
 40
0.5000000000000011
210
0.0
220
0.0
230
1.0
100
AcDbArc
 50
17.4000000000002615
 51
107.399999999999693
  0
ARC
  5
337
100
AcDbEntity
  8
Rotor
100
AcDbCircle
 10
65.4176006095980398
 20
41.6831513771384863
 40
0.9310139999999931
210
0.0
220
0.0
230
1.0
100
AcDbArc
 50
17.4000000000002473
 51
32.4601329673929158
  0
ARC
  5
338
100
AcDbEntity
  8
Rotor
100
AcDbCircle
 10
0.0
 20
0.0
 40
78.499999651943142
210
0.0
220
0.0
230
1.0
100
AcDbArc
 50
32.5041707749552486
 51
34.6991306880766288
  0
ARC
  5
339
100
AcDbEntity
  8
Rotor
100
AcDbCircle
 10
64.1310714400241437
 20
44.4050196312802115
 40
0.4961529999999996
210
0.0
220
0.0
230
1.0
100
AcDbArc
 50
34.6991310000004773
 51
135.0
  0
ARC
  5
33A
100
AcDbEntity
  8
Rotor
100
AcDbCircle
 10
64.4119950646946222
 20
43.2662892140031445
 40
1.5000000000000056
210
0.0
220
0.0
230
1.0
100
AcDbArc
 50
-225.0
 51
-169.6981049999998277
  0
ARC
  5
33B
100
AcDbEntity
  8
Rotor
100
AcDbCircle
 10
64.8213038249844544
 20
41.0144284733550961
 40
1.4999999999999949
210
0.0
220
0.0
230
1.0
100
AcDbArc
 50
-169.6981190000000765
 51
-162.6000150000000417
  0
ARC
  5
33C
100
AcDbEntity
  8
Rotor
100
AcDbCircle
 10
70.4784020000000027
 20
27.7616809999999994
 40
0.5000000000000026
210
0.0
220
0.0
230
1.0
100
AcDbArc
 50
27.5999999999997669
 51
117.6000000000003212
  0
ARC
  5
33D
100
AcDbEntity
  8
Rotor
100
AcDbCircle
 10
68.6616850000000056
 20
26.8119249999999987
 40
0.5000000000000011
210
0.0
220
0.0
230
1.0
100
AcDbArc
 50
117.6000000000003212
 51
207.5999999999997669
  0
ARC
  5
33E
100
AcDbEntity
  8
Rotor
100
AcDbCircle
 10
73.8953439999999944
 20
16.8008570000000006
 40
0.5000000000000026
210
0.0
220
0.0
230
1.0
100
AcDbArc
 50
-152.4000000000002331
 51
-62.3999999999996788
  0
ARC
  5
33F
100
AcDbEntity
  8
Rotor
100
AcDbCircle
 10
75.7120620000000031
 20
17.7506139999999988
 40
0.5000000000000011
210
0.0
220
0.0
230
1.0
100
AcDbArc
 50
-62.399999999999693
 51
27.5999999999997456
  0
ARC
  5
340
100
AcDbEntity
  8
Rotor
100
AcDbCircle
 10
66.0880919874411745
 20
40.9849329281914621
 40
0.5000000000000011
210
0.0
220
0.0
230
1.0
100
AcDbArc
 50
17.4000000000002615
 51
107.399999999999693
  0
ARC
  5
341
100
AcDbEntity
  8
Rotor
100
AcDbCircle
 10
64.1318987549581294
 20
40.371898926067189
 40
0.5000000000000026
210
0.0
220
0.0
230
1.0
100
AcDbArc
 50
-252.600000000000307
 51
-162.5999999999997669
  0
ARC
  5
342
100
AcDbEntity
  8
Rotor
100
AcDbCircle
 10
67.5100370553597742
 20
29.5922490870295398
 40
0.5000000000000011
210
0.0
220
0.0
230
1.0
100
AcDbArc
 50
-162.5999999999997669
 51
-72.600000000000307
  0
ARC
  5
343
100
AcDbEntity
  8
Rotor
100
AcDbCircle
 10
69.4662288736292624
 20
30.2052830891538058
 40
0.5000000000000026
210
0.0
220
0.0
230
1.0
100
AcDbArc
 50
-72.6000000000003354
 51
17.4000000000002402
  0
ARC
  5
344
100
AcDbEntity
  8
Rotor
100
AcDbCircle
 10
73.0779390000000006
 20
4.928185
 40
1.4999999999999998
210
0.0
220
0.0
230
1.0
100
AcDbArc
 50
50.6702350000000266
 51
56.4999999999999858
  0
ARC
  5
345
100
AcDbEntity
  8
Rotor
100
AcDbCircle
 10
76.0114410000000049
 20
6.4030139999999998
 40
1.5000000000000029
210
0.0
220
0.0
230
1.0
100
AcDbArc
 50
-129.3297610000001612
 51
-90.0000000000000142
  0
ARC
  5
346
100
AcDbEntity
  8
Rotor
100
AcDbCircle
 10
77.1754049999999978
 20
5.4830759999999996
 40
0.5800619999999999
210
0.0
220
0.0
230
1.0
100
AcDbArc
 50
-90.0
 51
4.0638610000000019
  0
ARC
  5
347
100
AcDbEntity
  8
Rotor
100
AcDbCircle
 10
0.0
 20
0.0
 40
77.9499996976342118
210
0.0
220
0.0
230
1.0
100
AcDbArc
 50
4.0638610425374582
 51
6.6372433367734116
  0
ARC
  5
348
100
AcDbEntity
  8
Rotor
100
AcDbCircle
 10
76.268141
 20
8.8761050000000008
 40
1.1670950000000031
210
0.0
220
0.0
230
1.0
100
AcDbArc
 50
6.5720561712510692
 51
56.4999999999997797
  0
ARC
  5
349
100
AcDbEntity
  8
Rotor
100
AcDbCircle
 10
75.8817659999999989
 20
9.9318240000000007
 40
0.5000000000000021
210
0.0
220
0.0
230
1.0
100
AcDbArc
 50
-33.4999999999997797
 51
56.4999999999994813
  0
ARC
  5
34A
100
AcDbEntity
  8
Rotor
100
AcDbCircle
 10
73.9389479999999963
 20
6.9965460000000004
 40
0.5000000000000028
210
0.0
220
0.0
230
1.0
100
AcDbArc
 50
-123.5000000000004547
 51
-33.4999999999998721
  0
ARC
  5
34B
100
AcDbEntity
  8
Rotor
100
AcDbCircle
 10
56.0863820000000004
 20
18.8129020000000011
 40
0.5000000000000031
210
0.0
220
0.0
230
1.0
100
AcDbArc
 50
146.5000000000000568
 51
236.5000000000003411
  0
ARC
  5
34C
100
AcDbEntity
  8
Rotor
100
AcDbCircle
 10
58.029200000000003
 20
21.7481800000000014
 40
0.4999999999999982
210
0.0
220
0.0
230
1.0
100
AcDbArc
 50
56.5000000000001705
 51
146.4999999999999432
  0
ARC
  5
34D
100
AcDbEntity
  8
Rotor
100
AcDbCircle
 10
57.3130000000000024
 20
21.0230169999999994
 40
1.4999999999999998
210
0.0
220
0.0
230
1.0
100
AcDbArc
 50
56.5000069999999113
 51
112.5000080000000509
  0
ARC
  5
34E
100
AcDbEntity
  8
Rotor
100
AcDbCircle
 10
55.3962319999999977
 20
20.2290659999999995
 40
1.5000000000000004
210
0.0
220
0.0
230
1.0
100
AcDbArc
 50
112.5000109999999154
 51
236.4999890000001699
  0
ARC
  5
34F
100
AcDbEntity
  8
Rotor
100
AcDbCircle
 10
53.47516104505344
 20
24.8669415537129979
 40
1.5000000000000004
210
0.0
220
0.0
230
1.0
100
AcDbArc
 50
-191.4999890000001415
 51
-67.5000109999999012
  0
ARC
  5
350
100
AcDbEntity
  8
Rotor
100
AcDbCircle
 10
55.3919288318446661
 20
25.6608930684445369
 40
1.4999999999999998
210
0.0
220
0.0
230
1.0
100
AcDbArc
 50
-67.5000080000000366
 51
-11.5000069999999006
  0
ARC
  5
351
100
AcDbEntity
  8
Rotor
100
AcDbCircle
 10
56.4111263832960503
 20
25.6545552703647601
 40
0.4999999999999982
210
0.0
220
0.0
230
1.0
100
AcDbArc
 50
-101.4999999999999289
 51
-11.500000000000167
  0
ARC
  5
352
100
AcDbEntity
  8
Rotor
100
AcDbCircle
 10
52.9617916224170742
 20
26.3563304664211557
 40
0.5000000000000031
210
0.0
220
0.0
230
1.0
100
AcDbArc
 50
-191.5000000000003695
 51
-101.5000000000000426
  0
ARC
  5
353
100
AcDbEntity
  8
Rotor
100
AcDbCircle
 10
57.2300366460831214
 20
47.3354264031159033
 40
0.5000000000000028
210
0.0
220
0.0
230
1.0
100
AcDbArc
 50
78.4999999999998721
 51
168.5000000000004547
  0
ARC
  5
354
100
AcDbEntity
  8
Rotor
100
AcDbCircle
 10
60.6793714069620975
 20
46.6336512070595006
 40
0.5000000000000021
210
0.0
220
0.0
230
1.0
100
AcDbArc
 50
-11.4999999999994742
 51
78.4999999999997868
  0
ARC
  5
355
100
AcDbEntity
  8
Rotor
100
AcDbCircle
 10
60.2060737256155676
 20
47.6533656535679384
 40
1.1670950000000031
210
0.0
220
0.0
230
1.0
100
AcDbArc
 50
-11.4999999999997726
 51
38.427943828748937
  0
ARC
  5
356
100
AcDbEntity
  8
Rotor
100
AcDbCircle
 10
0.0
 20
0.0
 40
77.9499996976342118
210
0.0
220
0.0
230
1.0
100
AcDbArc
 50
38.3627566632265982
 51
40.9361389574625463
  0
ARC
  5
357
100
AcDbEntity
  8
Rotor
100
AcDbCircle
 10
58.4483724376793887
 20
50.694131994956976
 40
0.5800619999999999
210
0.0
220
0.0
230
1.0
100
AcDbArc
 50
40.9361389999999972
 51
135.0
  0
ARC
  5
358
100
AcDbEntity
  8
Rotor
100
AcDbCircle
 10
58.2758199982935636
 20
49.2205907594287737
 40
1.5000000000000029
210
0.0
220
0.0
230
1.0
100
AcDbArc
 50
135.0
 51
174.3297610000001612
  0
ARC
  5
359
100
AcDbEntity
  8
Rotor
100
AcDbCircle
 10
55.1586592544786853
 20
48.1891531895950465
 40
1.4999999999999996
210
0.0
220
0.0
230
1.0
100
AcDbArc
 50
-11.4999999999999716
 51
-5.6702350000000203
  0
ARC
  5
35A
100
AcDbEntity
  8
Rotor
100
AcDbCircle
 10
58.029200000000003
 20
21.7481800000000014
 40
0.4999999999999982
210
0.0
220
0.0
230
1.0
100
AcDbArc
 50
56.5000000000001705
 51
146.5000000000003979
  0
ARC
  5
35B
100
AcDbEntity
  8
Rotor
100
AcDbCircle
 10
56.0863820000000004
 20
18.8129020000000011
 40
0.5000000000000031
210
0.0
220
0.0
230
1.0
100
AcDbArc
 50
146.5000000000000568
 51
236.4999999999997442
  0
ARC
  5
35C
100
AcDbEntity
  8
Rotor
100
AcDbCircle
 10
73.9389479999999963
 20
6.9965460000000004
 40
0.5000000000000028
210
0.0
220
0.0
230
1.0
100
AcDbArc
 50
-123.5000000000004547
 51
-33.4999999999998721
  0
ARC
  5
35D
100
AcDbEntity
  8
Rotor
100
AcDbCircle
 10
75.8817659999999989
 20
9.9318240000000007
 40
0.5000000000000021
210
0.0
220
0.0
230
1.0
100
AcDbArc
 50
-33.4999999999997797
 51
56.4999999999994813
  0
ARC
  5
35E
100
AcDbEntity
  8
Rotor
100
AcDbCircle
 10
60.6793714069620975
 20
46.6336512070595006
 40
0.5000000000000021
210
0.0
220
0.0
230
1.0
100
AcDbArc
 50
-11.4999999999994742
 51
78.4999999999997868
  0
ARC
  5
35F
100
AcDbEntity
  8
Rotor
100
AcDbCircle
 10
57.2300366460831214
 20
47.3354264031159033
 40
0.5000000000000028
210
0.0
220
0.0
230
1.0
100
AcDbArc
 50
78.4999999999998721
 51
168.5000000000004547
  0
ARC
  5
360
100
AcDbEntity
  8
Rotor
100
AcDbCircle
 10
52.9617916224170742
 20
26.3563304664211557
 40
0.5000000000000031
210
0.0
220
0.0
230
1.0
100
AcDbArc
 50
-191.4999999999997158
 51
-101.5000000000000426
  0
ARC
  5
361
100
AcDbEntity
  8
Rotor
100
AcDbCircle
 10
56.4111263832960503
 20
25.6545552703647601
 40
0.4999999999999982
210
0.0
220
0.0
230
1.0
100
AcDbArc
 50
-101.5000000000003979
 51
-11.500000000000167
  0
ARC
  5
362
100
AcDbEntity
  8
Rotor
100
AcDbCircle
 10
55.1586592544786853
 20
48.1891531895950465
 40
1.4999999999999996
210
0.0
220
0.0
230
1.0
100
AcDbArc
 50
-11.4999999999999716
 51
-5.6702350000000203
  0
ARC
  5
363
100
AcDbEntity
  8
Rotor
100
AcDbCircle
 10
58.2758199982935636
 20
49.2205907594287737
 40
1.5000000000000029
210
0.0
220
0.0
230
1.0
100
AcDbArc
 50
135.0
 51
174.3297610000001612
  0
ARC
  5
364
100
AcDbEntity
  8
Rotor
100
AcDbCircle
 10
58.4483724376793887
 20
50.694131994956976
 40
0.5800619999999999
210
0.0
220
0.0
230
1.0
100
AcDbArc
 50
40.9361389999999972
 51
135.0
  0
ARC
  5
365
100
AcDbEntity
  8
Rotor
100
AcDbCircle
 10
0.0
 20
0.0
 40
77.9499996976342118
210
0.0
220
0.0
230
1.0
100
AcDbArc
 50
38.3627566632265982
 51
40.9361389574625463
  0
ARC
  5
366
100
AcDbEntity
  8
Rotor
100
AcDbCircle
 10
60.2060737256155676
 20
47.6533656535679384
 40
1.1670950000000031
210
0.0
220
0.0
230
1.0
100
AcDbArc
 50
-11.4999999999997726
 51
38.427943828748937
  0
ARC
  5
367
100
AcDbEntity
  8
Rotor
100
AcDbCircle
 10
55.3919288318446661
 20
25.6608930684445369
 40
1.4999999999999998
210
0.0
220
0.0
230
1.0
100
AcDbArc
 50
-67.5000080000000366
 51
-11.5000069999999006
  0
ARC
  5
368
100
AcDbEntity
  8
Rotor
100
AcDbCircle
 10
53.47516104505344
 20
24.8669415537129979
 40
1.5000000000000004
210
0.0
220
0.0
230
1.0
100
AcDbArc
 50
-191.4999890000001415
 51
-67.5000109999999012
  0
ARC
  5
369
100
AcDbEntity
  8
Rotor
100
AcDbCircle
 10
64.8213038249844544
 20
41.0144284733550961
 40
1.4999999999999949
210
0.0
220
0.0
230
1.0
100
AcDbArc
 50
-169.6981190000000765
 51
-162.6000150000000417
  0
ARC
  5
36A
100
AcDbEntity
  8
Rotor
100
AcDbCircle
 10
64.4119950646946222
 20
43.2662892140031445
 40
1.5000000000000056
210
0.0
220
0.0
230
1.0
100
AcDbArc
 50
-225.0
 51
-169.6981049999998277
  0
ARC
  5
36B
100
AcDbEntity
  8
Rotor
100
AcDbCircle
 10
64.1310714400241437
 20
44.4050196312802115
 40
0.4961529999999996
210
0.0
220
0.0
230
1.0
100
AcDbArc
 50
34.6991310000004773
 51
135.0
  0
ARC
  5
36C
100
AcDbEntity
  8
Rotor
100
AcDbCircle
 10
0.0
 20
0.0
 40
78.499999651943142
210
0.0
220
0.0
230
1.0
100
AcDbArc
 50
32.5041707749552486
 51
34.6991306880766288
  0
ARC
  5
36D
100
AcDbEntity
  8
Rotor
100
AcDbCircle
 10
65.4176006095980398
 20
41.6831513771384863
 40
0.9310139999999931
210
0.0
220
0.0
230
1.0
100
AcDbArc
 50
17.4000000000002473
 51
32.4601329673929158
  0
ARC
  5
36E
100
AcDbEntity
  8
Rotor
100
AcDbCircle
 10
68.8980791815475868
 20
30.0272357229713762
 40
1.0953947742607462
210
0.0
220
0.0
230
1.0
100
AcDbArc
 50
-67.499999000000372
 51
17.4000022573843403
  0
ARC
  5
36F
100
AcDbEntity
  8
Rotor
100
AcDbCircle
 10
68.0131824210469631
 20
29.7490351665152488
 40
1.1770069999999984
210
0.0
220
0.0
230
1.0
100
AcDbArc
 50
-162.5999980000002552
 51
-67.4999999999999147
  0
ARC
  5
370
100
AcDbEntity
  8
Rotor
100
AcDbCircle
 10
0.0
 20
0.0
 40
26.3689500000000017
210
0.0
220
0.0
230
1.0
100
AcDbArc
 50
0.0
 51
45.0
  0
ARC
  5
371
100
AcDbEntity
  8
Rotor
100
AcDbCircle
 10
0.0
 20
0.0
 40
79.0
210
0.0
220
0.0
230
1.0
100
AcDbArc
 50
0.0
 51
45.0
  0
ARC
  5
372
100
AcDbEntity
  8
Rotor
100
AcDbCircle
 10
55.3962319999999977
 20
20.2290659999999995
 40
1.5000000000000004
210
0.0
220
0.0
230
1.0
100
AcDbArc
 50
112.5000109999999154
 51
236.4999890000001699
  0
ARC
  5
373
100
AcDbEntity
  8
Rotor
100
AcDbCircle
 10
57.3130000000000024
 20
21.0230169999999994
 40
1.4999999999999998
210
0.0
220
0.0
230
1.0
100
AcDbArc
 50
56.5000069999999113
 51
112.5000080000000509
  0
ARC
  5
374
100
AcDbEntity
  8
Rotor
100
AcDbCircle
 10
76.268141
 20
8.8761050000000008
 40
1.1670950000000031
210
0.0
220
0.0
230
1.0
100
AcDbArc
 50
6.5720561712510692
 51
56.4999999999997797
  0
ARC
  5
375
100
AcDbEntity
  8
Rotor
100
AcDbCircle
 10
0.0
 20
0.0
 40
77.9499996976342118
210
0.0
220
0.0
230
1.0
100
AcDbArc
 50
4.0638610425374582
 51
6.6372433367734116
  0
ARC
  5
376
100
AcDbEntity
  8
Rotor
100
AcDbCircle
 10
77.1754049999999978
 20
5.4830759999999996
 40
0.5800619999999999
210
0.0
220
0.0
230
1.0
100
AcDbArc
 50
-90.0
 51
4.0638610000000019
  0
ARC
  5
377
100
AcDbEntity
  8
Rotor
100
AcDbCircle
 10
76.0114410000000049
 20
6.4030139999999998
 40
1.5000000000000029
210
0.0
220
0.0
230
1.0
100
AcDbArc
 50
-129.3297610000001612
 51
-90.0000000000000142
  0
ARC
  5
378
100
AcDbEntity
  8
Rotor
100
AcDbCircle
 10
73.0779390000000006
 20
4.928185
 40
1.4999999999999998
210
0.0
220
0.0
230
1.0
100
AcDbArc
 50
50.6702350000000266
 51
56.4999999999999858
  0
ARC
  5
379
100
AcDbEntity
  8
Rotor
100
AcDbCircle
 10
69.1283269999999987
 20
27.0568379999999991
 40
1.1770069999999986
210
0.0
220
0.0
230
1.0
100
AcDbArc
 50
112.4999999999999147
 51
207.5999980000002552
  0
ARC
  5
37A
100
AcDbEntity
  8
Rotor
100
AcDbCircle
 10
69.950761
 20
27.4858370000000001
 40
1.0953947742607462
210
0.0
220
0.0
230
1.0
100
AcDbArc
 50
27.5999977426156669
 51
112.4999990000003862
  0
ARC
  5
37B
100
AcDbEntity
  8
Rotor
100
AcDbCircle
 10
75.7316679999999991
 20
16.7827899999999985
 40
0.9310139999999932
210
0.0
220
0.0
230
1.0
100
AcDbArc
 50
12.5398670326070878
 51
27.5999999999997598
  0
ARC
  5
37C
100
AcDbEntity
  8
Rotor
100
AcDbCircle
 10
0.0
 20
0.0
 40
78.499999651943142
210
0.0
220
0.0
230
1.0
100
AcDbArc
 50
10.3008693119233783
 51
12.4958292250447585
  0
ARC
  5
37D
100
AcDbEntity
  8
Rotor
100
AcDbCircle
 10
76.7466059999999999
 20
13.9484250000000003
 40
0.4961529999999996
210
0.0
220
0.0
230
1.0
100
AcDbArc
 50
-90.0
 51
10.3008689999995138
  0
ARC
  5
37E
100
AcDbEntity
  8
Rotor
100
AcDbCircle
 10
76.1400450000000006
 20
14.9522720000000007
 40
1.5000000000000056
210
0.0
220
0.0
230
1.0
100
AcDbArc
 50
-145.3018950000001723
 51
-90.0
  0
ARC
  5
37F
100
AcDbEntity
  8
Rotor
100
AcDbCircle
 10
74.8371640000000014
 20
16.8340029999999992
 40
1.4999999999999949
210
0.0
220
0.0
230
1.0
100
AcDbArc
 50
-152.3999849999999583
 51
-145.3018809999999235
  0
ARC
  5
380
100
AcDbEntity
  8
Rotor
100
AcDbCircle
 10
0.0
 20
0.0
 40
26.3689500000000017
210
0.0
220
0.0
230
1.0
100
AcDbArc
 50
0.0
 51
45.0
  0
ARC
  5
381
100
AcDbEntity
  8
Stator
100
AcDbCircle
 10
0.0
 20
0.0
 40
100.000000000000199
210
0.0
220
0.0
230
1.0
100
AcDbArc
 50
0.0
 51
3.7500000000001914
  0
ARC
  5
382
100
AcDbEntity
  8
Stator
100
AcDbCircle
 10
0.0
 20
0.0
 40
80.0
210
0.0
220
0.0
230
1.0
100
AcDbArc
 50
0.0
 51
2.8547170134300632
  0
ARC
  5
383
100
AcDbEntity
  8
Stator
100
AcDbCircle
 10
0.0
 20
0.0
 40
80.0
210
0.0
220
0.0
230
1.0
100
AcDbArc
 50
2.8547170134300632
 51
3.7500000000002118
  0
ARC
  5
384
100
AcDbEntity
  8
Stator
100
AcDbCircle
 10
66.067241003402188
 20
59.8680176588810937
 40
0.4000000000000055
210
0.0
220
0.0
230
1.0
100
AcDbArc
 50
41.2500000000001137
 51
131.2500000000002274
  0
ARC
  5
385
100
AcDbEntity
  8
Stator
100
AcDbCircle
 10
65.4657691574190181
 20
59.3405410068010397
 40
0.4000000000000002
210
0.0
220
0.0
230
1.0
100
AcDbArc
 50
131.2500000000002842
 51
221.2500000000002274
  0
ARC
  5
386
100
AcDbEntity
  8
Stator
100
AcDbCircle
 10
67.3778720212092139
 20
57.1602055651120153
 40
0.4000000000000055
210
0.0
220
0.0
230
1.0
100
AcDbArc
 50
-138.7499999999998863
 51
-48.7499999999997655
  0
ARC
  5
387
100
AcDbEntity
  8
Stator
100
AcDbCircle
 10
67.979343867192398
 20
57.6876822171920693
 40
0.3999999999999997
210
0.0
220
0.0
230
1.0
100
AcDbArc
 50
-48.7499999999997087
 51
41.2500000000002416
  0
ARC
  5
388
100
AcDbEntity
  8
Stator
100
AcDbCircle
 10
79.3110375195027331
 20
40.7286041963846088
 40
0.4000000000000055
210
0.0
220
0.0
230
1.0
100
AcDbArc
 50
26.2500000000001208
 51
116.2500000000002558
  0
ARC
  5
389
100
AcDbEntity
  8
Stator
100
AcDbCircle
 10
78.5935393262765842
 20
40.3747732442094076
 40
0.4000000000000002
210
0.0
220
0.0
230
1.0
100
AcDbArc
 50
116.2500000000002984
 51
206.2500000000002558
  0
ARC
  5
38A
100
AcDbEntity
  8
Stator
100
AcDbCircle
 10
79.8761765279116815
 20
37.7738422937646163
 40
0.4000000000000055
210
0.0
220
0.0
230
1.0
100
AcDbArc
 50
-153.7499999999998863
 51
-63.7499999999997513
  0
ARC
  5
38B
100
AcDbEntity
  8
Stator
100
AcDbCircle
 10
80.5936747211378446
 20
38.1276732459398175
 40
0.3999999999999997
210
0.0
220
0.0
230
1.0
100
AcDbArc
 50
-63.7499999999997016
 51
26.2500000000002487
  0
ARC
  5
38C
100
AcDbEntity
  8
Stator
100
AcDbCircle
 10
87.1499178963357366
 20
18.813603665105326
 40
0.4000000000000055
210
0.0
220
0.0
230
1.0
100
AcDbArc
 50
11.250000000000119
 51
101.2500000000002416
  0
ARC
  5
38D
100
AcDbEntity
  8
Stator
100
AcDbCircle
 10
86.3652896720131764
 20
18.6575314074924208
 40
0.4000000000000002
210
0.0
220
0.0
230
1.0
100
AcDbArc
 50
101.2500000000002984
 51
191.2500000000002274
  0
ARC
  5
38E
100
AcDbEntity
  8
Stator
100
AcDbCircle
 10
86.9310516058599489
 20
15.8132540943230548
 40
0.4000000000000055
210
0.0
220
0.0
230
1.0
100
AcDbArc
 50
-168.7499999999998863
 51
-78.7499999999997584
  0
ARC
  5
38F
100
AcDbEntity
  8
Stator
100
AcDbCircle
 10
87.7156798301825233
 20
15.9693263519359601
 40
0.3999999999999997
210
0.0
220
0.0
230
1.0
100
AcDbArc
 50
-78.7499999999997016
 51
11.2500000000002416
  0
ARC
  5
390
100
AcDbEntity
  8
Stator
100
AcDbCircle
 10
71.6950052347548024
 20
49.6489711154874342
 40
0.4000000000000054
210
0.0
220
0.0
230
1.0
100
AcDbArc
 50
33.7500000000001137
 51
123.7500000000002416
  0
ARC
  5
391
100
AcDbEntity
  8
Stator
100
AcDbCircle
 10
71.0298295449127721
 20
49.2045149290717561
 40
0.4000000000000011
210
0.0
220
0.0
230
1.0
100
AcDbArc
 50
123.7500000000002984
 51
213.7500000000002274
  0
ARC
  5
392
100
AcDbEntity
  8
Stator
100
AcDbCircle
 10
72.6409832206696251
 20
46.7932530533943805
 40
0.4000000000000054
210
0.0
220
0.0
230
1.0
100
AcDbArc
 50
-146.2499999999998863
 51
-56.2499999999997584
  0
ARC
  5
393
100
AcDbEntity
  8
Stator
100
AcDbCircle
 10
73.3061589105116553
 20
47.2377092398100586
 40
0.3999999999999997
210
0.0
220
0.0
230
1.0
100
AcDbArc
 50
-56.2499999999997087
 51
33.7500000000002416
  0
ARC
  5
394
100
AcDbEntity
  8
Stator
100
AcDbCircle
 10
82.1021564666126977
 20
29.4011906556498239
 40
0.4000000000000054
210
0.0
220
0.0
230
1.0
100
AcDbArc
 50
18.7500000000001172
 51
108.7500000000002416
  0
ARC
  5
395
100
AcDbEntity
  8
Stator
100
AcDbCircle
 10
81.3446123630166227
 20
29.1440390834072929
 40
0.400000000000001
210
0.0
220
0.0
230
1.0
100
AcDbArc
 50
108.7500000000002842
 51
198.7500000000002274
  0
ARC
  5
396
100
AcDbEntity
  8
Stator
100
AcDbCircle
 10
82.2767868123957982
 20
26.3979417078714889
 40
0.4000000000000054
210
0.0
220
0.0
230
1.0
100
AcDbArc
 50
-161.2499999999998863
 51
-71.2499999999997726
  0
ARC
  5
397
100
AcDbEntity
  8
Stator
100
AcDbCircle
 10
83.0343309159918874
 20
26.6550932801140199
 40
0.3999999999999997
210
0.0
220
0.0
230
1.0
100
AcDbArc
 50
-71.2499999999997016
 51
18.7500000000002451
  0
ARC
  5
398
100
AcDbEntity
  8
Stator
100
AcDbCircle
 10
63.1350657542341906
 20
57.2965689799908233
 40
0.4000000000000055
210
0.0
220
0.0
230
1.0
100
AcDbArc
 50
41.2500000000001137
 51
131.2500000000002274
  0
ARC
  5
399
100
AcDbEntity
  8
Stator
100
AcDbCircle
 10
62.5335939082510208
 20
56.7690923279107693
 40
0.4000000000000002
210
0.0
220
0.0
230
1.0
100
AcDbArc
 50
131.2500000000002842
 51
221.2500000000002274
  0
ARC
  5
39A
100
AcDbEntity
  8
Stator
100
AcDbCircle
 10
64.4456967720412308
 20
54.5887568862217378
 40
0.4000000000000055
210
0.0
220
0.0
230
1.0
100
AcDbArc
 50
-138.7499999999998863
 51
-48.7499999999997655
  0
ARC
  5
39B
100
AcDbEntity
  8
Stator
100
AcDbCircle
 10
65.0471686180244006
 20
55.1162335383017918
 40
0.3999999999999997
210
0.0
220
0.0
230
1.0
100
AcDbArc
 50
-48.7499999999997087
 51
41.2500000000002416
  0
ARC
  5
39C
100
AcDbEntity
  8
Stator
100
AcDbCircle
 10
75.8132338275252664
 20
39.0036783045304887
 40
0.4000000000000055
210
0.0
220
0.0
230
1.0
100
AcDbArc
 50
26.2500000000001208
 51
116.2500000000002558
  0
ARC
  5
39D
100
AcDbEntity
  8
Stator
100
AcDbCircle
 10
75.0957356342991176
 20
38.6498473523552946
 40
0.4000000000000002
210
0.0
220
0.0
230
1.0
100
AcDbArc
 50
116.2500000000002984
 51
206.2500000000002558
  0
ARC
  5
39E
100
AcDbEntity
  8
Stator
100
AcDbCircle
 10
76.3783728359342149
 20
36.0489164019105033
 40
0.4000000000000055
210
0.0
220
0.0
230
1.0
100
AcDbArc
 50
-153.7499999999998863
 51
-63.7499999999997513
  0
ARC
  5
39F
100
AcDbEntity
  8
Stator
100
AcDbCircle
 10
77.0958710291603637
 20
36.4027473540856974
 40
0.3999999999999997
210
0.0
220
0.0
230
1.0
100
AcDbArc
 50
-63.7499999999997016
 51
26.2500000000002487
  0
ARC
  5
3A0
100
AcDbEntity
  8
Stator
100
AcDbCircle
 10
83.3248553027631687
 20
18.0527514092424113
 40
0.4000000000000055
210
0.0
220
0.0
230
1.0
100
AcDbArc
 50
11.250000000000119
 51
101.2500000000002416
  0
ARC
  5
3A1
100
AcDbEntity
  8
Stator
100
AcDbCircle
 10
82.54022707844058
 20
17.8966791516295061
 40
0.4000000000000002
210
0.0
220
0.0
230
1.0
100
AcDbArc
 50
101.2500000000002984
 51
191.2500000000002274
  0
ARC
  5
3A2
100
AcDbEntity
  8
Stator
100
AcDbCircle
 10
83.1059890122873526
 20
15.0524018384601401
 40
0.4000000000000055
210
0.0
220
0.0
230
1.0
100
AcDbArc
 50
-168.7499999999998863
 51
-78.7499999999997584
  0
ARC
  5
3A3
100
AcDbEntity
  8
Stator
100
AcDbCircle
 10
83.8906172366099412
 20
15.2084740960730453
 40
0.3999999999999997
210
0.0
220
0.0
230
1.0
100
AcDbArc
 50
-78.7499999999997016
 51
11.2500000000002416
  0
ARC
  5
3A4
100
AcDbEntity
  8
Stator
100
AcDbCircle
 10
68.4522737467748641
 20
47.4822472067109658
 40
0.4000000000000054
210
0.0
220
0.0
230
1.0
100
AcDbArc
 50
33.7500000000001137
 51
123.7500000000002416
  0
ARC
  5
3A5
100
AcDbEntity
  8
Stator
100
AcDbCircle
 10
67.7870980569328339
 20
47.0377910202952805
 40
0.4000000000000011
210
0.0
220
0.0
230
1.0
100
AcDbArc
 50
123.7500000000002984
 51
213.7500000000002274
  0
ARC
  5
3A6
100
AcDbEntity
  8
Stator
100
AcDbCircle
 10
69.3982517326896868
 20
44.6265291446179049
 40
0.4000000000000054
210
0.0
220
0.0
230
1.0
100
AcDbArc
 50
-146.2499999999998863
 51
-56.2499999999997584
  0
ARC
  5
3A7
100
AcDbEntity
  8
Stator
100
AcDbCircle
 10
70.0634274225317171
 20
45.0709853310335902
 40
0.3999999999999997
210
0.0
220
0.0
230
1.0
100
AcDbArc
 50
-56.2499999999997087
 51
33.7500000000002416
  0
ARC
  5
3A8
100
AcDbEntity
  8
Stator
100
AcDbCircle
 10
78.4091289615817715
 20
28.1475767409674731
 40
0.4000000000000054
210
0.0
220
0.0
230
1.0
100
AcDbArc
 50
18.7500000000001172
 51
108.7500000000002416
  0
ARC
  5
3A9
100
AcDbEntity
  8
Stator
100
AcDbCircle
 10
77.6515848579856964
 20
27.8904251687249456
 40
0.400000000000001
210
0.0
220
0.0
230
1.0
100
AcDbArc
 50
108.7500000000002842
 51
198.7500000000002274
  0
ARC
  5
3AA
100
AcDbEntity
  8
Stator
100
AcDbCircle
 10
78.5837593073648719
 20
25.144327793189138
 40
0.4000000000000054
210
0.0
220
0.0
230
1.0
100
AcDbArc
 50
-161.2499999999998863
 51
-71.2499999999997726
  0
ARC
  5
3AB
100
AcDbEntity
  8
Stator
100
AcDbCircle
 10
79.3413034109609612
 20
25.4014793654316726
 40
0.3999999999999997
210
0.0
220
0.0
230
1.0
100
AcDbArc
 50
-71.2499999999997016
 51
18.7500000000002451
  0
ARC
  5
3AC
100
AcDbEntity
  8
Stator
100
AcDbCircle
 10
81.4123240059768278
 20
17.6723252813109504
 40
0.4000000000000055
210
0.0
220
0.0
230
1.0
100
AcDbArc
 50
11.250000000000119
 51
101.2500000000002416
  0
ARC
  5
3AD
100
AcDbEntity
  8
Stator
100
AcDbCircle
 10
80.6276957816542676
 20
17.5162530236980452
 40
0.400000000000001
210
0.0
220
0.0
230
1.0
100
AcDbArc
 50
101.2500000000002984
 51
191.2500000000002274
  0
ARC
  5
3AE
100
AcDbEntity
  8
Stator
100
AcDbCircle
 10
81.1934577155010402
 20
14.6719757105286774
 40
0.4000000000000055
210
0.0
220
0.0
230
1.0
100
AcDbArc
 50
-168.7499999999998863
 51
-78.7499999999997584
  0
ARC
  5
3AF
100
AcDbEntity
  8
Stator
100
AcDbCircle
 10
81.9780859398236146
 20
14.8280479681415827
 40
0.3999999999999997
210
0.0
220
0.0
230
1.0
100
AcDbArc
 50
-78.7499999999997016
 51
11.2500000000002416
  0
ARC
  5
3B0
100
AcDbEntity
  8
Stator
100
AcDbCircle
 10
74.0643319815364976
 20
38.141215358603425
 40
0.4000000000000055
210
0.0
220
0.0
230
1.0
100
AcDbArc
 50
26.2500000000001208
 51
116.2500000000002558
  0
ARC
  5
3B1
100
AcDbEntity
  8
Stator
100
AcDbCircle
 10
73.3468337883103487
 20
37.7873844064282167
 40
0.4000000000000011
210
0.0
220
0.0
230
1.0
100
AcDbArc
 50
116.2500000000002984
 51
206.2500000000002558
  0
ARC
  5
3B2
100
AcDbEntity
  8
Stator
100
AcDbCircle
 10
74.6294709899454602
 20
35.1864534559834325
 40
0.4000000000000055
210
0.0
220
0.0
230
1.0
100
AcDbArc
 50
-153.7499999999998863
 51
-63.7499999999997513
  0
ARC
  5
3B3
100
AcDbEntity
  8
Stator
100
AcDbCircle
 10
75.3469691831716091
 20
35.5402844081586338
 40
0.3999999999999997
210
0.0
220
0.0
230
1.0
100
AcDbArc
 50
-63.7499999999997016
 51
26.2500000000002487
  0
ARC
  5
3B4
100
AcDbEntity
  8
Stator
100
AcDbCircle
 10
61.6689781296501778
 20
56.0108446405456704
 40
0.4000000000000055
210
0.0
220
0.0
230
1.0
100
AcDbArc
 50
41.2500000000001137
 51
131.2500000000002274
  0
ARC
  5
3B5
100
AcDbEntity
  8
Stator
100
AcDbCircle
 10
61.0675062836669937
 20
55.4833679884656163
 40
0.400000000000001
210
0.0
220
0.0
230
1.0
100
AcDbArc
 50
131.2500000000002842
 51
221.2500000000002274
  0
ARC
  5
3B6
100
AcDbEntity
  8
Stator
100
AcDbCircle
 10
62.9796091474572037
 20
53.3030325467765849
 40
0.4000000000000055
210
0.0
220
0.0
230
1.0
100
AcDbArc
 50
-138.7499999999998863
 51
-48.7499999999997655
  0
ARC
  5
3B7
100
AcDbEntity
  8
Stator
100
AcDbCircle
 10
63.5810809934403736
 20
53.8305091988566389
 40
0.3999999999999997
210
0.0
220
0.0
230
1.0
100
AcDbArc
 50
-48.7499999999997087
 51
41.2500000000002416
  0
ARC
  5
3B8
100
AcDbEntity
  8
Stator
100
AcDbCircle
 10
80.255642714097263
 20
28.7743836983086538
 40
0.4000000000000054
210
0.0
220
0.0
230
1.0
100
AcDbArc
 50
18.7500000000001172
 51
108.7500000000002416
  0
ARC
  5
3B9
100
AcDbEntity
  8
Stator
100
AcDbCircle
 10
79.4980986105011738
 20
28.5172321260661228
 40
0.4000000000000001
210
0.0
220
0.0
230
1.0
100
AcDbArc
 50
108.7500000000002984
 51
198.7500000000002558
  0
ARC
  5
3BA
100
AcDbEntity
  8
Stator
100
AcDbCircle
 10
80.4302730598803493
 20
25.7711347505303188
 40
0.4000000000000054
210
0.0
220
0.0
230
1.0
100
AcDbArc
 50
-161.2499999999998863
 51
-71.2499999999997726
  0
ARC
  5
3BB
100
AcDbEntity
  8
Stator
100
AcDbCircle
 10
81.1878171634764243
 20
26.0282863227728534
 40
0.3999999999999997
210
0.0
220
0.0
230
1.0
100
AcDbArc
 50
-71.2499999999997016
 51
18.7500000000002451
  0
ARC
  5
3BC
100
AcDbEntity
  8
Stator
100
AcDbCircle
 10
70.0736394907648474
 20
48.5656091610992107
 40
0.4000000000000054
210
0.0
220
0.0
230
1.0
100
AcDbArc
 50
33.7500000000001137
 51
123.7500000000002416
  0
ARC
  5
3BD
100
AcDbEntity
  8
Stator
100
AcDbCircle
 10
69.4084638009228172
 20
48.1211529746835254
 40
0.4000000000000002
210
0.0
220
0.0
230
1.0
100
AcDbArc
 50
123.7500000000002984
 51
213.7500000000002274
  0
ARC
  5
3BE
100
AcDbEntity
  8
Stator
100
AcDbCircle
 10
71.0196174766796702
 20
45.7098910990061498
 40
0.4000000000000054
210
0.0
220
0.0
230
1.0
100
AcDbArc
 50
-146.2499999999998863
 51
-56.2499999999997584
  0
ARC
  5
3BF
100
AcDbEntity
  8
Stator
100
AcDbCircle
 10
71.6847931665217004
 20
46.1543472854218351
 40
0.3999999999999997
210
0.0
220
0.0
230
1.0
100
AcDbArc
 50
-56.2499999999997087
 51
33.7500000000002416
  0
ARC
  5
3C0
100
AcDbEntity
  8
Stator
100
AcDbCircle
 10
85.2373865995494526
 20
18.4331775371738686
 40
0.4000000000000055
210
0.0
220
0.0
230
1.0
100
AcDbArc
 50
11.250000000000119
 51
101.2500000000002416
  0
ARC
  5
3C1
100
AcDbEntity
  8
Stator
100
AcDbCircle
 10
84.452758375226864
 20
18.2771052795609634
 40
0.400000000000001
210
0.0
220
0.0
230
1.0
100
AcDbArc
 50
101.2500000000002984
 51
191.2500000000002274
  0
ARC
  5
3C2
100
AcDbEntity
  8
Stator
100
AcDbCircle
 10
85.0185203090736508
 20
15.4328279663915957
 40
0.4000000000000055
210
0.0
220
0.0
230
1.0
100
AcDbArc
 50
-168.7499999999998863
 51
-78.7499999999997584
  0
ARC
  5
3C3
100
AcDbEntity
  8
Stator
100
AcDbCircle
 10
85.8031485333962252
 20
15.5889002240045009
 40
0.3999999999999997
210
0.0
220
0.0
230
1.0
100
AcDbArc
 50
-78.7499999999997016
 51
11.2500000000002416
  0
ARC
  5
3C4
100
AcDbEntity
  8
Stator
100
AcDbCircle
 10
77.5621356735140068
 20
39.8661412504575523
 40
0.4000000000000055
210
0.0
220
0.0
230
1.0
100
AcDbArc
 50
26.2500000000001208
 51
116.2500000000002558
  0
ARC
  5
3C5
100
AcDbEntity
  8
Stator
100
AcDbCircle
 10
76.8446374802878438
 20
39.512310298282344
 40
0.4000000000000011
210
0.0
220
0.0
230
1.0
100
AcDbArc
 50
116.2500000000002984
 51
206.2500000000002558
  0
ARC
  5
3C6
100
AcDbEntity
  8
Stator
100
AcDbCircle
 10
78.1272746819229553
 20
36.9113793478375527
 40
0.4000000000000055
210
0.0
220
0.0
230
1.0
100
AcDbArc
 50
-153.7499999999998863
 51
-63.7499999999997513
  0
ARC
  5
3C7
100
AcDbEntity
  8
Stator
100
AcDbCircle
 10
78.8447728751491042
 20
37.265210300012761
 40
0.3999999999999997
210
0.0
220
0.0
230
1.0
100
AcDbArc
 50
-63.7499999999997016
 51
26.2500000000002487
  0
ARC
  5
3C8
100
AcDbEntity
  8
Stator
100
AcDbCircle
 10
64.6011533788181822
 20
58.5822933194359621
 40
0.4000000000000055
210
0.0
220
0.0
230
1.0
100
AcDbArc
 50
41.2500000000001137
 51
131.2500000000002274
  0
ARC
  5
3C9
100
AcDbEntity
  8
Stator
100
AcDbCircle
 10
63.9996815328350195
 20
58.0548166673559081
 40
0.400000000000001
210
0.0
220
0.0
230
1.0
100
AcDbArc
 50
131.2500000000002842
 51
221.2500000000002274
  0
ARC
  5
3CA
100
AcDbEntity
  8
Stator
100
AcDbCircle
 10
65.9117843966252224
 20
55.8744812256668766
 40
0.4000000000000055
210
0.0
220
0.0
230
1.0
100
AcDbArc
 50
-138.7499999999998863
 51
-48.7499999999997655
  0
ARC
  5
3CB
100
AcDbEntity
  8
Stator
100
AcDbCircle
 10
66.5132562426083922
 20
56.4019578777469306
 40
0.3999999999999997
210
0.0
220
0.0
230
1.0
100
AcDbArc
 50
-48.7499999999997087
 51
41.2500000000002416
  0
ARC
  5
3CC
100
AcDbEntity
  8
Stator
100
AcDbCircle
 10
83.9486702191281609
 20
30.0279976129909976
 40
0.4000000000000054
210
0.0
220
0.0
230
1.0
100
AcDbArc
 50
18.7500000000001172
 51
108.7500000000002416
  0
ARC
  5
3CD
100
AcDbEntity
  8
Stator
100
AcDbCircle
 10
83.1911261155320716
 20
29.7708460407484665
 40
0.4000000000000001
210
0.0
220
0.0
230
1.0
100
AcDbArc
 50
108.7500000000002984
 51
198.7500000000002558
  0
ARC
  5
3CE
100
AcDbEntity
  8
Stator
100
AcDbCircle
 10
84.1233005649112613
 20
27.0247486652126625
 40
0.4000000000000054
210
0.0
220
0.0
230
1.0
100
AcDbArc
 50
-161.2499999999998863
 51
-71.2499999999997726
  0
ARC
  5
3CF
100
AcDbEntity
  8
Stator
100
AcDbCircle
 10
84.8808446685073221
 20
27.2819002374551935
 40
0.3999999999999997
210
0.0
220
0.0
230
1.0
100
AcDbArc
 50
-71.2499999999997016
 51
18.7500000000002451
  0
ARC
  5
3D0
100
AcDbEntity
  8
Stator
100
AcDbCircle
 10
73.3163709787447715
 20
50.7323330698756649
 40
0.4000000000000054
210
0.0
220
0.0
230
1.0
100
AcDbArc
 50
33.7500000000001137
 51
123.7500000000002416
  0
ARC
  5
3D1
100
AcDbEntity
  8
Stator
100
AcDbCircle
 10
72.6511952889027413
 20
50.2878768834599867
 40
0.4000000000000002
210
0.0
220
0.0
230
1.0
100
AcDbArc
 50
123.7500000000002984
 51
213.7500000000002274
  0
ARC
  5
3D2
100
AcDbEntity
  8
Stator
100
AcDbCircle
 10
74.26234896465958
 20
47.876615007782604
 40
0.4000000000000054
210
0.0
220
0.0
230
1.0
100
AcDbArc
 50
-146.2499999999998863
 51
-56.2499999999997584
  0
ARC
  5
3D3
100
AcDbEntity
  8
Stator
100
AcDbCircle
 10
74.9275246545016245
 20
48.3210711941982893
 40
0.3999999999999997
210
0.0
220
0.0
230
1.0
100
AcDbArc
 50
-56.2499999999997087
 51
33.7500000000002416
  0
ARC
  5
3D4
100
AcDbEntity
  8
Stator
100
AcDbCircle
 10
88.8600063158149709
 20
7.2773037423933271
 40
0.4000000000000055
210
0.0
220
0.0
230
1.0
100
AcDbArc
 50
3.7500000000001181
 51
93.7500000000002558
  0
ARC
  5
3D5
100
AcDbEntity
  8
Stator
100
AcDbCircle
 10
88.0617191772240915
 20
7.2249812390092103
 40
0.4000000000000002
210
0.0
220
0.0
230
1.0
100
AcDbArc
 50
93.7500000000002984
 51
183.7500000000002558
  0
ARC
  5
3D6
100
AcDbEntity
  8
Stator
100
AcDbCircle
 10
88.2513882519915143
 20
4.3311903616172618
 40
0.4000000000000055
210
0.0
220
0.0
230
1.0
100
AcDbArc
 50
-176.2499999999998863
 51
-86.2499999999997442
  0
ARC
  5
3D7
100
AcDbEntity
  8
Stator
100
AcDbCircle
 10
89.0496753905823937
 20
4.3835128650013786
 40
0.3999999999999998
210
0.0
220
0.0
230
1.0
100
AcDbArc
 50
-86.2499999999997016
 51
3.75000000000025
  0
ARC
  5
3D8
100
AcDbEntity
  8
Stator
100
AcDbCircle
 10
84.9683565151844249
 20
7.0222315383957543
 40
0.4000000000000055
210
0.0
220
0.0
230
1.0
100
AcDbArc
 50
3.7500000000001181
 51
93.7500000000002558
  0
ARC
  5
3D9
100
AcDbEntity
  8
Stator
100
AcDbCircle
 10
84.1700693765935455
 20
6.9699090350116375
 40
0.4000000000000002
210
0.0
220
0.0
230
1.0
100
AcDbArc
 50
93.7500000000002984
 51
183.7500000000002558
  0
ARC
  5
3DA
100
AcDbEntity
  8
Stator
100
AcDbCircle
 10
84.3597384513609683
 20
4.076118157619689
 40
0.4000000000000055
210
0.0
220
0.0
230
1.0
100
AcDbArc
 50
-176.2499999999998863
 51
-86.2499999999997442
  0
ARC
  5
3DB
100
AcDbEntity
  8
Stator
100
AcDbCircle
 10
85.1580255899518477
 20
4.1284406610038058
 40
0.3999999999999998
210
0.0
220
0.0
230
1.0
100
AcDbArc
 50
-86.2499999999997016
 51
3.75000000000025
  0
ARC
  5
3DC
100
AcDbEntity
  8
Stator
100
AcDbCircle
 10
0.0
 20
0.0
 40
80.0
210
0.0
220
0.0
230
1.0
100
AcDbArc
 50
0.0
 51
2.7605318754796855
  0
ARC
  5
3DD
100
AcDbEntity
  8
Stator
100
AcDbCircle
 10
0.0
 20
0.0
 40
100.000000000000199
210
0.0
220
0.0
230
1.0
100
AcDbArc
 50
0.0
 51
45.0000000000003837
  0
ARC
  5
3DE
100
AcDbEntity
  8
Stator
100
AcDbCircle
 10
-0.0000000000000687
 20
0.0000000000000895
 40
80.0
210
0.0
220
0.0
230
1.0
100
AcDbArc
 50
42.2394681245206272
 51
45.0000000000003126
  0
ARC
  5
3DF
100
AcDbEntity
  8
Stator
100
AcDbCircle
 10
59.3263942557949733
 20
53.8684030489671954
 40
0.1338000000000068
210
0.0
220
0.0
230
1.0
100
AcDbArc
 50
-137.7605318754793302
 51
-48.7499999999999929
  0
ARC
  5
3E0
100
AcDbEntity
  8
Stator
100
AcDbCircle
 10
59.6457298948173715
 20
54.3695106166351465
 40
0.3000000000000024
210
0.0
220
0.0
230
1.0
100
AcDbArc
 50
-48.7499999999986002
 51
40.8688647696020908
  0
ARC
  5
3E1
100
AcDbEntity
  8
Stator
100
AcDbCircle
 10
61.689701921627595
 20
52.0388072134502977
 40
0.3000000000000023
210
0.0
220
0.0
230
1.0
100
AcDbArc
 50
41.6311352303982218
 51
131.24999999999892
  0
ARC
  5
3E2
100
AcDbEntity
  8
Stator
100
AcDbCircle
 10
61.1511997336659334
 20
51.7876111977883653
 40
0.1338000000000067
210
0.0
220
0.0
230
1.0
100
AcDbArc
 50
-228.7499999999997158
 51
-139.7394681245203856
  0
ARC
  5
3E3
100
AcDbEntity
  8
Stator
100
AcDbCircle
 10
0.0
 20
0.0
 40
79.9999999999999858
210
0.0
220
0.0
230
1.0
100
AcDbArc
 50
34.7394681245207195
 51
40.2605318754796784
  0
ARC
  5
3E4
100
AcDbEntity
  8
Stator
100
AcDbCircle
 10
65.8500862597013708
 20
45.6639030529573802
 40
0.1338000000000068
210
0.0
220
0.0
230
1.0
100
AcDbArc
 50
-145.2605318754793018
 51
-56.2499999999999858
  0
ARC
  5
3E5
100
AcDbEntity
  8
Stator
100
AcDbCircle
 10
66.232097600764007
 20
46.1190419109155414
 40
0.3000000000000024
210
0.0
220
0.0
230
1.0
100
AcDbArc
 50
-56.2499999999986002
 51
33.3688647696020908
  0
ARC
  5
3E6
100
AcDbEntity
  8
Stator
100
AcDbCircle
 10
67.954365323124776
 20
43.5414861127776334
 40
0.3000000000000024
210
0.0
220
0.0
230
1.0
100
AcDbArc
 50
34.1311352303982289
 51
123.74999999999892
  0
ARC
  5
3E7
100
AcDbEntity
  8
Stator
100
AcDbCircle
 10
67.3876824366064255
 20
43.3627277539488389
 40
0.1338000000000068
210
0.0
220
0.0
230
1.0
100
AcDbArc
 50
-236.2499999999997158
 51
-147.2394681245203856
  0
ARC
  5
3E8
100
AcDbEntity
  8
Stator
100
AcDbCircle
 10
0.0
 20
0.0
 40
79.9999999999999858
210
0.0
220
0.0
230
1.0
100
AcDbArc
 50
27.2394681245207195
 51
32.7605318754796784
  0
ARC
  5
3E9
100
AcDbEntity
  8
Stator
100
AcDbCircle
 10
71.2470650306111963
 20
36.6780810152856986
 40
0.1338000000000068
210
0.0
220
0.0
230
1.0
100
AcDbArc
 50
-152.7605318754793302
 51
-63.7500000000000071
  0
ARC
  5
3EA
100
AcDbEntity
  8
Stator
100
AcDbCircle
 10
71.6852157537549317
 20
37.0794636114860765
 40
0.3000000000000024
210
0.0
220
0.0
230
1.0
100
AcDbArc
 50
-63.7499999999986002
 51
25.8688647696020908
  0
ARC
  5
3EB
100
AcDbEntity
  8
Stator
100
AcDbCircle
 10
73.0563106934338435
 20
34.2991581127347231
 40
0.3000000000000024
210
0.0
220
0.0
230
1.0
100
AcDbArc
 50
26.6311352303982289
 51
116.24999999999892
  0
ARC
  5
3EC
100
AcDbEntity
  8
Stator
100
AcDbCircle
 10
72.4711432096613208
 20
34.1958960158198053
 40
0.1338000000000068
210
0.0
220
0.0
230
1.0
100
AcDbArc
 50
-243.7499999999996874
 51
-154.7394681245203572
  0
ARC
  5
3ED
100
AcDbEntity
  8
Stator
100
AcDbCircle
 10
0.0
 20
0.0
 40
80.0
210
0.0
220
0.0
230
1.0
100
AcDbArc
 50
19.7394681245207195
 51
25.2605318754796855
  0
ARC
  5
3EE
100
AcDbEntity
  8
Stator
100
AcDbCircle
 10
75.4249867654289829
 20
27.06468684235724
 40
0.1338000000000067
210
0.0
220
0.0
230
1.0
100
AcDbArc
 50
-160.2605318754793302
 51
-71.25
  0
ARC
  5
3EF
100
AcDbEntity
  8
Stator
100
AcDbCircle
 10
75.9117799903024775
 20
27.4054454092945754
 40
0.3000000000000023
210
0.0
220
0.0
230
1.0
100
AcDbArc
 50
-71.2499999999985931
 51
18.3688647696020944
  0
ARC
  5
3F0
100
AcDbEntity
  8
Stator
100
AcDbCircle
 10
76.9082423327422759
 20
24.4699620078597277
 40
0.3000000000000024
210
0.0
220
0.0
230
1.0
100
AcDbArc
 50
19.1311352303982289
 51
108.7499999999989058
  0
ARC
  5
3F1
100
AcDbEntity
  8
Stator
100
AcDbCircle
 10
76.3146026296020068
 20
24.4439630159665597
 40
0.1338000000000067
210
0.0
220
0.0
230
1.0
100
AcDbArc
 50
-251.2499999999996874
 51
-162.2394681245203572
  0
ARC
  5
3F2
100
AcDbEntity
  8
Stator
100
AcDbCircle
 10
0.0
 20
0.0
 40
79.9999999999999858
210
0.0
220
0.0
230
1.0
100
AcDbArc
 50
12.2394681245207178
 51
17.7605318754796855
  0
ARC
  5
3F3
100
AcDbEntity
  8
Stator
100
AcDbCircle
 10
78.3123660649332436
 20
16.9882083738072325
 40
0.1338000000000067
210
0.0
220
0.0
230
1.0
100
AcDbArc
 50
-167.7605318754793018
 51
-78.7499999999999858
  0
ARC
  5
3F4
100
AcDbEntity
  8
Stator
100
AcDbCircle
 10
78.8394726244943485
 20
17.2625124379250998
 40
0.3000000000000024
210
0.0
220
0.0
230
1.0
100
AcDbArc
 50
-78.7499999999986073
 51
10.8688647696020908
  0
ARC
  5
3F5
100
AcDbEntity
  8
Stator
100
AcDbCircle
 10
79.4442526227443437
 20
14.2220780686750672
 40
0.3000000000000023
210
0.0
220
0.0
230
1.0
100
AcDbArc
 50
11.6311352303982307
 51
101.24999999999892
  0
ARC
  5
3F6
100
AcDbEntity
  8
Stator
100
AcDbCircle
 10
78.8522980401450724
 20
14.2737870317632289
 40
0.1338000000000068
210
0.0
220
0.0
230
1.0
100
AcDbArc
 50
-258.7499999999997158
 51
-169.7394681245203856
  0
ARC
  5
3F7
100
AcDbEntity
  8
Stator
100
AcDbCircle
 10
0.0
 20
0.0000000000001128
 40
80.0
210
0.0
220
0.0
230
1.0
100
AcDbArc
 50
4.7394681245206369
 51
10.2605318754796073
  0
ARC
  5
3F8
100
AcDbEntity
  8
Stator
100
AcDbCircle
 10
79.8597990687766952
 20
6.6210569499601961
 40
0.1338000000000068
210
0.0
220
0.0
230
1.0
100
AcDbArc
 50
-175.2605318754793302
 51
-86.25
  0
ARC
  5
3F9
100
AcDbEntity
  8
Stator
100
AcDbCircle
 10
80.4182000236497743
 20
6.8242130926700861
 40
0.3000000000000024
210
0.0
220
0.0
230
1.0
100
AcDbArc
 50
-86.2499999999985931
 51
3.3688647696020912
  0
ARC
  5
3FA
100
AcDbEntity
  8
Stator
100
AcDbCircle
 10
80.6209497242632125
 20
3.730850430630396
 40
0.3000000000000024
210
0.0
220
0.0
230
1.0
100
AcDbArc
 50
4.1311352303982316
 51
93.74999999999892
  0
ARC
  5
3FB
100
AcDbEntity
  8
Stator
100
AcDbCircle
 10
80.0408087692340331
 20
3.859382594005015
 40
0.1338000000000068
210
0.0
220
0.0
230
1.0
100
AcDbArc
 50
-266.2499999999996589
 51
-177.2394681245203572
  0
ARC
  5
3FC
100
AcDbEntity
  8
Stator
100
AcDbCircle
 10
83.0225316148691235
 20
6.894695436396967
 40
0.4000000000000055
210
0.0
220
0.0
230
1.0
100
AcDbArc
 50
3.7500000000001181
 51
93.7500000000002558
  0
ARC
  5
3FD
100
AcDbEntity
  8
Stator
100
AcDbCircle
 10
82.2242444762782441
 20
6.8423729330128493
 40
0.4000000000000011
210
0.0
220
0.0
230
1.0
100
AcDbArc
 50
93.7500000000002842
 51
183.7500000000002274
  0
ARC
  5
3FE
100
AcDbEntity
  8
Stator
100
AcDbCircle
 10
82.4139135510456668
 20
3.9485820556209013
 40
0.4000000000000055
210
0.0
220
0.0
230
1.0
100
AcDbArc
 50
-176.2499999999998863
 51
-86.2499999999997442
  0
ARC
  5
3FF
100
AcDbEntity
  8
Stator
100
AcDbCircle
 10
83.2122006896365463
 20
4.0009045590050185
 40
0.3999999999999998
210
0.0
220
0.0
230
1.0
100
AcDbArc
 50
-86.2499999999997016
 51
3.75000000000025
  0
ARC
  5
400
100
AcDbEntity
  8
Stator
100
AcDbCircle
 10
86.9141814154996979
 20
7.1497676403945398
 40
0.4000000000000055
210
0.0
220
0.0
230
1.0
100
AcDbArc
 50
3.7500000000001181
 51
93.7500000000002558
  0
ARC
  5
401
100
AcDbEntity
  8
Stator
100
AcDbCircle
 10
86.1158942769088185
 20
7.0974451370104221
 40
0.4000000000000011
210
0.0
220
0.0
230
1.0
100
AcDbArc
 50
93.7500000000002842
 51
183.7500000000002274
  0
ARC
  5
402
100
AcDbEntity
  8
Stator
100
AcDbCircle
 10
86.3055633516762413
 20
4.2036542596184745
 40
0.4000000000000055
210
0.0
220
0.0
230
1.0
100
AcDbArc
 50
-176.2499999999998863
 51
-86.2499999999997442
  0
ARC
  5
403
100
AcDbEntity
  8
Stator
100
AcDbCircle
 10
87.1038504902671207
 20
4.2559767630025913
 40
0.3999999999999998
210
0.0
220
0.0
230
1.0
100
AcDbArc
 50
-86.2499999999997016
 51
3.75000000000025
  0
ENDSEC
  0
SECTION
  2
OBJECTS
  0
DICTIONARY
  5
C
330
0
100
AcDbDictionary
281
     1
  3
ACAD_GROUP
350
126
  3
ACAD_LAYOUT
350
12C
  3
ACAD_MATERIAL
350
16A
  3
ACAD_MLEADERSTYLE
350
170
  3
ACAD_MLINESTYLE
350
127
  3
ACAD_PLOTSETTINGS
350
129
  3
ACAD_PLOTSTYLENAME
350
12A
  3
ACAD_SCALELIST
350
12F
  3
ACAD_TABLESTYLE
350
16E
  3
ACAD_VISUALSTYLE
350
151
  3
AcDbVariableDictionary
350
173
  3
DWGPROPS
350
17B
  0
DICTIONARY
  5
17C
330
8
100
AcDbDictionary
280
     1
281
     1
  3
ACAD_XREC_ROUNDTRIP
360
17D
  0
DICTIONARY
  5
126
102
{ACAD_REACTORS
330
C
102
}
330
C
100
AcDbDictionary
281
     1
  0
DICTIONARY
  5
12C
102
{ACAD_REACTORS
330
C
102
}
330
C
100
AcDbDictionary
281
     1
  3
Layout1
350
12E
  3
Model
350
12D
  0
DICTIONARY
  5
16A
102
{ACAD_REACTORS
330
C
102
}
330
C
100
AcDbDictionary
281
     1
  3
ByBlock
350
16C
  3
ByLayer
350
16B
  3
Global
350
16D
  0
DICTIONARY
  5
170
102
{ACAD_REACTORS
330
C
102
}
330
C
100
AcDbDictionary
281
     1
  3
Standard
350
171
  0
DICTIONARY
  5
127
102
{ACAD_REACTORS
330
C
102
}
330
C
100
AcDbDictionary
281
     1
  3
Standard
350
128
  0
DICTIONARY
  5
129
102
{ACAD_REACTORS
330
C
102
}
330
C
100
AcDbDictionary
281
     1
  0
ACDBDICTIONARYWDFLT
  5
12A
102
{ACAD_REACTORS
330
C
102
}
330
C
100
AcDbDictionary
281
     1
  3
Normal
350
12B
100
AcDbDictionaryWithDefault
340
12B
  0
DICTIONARY
  5
12F
102
{ACAD_REACTORS
330
C
102
}
330
C
100
AcDbDictionary
281
     1
  3
A0
350
130
  3
A1
350
131
  3
A2
350
132
  3
A3
350
133
  3
A4
350
134
  3
A5
350
135
  3
A6
350
136
  3
A7
350
137
  3
A8
350
138
  3
A9
350
139
  3
B0
350
13A
  3
B1
350
13B
  3
B2
350
13C
  3
B3
350
13D
  3
B4
350
13E
  3
B5
350
13F
  3
B6
350
140
  3
B7
350
141
  3
B8
350
142
  3
B9
350
143
  3
C0
350
144
  3
C1
350
145
  3
C2
350
146
  3
C3
350
147
  3
C4
350
148
  3
C5
350
149
  3
C6
350
14A
  3
C7
350
14B
  3
C8
350
14C
  3
C9
350
14D
  3
D0
350
14E
  3
D1
350
14F
  3
D2
350
150
  0
DICTIONARY
  5
16E
102
{ACAD_REACTORS
330
C
102
}
330
C
100
AcDbDictionary
281
     1
  3
Standard
350
16F
  0
DICTIONARY
  5
151
102
{ACAD_REACTORS
330
C
102
}
330
C
100
AcDbDictionary
281
     1
  3
2dWireframe
350
156
  3
Basic
350
159
  3
Brighten
350
15D
  3
ColorChange
350
161
  3
Conceptual
350
15B
  3
Dim
350
15C
  3
EdgeColorOff
350
164
  3
Facepattern
350
160
  3
Flat
350
152
  3
FlatWithEdges
350
153
  3
Gouraud
350
154
  3
GouraudWithEdges
350
155
  3
Hidden
350
158
  3
JitterOff
350
162
  3
Linepattern
350
15F
  3
OverhangOff
350
163
  3
Realistic
350
15A
  3
Shaded
350
169
  3
Shaded with edges
350
168
  3
Shades of Gray
350
165
  3
Sketchy
350
166
  3
Thicken
350
15E
  3
Wireframe
350
157
  3
X-Ray
350
167
  0
DICTIONARY
  5
173
102
{ACAD_REACTORS
330
C
102
}
330
C
100
AcDbDictionary
281
     1
  3
CANNOSCALE
350
17E
  3
CMLEADERSTYLE
350
175
  3
CTABLESTYLE
350
174
  3
DIMASSOC
350
179
  3
HIDETEXT
350
17A
  3
MSLTSCALE
350
176
  0
XRECORD
  5
17B
102
{ACAD_REACTORS
330
C
102
}
330
C
100
AcDbXrecord
280
     1
  1
DWGPROPS COOKIE
  2

  3

  4

  6

  7

  8

  9

300
=
301
=
302
=
303
=
304
=
305
=
306
=
307
=
308
=
309
=
 40
0.0
 41
2456924.605073218
 42
2458012.257345405
  1

 90
        0
  0
XRECORD
  5
17D
102
{ACAD_REACTORS
330
17C
102
}
330
17C
100
AcDbXrecord
280
     1
102
VTR_0.000_0.000_1.000_1.000_VISUALSTYLE
340
156
102
VTR_0.000_0.000_1.000_1.000_GRIDDISPLAY
 70
     3
102
VTR_0.000_0.000_1.000_1.000_GRIDMAJOR
 70
     5
102
VTR_0.000_0.000_1.000_1.000_DEFAULTLIGHTING
280
     1
102
VTR_0.000_0.000_1.000_1.000_DEFAULTLIGHTINGTYPE
 70
     1
102
VTR_0.000_0.000_1.000_1.000_BRIGHTNESS
141
0.0
102
VTR_0.000_0.000_1.000_1.000_CONTRAST
142
0.0
  0
LAYOUT
  5
12E
102
{ACAD_REACTORS
330
12C
102
}
330
12C
100
AcDbPlotSettings
  1

  2
none_device
  4

  6

 40
0.0
 41
0.0
 42
0.0
 43
0.0
 44
0.0
 45
0.0
 46
0.0
 47
0.0
 48
0.0
 49
0.0
140
0.0
141
0.0
142
1.0
143
1.0
 70
   688
 72
     1
 73
     0
 74
     5
  7

 75
    16
147
1.0
148
0.0
149
0.0
100
AcDbLayout
  1
Layout1
 70
     1
 71
     1
 10
0.0
 20
0.0
 11
90.0000000000077
 21
101.6227766016838
 12
0.0
 22
0.0
 32
0.0
 14
-90.0
 24
-70.0
 34
1.000000000000000E+20
 15
90.0000000000077
 25
101.6227766016838
 35
-1.000000000000000E+20
146
0.0
 13
0.0
 23
0.0
 33
0.0
 16
1.0
 26
0.0
 36
0.0
 17
0.0
 27
1.0
 37
0.0
 76
     0
330
3A
  0
LAYOUT
  5
12D
102
{ACAD_REACTORS
330
12C
102
}
330
12C
100
AcDbPlotSettings
  1

  2
none_device
  4
Letter_(8.50_x_11.00_Inches)
  6

 40
6.35
 41
6.35
 42
6.35000508
 43
6.35000508
 44
215.9
 45
279.4
 46
0.0
 47
0.0
 48
0.0
 49
0.0
140
0.0
141
0.0
142
1.0
143
0.2165354384911418
 70
  1712
 72
     1
 73
     0
 74
     0
  7

 75
     0
147
4.618181702580331
148
0.0000000006999983
149
0.0
100
AcDbLayout
  1
Model
 70
     1
 71
     0
 10
0.0
 20
0.0
 11
90.0000000000077
 21
101.6227766016838
 12
0.0
 22
0.0
 32
0.0
 14
1.000000000000000E+20
 24
1.000000000000000E+20
 34
1.000000000000000E+20
 15
-1.000000000000000E+20
 25
-1.000000000000000E+20
 35
-1.000000000000000E+20
146
0.0
 13
0.0
 23
0.0
 33
0.0
 16
1.0
 26
0.0
 36
0.0
 17
0.0
 27
1.0
 37
0.0
 76
     0
330
36
331
40
  0
MATERIAL
  5
16C
102
{ACAD_REACTORS
330
16A
102
}
102
{ACAD_XDICTIONARY
360
1B1
102
}
330
16A
100
AcDbMaterial
  1
ByBlock
  0
MATERIAL
  5
16B
102
{ACAD_REACTORS
330
16A
102
}
102
{ACAD_XDICTIONARY
360
1AF
102
}
330
16A
100
AcDbMaterial
  1
ByLayer
  0
MATERIAL
  5
16D
102
{ACAD_REACTORS
330
16A
102
}
102
{ACAD_XDICTIONARY
360
1B3
102
}
330
16A
100
AcDbMaterial
  1
Global
  0
MLEADERSTYLE
  5
171
102
{ACAD_REACTORS
330
170
102
}
102
{ACAD_XDICTIONARY
360
1B6
102
}
330
170
100
AcDbMLeaderStyle
170
     2
171
     1
172
     0
 90
        2
 40
0.0
 41
0.0
173
     1
 91
-1056964608
340
2B
 92
       -2
290
     1
 42
2.0
291
     1
 43
8.0
  3
Standard
341
0
 44
4.0
300

342
11
174
     1
178
     6
175
     1
176
     0
 93
-1056964608
 45
4.0
292
     0
297
     0
 46
4.0
343
0
 94
-1056964608
 47
1.0
 49
1.0
140
1.0
293
     1
141
0.0
294
     1
177
     0
142
1.0
295
     0
296
     0
143
3.75
1001
ACAD_MLEADERVER
1070
     2
  0
MLINESTYLE
  5
128
102
{ACAD_REACTORS
330
127
102
}
330
127
100
AcDbMlineStyle
  2
Standard
 70
     0
  3

 62
   256
 51
90.0
 52
90.0
 71
     2
 49
0.5
 62
   256
  6
BYLAYER
 49
-0.5
 62
   256
  6
BYLAYER
  0
ACDBPLACEHOLDER
  5
12B
102
{ACAD_REACTORS
330
12A
102
}
330
12A
  0
SCALE
  5
130
102
{ACAD_REACTORS
330
12F
102
}
330
12F
100
AcDbScale
 70
     0
300
1:1
140
1.0
141
1.0
290
     1
  0
SCALE
  5
131
102
{ACAD_REACTORS
330
12F
102
}
330
12F
100
AcDbScale
 70
     0
300
1:2
140
1.0
141
2.0
290
     0
  0
SCALE
  5
132
102
{ACAD_REACTORS
330
12F
102
}
330
12F
100
AcDbScale
 70
     0
300
1:4
140
1.0
141
4.0
290
     0
  0
SCALE
  5
133
102
{ACAD_REACTORS
330
12F
102
}
330
12F
100
AcDbScale
 70
     0
300
1:5
140
1.0
141
5.0
290
     0
  0
SCALE
  5
134
102
{ACAD_REACTORS
330
12F
102
}
330
12F
100
AcDbScale
 70
     0
300
1:8
140
1.0
141
8.0
290
     0
  0
SCALE
  5
135
102
{ACAD_REACTORS
330
12F
102
}
330
12F
100
AcDbScale
 70
     0
300
1:10
140
1.0
141
10.0
290
     0
  0
SCALE
  5
136
102
{ACAD_REACTORS
330
12F
102
}
330
12F
100
AcDbScale
 70
     0
300
1:16
140
1.0
141
16.0
290
     0
  0
SCALE
  5
137
102
{ACAD_REACTORS
330
12F
102
}
330
12F
100
AcDbScale
 70
     0
300
1:20
140
1.0
141
20.0
290
     0
  0
SCALE
  5
138
102
{ACAD_REACTORS
330
12F
102
}
330
12F
100
AcDbScale
 70
     0
300
1:30
140
1.0
141
30.0
290
     0
  0
SCALE
  5
139
102
{ACAD_REACTORS
330
12F
102
}
330
12F
100
AcDbScale
 70
     0
300
1:40
140
1.0
141
40.0
290
     0
  0
SCALE
  5
13A
102
{ACAD_REACTORS
330
12F
102
}
330
12F
100
AcDbScale
 70
     0
300
1:50
140
1.0
141
50.0
290
     0
  0
SCALE
  5
13B
102
{ACAD_REACTORS
330
12F
102
}
330
12F
100
AcDbScale
 70
     0
300
1:100
140
1.0
141
100.0
290
     0
  0
SCALE
  5
13C
102
{ACAD_REACTORS
330
12F
102
}
330
12F
100
AcDbScale
 70
     0
300
2:1
140
2.0
141
1.0
290
     0
  0
SCALE
  5
13D
102
{ACAD_REACTORS
330
12F
102
}
330
12F
100
AcDbScale
 70
     0
300
4:1
140
4.0
141
1.0
290
     0
  0
SCALE
  5
13E
102
{ACAD_REACTORS
330
12F
102
}
330
12F
100
AcDbScale
 70
     0
300
8:1
140
8.0
141
1.0
290
     0
  0
SCALE
  5
13F
102
{ACAD_REACTORS
330
12F
102
}
330
12F
100
AcDbScale
 70
     0
300
10:1
140
10.0
141
1.0
290
     0
  0
SCALE
  5
140
102
{ACAD_REACTORS
330
12F
102
}
330
12F
100
AcDbScale
 70
     0
300
100:1
140
100.0
141
1.0
290
     0
  0
SCALE
  5
141
102
{ACAD_REACTORS
330
12F
102
}
330
12F
100
AcDbScale
 70
     0
300
1/128" = 1'-0"
140
0.0078125
141
12.0
290
     0
  0
SCALE
  5
142
102
{ACAD_REACTORS
330
12F
102
}
330
12F
100
AcDbScale
 70
     0
300
1/64" = 1'-0"
140
0.015625
141
12.0
290
     0
  0
SCALE
  5
143
102
{ACAD_REACTORS
330
12F
102
}
330
12F
100
AcDbScale
 70
     0
300
1/32" = 1'-0"
140
0.03125
141
12.0
290
     0
  0
SCALE
  5
144
102
{ACAD_REACTORS
330
12F
102
}
330
12F
100
AcDbScale
 70
     0
300
1/16" = 1'-0"
140
0.0625
141
12.0
290
     0
  0
SCALE
  5
145
102
{ACAD_REACTORS
330
12F
102
}
330
12F
100
AcDbScale
 70
     0
300
3/32" = 1'-0"
140
0.09375
141
12.0
290
     0
  0
SCALE
  5
146
102
{ACAD_REACTORS
330
12F
102
}
330
12F
100
AcDbScale
 70
     0
300
1/8" = 1'-0"
140
0.125
141
12.0
290
     0
  0
SCALE
  5
147
102
{ACAD_REACTORS
330
12F
102
}
330
12F
100
AcDbScale
 70
     0
300
3/16" = 1'-0"
140
0.1875
141
12.0
290
     0
  0
SCALE
  5
148
102
{ACAD_REACTORS
330
12F
102
}
330
12F
100
AcDbScale
 70
     0
300
1/4" = 1'-0"
140
0.25
141
12.0
290
     0
  0
SCALE
  5
149
102
{ACAD_REACTORS
330
12F
102
}
330
12F
100
AcDbScale
 70
     0
300
3/8" = 1'-0"
140
0.375
141
12.0
290
     0
  0
SCALE
  5
14A
102
{ACAD_REACTORS
330
12F
102
}
330
12F
100
AcDbScale
 70
     0
300
1/2" = 1'-0"
140
0.5
141
12.0
290
     0
  0
SCALE
  5
14B
102
{ACAD_REACTORS
330
12F
102
}
330
12F
100
AcDbScale
 70
     0
300
3/4" = 1'-0"
140
0.75
141
12.0
290
     0
  0
SCALE
  5
14C
102
{ACAD_REACTORS
330
12F
102
}
330
12F
100
AcDbScale
 70
     0
300
1" = 1'-0"
140
1.0
141
12.0
290
     0
  0
SCALE
  5
14D
102
{ACAD_REACTORS
330
12F
102
}
330
12F
100
AcDbScale
 70
     0
300
1-1/2" = 1'-0"
140
1.5
141
12.0
290
     0
  0
SCALE
  5
14E
102
{ACAD_REACTORS
330
12F
102
}
330
12F
100
AcDbScale
 70
     0
300
3" = 1'-0"
140
3.0
141
12.0
290
     0
  0
SCALE
  5
14F
102
{ACAD_REACTORS
330
12F
102
}
330
12F
100
AcDbScale
 70
     0
300
6" = 1'-0"
140
6.0
141
12.0
290
     0
  0
SCALE
  5
150
102
{ACAD_REACTORS
330
12F
102
}
330
12F
100
AcDbScale
 70
     0
300
1'-0" = 1'-0"
140
12.0
141
12.0
290
     0
  0
TABLESTYLE
  5
16F
102
{ACAD_REACTORS
330
16E
102
}
330
16E
100
AcDbTableStyle
  3
Standard
 70
     0
 71
     0
 40
1.5
 41
1.5
280
     0
281
     0
  7
Standard
140
4.5
170
     2
 62
     0
 63
   257
283
     0
274
    -2
284
     1
 64
     0
275
    -2
285
     1
 65
     0
276
    -2
286
     1
 66
     0
277
    -2
287
     1
 67
     0
278
    -2
288
     1
 68
     0
279
    -2
289
     1
 69
     0
  7
Standard
140
6.0
170
     5
 62
     0
 63
   257
283
     0
274
    -2
284
     1
 64
     0
275
    -2
285
     1
 65
     0
276
    -2
286
     1
 66
     0
277
    -2
287
     1
 67
     0
278
    -2
288
     1
 68
     0
279
    -2
289
     1
 69
     0
  7
Standard
140
4.5
170
     5
 62
     0
 63
   257
283
     0
274
    -2
284
     1
 64
     0
275
    -2
285
     1
 65
     0
276
    -2
286
     1
 66
     0
277
    -2
287
     1
 67
     0
278
    -2
288
     1
 68
     0
279
    -2
289
     1
 69
     0
  0
VISUALSTYLE
  5
156
102
{ACAD_REACTORS
330
151
102
}
102
{ACAD_XDICTIONARY
360
187
102
}
330
151
100
AcDbVisualStyle
  2
2dWireframe
 70
     4
 71
     0
 72
     2
 73
     0
 90
        0
 40
0.6
 41
30.0
 62
     5
 63
     7
 74
     1
 91
        4
 64
     7
 65
   257
 75
     1
175
     1
 42
1.0
 92
        0
 66
   257
 43
1.0
 76
     1
 77
     6
 78
     2
 67
     7
 79
     5
170
     0
171
     0
290
     0
174
     0
 93
        1
 44
0.0
173
     0
291
     0
 45
0.0
1001
ACAD
1000
AcDbSavedByObjectVersion
1070
     0
  0
VISUALSTYLE
  5
159
102
{ACAD_REACTORS
330
151
102
}
102
{ACAD_XDICTIONARY
360
18D
102
}
330
151
100
AcDbVisualStyle
  2
Basic
 70
     7
 71
     1
 72
     0
 73
     1
 90
        0
 40
0.6
 41
30.0
 62
     5
 63
     7
 74
     0
 91
        4
 64
     7
 65
   257
 75
     1
175
     1
 42
1.0
 92
        8
 66
     7
 43
1.0
 76
     1
 77
     6
 78
     2
 67
     7
 79
     5
170
     0
171
     0
290
     0
174
     0
 93
        1
 44
0.0
173
     0
291
     1
 45
0.0
1001
ACAD
1000
AcDbSavedByObjectVersion
1070
     0
  0
VISUALSTYLE
  5
15D
102
{ACAD_REACTORS
330
151
102
}
102
{ACAD_XDICTIONARY
360
195
102
}
330
151
100
AcDbVisualStyle
  2
Brighten
 70
    12
 71
     2
 72
     2
 73
     0
 90
        0
 40
0.6
 41
30.0
 62
     5
 63
     7
 74
     1
 91
        4
 64
     7
 65
   257
 75
     1
175
     1
 42
1.0
 92
        8
 66
     7
 43
1.0
 76
     1
 77
     6
 78
     2
 67
     7
 79
     5
170
     0
171
     0
290
     0
174
     0
 93
        1
 44
50.0
173
     0
291
     1
 45
0.0
1001
ACAD
1000
AcDbSavedByObjectVersion
1070
     0
  0
VISUALSTYLE
  5
161
102
{ACAD_REACTORS
330
151
102
}
102
{ACAD_XDICTIONARY
360
19D
102
}
330
151
100
AcDbVisualStyle
  2
ColorChange
 70
    16
 71
     2
 72
     2
 73
     3
 90
        0
 40
0.6
 41
30.0
 62
     5
 63
     8
 74
     1
 91
        4
 64
     7
 65
   257
 75
     1
175
     1
 42
1.0
 92
        8
 66
     8
 43
1.0
 76
     1
 77
     6
 78
     2
 67
     7
 79
     5
170
     0
171
     0
290
     0
174
     0
 93
        1
 44
0.0
173
     0
291
     1
 45
0.0
1001
ACAD
1000
AcDbSavedByObjectVersion
1070
     0
  0
VISUALSTYLE
  5
15B
102
{ACAD_REACTORS
330
151
102
}
102
{ACAD_XDICTIONARY
360
191
102
}
330
151
100
AcDbVisualStyle
  2
Conceptual
 70
     9
 71
     3
 72
     2
 73
     0
 90
        0
 40
0.6
 41
30.0
 62
     5
 63
     7
 74
     2
 91
        2
 64
     7
 65
   257
 75
     1
175
     1
 42
179.0
 92
        8
 66
     7
 43
1.0
 76
     1
 77
     6
 78
     2
 67
     7
 79
     3
170
     0
171
     0
290
     0
174
     0
 93
        1
 44
0.0
173
     0
291
     0
 45
0.0
1001
ACAD
1000
AcDbSavedByObjectVersion
1070
     0
  0
VISUALSTYLE
  5
15C
102
{ACAD_REACTORS
330
151
102
}
102
{ACAD_XDICTIONARY
360
193
102
}
330
151
100
AcDbVisualStyle
  2
Dim
 70
    11
 71
     2
 72
     2
 73
     0
 90
        0
 40
0.6
 41
30.0
 62
     5
 63
     7
 74
     1
 91
        4
 64
     7
 65
   257
 75
     1
175
     1
 42
1.0
 92
        8
 66
     7
 43
1.0
 76
     1
 77
     6
 78
     2
 67
     7
 79
     5
170
     0
171
     0
290
     0
174
     0
 93
        1
 44
-50.0
173
     0
291
     1
 45
0.0
1001
ACAD
1000
AcDbSavedByObjectVersion
1070
     0
  0
VISUALSTYLE
  5
164
102
{ACAD_REACTORS
330
151
102
}
102
{ACAD_XDICTIONARY
360
1A3
102
}
330
151
100
AcDbVisualStyle
  2
EdgeColorOff
 70
    22
 71
     2
 72
     2
 73
     0
 90
        0
 40
0.6
 41
30.0
 62
     5
 63
     7
 74
     1
 91
        4
 64
     7
 65
   257
 75
     1
175
     1
 42
1.0
 92
        8
 66
     7
 43
1.0
 76
     1
 77
     6
 78
     2
 67
     7
 79
     5
170
     0
171
     0
290
     0
174
     0
 93
        1
 44
0.0
173
     0
291
     1
 45
0.0
1001
ACAD
1000
AcDbSavedByObjectVersion
1070
     0
  0
VISUALSTYLE
  5
160
102
{ACAD_REACTORS
330
151
102
}
102
{ACAD_XDICTIONARY
360
19B
102
}
330
151
100
AcDbVisualStyle
  2
Facepattern
 70
    15
 71
     2
 72
     2
 73
     0
 90
        0
 40
0.6
 41
30.0
 62
     5
 63
     7
 74
     1
 91
        4
 64
     7
 65
   257
 75
     1
175
     1
 42
1.0
 92
        8
 66
     7
 43
1.0
 76
     1
 77
     6
 78
     2
 67
     7
 79
     5
170
     0
171
     0
290
     0
174
     0
 93
        1
 44
0.0
173
     0
291
     1
 45
0.0
1001
ACAD
1000
AcDbSavedByObjectVersion
1070
     0
  0
VISUALSTYLE
  5
152
102
{ACAD_REACTORS
330
151
102
}
102
{ACAD_XDICTIONARY
360
17F
102
}
330
151
100
AcDbVisualStyle
  2
Flat
 70
     0
 71
     2
 72
     1
 73
     1
 90
        2
 40
0.6
 41
30.0
 62
     5
 63
     7
 74
     0
 91
        0
 64
     7
 65
   257
 75
     1
175
     1
 42
1.0
 92
        8
 66
     7
 43
1.0
 76
     1
 77
     6
 78
     2
 67
     7
 79
     5
170
     0
171
     0
290
     0
174
     0
 93
       13
 44
0.0
173
     0
291
     1
 45
0.0
1001
ACAD
1000
AcDbSavedByObjectVersion
1070
     0
  0
VISUALSTYLE
  5
153
102
{ACAD_REACTORS
330
151
102
}
102
{ACAD_XDICTIONARY
360
181
102
}
330
151
100
AcDbVisualStyle
  2
FlatWithEdges
 70
     1
 71
     2
 72
     1
 73
     1
 90
        2
 40
0.6
 41
30.0
 62
     5
 63
     7
 74
     1
 91
        0
 64
     7
 65
   257
 75
     1
175
     1
 42
1.0
 92
        0
 66
   257
 43
1.0
 76
     1
 77
     6
 78
     2
 67
     7
 79
     5
170
     0
171
     0
290
     0
174
     0
 93
       13
 44
0.0
173
     0
291
     1
 45
0.0
1001
ACAD
1000
AcDbSavedByObjectVersion
1070
     0
  0
VISUALSTYLE
  5
154
102
{ACAD_REACTORS
330
151
102
}
102
{ACAD_XDICTIONARY
360
183
102
}
330
151
100
AcDbVisualStyle
  2
Gouraud
 70
     2
 71
     2
 72
     2
 73
     1
 90
        2
 40
0.6
 41
30.0
 62
     5
 63
     7
 74
     0
 91
        0
 64
     7
 65
   257
 75
     1
175
     1
 42
1.0
 92
        0
 66
     7
 43
1.0
 76
     1
 77
     6
 78
     2
 67
     7
 79
     5
170
     0
171
     0
290
     0
174
     0
 93
       13
 44
0.0
173
     0
291
     1
 45
0.0
1001
ACAD
1000
AcDbSavedByObjectVersion
1070
     0
  0
VISUALSTYLE
  5
155
102
{ACAD_REACTORS
330
151
102
}
102
{ACAD_XDICTIONARY
360
185
102
}
330
151
100
AcDbVisualStyle
  2
GouraudWithEdges
 70
     3
 71
     2
 72
     2
 73
     1
 90
        2
 40
0.6
 41
30.0
 62
     5
 63
     7
 74
     1
 91
        0
 64
     7
 65
   257
 75
     1
175
     1
 42
1.0
 92
        0
 66
   257
 43
1.0
 76
     1
 77
     6
 78
     2
 67
     7
 79
     5
170
     0
171
     0
290
     0
174
     0
 93
       13
 44
0.0
173
     0
291
     1
 45
0.0
1001
ACAD
1000
AcDbSavedByObjectVersion
1070
     0
  0
VISUALSTYLE
  5
158
102
{ACAD_REACTORS
330
151
102
}
102
{ACAD_XDICTIONARY
360
18B
102
}
330
151
100
AcDbVisualStyle
  2
Hidden
 70
     6
 71
     1
 72
     2
 73
     2
 90
        0
 40
0.6
 41
30.0
 62
     5
 63
     7
 74
     2
 91
        2
 64
     7
 65
   257
 75
     2
175
     1
 42
40.0
 92
        0
 66
   257
 43
1.0
 76
     1
 77
     6
 78
     2
 67
     7
 79
     3
170
     0
171
     0
290
     0
174
     0
 93
        1
 44
0.0
173
     0
291
     0
 45
0.0
1001
ACAD
1000
AcDbSavedByObjectVersion
1070
     0
  0
VISUALSTYLE
  5
162
102
{ACAD_REACTORS
330
151
102
}
102
{ACAD_XDICTIONARY
360
19F
102
}
330
151
100
AcDbVisualStyle
  2
JitterOff
 70
    20
 71
     2
 72
     2
 73
     0
 90
        0
 40
0.6
 41
30.0
 62
     5
 63
     7
 74
     1
 91
        4
 64
     7
 65
   257
 75
     1
175
     1
 42
1.0
 92
       10
 66
     7
 43
1.0
 76
     1
 77
     6
 78
     2
 67
     7
 79
     5
170
     0
171
     0
290
     0
174
     0
 93
        1
 44
0.0
173
     0
291
     1
 45
0.0
1001
ACAD
1000
AcDbSavedByObjectVersion
1070
     0
  0
VISUALSTYLE
  5
15F
102
{ACAD_REACTORS
330
151
102
}
102
{ACAD_XDICTIONARY
360
199
102
}
330
151
100
AcDbVisualStyle
  2
Linepattern
 70
    14
 71
     2
 72
     2
 73
     0
 90
        0
 40
0.6
 41
30.0
 62
     5
 63
     7
 74
     1
 91
        4
 64
     7
 65
   257
 75
     7
175
     7
 42
1.0
 92
        8
 66
     7
 43
1.0
 76
     1
 77
     6
 78
     2
 67
     7
 79
     5
170
     0
171
     0
290
     0
174
     0
 93
        1
 44
0.0
173
     0
291
     1
 45
0.0
1001
ACAD
1000
AcDbSavedByObjectVersion
1070
     0
  0
VISUALSTYLE
  5
163
102
{ACAD_REACTORS
330
151
102
}
102
{ACAD_XDICTIONARY
360
1A1
102
}
330
151
100
AcDbVisualStyle
  2
OverhangOff
 70
    21
 71
     2
 72
     2
 73
     0
 90
        0
 40
0.6
 41
30.0
 62
     5
 63
     7
 74
     1
 91
        4
 64
     7
 65
   257
 75
     1
175
     1
 42
1.0
 92
        9
 66
     7
 43
1.0
 76
     1
 77
     6
 78
     2
 67
     7
 79
     5
170
     0
171
     0
290
     0
174
     0
 93
        1
 44
0.0
173
     0
291
     1
 45
0.0
1001
ACAD
1000
AcDbSavedByObjectVersion
1070
     0
  0
VISUALSTYLE
  5
15A
102
{ACAD_REACTORS
330
151
102
}
102
{ACAD_XDICTIONARY
360
18F
102
}
330
151
100
AcDbVisualStyle
  2
Realistic
 70
     8
 71
     2
 72
     3
 73
     0
 90
        2
 40
0.6
 41
30.0
 62
     5
 63
     7
 74
     0
 91
        0
 64
     7
 65
   257
 75
     1
175
     1
 42
1.0
 92
        8
 66
   257
 43
1.0
 76
     1
 77
     6
 78
     2
 67
     7
 79
     3
170
     0
171
     0
290
     0
174
     0
 93
       13
 44
0.0
173
     0
291
     0
 45
0.0
1001
ACAD
1000
AcDbSavedByObjectVersion
1070
     0
  0
VISUALSTYLE
  5
169
102
{ACAD_REACTORS
330
151
102
}
102
{ACAD_XDICTIONARY
360
1AD
102
}
330
151
100
AcDbVisualStyle
  2
Shaded
 70
    27
 71
     2
 72
     2
 73
     1
 90
        2
 40
0.6
 41
30.0
 62
     5
 63
     7
 74
     0
 91
        4
 64
     7
 65
   257
 75
     1
175
     1
 42
1.0
 92
        8
 66
   257
 43
1.0
 76
     1
 77
     6
 78
     2
 67
     8
 79
     3
170
     0
171
     0
290
     0
174
     0
 93
        5
 44
0.0
173
     0
291
     0
 45
0.0
1001
ACAD
1000
AcDbSavedByObjectVersion
1070
     0
  0
VISUALSTYLE
  5
168
102
{ACAD_REACTORS
330
151
102
}
102
{ACAD_XDICTIONARY
360
1AB
102
}
330
151
100
AcDbVisualStyle
  2
Shaded with edges
 70
    26
 71
     2
 72
     2
 73
     1
 90
        2
 40
0.6
 41
30.0
 62
     5
 63
     7
 74
     1
 91
       10
 64
     7
 65
   257
 75
     2
175
     1
 42
1.0
 92
        8
 66
   257
 43
1.0
 76
     1
 77
     6
 78
     2
 67
     7
 79
     3
170
     0
171
     0
290
     0
174
     0
 93
        5
 44
0.0
173
     0
291
     0
 45
0.0
1001
ACAD
1000
AcDbSavedByObjectVersion
1070
     0
  0
VISUALSTYLE
  5
165
102
{ACAD_REACTORS
330
151
102
}
102
{ACAD_XDICTIONARY
360
1A5
102
}
330
151
100
AcDbVisualStyle
  2
Shades of Gray
 70
    23
 71
     2
 72
     2
 73
     3
 90
        0
 40
0.6
 41
30.0
 62
     5
 63
     7
 74
     2
 91
        2
 64
     7
 65
     7
 75
     1
175
     1
 42
40.0
 92
        8
 66
     7
 43
1.0
 76
     1
 77
     6
 78
     2
 67
     7
 79
     3
170
     0
171
     0
290
     0
174
     0
 93
        1
 44
0.0
173
     0
291
     0
 45
0.0
1001
ACAD
1000
AcDbSavedByObjectVersion
1070
     0
  0
VISUALSTYLE
  5
166
102
{ACAD_REACTORS
330
151
102
}
102
{ACAD_XDICTIONARY
360
1A7
102
}
330
151
100
AcDbVisualStyle
  2
Sketchy
 70
    24
 71
     1
 72
     2
 73
     2
 90
        0
 40
0.6
 41
30.0
 62
     5
 63
     7
 74
     2
 91
        2
 64
     7
 65
     7
 75
     1
175
     1
 42
40.0
 92
       11
 66
     7
 43
1.0
 76
     1
 77
     6
 78
     2
 67
     7
 79
     6
170
     0
171
     0
290
     0
174
     0
 93
        1
 44
0.0
173
     0
291
     0
 45
0.0
1001
ACAD
1000
AcDbSavedByObjectVersion
1070
     0
  0
VISUALSTYLE
  5
15E
102
{ACAD_REACTORS
330
151
102
}
102
{ACAD_XDICTIONARY
360
197
102
}
330
151
100
AcDbVisualStyle
  2
Thicken
 70
    13
 71
     2
 72
     2
 73
     0
 90
        0
 40
0.6
 41
30.0
 62
     5
 63
     7
 74
     1
 91
        4
 64
     7
 65
   257
 75
     1
175
     1
 42
1.0
 92
       12
 66
     7
 43
1.0
 76
     1
 77
     6
 78
     2
 67
     7
 79
     5
170
     0
171
     0
290
     0
174
     0
 93
        1
 44
0.0
173
     0
291
     1
 45
0.0
1001
ACAD
1000
AcDbSavedByObjectVersion
1070
     0
  0
VISUALSTYLE
  5
157
102
{ACAD_REACTORS
330
151
102
}
102
{ACAD_XDICTIONARY
360
189
102
}
330
151
100
AcDbVisualStyle
  2
Wireframe
 70
     5
 71
     0
 72
     2
 73
     0
 90
        0
 40
0.6
 41
30.0
 62
     5
 63
     7
 74
     1
 91
        4
 64
     7
 65
   257
 75
     1
175
     1
 42
1.0
 92
        0
 66
   257
 43
1.0
 76
     1
 77
     6
 78
     2
 67
     7
 79
     3
170
     0
171
     0
290
     0
174
     0
 93
        1
 44
0.0
173
     0
291
     0
 45
0.0
1001
ACAD
1000
AcDbSavedByObjectVersion
1070
     0
  0
VISUALSTYLE
  5
167
102
{ACAD_REACTORS
330
151
102
}
102
{ACAD_XDICTIONARY
360
1A9
102
}
330
151
100
AcDbVisualStyle
  2
X-Ray
 70
    25
 71
     2
 72
     2
 73
     1
 90
        1
 40
0.5
 41
30.0
 62
     5
 63
     7
 74
     1
 91
        0
 64
     7
 65
   257
 75
     1
175
     1
 42
1.0
 92
        8
 66
     7
 43
1.0
 76
     1
 77
     6
 78
     2
 67
     7
 79
     3
170
     0
171
     0
290
     0
174
     0
 93
       13
 44
0.0
173
     0
291
     0
 45
0.0
1001
ACAD
1000
AcDbSavedByObjectVersion
1070
     0
  0
DICTIONARYVAR
  5
17E
102
{ACAD_REACTORS
330
173
102
}
330
173
100
DictionaryVariables
280
     0
  1
1:1
  0
DICTIONARYVAR
  5
175
102
{ACAD_REACTORS
330
173
102
}
330
173
100
DictionaryVariables
280
     0
  1
Standard
  0
DICTIONARYVAR
  5
174
102
{ACAD_REACTORS
330
173
102
}
330
173
100
DictionaryVariables
280
     0
  1
Standard
  0
DICTIONARYVAR
  5
179
102
{ACAD_REACTORS
330
173
102
}
330
173
100
DictionaryVariables
280
     0
  1
2
  0
DICTIONARYVAR
  5
17A
102
{ACAD_REACTORS
330
173
102
}
330
173
100
DictionaryVariables
280
     0
  1
1
  0
DICTIONARYVAR
  5
176
102
{ACAD_REACTORS
330
173
102
}
330
173
100
DictionaryVariables
280
     0
  1
0
  0
DICTIONARY
  5
1B1
330
16C
100
AcDbDictionary
280
     1
281
     1
  3
ACAD_XREC_ROUNDTRIP
360
1B2
  0
DICTIONARY
  5
1AF
330
16B
100
AcDbDictionary
280
     1
281
     1
  3
ACAD_XREC_ROUNDTRIP
360
1B0
  0
DICTIONARY
  5
1B3
330
16D
100
AcDbDictionary
280
     1
281
     1
  3
ACAD_XREC_ROUNDTRIP
360
1B4
  0
DICTIONARY
  5
1B6
330
171
100
AcDbDictionary
280
     1
281
     1
  3
ACAD_XREC_ROUNDTRIP
360
1B7
  0
DICTIONARY
  5
187
330
156
100
AcDbDictionary
280
     1
281
     1
  3
ACAD_XREC_ROUNDTRIP
360
188
  0
DICTIONARY
  5
18D
330
159
100
AcDbDictionary
280
     1
281
     1
  3
ACAD_XREC_ROUNDTRIP
360
18E
  0
DICTIONARY
  5
195
330
15D
100
AcDbDictionary
280
     1
281
     1
  3
ACAD_XREC_ROUNDTRIP
360
196
  0
DICTIONARY
  5
19D
330
161
100
AcDbDictionary
280
     1
281
     1
  3
ACAD_XREC_ROUNDTRIP
360
19E
  0
DICTIONARY
  5
191
330
15B
100
AcDbDictionary
280
     1
281
     1
  3
ACAD_XREC_ROUNDTRIP
360
192
  0
DICTIONARY
  5
193
330
15C
100
AcDbDictionary
280
     1
281
     1
  3
ACAD_XREC_ROUNDTRIP
360
194
  0
DICTIONARY
  5
1A3
330
164
100
AcDbDictionary
280
     1
281
     1
  3
ACAD_XREC_ROUNDTRIP
360
1A4
  0
DICTIONARY
  5
19B
330
160
100
AcDbDictionary
280
     1
281
     1
  3
ACAD_XREC_ROUNDTRIP
360
19C
  0
DICTIONARY
  5
17F
330
152
100
AcDbDictionary
280
     1
281
     1
  3
ACAD_XREC_ROUNDTRIP
360
180
  0
DICTIONARY
  5
181
330
153
100
AcDbDictionary
280
     1
281
     1
  3
ACAD_XREC_ROUNDTRIP
360
182
  0
DICTIONARY
  5
183
330
154
100
AcDbDictionary
280
     1
281
     1
  3
ACAD_XREC_ROUNDTRIP
360
184
  0
DICTIONARY
  5
185
330
155
100
AcDbDictionary
280
     1
281
     1
  3
ACAD_XREC_ROUNDTRIP
360
186
  0
DICTIONARY
  5
18B
330
158
100
AcDbDictionary
280
     1
281
     1
  3
ACAD_XREC_ROUNDTRIP
360
18C
  0
DICTIONARY
  5
19F
330
162
100
AcDbDictionary
280
     1
281
     1
  3
ACAD_XREC_ROUNDTRIP
360
1A0
  0
DICTIONARY
  5
199
330
15F
100
AcDbDictionary
280
     1
281
     1
  3
ACAD_XREC_ROUNDTRIP
360
19A
  0
DICTIONARY
  5
1A1
330
163
100
AcDbDictionary
280
     1
281
     1
  3
ACAD_XREC_ROUNDTRIP
360
1A2
  0
DICTIONARY
  5
18F
330
15A
100
AcDbDictionary
280
     1
281
     1
  3
ACAD_XREC_ROUNDTRIP
360
190
  0
DICTIONARY
  5
1AD
330
169
100
AcDbDictionary
280
     1
281
     1
  3
ACAD_XREC_ROUNDTRIP
360
1AE
  0
DICTIONARY
  5
1AB
330
168
100
AcDbDictionary
280
     1
281
     1
  3
ACAD_XREC_ROUNDTRIP
360
1AC
  0
DICTIONARY
  5
1A5
330
165
100
AcDbDictionary
280
     1
281
     1
  3
ACAD_XREC_ROUNDTRIP
360
1A6
  0
DICTIONARY
  5
1A7
330
166
100
AcDbDictionary
280
     1
281
     1
  3
ACAD_XREC_ROUNDTRIP
360
1A8
  0
DICTIONARY
  5
197
330
15E
100
AcDbDictionary
280
     1
281
     1
  3
ACAD_XREC_ROUNDTRIP
360
198
  0
DICTIONARY
  5
189
330
157
100
AcDbDictionary
280
     1
281
     1
  3
ACAD_XREC_ROUNDTRIP
360
18A
  0
DICTIONARY
  5
1A9
330
167
100
AcDbDictionary
280
     1
281
     1
  3
ACAD_XREC_ROUNDTRIP
360
1AA
  0
XRECORD
  5
1B2
102
{ACAD_REACTORS
330
1B1
102
}
330
1B1
100
AcDbXrecord
280
     1
102
MATERIAL
148
0.0
149
0.0
149
0.0
 93
        0
 94
      127
282
     0
 72
     1
 77
     1
171
     1
175
     1
179
     1
273
     0
  0
XRECORD
  5
1B0
102
{ACAD_REACTORS
330
1AF
102
}
330
1AF
100
AcDbXrecord
280
     1
102
MATERIAL
148
0.0
149
0.0
149
0.0
 93
        0
 94
      127
282
     0
 72
     1
 77
     1
171
     1
175
     1
179
     1
273
     0
  0
XRECORD
  5
1B4
102
{ACAD_REACTORS
330
1B3
102
}
330
1B3
100
AcDbXrecord
280
     1
102
MATERIAL
148
0.0
149
0.0
149
0.0
 93
        0
 94
      127
282
     0
 72
     1
 77
     1
171
     1
175
     1
179
     1
273
     0
  0
XRECORD
  5
1B7
102
{ACAD_REACTORS
330
1B6
102
}
330
1B6
100
AcDbXrecord
280
     1
102
ACAD_ROUNDTRIP_2010_MLEADER_STYLE
  0
XRECORD
  5
188
102
{ACAD_REACTORS
330
187
102
}
330
187
100
AcDbXrecord
280
     1
102
RTVSPropertyOp0
 70
     1
102
RTVSPropertyOp1
 70
     1
102
RTVSPropertyOp2
 70
     1
102
RTVSPropertyOp3
 70
     1
102
RTVSPropertyOp4
 70
     1
102
RTVSPropertyOp5
 70
     1
102
RTVSPropertyOp6
 70
     1
102
RTVSPropertyOp7
 70
     1
102
RTVSPropertyOp8
 70
     1
102
RTVSPropertyOp9
 70
     1
102
RTVSPropertyOp10
 70
     1
102
RTVSPropertyOp11
 70
     1
102
RTVSPropertyOp12
 70
     1
102
RTVSPropertyOp13
 70
     1
102
RTVSPropertyOp14
 70
     1
102
RTVSPropertyOp15
 70
     1
102
RTVSPropertyOp16
 70
     1
102
RTVSPropertyOp17
 70
     1
102
RTVSPropertyOp18
 70
     1
102
RTVSPropertyOp19
 70
     1
102
RTVSPropertyOp20
 70
     1
102
RTVSPropertyOp21
 70
     1
102
RTVSPropertyOp22
 70
     1
102
RTVSPropertyOp23
 70
     1
102
RTVSPropertyOp24
 70
     1
102
RTVSPropertyOp25
 70
     1
102
RTVSPropertyOp26
 70
     1
102
RTVSPropertyOp27
 70
     1
102
RTVSPropertyOp28
 70
     1
102
RTVSPropertyOp29
 70
     1
102
RTVSPropertyOp30
 70
     1
102
RTVSPropertyOp31
 70
     1
102
RTVSPropertyOp32
 70
     1
102
RTVSPropertyOp33
 70
     1
102
RTVSPropertyOp34
 70
     1
102
RTVSPropertyOp35
 70
     1
102
RTVSPropertyOp36
 70
     1
102
RTVSPropertyOp37
 70
     1
102
RTVSPropertyOp38
 70
     1
102
RTVSPropertyOp39
 70
     1
102
RTVSPropertyOp40
 70
     1
102
RTVSPropertyOp41
 70
     1
102
RTVSPropertyOp42
 70
     1
102
RTVSPropertyOp43
 70
     1
102
RTVSPropertyOp44
 70
     1
102
RTVSPropertyOp45
 70
     1
102
RTVSPropertyOp46
 70
     1
102
RTVSPropertyOp47
 70
     1
102
RTVSPropertyOp48
 70
     1
102
RTVSPropertyOp49
 70
     1
102
RTVSPropertyOp50
 70
     1
102
RTVSPropertyOp51
 70
     0
102
RTVSPropertyOp52
 70
     0
102
RTVSPropertyOp53
 70
     1
102
RTVSPropertyOp54
 70
     1
102
RTVSPropertyOp55
 70
     1
102
RTVSPropertyOp56
 70
     1
102
RTVSPropertyOp57
 70
     1
102
RTVSPost2010Prop28
280
     1
102
RTVSPost2010PropOp28
 70
     1
102
RTVSPost2010Prop29
280
     1
102
RTVSPost2010PropOp29
 70
     1
102
RTVSPost2010Prop30
280
     0
102
RTVSPost2010PropOp30
 70
     1
102
RTVSPost2010Prop31
280
     0
102
RTVSPost2010PropOp31
 70
     1
102
RTVSPost2010Prop32
280
     0
102
RTVSPost2010PropOp32
 70
     1
102
RTVSPost2010Prop33
280
     0
102
RTVSPost2010PropOp33
 70
     1
102
RTVSPost2010Prop34
280
     0
102
RTVSPost2010PropOp34
 70
     1
102
RTVSPost2010Prop35
280
     0
102
RTVSPost2010PropOp35
 70
     1
102
RTVSPost2010Prop36
280
     0
102
RTVSPost2010PropOp36
 70
     1
102
RTVSPost2010Prop37
 90
       50
102
RTVSPost2010PropOp37
 70
     1
102
RTVSPost2010Prop38
140
0.0
102
RTVSPost2010PropOp38
 70
     1
102
RTVSPost2010Prop39
140
1.0
102
RTVSPost2010PropOp39
 70
     1
102
RTVSPost2010Prop40
 90
        0
102
RTVSPost2010PropOp40
 70
     1
102
RTVSPost2010Prop41ColorIndex
 90
       18
102
RTVSPost2010Prop41ColorRGB
 90
        0
102
RTVSPost2010PropOp41
 70
     1
102
RTVSPost2010Prop42
 90
       50
102
RTVSPost2010PropOp42
 70
     1
102
RTVSPost2010Prop43
 90
        3
102
RTVSPost2010PropOp43
 70
     1
102
RTVSPost2010Prop44ColorIndex
 90
        5
102
RTVSPost2010Prop44ColorRGB
 90
      255
102
RTVSPost2010PropOp44
 70
     1
102
RTVSPost2010Prop45
280
     0
102
RTVSPost2010PropOp45
 70
     1
102
RTVSPost2010Prop46
 90
       50
102
RTVSPost2010PropOp46
 70
     1
102
RTVSPost2010Prop47
 90
       50
102
RTVSPost2010PropOp47
 70
     1
102
RTVSPost2010Prop48
 90
       50
102
RTVSPost2010PropOp48
 70
     1
102
RTVSPost2010Prop49
280
     0
102
RTVSPost2010PropOp49
 70
     1
102
RTVSPost2010Prop50
 90
       50
102
RTVSPost2010PropOp50
 70
     1
102
RTVSPost2010Prop51ColorIndex
 90
      256
102
RTVSPost2010Prop51ColorRGB
 90
-16777216
102
RTVSPost2010PropOp51
 70
     0
102
RTVSPost2010Prop52
140
1.0
102
RTVSPost2010PropOp52
 70
     0
102
RTVSPost2010Prop53
 90
        2
102
RTVSPost2010PropOp53
 70
     1
102
RTVSPost2010Prop54
  1
strokes_ogs.tif
102
RTVSPost2010PropOp54
 70
     1
102
RTVSPost2010Prop55
280
     0
102
RTVSPost2010PropOp55
 70
     1
102
RTVSPost2010Prop56
140
1.0
102
RTVSPost2010PropOp56
 70
     1
102
RTVSPost2010Prop57
140
1.0
102
RTVSPost2010PropOp57
 70
     1
  0
XRECORD
  5
18E
102
{ACAD_REACTORS
330
18D
102
}
330
18D
100
AcDbXrecord
280
     1
102
RTVSPropertyOp0
 70
     1
102
RTVSPropertyOp1
 70
     1
102
RTVSPropertyOp2
 70
     1
102
RTVSPropertyOp3
 70
     1
102
RTVSPropertyOp4
 70
     1
102
RTVSPropertyOp5
 70
     1
102
RTVSPropertyOp6
 70
     1
102
RTVSPropertyOp7
 70
     1
102
RTVSPropertyOp8
 70
     1
102
RTVSPropertyOp9
 70
     1
102
RTVSPropertyOp10
 70
     1
102
RTVSPropertyOp11
 70
     1
102
RTVSPropertyOp12
 70
     1
102
RTVSPropertyOp13
 70
     1
102
RTVSPropertyOp14
 70
     1
102
RTVSPropertyOp15
 70
     1
102
RTVSPropertyOp16
 70
     1
102
RTVSPropertyOp17
 70
     1
102
RTVSPropertyOp18
 70
     1
102
RTVSPropertyOp19
 70
     1
102
RTVSPropertyOp20
 70
     1
102
RTVSPropertyOp21
 70
     1
102
RTVSPropertyOp22
 70
     1
102
RTVSPropertyOp23
 70
     1
102
RTVSPropertyOp24
 70
     1
102
RTVSPropertyOp25
 70
     1
102
RTVSPropertyOp26
 70
     1
102
RTVSPropertyOp27
 70
     1
102
RTVSPropertyOp28
 70
     1
102
RTVSPropertyOp29
 70
     1
102
RTVSPropertyOp30
 70
     1
102
RTVSPropertyOp31
 70
     1
102
RTVSPropertyOp32
 70
     1
102
RTVSPropertyOp33
 70
     1
102
RTVSPropertyOp34
 70
     1
102
RTVSPropertyOp35
 70
     1
102
RTVSPropertyOp36
 70
     1
102
RTVSPropertyOp37
 70
     1
102
RTVSPropertyOp38
 70
     1
102
RTVSPropertyOp39
 70
     1
102
RTVSPropertyOp40
 70
     1
102
RTVSPropertyOp41
 70
     1
102
RTVSPropertyOp42
 70
     1
102
RTVSPropertyOp43
 70
     1
102
RTVSPropertyOp44
 70
     1
102
RTVSPropertyOp45
 70
     1
102
RTVSPropertyOp46
 70
     1
102
RTVSPropertyOp47
 70
     1
102
RTVSPropertyOp48
 70
     1
102
RTVSPropertyOp49
 70
     1
102
RTVSPropertyOp50
 70
     1
102
RTVSPropertyOp51
 70
     0
102
RTVSPropertyOp52
 70
     0
102
RTVSPropertyOp53
 70
     1
102
RTVSPropertyOp54
 70
     1
102
RTVSPropertyOp55
 70
     1
102
RTVSPropertyOp56
 70
     1
102
RTVSPropertyOp57
 70
     1
102
RTVSPost2010Prop28
280
     0
102
RTVSPost2010PropOp28
 70
     1
102
RTVSPost2010Prop29
280
     1
102
RTVSPost2010PropOp29
 70
     1
102
RTVSPost2010Prop30
280
     1
102
RTVSPost2010PropOp30
 70
     1
102
RTVSPost2010Prop31
280
     0
102
RTVSPost2010PropOp31
 70
     1
102
RTVSPost2010Prop32
280
     0
102
RTVSPost2010PropOp32
 70
     1
102
RTVSPost2010Prop33
280
     0
102
RTVSPost2010PropOp33
 70
     1
102
RTVSPost2010Prop34
280
     0
102
RTVSPost2010PropOp34
 70
     1
102
RTVSPost2010Prop35
280
     0
102
RTVSPost2010PropOp35
 70
     1
102
RTVSPost2010Prop36
280
     0
102
RTVSPost2010PropOp36
 70
     1
102
RTVSPost2010Prop37
 90
       50
102
RTVSPost2010PropOp37
 70
     1
102
RTVSPost2010Prop38
140
0.0
102
RTVSPost2010PropOp38
 70
     1
102
RTVSPost2010Prop39
140
1.0
102
RTVSPost2010PropOp39
 70
     1
102
RTVSPost2010Prop40
 90
        0
102
RTVSPost2010PropOp40
 70
     1
102
RTVSPost2010Prop41ColorIndex
 90
       18
102
RTVSPost2010Prop41ColorRGB
 90
        0
102
RTVSPost2010PropOp41
 70
     1
102
RTVSPost2010Prop42
 90
       50
102
RTVSPost2010PropOp42
 70
     1
102
RTVSPost2010Prop43
 90
        3
102
RTVSPost2010PropOp43
 70
     1
102
RTVSPost2010Prop44ColorIndex
 90
        5
102
RTVSPost2010Prop44ColorRGB
 90
      255
102
RTVSPost2010PropOp44
 70
     1
102
RTVSPost2010Prop45
280
     0
102
RTVSPost2010PropOp45
 70
     1
102
RTVSPost2010Prop46
 90
       50
102
RTVSPost2010PropOp46
 70
     1
102
RTVSPost2010Prop47
 90
       50
102
RTVSPost2010PropOp47
 70
     1
102
RTVSPost2010Prop48
 90
       50
102
RTVSPost2010PropOp48
 70
     1
102
RTVSPost2010Prop49
280
     0
102
RTVSPost2010PropOp49
 70
     1
102
RTVSPost2010Prop50
 90
       50
102
RTVSPost2010PropOp50
 70
     1
102
RTVSPost2010Prop51ColorIndex
 90
      256
102
RTVSPost2010Prop51ColorRGB
 90
-16777216
102
RTVSPost2010PropOp51
 70
     0
102
RTVSPost2010Prop52
140
1.0
102
RTVSPost2010PropOp52
 70
     0
102
RTVSPost2010Prop53
 90
        2
102
RTVSPost2010PropOp53
 70
     1
102
RTVSPost2010Prop54
  1
strokes_ogs.tif
102
RTVSPost2010PropOp54
 70
     1
102
RTVSPost2010Prop55
280
     0
102
RTVSPost2010PropOp55
 70
     1
102
RTVSPost2010Prop56
140
1.0
102
RTVSPost2010PropOp56
 70
     1
102
RTVSPost2010Prop57
140
1.0
102
RTVSPost2010PropOp57
 70
     1
  0
XRECORD
  5
196
102
{ACAD_REACTORS
330
195
102
}
330
195
100
AcDbXrecord
280
     1
102
RTVSPropertyOp0
 70
     1
102
RTVSPropertyOp1
 70
     1
102
RTVSPropertyOp2
 70
     1
102
RTVSPropertyOp3
 70
     1
102
RTVSPropertyOp4
 70
     1
102
RTVSPropertyOp5
 70
     1
102
RTVSPropertyOp6
 70
     1
102
RTVSPropertyOp7
 70
     1
102
RTVSPropertyOp8
 70
     1
102
RTVSPropertyOp9
 70
     1
102
RTVSPropertyOp10
 70
     1
102
RTVSPropertyOp11
 70
     1
102
RTVSPropertyOp12
 70
     1
102
RTVSPropertyOp13
 70
     1
102
RTVSPropertyOp14
 70
     1
102
RTVSPropertyOp15
 70
     1
102
RTVSPropertyOp16
 70
     1
102
RTVSPropertyOp17
 70
     1
102
RTVSPropertyOp18
 70
     1
102
RTVSPropertyOp19
 70
     1
102
RTVSPropertyOp20
 70
     1
102
RTVSPropertyOp21
 70
     1
102
RTVSPropertyOp22
 70
     1
102
RTVSPropertyOp23
 70
     1
102
RTVSPropertyOp24
 70
     1
102
RTVSPropertyOp25
 70
     1
102
RTVSPropertyOp26
 70
     1
102
RTVSPropertyOp27
 70
     1
102
RTVSPropertyOp28
 70
     1
102
RTVSPropertyOp29
 70
     1
102
RTVSPropertyOp30
 70
     1
102
RTVSPropertyOp31
 70
     1
102
RTVSPropertyOp32
 70
     1
102
RTVSPropertyOp33
 70
     1
102
RTVSPropertyOp34
 70
     1
102
RTVSPropertyOp35
 70
     1
102
RTVSPropertyOp36
 70
     1
102
RTVSPropertyOp37
 70
     1
102
RTVSPropertyOp38
 70
     1
102
RTVSPropertyOp39
 70
     1
102
RTVSPropertyOp40
 70
     1
102
RTVSPropertyOp41
 70
     1
102
RTVSPropertyOp42
 70
     1
102
RTVSPropertyOp43
 70
     1
102
RTVSPropertyOp44
 70
     1
102
RTVSPropertyOp45
 70
     1
102
RTVSPropertyOp46
 70
     1
102
RTVSPropertyOp47
 70
     1
102
RTVSPropertyOp48
 70
     1
102
RTVSPropertyOp49
 70
     1
102
RTVSPropertyOp50
 70
     1
102
RTVSPropertyOp51
 70
     0
102
RTVSPropertyOp52
 70
     0
102
RTVSPropertyOp53
 70
     1
102
RTVSPropertyOp54
 70
     1
102
RTVSPropertyOp55
 70
     1
102
RTVSPropertyOp56
 70
     1
102
RTVSPropertyOp57
 70
     1
102
RTVSPost2010Prop28
280
     0
102
RTVSPost2010PropOp28
 70
     1
102
RTVSPost2010Prop29
280
     1
102
RTVSPost2010PropOp29
 70
     1
102
RTVSPost2010Prop30
280
     1
102
RTVSPost2010PropOp30
 70
     1
102
RTVSPost2010Prop31
280
     0
102
RTVSPost2010PropOp31
 70
     1
102
RTVSPost2010Prop32
280
     0
102
RTVSPost2010PropOp32
 70
     1
102
RTVSPost2010Prop33
280
     0
102
RTVSPost2010PropOp33
 70
     1
102
RTVSPost2010Prop34
280
     0
102
RTVSPost2010PropOp34
 70
     1
102
RTVSPost2010Prop35
280
     0
102
RTVSPost2010PropOp35
 70
     1
102
RTVSPost2010Prop36
280
     0
102
RTVSPost2010PropOp36
 70
     1
102
RTVSPost2010Prop37
 90
       50
102
RTVSPost2010PropOp37
 70
     1
102
RTVSPost2010Prop38
140
0.0
102
RTVSPost2010PropOp38
 70
     1
102
RTVSPost2010Prop39
140
1.0
102
RTVSPost2010PropOp39
 70
     1
102
RTVSPost2010Prop40
 90
        0
102
RTVSPost2010PropOp40
 70
     1
102
RTVSPost2010Prop41ColorIndex
 90
       18
102
RTVSPost2010Prop41ColorRGB
 90
        0
102
RTVSPost2010PropOp41
 70
     1
102
RTVSPost2010Prop42
 90
       50
102
RTVSPost2010PropOp42
 70
     1
102
RTVSPost2010Prop43
 90
        3
102
RTVSPost2010PropOp43
 70
     1
102
RTVSPost2010Prop44ColorIndex
 90
        5
102
RTVSPost2010Prop44ColorRGB
 90
      255
102
RTVSPost2010PropOp44
 70
     1
102
RTVSPost2010Prop45
280
     0
102
RTVSPost2010PropOp45
 70
     1
102
RTVSPost2010Prop46
 90
       50
102
RTVSPost2010PropOp46
 70
     1
102
RTVSPost2010Prop47
 90
       50
102
RTVSPost2010PropOp47
 70
     1
102
RTVSPost2010Prop48
 90
       50
102
RTVSPost2010PropOp48
 70
     1
102
RTVSPost2010Prop49
280
     0
102
RTVSPost2010PropOp49
 70
     1
102
RTVSPost2010Prop50
 90
       50
102
RTVSPost2010PropOp50
 70
     1
102
RTVSPost2010Prop51ColorIndex
 90
      256
102
RTVSPost2010Prop51ColorRGB
 90
-16777216
102
RTVSPost2010PropOp51
 70
     0
102
RTVSPost2010Prop52
140
1.0
102
RTVSPost2010PropOp52
 70
     0
102
RTVSPost2010Prop53
 90
        2
102
RTVSPost2010PropOp53
 70
     1
102
RTVSPost2010Prop54
  1
strokes_ogs.tif
102
RTVSPost2010PropOp54
 70
     1
102
RTVSPost2010Prop55
280
     0
102
RTVSPost2010PropOp55
 70
     1
102
RTVSPost2010Prop56
140
1.0
102
RTVSPost2010PropOp56
 70
     1
102
RTVSPost2010Prop57
140
1.0
102
RTVSPost2010PropOp57
 70
     1
  0
XRECORD
  5
19E
102
{ACAD_REACTORS
330
19D
102
}
330
19D
100
AcDbXrecord
280
     1
102
RTVSPropertyOp0
 70
     1
102
RTVSPropertyOp1
 70
     1
102
RTVSPropertyOp2
 70
     1
102
RTVSPropertyOp3
 70
     1
102
RTVSPropertyOp4
 70
     1
102
RTVSPropertyOp5
 70
     1
102
RTVSPropertyOp6
 70
     1
102
RTVSPropertyOp7
 70
     1
102
RTVSPropertyOp8
 70
     1
102
RTVSPropertyOp9
 70
     1
102
RTVSPropertyOp10
 70
     1
102
RTVSPropertyOp11
 70
     1
102
RTVSPropertyOp12
 70
     1
102
RTVSPropertyOp13
 70
     1
102
RTVSPropertyOp14
 70
     1
102
RTVSPropertyOp15
 70
     1
102
RTVSPropertyOp16
 70
     1
102
RTVSPropertyOp17
 70
     1
102
RTVSPropertyOp18
 70
     1
102
RTVSPropertyOp19
 70
     1
102
RTVSPropertyOp20
 70
     1
102
RTVSPropertyOp21
 70
     1
102
RTVSPropertyOp22
 70
     1
102
RTVSPropertyOp23
 70
     1
102
RTVSPropertyOp24
 70
     1
102
RTVSPropertyOp25
 70
     1
102
RTVSPropertyOp26
 70
     1
102
RTVSPropertyOp27
 70
     1
102
RTVSPropertyOp28
 70
     1
102
RTVSPropertyOp29
 70
     1
102
RTVSPropertyOp30
 70
     1
102
RTVSPropertyOp31
 70
     1
102
RTVSPropertyOp32
 70
     1
102
RTVSPropertyOp33
 70
     1
102
RTVSPropertyOp34
 70
     1
102
RTVSPropertyOp35
 70
     1
102
RTVSPropertyOp36
 70
     1
102
RTVSPropertyOp37
 70
     1
102
RTVSPropertyOp38
 70
     1
102
RTVSPropertyOp39
 70
     1
102
RTVSPropertyOp40
 70
     1
102
RTVSPropertyOp41
 70
     1
102
RTVSPropertyOp42
 70
     1
102
RTVSPropertyOp43
 70
     1
102
RTVSPropertyOp44
 70
     1
102
RTVSPropertyOp45
 70
     1
102
RTVSPropertyOp46
 70
     1
102
RTVSPropertyOp47
 70
     1
102
RTVSPropertyOp48
 70
     1
102
RTVSPropertyOp49
 70
     1
102
RTVSPropertyOp50
 70
     1
102
RTVSPropertyOp51
 70
     0
102
RTVSPropertyOp52
 70
     0
102
RTVSPropertyOp53
 70
     1
102
RTVSPropertyOp54
 70
     1
102
RTVSPropertyOp55
 70
     1
102
RTVSPropertyOp56
 70
     1
102
RTVSPropertyOp57
 70
     1
102
RTVSPost2010Prop28
280
     0
102
RTVSPost2010PropOp28
 70
     1
102
RTVSPost2010Prop29
280
     1
102
RTVSPost2010PropOp29
 70
     1
102
RTVSPost2010Prop30
280
     1
102
RTVSPost2010PropOp30
 70
     1
102
RTVSPost2010Prop31
280
     0
102
RTVSPost2010PropOp31
 70
     1
102
RTVSPost2010Prop32
280
     0
102
RTVSPost2010PropOp32
 70
     1
102
RTVSPost2010Prop33
280
     0
102
RTVSPost2010PropOp33
 70
     1
102
RTVSPost2010Prop34
280
     0
102
RTVSPost2010PropOp34
 70
     1
102
RTVSPost2010Prop35
280
     0
102
RTVSPost2010PropOp35
 70
     1
102
RTVSPost2010Prop36
280
     0
102
RTVSPost2010PropOp36
 70
     1
102
RTVSPost2010Prop37
 90
       50
102
RTVSPost2010PropOp37
 70
     1
102
RTVSPost2010Prop38
140
0.0
102
RTVSPost2010PropOp38
 70
     1
102
RTVSPost2010Prop39
140
1.0
102
RTVSPost2010PropOp39
 70
     1
102
RTVSPost2010Prop40
 90
        0
102
RTVSPost2010PropOp40
 70
     1
102
RTVSPost2010Prop41ColorIndex
 90
       18
102
RTVSPost2010Prop41ColorRGB
 90
        0
102
RTVSPost2010PropOp41
 70
     1
102
RTVSPost2010Prop42
 90
       50
102
RTVSPost2010PropOp42
 70
     1
102
RTVSPost2010Prop43
 90
        3
102
RTVSPost2010PropOp43
 70
     1
102
RTVSPost2010Prop44ColorIndex
 90
        5
102
RTVSPost2010Prop44ColorRGB
 90
      255
102
RTVSPost2010PropOp44
 70
     1
102
RTVSPost2010Prop45
280
     0
102
RTVSPost2010PropOp45
 70
     1
102
RTVSPost2010Prop46
 90
       50
102
RTVSPost2010PropOp46
 70
     1
102
RTVSPost2010Prop47
 90
       50
102
RTVSPost2010PropOp47
 70
     1
102
RTVSPost2010Prop48
 90
       50
102
RTVSPost2010PropOp48
 70
     1
102
RTVSPost2010Prop49
280
     0
102
RTVSPost2010PropOp49
 70
     1
102
RTVSPost2010Prop50
 90
       50
102
RTVSPost2010PropOp50
 70
     1
102
RTVSPost2010Prop51ColorIndex
 90
      256
102
RTVSPost2010Prop51ColorRGB
 90
-16777216
102
RTVSPost2010PropOp51
 70
     0
102
RTVSPost2010Prop52
140
1.0
102
RTVSPost2010PropOp52
 70
     0
102
RTVSPost2010Prop53
 90
        2
102
RTVSPost2010PropOp53
 70
     1
102
RTVSPost2010Prop54
  1
strokes_ogs.tif
102
RTVSPost2010PropOp54
 70
     1
102
RTVSPost2010Prop55
280
     0
102
RTVSPost2010PropOp55
 70
     1
102
RTVSPost2010Prop56
140
1.0
102
RTVSPost2010PropOp56
 70
     1
102
RTVSPost2010Prop57
140
1.0
102
RTVSPost2010PropOp57
 70
     1
  0
XRECORD
  5
192
102
{ACAD_REACTORS
330
191
102
}
330
191
100
AcDbXrecord
280
     1
102
RTVSPropertyOp0
 70
     1
102
RTVSPropertyOp1
 70
     1
102
RTVSPropertyOp2
 70
     1
102
RTVSPropertyOp3
 70
     1
102
RTVSPropertyOp4
 70
     1
102
RTVSPropertyOp5
 70
     1
102
RTVSPropertyOp6
 70
     1
102
RTVSPropertyOp7
 70
     1
102
RTVSPropertyOp8
 70
     1
102
RTVSPropertyOp9
 70
     1
102
RTVSPropertyOp10
 70
     1
102
RTVSPropertyOp11
 70
     1
102
RTVSPropertyOp12
 70
     1
102
RTVSPropertyOp13
 70
     1
102
RTVSPropertyOp14
 70
     1
102
RTVSPropertyOp15
 70
     1
102
RTVSPropertyOp16
 70
     1
102
RTVSPropertyOp17
 70
     1
102
RTVSPropertyOp18
 70
     1
102
RTVSPropertyOp19
 70
     1
102
RTVSPropertyOp20
 70
     1
102
RTVSPropertyOp21
 70
     1
102
RTVSPropertyOp22
 70
     1
102
RTVSPropertyOp23
 70
     1
102
RTVSPropertyOp24
 70
     1
102
RTVSPropertyOp25
 70
     1
102
RTVSPropertyOp26
 70
     1
102
RTVSPropertyOp27
 70
     1
102
RTVSPropertyOp28
 70
     1
102
RTVSPropertyOp29
 70
     1
102
RTVSPropertyOp30
 70
     1
102
RTVSPropertyOp31
 70
     1
102
RTVSPropertyOp32
 70
     1
102
RTVSPropertyOp33
 70
     1
102
RTVSPropertyOp34
 70
     1
102
RTVSPropertyOp35
 70
     1
102
RTVSPropertyOp36
 70
     1
102
RTVSPropertyOp37
 70
     1
102
RTVSPropertyOp38
 70
     1
102
RTVSPropertyOp39
 70
     1
102
RTVSPropertyOp40
 70
     1
102
RTVSPropertyOp41
 70
     1
102
RTVSPropertyOp42
 70
     1
102
RTVSPropertyOp43
 70
     1
102
RTVSPropertyOp44
 70
     1
102
RTVSPropertyOp45
 70
     1
102
RTVSPropertyOp46
 70
     1
102
RTVSPropertyOp47
 70
     1
102
RTVSPropertyOp48
 70
     1
102
RTVSPropertyOp49
 70
     1
102
RTVSPropertyOp50
 70
     1
102
RTVSPropertyOp51
 70
     0
102
RTVSPropertyOp52
 70
     0
102
RTVSPropertyOp53
 70
     1
102
RTVSPropertyOp54
 70
     1
102
RTVSPropertyOp55
 70
     1
102
RTVSPropertyOp56
 70
     1
102
RTVSPropertyOp57
 70
     1
102
RTVSPost2010Prop28
280
     0
102
RTVSPost2010PropOp28
 70
     1
102
RTVSPost2010Prop29
280
     1
102
RTVSPost2010PropOp29
 70
     1
102
RTVSPost2010Prop30
280
     1
102
RTVSPost2010PropOp30
 70
     1
102
RTVSPost2010Prop31
280
     0
102
RTVSPost2010PropOp31
 70
     1
102
RTVSPost2010Prop32
280
     0
102
RTVSPost2010PropOp32
 70
     1
102
RTVSPost2010Prop33
280
     0
102
RTVSPost2010PropOp33
 70
     1
102
RTVSPost2010Prop34
280
     0
102
RTVSPost2010PropOp34
 70
     1
102
RTVSPost2010Prop35
280
     0
102
RTVSPost2010PropOp35
 70
     1
102
RTVSPost2010Prop36
280
     0
102
RTVSPost2010PropOp36
 70
     1
102
RTVSPost2010Prop37
 90
       50
102
RTVSPost2010PropOp37
 70
     1
102
RTVSPost2010Prop38
140
0.0
102
RTVSPost2010PropOp38
 70
     1
102
RTVSPost2010Prop39
140
1.0
102
RTVSPost2010PropOp39
 70
     1
102
RTVSPost2010Prop40
 90
        0
102
RTVSPost2010PropOp40
 70
     1
102
RTVSPost2010Prop41ColorIndex
 90
       18
102
RTVSPost2010Prop41ColorRGB
 90
        0
102
RTVSPost2010PropOp41
 70
     1
102
RTVSPost2010Prop42
 90
       50
102
RTVSPost2010PropOp42
 70
     1
102
RTVSPost2010Prop43
 90
        3
102
RTVSPost2010PropOp43
 70
     1
102
RTVSPost2010Prop44ColorIndex
 90
        5
102
RTVSPost2010Prop44ColorRGB
 90
      255
102
RTVSPost2010PropOp44
 70
     1
102
RTVSPost2010Prop45
280
     0
102
RTVSPost2010PropOp45
 70
     1
102
RTVSPost2010Prop46
 90
       50
102
RTVSPost2010PropOp46
 70
     1
102
RTVSPost2010Prop47
 90
       50
102
RTVSPost2010PropOp47
 70
     1
102
RTVSPost2010Prop48
 90
       50
102
RTVSPost2010PropOp48
 70
     1
102
RTVSPost2010Prop49
280
     0
102
RTVSPost2010PropOp49
 70
     1
102
RTVSPost2010Prop50
 90
       50
102
RTVSPost2010PropOp50
 70
     1
102
RTVSPost2010Prop51ColorIndex
 90
      256
102
RTVSPost2010Prop51ColorRGB
 90
-16777216
102
RTVSPost2010PropOp51
 70
     0
102
RTVSPost2010Prop52
140
1.0
102
RTVSPost2010PropOp52
 70
     0
102
RTVSPost2010Prop53
 90
        2
102
RTVSPost2010PropOp53
 70
     1
102
RTVSPost2010Prop54
  1
strokes_ogs.tif
102
RTVSPost2010PropOp54
 70
     1
102
RTVSPost2010Prop55
280
     0
102
RTVSPost2010PropOp55
 70
     1
102
RTVSPost2010Prop56
140
1.0
102
RTVSPost2010PropOp56
 70
     1
102
RTVSPost2010Prop57
140
1.0
102
RTVSPost2010PropOp57
 70
     1
  0
XRECORD
  5
194
102
{ACAD_REACTORS
330
193
102
}
330
193
100
AcDbXrecord
280
     1
102
RTVSPropertyOp0
 70
     1
102
RTVSPropertyOp1
 70
     1
102
RTVSPropertyOp2
 70
     1
102
RTVSPropertyOp3
 70
     1
102
RTVSPropertyOp4
 70
     1
102
RTVSPropertyOp5
 70
     1
102
RTVSPropertyOp6
 70
     1
102
RTVSPropertyOp7
 70
     1
102
RTVSPropertyOp8
 70
     1
102
RTVSPropertyOp9
 70
     1
102
RTVSPropertyOp10
 70
     1
102
RTVSPropertyOp11
 70
     1
102
RTVSPropertyOp12
 70
     1
102
RTVSPropertyOp13
 70
     1
102
RTVSPropertyOp14
 70
     1
102
RTVSPropertyOp15
 70
     1
102
RTVSPropertyOp16
 70
     1
102
RTVSPropertyOp17
 70
     1
102
RTVSPropertyOp18
 70
     1
102
RTVSPropertyOp19
 70
     1
102
RTVSPropertyOp20
 70
     1
102
RTVSPropertyOp21
 70
     1
102
RTVSPropertyOp22
 70
     1
102
RTVSPropertyOp23
 70
     1
102
RTVSPropertyOp24
 70
     1
102
RTVSPropertyOp25
 70
     1
102
RTVSPropertyOp26
 70
     1
102
RTVSPropertyOp27
 70
     1
102
RTVSPropertyOp28
 70
     1
102
RTVSPropertyOp29
 70
     1
102
RTVSPropertyOp30
 70
     1
102
RTVSPropertyOp31
 70
     1
102
RTVSPropertyOp32
 70
     1
102
RTVSPropertyOp33
 70
     1
102
RTVSPropertyOp34
 70
     1
102
RTVSPropertyOp35
 70
     1
102
RTVSPropertyOp36
 70
     1
102
RTVSPropertyOp37
 70
     1
102
RTVSPropertyOp38
 70
     1
102
RTVSPropertyOp39
 70
     1
102
RTVSPropertyOp40
 70
     1
102
RTVSPropertyOp41
 70
     1
102
RTVSPropertyOp42
 70
     1
102
RTVSPropertyOp43
 70
     1
102
RTVSPropertyOp44
 70
     1
102
RTVSPropertyOp45
 70
     1
102
RTVSPropertyOp46
 70
     1
102
RTVSPropertyOp47
 70
     1
102
RTVSPropertyOp48
 70
     1
102
RTVSPropertyOp49
 70
     1
102
RTVSPropertyOp50
 70
     1
102
RTVSPropertyOp51
 70
     0
102
RTVSPropertyOp52
 70
     0
102
RTVSPropertyOp53
 70
     1
102
RTVSPropertyOp54
 70
     1
102
RTVSPropertyOp55
 70
     1
102
RTVSPropertyOp56
 70
     1
102
RTVSPropertyOp57
 70
     1
102
RTVSPost2010Prop28
280
     0
102
RTVSPost2010PropOp28
 70
     1
102
RTVSPost2010Prop29
280
     1
102
RTVSPost2010PropOp29
 70
     1
102
RTVSPost2010Prop30
280
     1
102
RTVSPost2010PropOp30
 70
     1
102
RTVSPost2010Prop31
280
     0
102
RTVSPost2010PropOp31
 70
     1
102
RTVSPost2010Prop32
280
     0
102
RTVSPost2010PropOp32
 70
     1
102
RTVSPost2010Prop33
280
     0
102
RTVSPost2010PropOp33
 70
     1
102
RTVSPost2010Prop34
280
     0
102
RTVSPost2010PropOp34
 70
     1
102
RTVSPost2010Prop35
280
     0
102
RTVSPost2010PropOp35
 70
     1
102
RTVSPost2010Prop36
280
     0
102
RTVSPost2010PropOp36
 70
     1
102
RTVSPost2010Prop37
 90
       50
102
RTVSPost2010PropOp37
 70
     1
102
RTVSPost2010Prop38
140
0.0
102
RTVSPost2010PropOp38
 70
     1
102
RTVSPost2010Prop39
140
1.0
102
RTVSPost2010PropOp39
 70
     1
102
RTVSPost2010Prop40
 90
        0
102
RTVSPost2010PropOp40
 70
     1
102
RTVSPost2010Prop41ColorIndex
 90
       18
102
RTVSPost2010Prop41ColorRGB
 90
        0
102
RTVSPost2010PropOp41
 70
     1
102
RTVSPost2010Prop42
 90
       50
102
RTVSPost2010PropOp42
 70
     1
102
RTVSPost2010Prop43
 90
        3
102
RTVSPost2010PropOp43
 70
     1
102
RTVSPost2010Prop44ColorIndex
 90
        5
102
RTVSPost2010Prop44ColorRGB
 90
      255
102
RTVSPost2010PropOp44
 70
     1
102
RTVSPost2010Prop45
280
     0
102
RTVSPost2010PropOp45
 70
     1
102
RTVSPost2010Prop46
 90
       50
102
RTVSPost2010PropOp46
 70
     1
102
RTVSPost2010Prop47
 90
       50
102
RTVSPost2010PropOp47
 70
     1
102
RTVSPost2010Prop48
 90
       50
102
RTVSPost2010PropOp48
 70
     1
102
RTVSPost2010Prop49
280
     0
102
RTVSPost2010PropOp49
 70
     1
102
RTVSPost2010Prop50
 90
       50
102
RTVSPost2010PropOp50
 70
     1
102
RTVSPost2010Prop51ColorIndex
 90
      256
102
RTVSPost2010Prop51ColorRGB
 90
-16777216
102
RTVSPost2010PropOp51
 70
     0
102
RTVSPost2010Prop52
140
1.0
102
RTVSPost2010PropOp52
 70
     0
102
RTVSPost2010Prop53
 90
        2
102
RTVSPost2010PropOp53
 70
     1
102
RTVSPost2010Prop54
  1
strokes_ogs.tif
102
RTVSPost2010PropOp54
 70
     1
102
RTVSPost2010Prop55
280
     0
102
RTVSPost2010PropOp55
 70
     1
102
RTVSPost2010Prop56
140
1.0
102
RTVSPost2010PropOp56
 70
     1
102
RTVSPost2010Prop57
140
1.0
102
RTVSPost2010PropOp57
 70
     1
  0
XRECORD
  5
1A4
102
{ACAD_REACTORS
330
1A3
102
}
330
1A3
100
AcDbXrecord
280
     1
102
RTVSPropertyOp0
 70
     0
102
RTVSPropertyOp1
 70
     0
102
RTVSPropertyOp2
 70
     0
102
RTVSPropertyOp3
 70
     0
102
RTVSPropertyOp4
 70
     0
102
RTVSPropertyOp5
 70
     0
102
RTVSPropertyOp6
 70
     0
102
RTVSPropertyOp7
 70
     0
102
RTVSPropertyOp8
 70
     0
102
RTVSPropertyOp9
 70
     0
102
RTVSPropertyOp10
 70
     0
102
RTVSPropertyOp11
 70
     0
102
RTVSPropertyOp12
 70
     0
102
RTVSPropertyOp13
 70
     0
102
RTVSPropertyOp14
 70
     2
102
RTVSPropertyOp15
 70
     0
102
RTVSPropertyOp16
 70
     0
102
RTVSPropertyOp17
 70
     0
102
RTVSPropertyOp18
 70
     0
102
RTVSPropertyOp19
 70
     0
102
RTVSPropertyOp20
 70
     0
102
RTVSPropertyOp21
 70
     0
102
RTVSPropertyOp22
 70
     0
102
RTVSPropertyOp23
 70
     0
102
RTVSPropertyOp24
 70
     0
102
RTVSPropertyOp25
 70
     0
102
RTVSPropertyOp26
 70
     0
102
RTVSPropertyOp27
 70
     0
102
RTVSPropertyOp28
 70
     0
102
RTVSPropertyOp29
 70
     0
102
RTVSPropertyOp30
 70
     0
102
RTVSPropertyOp31
 70
     0
102
RTVSPropertyOp32
 70
     0
102
RTVSPropertyOp33
 70
     0
102
RTVSPropertyOp34
 70
     0
102
RTVSPropertyOp35
 70
     0
102
RTVSPropertyOp36
 70
     0
102
RTVSPropertyOp37
 70
     0
102
RTVSPropertyOp38
 70
     0
102
RTVSPropertyOp39
 70
     0
102
RTVSPropertyOp40
 70
     0
102
RTVSPropertyOp41
 70
     0
102
RTVSPropertyOp42
 70
     0
102
RTVSPropertyOp43
 70
     0
102
RTVSPropertyOp44
 70
     0
102
RTVSPropertyOp45
 70
     0
102
RTVSPropertyOp46
 70
     0
102
RTVSPropertyOp47
 70
     0
102
RTVSPropertyOp48
 70
     0
102
RTVSPropertyOp49
 70
     0
102
RTVSPropertyOp50
 70
     0
102
RTVSPropertyOp51
 70
     0
102
RTVSPropertyOp52
 70
     0
102
RTVSPropertyOp53
 70
     0
102
RTVSPropertyOp54
 70
     0
102
RTVSPropertyOp55
 70
     0
102
RTVSPropertyOp56
 70
     0
102
RTVSPropertyOp57
 70
     0
102
RTVSPost2010Prop28
280
     0
102
RTVSPost2010PropOp28
 70
     0
102
RTVSPost2010Prop29
280
     1
102
RTVSPost2010PropOp29
 70
     0
102
RTVSPost2010Prop30
280
     1
102
RTVSPost2010PropOp30
 70
     0
102
RTVSPost2010Prop31
280
     0
102
RTVSPost2010PropOp31
 70
     0
102
RTVSPost2010Prop32
280
     0
102
RTVSPost2010PropOp32
 70
     0
102
RTVSPost2010Prop33
280
     0
102
RTVSPost2010PropOp33
 70
     0
102
RTVSPost2010Prop34
280
     0
102
RTVSPost2010PropOp34
 70
     0
102
RTVSPost2010Prop35
280
     0
102
RTVSPost2010PropOp35
 70
     0
102
RTVSPost2010Prop36
280
     0
102
RTVSPost2010PropOp36
 70
     0
102
RTVSPost2010Prop37
 90
       50
102
RTVSPost2010PropOp37
 70
     0
102
RTVSPost2010Prop38
140
0.0
102
RTVSPost2010PropOp38
 70
     0
102
RTVSPost2010Prop39
140
1.0
102
RTVSPost2010PropOp39
 70
     0
102
RTVSPost2010Prop40
 90
        0
102
RTVSPost2010PropOp40
 70
     0
102
RTVSPost2010Prop41ColorIndex
 90
       18
102
RTVSPost2010Prop41ColorRGB
 90
        0
102
RTVSPost2010PropOp41
 70
     0
102
RTVSPost2010Prop42
 90
       50
102
RTVSPost2010PropOp42
 70
     0
102
RTVSPost2010Prop43
 90
        3
102
RTVSPost2010PropOp43
 70
     0
102
RTVSPost2010Prop44ColorIndex
 90
        5
102
RTVSPost2010Prop44ColorRGB
 90
      255
102
RTVSPost2010PropOp44
 70
     0
102
RTVSPost2010Prop45
280
     0
102
RTVSPost2010PropOp45
 70
     0
102
RTVSPost2010Prop46
 90
       50
102
RTVSPost2010PropOp46
 70
     0
102
RTVSPost2010Prop47
 90
       50
102
RTVSPost2010PropOp47
 70
     0
102
RTVSPost2010Prop48
 90
       50
102
RTVSPost2010PropOp48
 70
     0
102
RTVSPost2010Prop49
280
     0
102
RTVSPost2010PropOp49
 70
     0
102
RTVSPost2010Prop50
 90
       50
102
RTVSPost2010PropOp50
 70
     0
102
RTVSPost2010Prop51ColorIndex
 90
      256
102
RTVSPost2010Prop51ColorRGB
 90
-16777216
102
RTVSPost2010PropOp51
 70
     0
102
RTVSPost2010Prop52
140
1.0
102
RTVSPost2010PropOp52
 70
     0
102
RTVSPost2010Prop53
 90
        2
102
RTVSPost2010PropOp53
 70
     0
102
RTVSPost2010Prop54
  1
strokes_ogs.tif
102
RTVSPost2010PropOp54
 70
     0
102
RTVSPost2010Prop55
280
     0
102
RTVSPost2010PropOp55
 70
     0
102
RTVSPost2010Prop56
140
1.0
102
RTVSPost2010PropOp56
 70
     0
102
RTVSPost2010Prop57
140
1.0
102
RTVSPost2010PropOp57
 70
     0
  0
XRECORD
  5
19C
102
{ACAD_REACTORS
330
19B
102
}
330
19B
100
AcDbXrecord
280
     1
102
RTVSPropertyOp0
 70
     1
102
RTVSPropertyOp1
 70
     1
102
RTVSPropertyOp2
 70
     1
102
RTVSPropertyOp3
 70
     1
102
RTVSPropertyOp4
 70
     1
102
RTVSPropertyOp5
 70
     1
102
RTVSPropertyOp6
 70
     1
102
RTVSPropertyOp7
 70
     1
102
RTVSPropertyOp8
 70
     1
102
RTVSPropertyOp9
 70
     1
102
RTVSPropertyOp10
 70
     1
102
RTVSPropertyOp11
 70
     1
102
RTVSPropertyOp12
 70
     1
102
RTVSPropertyOp13
 70
     1
102
RTVSPropertyOp14
 70
     1
102
RTVSPropertyOp15
 70
     1
102
RTVSPropertyOp16
 70
     1
102
RTVSPropertyOp17
 70
     1
102
RTVSPropertyOp18
 70
     1
102
RTVSPropertyOp19
 70
     1
102
RTVSPropertyOp20
 70
     1
102
RTVSPropertyOp21
 70
     1
102
RTVSPropertyOp22
 70
     1
102
RTVSPropertyOp23
 70
     1
102
RTVSPropertyOp24
 70
     1
102
RTVSPropertyOp25
 70
     1
102
RTVSPropertyOp26
 70
     1
102
RTVSPropertyOp27
 70
     1
102
RTVSPropertyOp28
 70
     1
102
RTVSPropertyOp29
 70
     1
102
RTVSPropertyOp30
 70
     1
102
RTVSPropertyOp31
 70
     1
102
RTVSPropertyOp32
 70
     1
102
RTVSPropertyOp33
 70
     1
102
RTVSPropertyOp34
 70
     1
102
RTVSPropertyOp35
 70
     1
102
RTVSPropertyOp36
 70
     1
102
RTVSPropertyOp37
 70
     1
102
RTVSPropertyOp38
 70
     1
102
RTVSPropertyOp39
 70
     1
102
RTVSPropertyOp40
 70
     1
102
RTVSPropertyOp41
 70
     1
102
RTVSPropertyOp42
 70
     1
102
RTVSPropertyOp43
 70
     1
102
RTVSPropertyOp44
 70
     1
102
RTVSPropertyOp45
 70
     1
102
RTVSPropertyOp46
 70
     1
102
RTVSPropertyOp47
 70
     1
102
RTVSPropertyOp48
 70
     1
102
RTVSPropertyOp49
 70
     1
102
RTVSPropertyOp50
 70
     1
102
RTVSPropertyOp51
 70
     0
102
RTVSPropertyOp52
 70
     0
102
RTVSPropertyOp53
 70
     1
102
RTVSPropertyOp54
 70
     1
102
RTVSPropertyOp55
 70
     1
102
RTVSPropertyOp56
 70
     1
102
RTVSPropertyOp57
 70
     1
102
RTVSPost2010Prop28
280
     0
102
RTVSPost2010PropOp28
 70
     1
102
RTVSPost2010Prop29
280
     1
102
RTVSPost2010PropOp29
 70
     1
102
RTVSPost2010Prop30
280
     1
102
RTVSPost2010PropOp30
 70
     1
102
RTVSPost2010Prop31
280
     0
102
RTVSPost2010PropOp31
 70
     1
102
RTVSPost2010Prop32
280
     0
102
RTVSPost2010PropOp32
 70
     1
102
RTVSPost2010Prop33
280
     0
102
RTVSPost2010PropOp33
 70
     1
102
RTVSPost2010Prop34
280
     0
102
RTVSPost2010PropOp34
 70
     1
102
RTVSPost2010Prop35
280
     0
102
RTVSPost2010PropOp35
 70
     1
102
RTVSPost2010Prop36
280
     0
102
RTVSPost2010PropOp36
 70
     1
102
RTVSPost2010Prop37
 90
       50
102
RTVSPost2010PropOp37
 70
     1
102
RTVSPost2010Prop38
140
0.0
102
RTVSPost2010PropOp38
 70
     1
102
RTVSPost2010Prop39
140
1.0
102
RTVSPost2010PropOp39
 70
     1
102
RTVSPost2010Prop40
 90
        0
102
RTVSPost2010PropOp40
 70
     1
102
RTVSPost2010Prop41ColorIndex
 90
       18
102
RTVSPost2010Prop41ColorRGB
 90
        0
102
RTVSPost2010PropOp41
 70
     1
102
RTVSPost2010Prop42
 90
       50
102
RTVSPost2010PropOp42
 70
     1
102
RTVSPost2010Prop43
 90
        3
102
RTVSPost2010PropOp43
 70
     1
102
RTVSPost2010Prop44ColorIndex
 90
        5
102
RTVSPost2010Prop44ColorRGB
 90
      255
102
RTVSPost2010PropOp44
 70
     1
102
RTVSPost2010Prop45
280
     0
102
RTVSPost2010PropOp45
 70
     1
102
RTVSPost2010Prop46
 90
       50
102
RTVSPost2010PropOp46
 70
     1
102
RTVSPost2010Prop47
 90
       50
102
RTVSPost2010PropOp47
 70
     1
102
RTVSPost2010Prop48
 90
       50
102
RTVSPost2010PropOp48
 70
     1
102
RTVSPost2010Prop49
280
     0
102
RTVSPost2010PropOp49
 70
     1
102
RTVSPost2010Prop50
 90
       50
102
RTVSPost2010PropOp50
 70
     1
102
RTVSPost2010Prop51ColorIndex
 90
      256
102
RTVSPost2010Prop51ColorRGB
 90
-16777216
102
RTVSPost2010PropOp51
 70
     0
102
RTVSPost2010Prop52
140
1.0
102
RTVSPost2010PropOp52
 70
     0
102
RTVSPost2010Prop53
 90
        2
102
RTVSPost2010PropOp53
 70
     1
102
RTVSPost2010Prop54
  1
strokes_ogs.tif
102
RTVSPost2010PropOp54
 70
     1
102
RTVSPost2010Prop55
280
     0
102
RTVSPost2010PropOp55
 70
     1
102
RTVSPost2010Prop56
140
1.0
102
RTVSPost2010PropOp56
 70
     1
102
RTVSPost2010Prop57
140
1.0
102
RTVSPost2010PropOp57
 70
     1
  0
XRECORD
  5
180
102
{ACAD_REACTORS
330
17F
102
}
330
17F
100
AcDbXrecord
280
     1
102
RTVSPropertyOp0
 70
     1
102
RTVSPropertyOp1
 70
     1
102
RTVSPropertyOp2
 70
     1
102
RTVSPropertyOp3
 70
     1
102
RTVSPropertyOp4
 70
     1
102
RTVSPropertyOp5
 70
     1
102
RTVSPropertyOp6
 70
     1
102
RTVSPropertyOp7
 70
     1
102
RTVSPropertyOp8
 70
     1
102
RTVSPropertyOp9
 70
     1
102
RTVSPropertyOp10
 70
     1
102
RTVSPropertyOp11
 70
     1
102
RTVSPropertyOp12
 70
     1
102
RTVSPropertyOp13
 70
     1
102
RTVSPropertyOp14
 70
     1
102
RTVSPropertyOp15
 70
     1
102
RTVSPropertyOp16
 70
     1
102
RTVSPropertyOp17
 70
     1
102
RTVSPropertyOp18
 70
     1
102
RTVSPropertyOp19
 70
     1
102
RTVSPropertyOp20
 70
     1
102
RTVSPropertyOp21
 70
     1
102
RTVSPropertyOp22
 70
     1
102
RTVSPropertyOp23
 70
     1
102
RTVSPropertyOp24
 70
     1
102
RTVSPropertyOp25
 70
     1
102
RTVSPropertyOp26
 70
     1
102
RTVSPropertyOp27
 70
     1
102
RTVSPropertyOp28
 70
     1
102
RTVSPropertyOp29
 70
     1
102
RTVSPropertyOp30
 70
     1
102
RTVSPropertyOp31
 70
     1
102
RTVSPropertyOp32
 70
     1
102
RTVSPropertyOp33
 70
     1
102
RTVSPropertyOp34
 70
     1
102
RTVSPropertyOp35
 70
     1
102
RTVSPropertyOp36
 70
     1
102
RTVSPropertyOp37
 70
     1
102
RTVSPropertyOp38
 70
     1
102
RTVSPropertyOp39
 70
     1
102
RTVSPropertyOp40
 70
     1
102
RTVSPropertyOp41
 70
     1
102
RTVSPropertyOp42
 70
     1
102
RTVSPropertyOp43
 70
     1
102
RTVSPropertyOp44
 70
     1
102
RTVSPropertyOp45
 70
     1
102
RTVSPropertyOp46
 70
     1
102
RTVSPropertyOp47
 70
     1
102
RTVSPropertyOp48
 70
     1
102
RTVSPropertyOp49
 70
     1
102
RTVSPropertyOp50
 70
     1
102
RTVSPropertyOp51
 70
     0
102
RTVSPropertyOp52
 70
     0
102
RTVSPropertyOp53
 70
     1
102
RTVSPropertyOp54
 70
     1
102
RTVSPropertyOp55
 70
     1
102
RTVSPropertyOp56
 70
     1
102
RTVSPropertyOp57
 70
     1
102
RTVSPost2010Prop28
280
     0
102
RTVSPost2010PropOp28
 70
     1
102
RTVSPost2010Prop29
280
     1
102
RTVSPost2010PropOp29
 70
     1
102
RTVSPost2010Prop30
280
     1
102
RTVSPost2010PropOp30
 70
     1
102
RTVSPost2010Prop31
280
     0
102
RTVSPost2010PropOp31
 70
     1
102
RTVSPost2010Prop32
280
     0
102
RTVSPost2010PropOp32
 70
     1
102
RTVSPost2010Prop33
280
     0
102
RTVSPost2010PropOp33
 70
     1
102
RTVSPost2010Prop34
280
     0
102
RTVSPost2010PropOp34
 70
     1
102
RTVSPost2010Prop35
280
     0
102
RTVSPost2010PropOp35
 70
     1
102
RTVSPost2010Prop36
280
     0
102
RTVSPost2010PropOp36
 70
     1
102
RTVSPost2010Prop37
 90
       50
102
RTVSPost2010PropOp37
 70
     1
102
RTVSPost2010Prop38
140
0.0
102
RTVSPost2010PropOp38
 70
     1
102
RTVSPost2010Prop39
140
1.0
102
RTVSPost2010PropOp39
 70
     1
102
RTVSPost2010Prop40
 90
        0
102
RTVSPost2010PropOp40
 70
     1
102
RTVSPost2010Prop41ColorIndex
 90
       18
102
RTVSPost2010Prop41ColorRGB
 90
        0
102
RTVSPost2010PropOp41
 70
     1
102
RTVSPost2010Prop42
 90
       50
102
RTVSPost2010PropOp42
 70
     1
102
RTVSPost2010Prop43
 90
        3
102
RTVSPost2010PropOp43
 70
     1
102
RTVSPost2010Prop44ColorIndex
 90
        5
102
RTVSPost2010Prop44ColorRGB
 90
      255
102
RTVSPost2010PropOp44
 70
     1
102
RTVSPost2010Prop45
280
     0
102
RTVSPost2010PropOp45
 70
     1
102
RTVSPost2010Prop46
 90
       50
102
RTVSPost2010PropOp46
 70
     1
102
RTVSPost2010Prop47
 90
       50
102
RTVSPost2010PropOp47
 70
     1
102
RTVSPost2010Prop48
 90
       50
102
RTVSPost2010PropOp48
 70
     1
102
RTVSPost2010Prop49
280
     0
102
RTVSPost2010PropOp49
 70
     1
102
RTVSPost2010Prop50
 90
       50
102
RTVSPost2010PropOp50
 70
     1
102
RTVSPost2010Prop51ColorIndex
 90
      256
102
RTVSPost2010Prop51ColorRGB
 90
-16777216
102
RTVSPost2010PropOp51
 70
     0
102
RTVSPost2010Prop52
140
1.0
102
RTVSPost2010PropOp52
 70
     0
102
RTVSPost2010Prop53
 90
        2
102
RTVSPost2010PropOp53
 70
     1
102
RTVSPost2010Prop54
  1
strokes_ogs.tif
102
RTVSPost2010PropOp54
 70
     1
102
RTVSPost2010Prop55
280
     0
102
RTVSPost2010PropOp55
 70
     1
102
RTVSPost2010Prop56
140
1.0
102
RTVSPost2010PropOp56
 70
     1
102
RTVSPost2010Prop57
140
1.0
102
RTVSPost2010PropOp57
 70
     1
  0
XRECORD
  5
182
102
{ACAD_REACTORS
330
181
102
}
330
181
100
AcDbXrecord
280
     1
102
RTVSPropertyOp0
 70
     1
102
RTVSPropertyOp1
 70
     1
102
RTVSPropertyOp2
 70
     1
102
RTVSPropertyOp3
 70
     1
102
RTVSPropertyOp4
 70
     1
102
RTVSPropertyOp5
 70
     1
102
RTVSPropertyOp6
 70
     1
102
RTVSPropertyOp7
 70
     1
102
RTVSPropertyOp8
 70
     1
102
RTVSPropertyOp9
 70
     1
102
RTVSPropertyOp10
 70
     1
102
RTVSPropertyOp11
 70
     1
102
RTVSPropertyOp12
 70
     1
102
RTVSPropertyOp13
 70
     1
102
RTVSPropertyOp14
 70
     1
102
RTVSPropertyOp15
 70
     1
102
RTVSPropertyOp16
 70
     1
102
RTVSPropertyOp17
 70
     1
102
RTVSPropertyOp18
 70
     1
102
RTVSPropertyOp19
 70
     1
102
RTVSPropertyOp20
 70
     1
102
RTVSPropertyOp21
 70
     1
102
RTVSPropertyOp22
 70
     1
102
RTVSPropertyOp23
 70
     1
102
RTVSPropertyOp24
 70
     1
102
RTVSPropertyOp25
 70
     1
102
RTVSPropertyOp26
 70
     1
102
RTVSPropertyOp27
 70
     1
102
RTVSPropertyOp28
 70
     1
102
RTVSPropertyOp29
 70
     1
102
RTVSPropertyOp30
 70
     1
102
RTVSPropertyOp31
 70
     1
102
RTVSPropertyOp32
 70
     1
102
RTVSPropertyOp33
 70
     1
102
RTVSPropertyOp34
 70
     1
102
RTVSPropertyOp35
 70
     1
102
RTVSPropertyOp36
 70
     1
102
RTVSPropertyOp37
 70
     1
102
RTVSPropertyOp38
 70
     1
102
RTVSPropertyOp39
 70
     1
102
RTVSPropertyOp40
 70
     1
102
RTVSPropertyOp41
 70
     1
102
RTVSPropertyOp42
 70
     1
102
RTVSPropertyOp43
 70
     1
102
RTVSPropertyOp44
 70
     1
102
RTVSPropertyOp45
 70
     1
102
RTVSPropertyOp46
 70
     1
102
RTVSPropertyOp47
 70
     1
102
RTVSPropertyOp48
 70
     1
102
RTVSPropertyOp49
 70
     1
102
RTVSPropertyOp50
 70
     1
102
RTVSPropertyOp51
 70
     0
102
RTVSPropertyOp52
 70
     0
102
RTVSPropertyOp53
 70
     1
102
RTVSPropertyOp54
 70
     1
102
RTVSPropertyOp55
 70
     1
102
RTVSPropertyOp56
 70
     1
102
RTVSPropertyOp57
 70
     1
102
RTVSPost2010Prop28
280
     0
102
RTVSPost2010PropOp28
 70
     1
102
RTVSPost2010Prop29
280
     1
102
RTVSPost2010PropOp29
 70
     1
102
RTVSPost2010Prop30
280
     1
102
RTVSPost2010PropOp30
 70
     1
102
RTVSPost2010Prop31
280
     0
102
RTVSPost2010PropOp31
 70
     1
102
RTVSPost2010Prop32
280
     0
102
RTVSPost2010PropOp32
 70
     1
102
RTVSPost2010Prop33
280
     0
102
RTVSPost2010PropOp33
 70
     1
102
RTVSPost2010Prop34
280
     0
102
RTVSPost2010PropOp34
 70
     1
102
RTVSPost2010Prop35
280
     0
102
RTVSPost2010PropOp35
 70
     1
102
RTVSPost2010Prop36
280
     0
102
RTVSPost2010PropOp36
 70
     1
102
RTVSPost2010Prop37
 90
       50
102
RTVSPost2010PropOp37
 70
     1
102
RTVSPost2010Prop38
140
0.0
102
RTVSPost2010PropOp38
 70
     1
102
RTVSPost2010Prop39
140
1.0
102
RTVSPost2010PropOp39
 70
     1
102
RTVSPost2010Prop40
 90
        0
102
RTVSPost2010PropOp40
 70
     1
102
RTVSPost2010Prop41ColorIndex
 90
       18
102
RTVSPost2010Prop41ColorRGB
 90
        0
102
RTVSPost2010PropOp41
 70
     1
102
RTVSPost2010Prop42
 90
       50
102
RTVSPost2010PropOp42
 70
     1
102
RTVSPost2010Prop43
 90
        3
102
RTVSPost2010PropOp43
 70
     1
102
RTVSPost2010Prop44ColorIndex
 90
        5
102
RTVSPost2010Prop44ColorRGB
 90
      255
102
RTVSPost2010PropOp44
 70
     1
102
RTVSPost2010Prop45
280
     0
102
RTVSPost2010PropOp45
 70
     1
102
RTVSPost2010Prop46
 90
       50
102
RTVSPost2010PropOp46
 70
     1
102
RTVSPost2010Prop47
 90
       50
102
RTVSPost2010PropOp47
 70
     1
102
RTVSPost2010Prop48
 90
       50
102
RTVSPost2010PropOp48
 70
     1
102
RTVSPost2010Prop49
280
     0
102
RTVSPost2010PropOp49
 70
     1
102
RTVSPost2010Prop50
 90
       50
102
RTVSPost2010PropOp50
 70
     1
102
RTVSPost2010Prop51ColorIndex
 90
      256
102
RTVSPost2010Prop51ColorRGB
 90
-16777216
102
RTVSPost2010PropOp51
 70
     0
102
RTVSPost2010Prop52
140
1.0
102
RTVSPost2010PropOp52
 70
     0
102
RTVSPost2010Prop53
 90
        2
102
RTVSPost2010PropOp53
 70
     1
102
RTVSPost2010Prop54
  1
strokes_ogs.tif
102
RTVSPost2010PropOp54
 70
     1
102
RTVSPost2010Prop55
280
     0
102
RTVSPost2010PropOp55
 70
     1
102
RTVSPost2010Prop56
140
1.0
102
RTVSPost2010PropOp56
 70
     1
102
RTVSPost2010Prop57
140
1.0
102
RTVSPost2010PropOp57
 70
     1
  0
XRECORD
  5
184
102
{ACAD_REACTORS
330
183
102
}
330
183
100
AcDbXrecord
280
     1
102
RTVSPropertyOp0
 70
     1
102
RTVSPropertyOp1
 70
     1
102
RTVSPropertyOp2
 70
     1
102
RTVSPropertyOp3
 70
     1
102
RTVSPropertyOp4
 70
     1
102
RTVSPropertyOp5
 70
     1
102
RTVSPropertyOp6
 70
     1
102
RTVSPropertyOp7
 70
     1
102
RTVSPropertyOp8
 70
     1
102
RTVSPropertyOp9
 70
     1
102
RTVSPropertyOp10
 70
     1
102
RTVSPropertyOp11
 70
     1
102
RTVSPropertyOp12
 70
     1
102
RTVSPropertyOp13
 70
     1
102
RTVSPropertyOp14
 70
     1
102
RTVSPropertyOp15
 70
     1
102
RTVSPropertyOp16
 70
     1
102
RTVSPropertyOp17
 70
     1
102
RTVSPropertyOp18
 70
     1
102
RTVSPropertyOp19
 70
     1
102
RTVSPropertyOp20
 70
     1
102
RTVSPropertyOp21
 70
     1
102
RTVSPropertyOp22
 70
     1
102
RTVSPropertyOp23
 70
     1
102
RTVSPropertyOp24
 70
     1
102
RTVSPropertyOp25
 70
     1
102
RTVSPropertyOp26
 70
     1
102
RTVSPropertyOp27
 70
     1
102
RTVSPropertyOp28
 70
     1
102
RTVSPropertyOp29
 70
     1
102
RTVSPropertyOp30
 70
     1
102
RTVSPropertyOp31
 70
     1
102
RTVSPropertyOp32
 70
     1
102
RTVSPropertyOp33
 70
     1
102
RTVSPropertyOp34
 70
     1
102
RTVSPropertyOp35
 70
     1
102
RTVSPropertyOp36
 70
     1
102
RTVSPropertyOp37
 70
     1
102
RTVSPropertyOp38
 70
     1
102
RTVSPropertyOp39
 70
     1
102
RTVSPropertyOp40
 70
     1
102
RTVSPropertyOp41
 70
     1
102
RTVSPropertyOp42
 70
     1
102
RTVSPropertyOp43
 70
     1
102
RTVSPropertyOp44
 70
     1
102
RTVSPropertyOp45
 70
     1
102
RTVSPropertyOp46
 70
     1
102
RTVSPropertyOp47
 70
     1
102
RTVSPropertyOp48
 70
     1
102
RTVSPropertyOp49
 70
     1
102
RTVSPropertyOp50
 70
     1
102
RTVSPropertyOp51
 70
     0
102
RTVSPropertyOp52
 70
     0
102
RTVSPropertyOp53
 70
     1
102
RTVSPropertyOp54
 70
     1
102
RTVSPropertyOp55
 70
     1
102
RTVSPropertyOp56
 70
     1
102
RTVSPropertyOp57
 70
     1
102
RTVSPost2010Prop28
280
     0
102
RTVSPost2010PropOp28
 70
     1
102
RTVSPost2010Prop29
280
     1
102
RTVSPost2010PropOp29
 70
     1
102
RTVSPost2010Prop30
280
     1
102
RTVSPost2010PropOp30
 70
     1
102
RTVSPost2010Prop31
280
     0
102
RTVSPost2010PropOp31
 70
     1
102
RTVSPost2010Prop32
280
     0
102
RTVSPost2010PropOp32
 70
     1
102
RTVSPost2010Prop33
280
     0
102
RTVSPost2010PropOp33
 70
     1
102
RTVSPost2010Prop34
280
     0
102
RTVSPost2010PropOp34
 70
     1
102
RTVSPost2010Prop35
280
     0
102
RTVSPost2010PropOp35
 70
     1
102
RTVSPost2010Prop36
280
     0
102
RTVSPost2010PropOp36
 70
     1
102
RTVSPost2010Prop37
 90
       50
102
RTVSPost2010PropOp37
 70
     1
102
RTVSPost2010Prop38
140
0.0
102
RTVSPost2010PropOp38
 70
     1
102
RTVSPost2010Prop39
140
1.0
102
RTVSPost2010PropOp39
 70
     1
102
RTVSPost2010Prop40
 90
        0
102
RTVSPost2010PropOp40
 70
     1
102
RTVSPost2010Prop41ColorIndex
 90
       18
102
RTVSPost2010Prop41ColorRGB
 90
        0
102
RTVSPost2010PropOp41
 70
     1
102
RTVSPost2010Prop42
 90
       50
102
RTVSPost2010PropOp42
 70
     1
102
RTVSPost2010Prop43
 90
        3
102
RTVSPost2010PropOp43
 70
     1
102
RTVSPost2010Prop44ColorIndex
 90
        5
102
RTVSPost2010Prop44ColorRGB
 90
      255
102
RTVSPost2010PropOp44
 70
     1
102
RTVSPost2010Prop45
280
     0
102
RTVSPost2010PropOp45
 70
     1
102
RTVSPost2010Prop46
 90
       50
102
RTVSPost2010PropOp46
 70
     1
102
RTVSPost2010Prop47
 90
       50
102
RTVSPost2010PropOp47
 70
     1
102
RTVSPost2010Prop48
 90
       50
102
RTVSPost2010PropOp48
 70
     1
102
RTVSPost2010Prop49
280
     0
102
RTVSPost2010PropOp49
 70
     1
102
RTVSPost2010Prop50
 90
       50
102
RTVSPost2010PropOp50
 70
     1
102
RTVSPost2010Prop51ColorIndex
 90
      256
102
RTVSPost2010Prop51ColorRGB
 90
-16777216
102
RTVSPost2010PropOp51
 70
     0
102
RTVSPost2010Prop52
140
1.0
102
RTVSPost2010PropOp52
 70
     0
102
RTVSPost2010Prop53
 90
        2
102
RTVSPost2010PropOp53
 70
     1
102
RTVSPost2010Prop54
  1
strokes_ogs.tif
102
RTVSPost2010PropOp54
 70
     1
102
RTVSPost2010Prop55
280
     0
102
RTVSPost2010PropOp55
 70
     1
102
RTVSPost2010Prop56
140
1.0
102
RTVSPost2010PropOp56
 70
     1
102
RTVSPost2010Prop57
140
1.0
102
RTVSPost2010PropOp57
 70
     1
  0
XRECORD
  5
186
102
{ACAD_REACTORS
330
185
102
}
330
185
100
AcDbXrecord
280
     1
102
RTVSPropertyOp0
 70
     1
102
RTVSPropertyOp1
 70
     1
102
RTVSPropertyOp2
 70
     1
102
RTVSPropertyOp3
 70
     1
102
RTVSPropertyOp4
 70
     1
102
RTVSPropertyOp5
 70
     1
102
RTVSPropertyOp6
 70
     1
102
RTVSPropertyOp7
 70
     1
102
RTVSPropertyOp8
 70
     1
102
RTVSPropertyOp9
 70
     1
102
RTVSPropertyOp10
 70
     1
102
RTVSPropertyOp11
 70
     1
102
RTVSPropertyOp12
 70
     1
102
RTVSPropertyOp13
 70
     1
102
RTVSPropertyOp14
 70
     1
102
RTVSPropertyOp15
 70
     1
102
RTVSPropertyOp16
 70
     1
102
RTVSPropertyOp17
 70
     1
102
RTVSPropertyOp18
 70
     1
102
RTVSPropertyOp19
 70
     1
102
RTVSPropertyOp20
 70
     1
102
RTVSPropertyOp21
 70
     1
102
RTVSPropertyOp22
 70
     1
102
RTVSPropertyOp23
 70
     1
102
RTVSPropertyOp24
 70
     1
102
RTVSPropertyOp25
 70
     1
102
RTVSPropertyOp26
 70
     1
102
RTVSPropertyOp27
 70
     1
102
RTVSPropertyOp28
 70
     1
102
RTVSPropertyOp29
 70
     1
102
RTVSPropertyOp30
 70
     1
102
RTVSPropertyOp31
 70
     1
102
RTVSPropertyOp32
 70
     1
102
RTVSPropertyOp33
 70
     1
102
RTVSPropertyOp34
 70
     1
102
RTVSPropertyOp35
 70
     1
102
RTVSPropertyOp36
 70
     1
102
RTVSPropertyOp37
 70
     1
102
RTVSPropertyOp38
 70
     1
102
RTVSPropertyOp39
 70
     1
102
RTVSPropertyOp40
 70
     1
102
RTVSPropertyOp41
 70
     1
102
RTVSPropertyOp42
 70
     1
102
RTVSPropertyOp43
 70
     1
102
RTVSPropertyOp44
 70
     1
102
RTVSPropertyOp45
 70
     1
102
RTVSPropertyOp46
 70
     1
102
RTVSPropertyOp47
 70
     1
102
RTVSPropertyOp48
 70
     1
102
RTVSPropertyOp49
 70
     1
102
RTVSPropertyOp50
 70
     1
102
RTVSPropertyOp51
 70
     0
102
RTVSPropertyOp52
 70
     0
102
RTVSPropertyOp53
 70
     1
102
RTVSPropertyOp54
 70
     1
102
RTVSPropertyOp55
 70
     1
102
RTVSPropertyOp56
 70
     1
102
RTVSPropertyOp57
 70
     1
102
RTVSPost2010Prop28
280
     0
102
RTVSPost2010PropOp28
 70
     1
102
RTVSPost2010Prop29
280
     1
102
RTVSPost2010PropOp29
 70
     1
102
RTVSPost2010Prop30
280
     1
102
RTVSPost2010PropOp30
 70
     1
102
RTVSPost2010Prop31
280
     0
102
RTVSPost2010PropOp31
 70
     1
102
RTVSPost2010Prop32
280
     0
102
RTVSPost2010PropOp32
 70
     1
102
RTVSPost2010Prop33
280
     0
102
RTVSPost2010PropOp33
 70
     1
102
RTVSPost2010Prop34
280
     0
102
RTVSPost2010PropOp34
 70
     1
102
RTVSPost2010Prop35
280
     0
102
RTVSPost2010PropOp35
 70
     1
102
RTVSPost2010Prop36
280
     0
102
RTVSPost2010PropOp36
 70
     1
102
RTVSPost2010Prop37
 90
       50
102
RTVSPost2010PropOp37
 70
     1
102
RTVSPost2010Prop38
140
0.0
102
RTVSPost2010PropOp38
 70
     1
102
RTVSPost2010Prop39
140
1.0
102
RTVSPost2010PropOp39
 70
     1
102
RTVSPost2010Prop40
 90
        0
102
RTVSPost2010PropOp40
 70
     1
102
RTVSPost2010Prop41ColorIndex
 90
       18
102
RTVSPost2010Prop41ColorRGB
 90
        0
102
RTVSPost2010PropOp41
 70
     1
102
RTVSPost2010Prop42
 90
       50
102
RTVSPost2010PropOp42
 70
     1
102
RTVSPost2010Prop43
 90
        3
102
RTVSPost2010PropOp43
 70
     1
102
RTVSPost2010Prop44ColorIndex
 90
        5
102
RTVSPost2010Prop44ColorRGB
 90
      255
102
RTVSPost2010PropOp44
 70
     1
102
RTVSPost2010Prop45
280
     0
102
RTVSPost2010PropOp45
 70
     1
102
RTVSPost2010Prop46
 90
       50
102
RTVSPost2010PropOp46
 70
     1
102
RTVSPost2010Prop47
 90
       50
102
RTVSPost2010PropOp47
 70
     1
102
RTVSPost2010Prop48
 90
       50
102
RTVSPost2010PropOp48
 70
     1
102
RTVSPost2010Prop49
280
     0
102
RTVSPost2010PropOp49
 70
     1
102
RTVSPost2010Prop50
 90
       50
102
RTVSPost2010PropOp50
 70
     1
102
RTVSPost2010Prop51ColorIndex
 90
      256
102
RTVSPost2010Prop51ColorRGB
 90
-16777216
102
RTVSPost2010PropOp51
 70
     0
102
RTVSPost2010Prop52
140
1.0
102
RTVSPost2010PropOp52
 70
     0
102
RTVSPost2010Prop53
 90
        2
102
RTVSPost2010PropOp53
 70
     1
102
RTVSPost2010Prop54
  1
strokes_ogs.tif
102
RTVSPost2010PropOp54
 70
     1
102
RTVSPost2010Prop55
280
     0
102
RTVSPost2010PropOp55
 70
     1
102
RTVSPost2010Prop56
140
1.0
102
RTVSPost2010PropOp56
 70
     1
102
RTVSPost2010Prop57
140
1.0
102
RTVSPost2010PropOp57
 70
     1
  0
XRECORD
  5
18C
102
{ACAD_REACTORS
330
18B
102
}
330
18B
100
AcDbXrecord
280
     1
102
RTVSPropertyOp0
 70
     1
102
RTVSPropertyOp1
 70
     1
102
RTVSPropertyOp2
 70
     1
102
RTVSPropertyOp3
 70
     1
102
RTVSPropertyOp4
 70
     1
102
RTVSPropertyOp5
 70
     1
102
RTVSPropertyOp6
 70
     1
102
RTVSPropertyOp7
 70
     1
102
RTVSPropertyOp8
 70
     1
102
RTVSPropertyOp9
 70
     1
102
RTVSPropertyOp10
 70
     1
102
RTVSPropertyOp11
 70
     1
102
RTVSPropertyOp12
 70
     1
102
RTVSPropertyOp13
 70
     1
102
RTVSPropertyOp14
 70
     1
102
RTVSPropertyOp15
 70
     1
102
RTVSPropertyOp16
 70
     1
102
RTVSPropertyOp17
 70
     1
102
RTVSPropertyOp18
 70
     1
102
RTVSPropertyOp19
 70
     1
102
RTVSPropertyOp20
 70
     1
102
RTVSPropertyOp21
 70
     1
102
RTVSPropertyOp22
 70
     1
102
RTVSPropertyOp23
 70
     1
102
RTVSPropertyOp24
 70
     1
102
RTVSPropertyOp25
 70
     1
102
RTVSPropertyOp26
 70
     1
102
RTVSPropertyOp27
 70
     1
102
RTVSPropertyOp28
 70
     1
102
RTVSPropertyOp29
 70
     1
102
RTVSPropertyOp30
 70
     1
102
RTVSPropertyOp31
 70
     1
102
RTVSPropertyOp32
 70
     1
102
RTVSPropertyOp33
 70
     1
102
RTVSPropertyOp34
 70
     1
102
RTVSPropertyOp35
 70
     1
102
RTVSPropertyOp36
 70
     1
102
RTVSPropertyOp37
 70
     1
102
RTVSPropertyOp38
 70
     1
102
RTVSPropertyOp39
 70
     1
102
RTVSPropertyOp40
 70
     1
102
RTVSPropertyOp41
 70
     1
102
RTVSPropertyOp42
 70
     1
102
RTVSPropertyOp43
 70
     1
102
RTVSPropertyOp44
 70
     1
102
RTVSPropertyOp45
 70
     1
102
RTVSPropertyOp46
 70
     1
102
RTVSPropertyOp47
 70
     1
102
RTVSPropertyOp48
 70
     1
102
RTVSPropertyOp49
 70
     1
102
RTVSPropertyOp50
 70
     1
102
RTVSPropertyOp51
 70
     0
102
RTVSPropertyOp52
 70
     0
102
RTVSPropertyOp53
 70
     1
102
RTVSPropertyOp54
 70
     1
102
RTVSPropertyOp55
 70
     1
102
RTVSPropertyOp56
 70
     1
102
RTVSPropertyOp57
 70
     1
102
RTVSPost2010Prop28
280
     0
102
RTVSPost2010PropOp28
 70
     1
102
RTVSPost2010Prop29
280
     1
102
RTVSPost2010PropOp29
 70
     1
102
RTVSPost2010Prop30
280
     1
102
RTVSPost2010PropOp30
 70
     1
102
RTVSPost2010Prop31
280
     0
102
RTVSPost2010PropOp31
 70
     1
102
RTVSPost2010Prop32
280
     0
102
RTVSPost2010PropOp32
 70
     1
102
RTVSPost2010Prop33
280
     0
102
RTVSPost2010PropOp33
 70
     1
102
RTVSPost2010Prop34
280
     0
102
RTVSPost2010PropOp34
 70
     1
102
RTVSPost2010Prop35
280
     0
102
RTVSPost2010PropOp35
 70
     1
102
RTVSPost2010Prop36
280
     0
102
RTVSPost2010PropOp36
 70
     1
102
RTVSPost2010Prop37
 90
       50
102
RTVSPost2010PropOp37
 70
     1
102
RTVSPost2010Prop38
140
0.0
102
RTVSPost2010PropOp38
 70
     1
102
RTVSPost2010Prop39
140
1.0
102
RTVSPost2010PropOp39
 70
     1
102
RTVSPost2010Prop40
 90
        0
102
RTVSPost2010PropOp40
 70
     1
102
RTVSPost2010Prop41ColorIndex
 90
       18
102
RTVSPost2010Prop41ColorRGB
 90
        0
102
RTVSPost2010PropOp41
 70
     1
102
RTVSPost2010Prop42
 90
       50
102
RTVSPost2010PropOp42
 70
     1
102
RTVSPost2010Prop43
 90
        3
102
RTVSPost2010PropOp43
 70
     1
102
RTVSPost2010Prop44ColorIndex
 90
        5
102
RTVSPost2010Prop44ColorRGB
 90
      255
102
RTVSPost2010PropOp44
 70
     1
102
RTVSPost2010Prop45
280
     0
102
RTVSPost2010PropOp45
 70
     1
102
RTVSPost2010Prop46
 90
       50
102
RTVSPost2010PropOp46
 70
     1
102
RTVSPost2010Prop47
 90
       50
102
RTVSPost2010PropOp47
 70
     1
102
RTVSPost2010Prop48
 90
       50
102
RTVSPost2010PropOp48
 70
     1
102
RTVSPost2010Prop49
280
     0
102
RTVSPost2010PropOp49
 70
     1
102
RTVSPost2010Prop50
 90
       50
102
RTVSPost2010PropOp50
 70
     1
102
RTVSPost2010Prop51ColorIndex
 90
      256
102
RTVSPost2010Prop51ColorRGB
 90
-16777216
102
RTVSPost2010PropOp51
 70
     0
102
RTVSPost2010Prop52
140
1.0
102
RTVSPost2010PropOp52
 70
     0
102
RTVSPost2010Prop53
 90
        2
102
RTVSPost2010PropOp53
 70
     1
102
RTVSPost2010Prop54
  1
strokes_ogs.tif
102
RTVSPost2010PropOp54
 70
     1
102
RTVSPost2010Prop55
280
     0
102
RTVSPost2010PropOp55
 70
     1
102
RTVSPost2010Prop56
140
1.0
102
RTVSPost2010PropOp56
 70
     1
102
RTVSPost2010Prop57
140
1.0
102
RTVSPost2010PropOp57
 70
     1
  0
XRECORD
  5
1A0
102
{ACAD_REACTORS
330
19F
102
}
330
19F
100
AcDbXrecord
280
     1
102
RTVSPropertyOp0
 70
     0
102
RTVSPropertyOp1
 70
     0
102
RTVSPropertyOp2
 70
     0
102
RTVSPropertyOp3
 70
     0
102
RTVSPropertyOp4
 70
     0
102
RTVSPropertyOp5
 70
     0
102
RTVSPropertyOp6
 70
     0
102
RTVSPropertyOp7
 70
     0
102
RTVSPropertyOp8
 70
     0
102
RTVSPropertyOp9
 70
     0
102
RTVSPropertyOp10
 70
     0
102
RTVSPropertyOp11
 70
     0
102
RTVSPropertyOp12
 70
     0
102
RTVSPropertyOp13
 70
     0
102
RTVSPropertyOp14
 70
     2
102
RTVSPropertyOp15
 70
     0
102
RTVSPropertyOp16
 70
     0
102
RTVSPropertyOp17
 70
     0
102
RTVSPropertyOp18
 70
     0
102
RTVSPropertyOp19
 70
     0
102
RTVSPropertyOp20
 70
     0
102
RTVSPropertyOp21
 70
     0
102
RTVSPropertyOp22
 70
     0
102
RTVSPropertyOp23
 70
     0
102
RTVSPropertyOp24
 70
     0
102
RTVSPropertyOp25
 70
     0
102
RTVSPropertyOp26
 70
     0
102
RTVSPropertyOp27
 70
     0
102
RTVSPropertyOp28
 70
     0
102
RTVSPropertyOp29
 70
     0
102
RTVSPropertyOp30
 70
     0
102
RTVSPropertyOp31
 70
     0
102
RTVSPropertyOp32
 70
     0
102
RTVSPropertyOp33
 70
     0
102
RTVSPropertyOp34
 70
     0
102
RTVSPropertyOp35
 70
     0
102
RTVSPropertyOp36
 70
     0
102
RTVSPropertyOp37
 70
     0
102
RTVSPropertyOp38
 70
     0
102
RTVSPropertyOp39
 70
     0
102
RTVSPropertyOp40
 70
     0
102
RTVSPropertyOp41
 70
     0
102
RTVSPropertyOp42
 70
     0
102
RTVSPropertyOp43
 70
     0
102
RTVSPropertyOp44
 70
     0
102
RTVSPropertyOp45
 70
     0
102
RTVSPropertyOp46
 70
     0
102
RTVSPropertyOp47
 70
     0
102
RTVSPropertyOp48
 70
     0
102
RTVSPropertyOp49
 70
     0
102
RTVSPropertyOp50
 70
     0
102
RTVSPropertyOp51
 70
     0
102
RTVSPropertyOp52
 70
     0
102
RTVSPropertyOp53
 70
     0
102
RTVSPropertyOp54
 70
     0
102
RTVSPropertyOp55
 70
     0
102
RTVSPropertyOp56
 70
     0
102
RTVSPropertyOp57
 70
     0
102
RTVSPost2010Prop28
280
     0
102
RTVSPost2010PropOp28
 70
     0
102
RTVSPost2010Prop29
280
     1
102
RTVSPost2010PropOp29
 70
     0
102
RTVSPost2010Prop30
280
     1
102
RTVSPost2010PropOp30
 70
     0
102
RTVSPost2010Prop31
280
     0
102
RTVSPost2010PropOp31
 70
     0
102
RTVSPost2010Prop32
280
     0
102
RTVSPost2010PropOp32
 70
     0
102
RTVSPost2010Prop33
280
     0
102
RTVSPost2010PropOp33
 70
     0
102
RTVSPost2010Prop34
280
     0
102
RTVSPost2010PropOp34
 70
     0
102
RTVSPost2010Prop35
280
     0
102
RTVSPost2010PropOp35
 70
     0
102
RTVSPost2010Prop36
280
     0
102
RTVSPost2010PropOp36
 70
     0
102
RTVSPost2010Prop37
 90
       50
102
RTVSPost2010PropOp37
 70
     0
102
RTVSPost2010Prop38
140
0.0
102
RTVSPost2010PropOp38
 70
     0
102
RTVSPost2010Prop39
140
1.0
102
RTVSPost2010PropOp39
 70
     0
102
RTVSPost2010Prop40
 90
        0
102
RTVSPost2010PropOp40
 70
     0
102
RTVSPost2010Prop41ColorIndex
 90
       18
102
RTVSPost2010Prop41ColorRGB
 90
        0
102
RTVSPost2010PropOp41
 70
     0
102
RTVSPost2010Prop42
 90
       50
102
RTVSPost2010PropOp42
 70
     0
102
RTVSPost2010Prop43
 90
        3
102
RTVSPost2010PropOp43
 70
     0
102
RTVSPost2010Prop44ColorIndex
 90
        5
102
RTVSPost2010Prop44ColorRGB
 90
      255
102
RTVSPost2010PropOp44
 70
     0
102
RTVSPost2010Prop45
280
     0
102
RTVSPost2010PropOp45
 70
     0
102
RTVSPost2010Prop46
 90
       50
102
RTVSPost2010PropOp46
 70
     0
102
RTVSPost2010Prop47
 90
       50
102
RTVSPost2010PropOp47
 70
     0
102
RTVSPost2010Prop48
 90
       50
102
RTVSPost2010PropOp48
 70
     0
102
RTVSPost2010Prop49
280
     0
102
RTVSPost2010PropOp49
 70
     0
102
RTVSPost2010Prop50
 90
       50
102
RTVSPost2010PropOp50
 70
     0
102
RTVSPost2010Prop51ColorIndex
 90
      256
102
RTVSPost2010Prop51ColorRGB
 90
-16777216
102
RTVSPost2010PropOp51
 70
     0
102
RTVSPost2010Prop52
140
1.0
102
RTVSPost2010PropOp52
 70
     0
102
RTVSPost2010Prop53
 90
        2
102
RTVSPost2010PropOp53
 70
     0
102
RTVSPost2010Prop54
  1
strokes_ogs.tif
102
RTVSPost2010PropOp54
 70
     0
102
RTVSPost2010Prop55
280
     0
102
RTVSPost2010PropOp55
 70
     0
102
RTVSPost2010Prop56
140
1.0
102
RTVSPost2010PropOp56
 70
     0
102
RTVSPost2010Prop57
140
1.0
102
RTVSPost2010PropOp57
 70
     0
  0
XRECORD
  5
19A
102
{ACAD_REACTORS
330
199
102
}
330
199
100
AcDbXrecord
280
     1
102
RTVSPropertyOp0
 70
     1
102
RTVSPropertyOp1
 70
     1
102
RTVSPropertyOp2
 70
     1
102
RTVSPropertyOp3
 70
     1
102
RTVSPropertyOp4
 70
     1
102
RTVSPropertyOp5
 70
     1
102
RTVSPropertyOp6
 70
     1
102
RTVSPropertyOp7
 70
     1
102
RTVSPropertyOp8
 70
     1
102
RTVSPropertyOp9
 70
     1
102
RTVSPropertyOp10
 70
     1
102
RTVSPropertyOp11
 70
     1
102
RTVSPropertyOp12
 70
     1
102
RTVSPropertyOp13
 70
     1
102
RTVSPropertyOp14
 70
     1
102
RTVSPropertyOp15
 70
     1
102
RTVSPropertyOp16
 70
     1
102
RTVSPropertyOp17
 70
     1
102
RTVSPropertyOp18
 70
     1
102
RTVSPropertyOp19
 70
     1
102
RTVSPropertyOp20
 70
     1
102
RTVSPropertyOp21
 70
     1
102
RTVSPropertyOp22
 70
     1
102
RTVSPropertyOp23
 70
     1
102
RTVSPropertyOp24
 70
     1
102
RTVSPropertyOp25
 70
     1
102
RTVSPropertyOp26
 70
     1
102
RTVSPropertyOp27
 70
     1
102
RTVSPropertyOp28
 70
     1
102
RTVSPropertyOp29
 70
     1
102
RTVSPropertyOp30
 70
     1
102
RTVSPropertyOp31
 70
     1
102
RTVSPropertyOp32
 70
     1
102
RTVSPropertyOp33
 70
     1
102
RTVSPropertyOp34
 70
     1
102
RTVSPropertyOp35
 70
     1
102
RTVSPropertyOp36
 70
     1
102
RTVSPropertyOp37
 70
     1
102
RTVSPropertyOp38
 70
     1
102
RTVSPropertyOp39
 70
     1
102
RTVSPropertyOp40
 70
     1
102
RTVSPropertyOp41
 70
     1
102
RTVSPropertyOp42
 70
     1
102
RTVSPropertyOp43
 70
     1
102
RTVSPropertyOp44
 70
     1
102
RTVSPropertyOp45
 70
     1
102
RTVSPropertyOp46
 70
     1
102
RTVSPropertyOp47
 70
     1
102
RTVSPropertyOp48
 70
     1
102
RTVSPropertyOp49
 70
     1
102
RTVSPropertyOp50
 70
     1
102
RTVSPropertyOp51
 70
     0
102
RTVSPropertyOp52
 70
     0
102
RTVSPropertyOp53
 70
     1
102
RTVSPropertyOp54
 70
     1
102
RTVSPropertyOp55
 70
     1
102
RTVSPropertyOp56
 70
     1
102
RTVSPropertyOp57
 70
     1
102
RTVSPost2010Prop28
280
     0
102
RTVSPost2010PropOp28
 70
     1
102
RTVSPost2010Prop29
280
     1
102
RTVSPost2010PropOp29
 70
     1
102
RTVSPost2010Prop30
280
     1
102
RTVSPost2010PropOp30
 70
     1
102
RTVSPost2010Prop31
280
     0
102
RTVSPost2010PropOp31
 70
     1
102
RTVSPost2010Prop32
280
     0
102
RTVSPost2010PropOp32
 70
     1
102
RTVSPost2010Prop33
280
     0
102
RTVSPost2010PropOp33
 70
     1
102
RTVSPost2010Prop34
280
     0
102
RTVSPost2010PropOp34
 70
     1
102
RTVSPost2010Prop35
280
     0
102
RTVSPost2010PropOp35
 70
     1
102
RTVSPost2010Prop36
280
     0
102
RTVSPost2010PropOp36
 70
     1
102
RTVSPost2010Prop37
 90
       50
102
RTVSPost2010PropOp37
 70
     1
102
RTVSPost2010Prop38
140
0.0
102
RTVSPost2010PropOp38
 70
     1
102
RTVSPost2010Prop39
140
1.0
102
RTVSPost2010PropOp39
 70
     1
102
RTVSPost2010Prop40
 90
        0
102
RTVSPost2010PropOp40
 70
     1
102
RTVSPost2010Prop41ColorIndex
 90
       18
102
RTVSPost2010Prop41ColorRGB
 90
        0
102
RTVSPost2010PropOp41
 70
     1
102
RTVSPost2010Prop42
 90
       50
102
RTVSPost2010PropOp42
 70
     1
102
RTVSPost2010Prop43
 90
        3
102
RTVSPost2010PropOp43
 70
     1
102
RTVSPost2010Prop44ColorIndex
 90
        5
102
RTVSPost2010Prop44ColorRGB
 90
      255
102
RTVSPost2010PropOp44
 70
     1
102
RTVSPost2010Prop45
280
     0
102
RTVSPost2010PropOp45
 70
     1
102
RTVSPost2010Prop46
 90
       50
102
RTVSPost2010PropOp46
 70
     1
102
RTVSPost2010Prop47
 90
       50
102
RTVSPost2010PropOp47
 70
     1
102
RTVSPost2010Prop48
 90
       50
102
RTVSPost2010PropOp48
 70
     1
102
RTVSPost2010Prop49
280
     0
102
RTVSPost2010PropOp49
 70
     1
102
RTVSPost2010Prop50
 90
       50
102
RTVSPost2010PropOp50
 70
     1
102
RTVSPost2010Prop51ColorIndex
 90
      256
102
RTVSPost2010Prop51ColorRGB
 90
-16777216
102
RTVSPost2010PropOp51
 70
     0
102
RTVSPost2010Prop52
140
1.0
102
RTVSPost2010PropOp52
 70
     0
102
RTVSPost2010Prop53
 90
        2
102
RTVSPost2010PropOp53
 70
     1
102
RTVSPost2010Prop54
  1
strokes_ogs.tif
102
RTVSPost2010PropOp54
 70
     1
102
RTVSPost2010Prop55
280
     0
102
RTVSPost2010PropOp55
 70
     1
102
RTVSPost2010Prop56
140
1.0
102
RTVSPost2010PropOp56
 70
     1
102
RTVSPost2010Prop57
140
1.0
102
RTVSPost2010PropOp57
 70
     1
  0
XRECORD
  5
1A2
102
{ACAD_REACTORS
330
1A1
102
}
330
1A1
100
AcDbXrecord
280
     1
102
RTVSPropertyOp0
 70
     0
102
RTVSPropertyOp1
 70
     0
102
RTVSPropertyOp2
 70
     0
102
RTVSPropertyOp3
 70
     0
102
RTVSPropertyOp4
 70
     0
102
RTVSPropertyOp5
 70
     0
102
RTVSPropertyOp6
 70
     0
102
RTVSPropertyOp7
 70
     0
102
RTVSPropertyOp8
 70
     0
102
RTVSPropertyOp9
 70
     0
102
RTVSPropertyOp10
 70
     0
102
RTVSPropertyOp11
 70
     0
102
RTVSPropertyOp12
 70
     0
102
RTVSPropertyOp13
 70
     0
102
RTVSPropertyOp14
 70
     2
102
RTVSPropertyOp15
 70
     0
102
RTVSPropertyOp16
 70
     0
102
RTVSPropertyOp17
 70
     0
102
RTVSPropertyOp18
 70
     0
102
RTVSPropertyOp19
 70
     0
102
RTVSPropertyOp20
 70
     0
102
RTVSPropertyOp21
 70
     0
102
RTVSPropertyOp22
 70
     0
102
RTVSPropertyOp23
 70
     0
102
RTVSPropertyOp24
 70
     0
102
RTVSPropertyOp25
 70
     0
102
RTVSPropertyOp26
 70
     0
102
RTVSPropertyOp27
 70
     0
102
RTVSPropertyOp28
 70
     0
102
RTVSPropertyOp29
 70
     0
102
RTVSPropertyOp30
 70
     0
102
RTVSPropertyOp31
 70
     0
102
RTVSPropertyOp32
 70
     0
102
RTVSPropertyOp33
 70
     0
102
RTVSPropertyOp34
 70
     0
102
RTVSPropertyOp35
 70
     0
102
RTVSPropertyOp36
 70
     0
102
RTVSPropertyOp37
 70
     0
102
RTVSPropertyOp38
 70
     0
102
RTVSPropertyOp39
 70
     0
102
RTVSPropertyOp40
 70
     0
102
RTVSPropertyOp41
 70
     0
102
RTVSPropertyOp42
 70
     0
102
RTVSPropertyOp43
 70
     0
102
RTVSPropertyOp44
 70
     0
102
RTVSPropertyOp45
 70
     0
102
RTVSPropertyOp46
 70
     0
102
RTVSPropertyOp47
 70
     0
102
RTVSPropertyOp48
 70
     0
102
RTVSPropertyOp49
 70
     0
102
RTVSPropertyOp50
 70
     0
102
RTVSPropertyOp51
 70
     0
102
RTVSPropertyOp52
 70
     0
102
RTVSPropertyOp53
 70
     0
102
RTVSPropertyOp54
 70
     0
102
RTVSPropertyOp55
 70
     0
102
RTVSPropertyOp56
 70
     0
102
RTVSPropertyOp57
 70
     0
102
RTVSPost2010Prop28
280
     0
102
RTVSPost2010PropOp28
 70
     0
102
RTVSPost2010Prop29
280
     1
102
RTVSPost2010PropOp29
 70
     0
102
RTVSPost2010Prop30
280
     1
102
RTVSPost2010PropOp30
 70
     0
102
RTVSPost2010Prop31
280
     0
102
RTVSPost2010PropOp31
 70
     0
102
RTVSPost2010Prop32
280
     0
102
RTVSPost2010PropOp32
 70
     0
102
RTVSPost2010Prop33
280
     0
102
RTVSPost2010PropOp33
 70
     0
102
RTVSPost2010Prop34
280
     0
102
RTVSPost2010PropOp34
 70
     0
102
RTVSPost2010Prop35
280
     0
102
RTVSPost2010PropOp35
 70
     0
102
RTVSPost2010Prop36
280
     0
102
RTVSPost2010PropOp36
 70
     0
102
RTVSPost2010Prop37
 90
       50
102
RTVSPost2010PropOp37
 70
     0
102
RTVSPost2010Prop38
140
0.0
102
RTVSPost2010PropOp38
 70
     0
102
RTVSPost2010Prop39
140
1.0
102
RTVSPost2010PropOp39
 70
     0
102
RTVSPost2010Prop40
 90
        0
102
RTVSPost2010PropOp40
 70
     0
102
RTVSPost2010Prop41ColorIndex
 90
       18
102
RTVSPost2010Prop41ColorRGB
 90
        0
102
RTVSPost2010PropOp41
 70
     0
102
RTVSPost2010Prop42
 90
       50
102
RTVSPost2010PropOp42
 70
     0
102
RTVSPost2010Prop43
 90
        3
102
RTVSPost2010PropOp43
 70
     0
102
RTVSPost2010Prop44ColorIndex
 90
        5
102
RTVSPost2010Prop44ColorRGB
 90
      255
102
RTVSPost2010PropOp44
 70
     0
102
RTVSPost2010Prop45
280
     0
102
RTVSPost2010PropOp45
 70
     0
102
RTVSPost2010Prop46
 90
       50
102
RTVSPost2010PropOp46
 70
     0
102
RTVSPost2010Prop47
 90
       50
102
RTVSPost2010PropOp47
 70
     0
102
RTVSPost2010Prop48
 90
       50
102
RTVSPost2010PropOp48
 70
     0
102
RTVSPost2010Prop49
280
     0
102
RTVSPost2010PropOp49
 70
     0
102
RTVSPost2010Prop50
 90
       50
102
RTVSPost2010PropOp50
 70
     0
102
RTVSPost2010Prop51ColorIndex
 90
      256
102
RTVSPost2010Prop51ColorRGB
 90
-16777216
102
RTVSPost2010PropOp51
 70
     0
102
RTVSPost2010Prop52
140
1.0
102
RTVSPost2010PropOp52
 70
     0
102
RTVSPost2010Prop53
 90
        2
102
RTVSPost2010PropOp53
 70
     0
102
RTVSPost2010Prop54
  1
strokes_ogs.tif
102
RTVSPost2010PropOp54
 70
     0
102
RTVSPost2010Prop55
280
     0
102
RTVSPost2010PropOp55
 70
     0
102
RTVSPost2010Prop56
140
1.0
102
RTVSPost2010PropOp56
 70
     0
102
RTVSPost2010Prop57
140
1.0
102
RTVSPost2010PropOp57
 70
     0
  0
XRECORD
  5
190
102
{ACAD_REACTORS
330
18F
102
}
330
18F
100
AcDbXrecord
280
     1
102
RTVSPropertyOp0
 70
     1
102
RTVSPropertyOp1
 70
     1
102
RTVSPropertyOp2
 70
     1
102
RTVSPropertyOp3
 70
     1
102
RTVSPropertyOp4
 70
     1
102
RTVSPropertyOp5
 70
     1
102
RTVSPropertyOp6
 70
     1
102
RTVSPropertyOp7
 70
     1
102
RTVSPropertyOp8
 70
     1
102
RTVSPropertyOp9
 70
     1
102
RTVSPropertyOp10
 70
     1
102
RTVSPropertyOp11
 70
     1
102
RTVSPropertyOp12
 70
     1
102
RTVSPropertyOp13
 70
     1
102
RTVSPropertyOp14
 70
     1
102
RTVSPropertyOp15
 70
     1
102
RTVSPropertyOp16
 70
     1
102
RTVSPropertyOp17
 70
     1
102
RTVSPropertyOp18
 70
     1
102
RTVSPropertyOp19
 70
     1
102
RTVSPropertyOp20
 70
     1
102
RTVSPropertyOp21
 70
     1
102
RTVSPropertyOp22
 70
     1
102
RTVSPropertyOp23
 70
     1
102
RTVSPropertyOp24
 70
     1
102
RTVSPropertyOp25
 70
     1
102
RTVSPropertyOp26
 70
     1
102
RTVSPropertyOp27
 70
     1
102
RTVSPropertyOp28
 70
     1
102
RTVSPropertyOp29
 70
     1
102
RTVSPropertyOp30
 70
     1
102
RTVSPropertyOp31
 70
     1
102
RTVSPropertyOp32
 70
     1
102
RTVSPropertyOp33
 70
     1
102
RTVSPropertyOp34
 70
     1
102
RTVSPropertyOp35
 70
     1
102
RTVSPropertyOp36
 70
     1
102
RTVSPropertyOp37
 70
     1
102
RTVSPropertyOp38
 70
     1
102
RTVSPropertyOp39
 70
     1
102
RTVSPropertyOp40
 70
     1
102
RTVSPropertyOp41
 70
     1
102
RTVSPropertyOp42
 70
     1
102
RTVSPropertyOp43
 70
     1
102
RTVSPropertyOp44
 70
     1
102
RTVSPropertyOp45
 70
     1
102
RTVSPropertyOp46
 70
     1
102
RTVSPropertyOp47
 70
     1
102
RTVSPropertyOp48
 70
     1
102
RTVSPropertyOp49
 70
     1
102
RTVSPropertyOp50
 70
     1
102
RTVSPropertyOp51
 70
     0
102
RTVSPropertyOp52
 70
     0
102
RTVSPropertyOp53
 70
     1
102
RTVSPropertyOp54
 70
     1
102
RTVSPropertyOp55
 70
     1
102
RTVSPropertyOp56
 70
     1
102
RTVSPropertyOp57
 70
     1
102
RTVSPost2010Prop28
280
     0
102
RTVSPost2010PropOp28
 70
     1
102
RTVSPost2010Prop29
280
     1
102
RTVSPost2010PropOp29
 70
     1
102
RTVSPost2010Prop30
280
     1
102
RTVSPost2010PropOp30
 70
     1
102
RTVSPost2010Prop31
280
     0
102
RTVSPost2010PropOp31
 70
     1
102
RTVSPost2010Prop32
280
     0
102
RTVSPost2010PropOp32
 70
     1
102
RTVSPost2010Prop33
280
     0
102
RTVSPost2010PropOp33
 70
     1
102
RTVSPost2010Prop34
280
     0
102
RTVSPost2010PropOp34
 70
     1
102
RTVSPost2010Prop35
280
     0
102
RTVSPost2010PropOp35
 70
     1
102
RTVSPost2010Prop36
280
     0
102
RTVSPost2010PropOp36
 70
     1
102
RTVSPost2010Prop37
 90
       50
102
RTVSPost2010PropOp37
 70
     1
102
RTVSPost2010Prop38
140
0.0
102
RTVSPost2010PropOp38
 70
     1
102
RTVSPost2010Prop39
140
1.0
102
RTVSPost2010PropOp39
 70
     1
102
RTVSPost2010Prop40
 90
        0
102
RTVSPost2010PropOp40
 70
     1
102
RTVSPost2010Prop41ColorIndex
 90
       18
102
RTVSPost2010Prop41ColorRGB
 90
        0
102
RTVSPost2010PropOp41
 70
     1
102
RTVSPost2010Prop42
 90
       50
102
RTVSPost2010PropOp42
 70
     1
102
RTVSPost2010Prop43
 90
        3
102
RTVSPost2010PropOp43
 70
     1
102
RTVSPost2010Prop44ColorIndex
 90
        5
102
RTVSPost2010Prop44ColorRGB
 90
      255
102
RTVSPost2010PropOp44
 70
     1
102
RTVSPost2010Prop45
280
     0
102
RTVSPost2010PropOp45
 70
     1
102
RTVSPost2010Prop46
 90
       50
102
RTVSPost2010PropOp46
 70
     1
102
RTVSPost2010Prop47
 90
       50
102
RTVSPost2010PropOp47
 70
     1
102
RTVSPost2010Prop48
 90
       50
102
RTVSPost2010PropOp48
 70
     1
102
RTVSPost2010Prop49
280
     0
102
RTVSPost2010PropOp49
 70
     1
102
RTVSPost2010Prop50
 90
       50
102
RTVSPost2010PropOp50
 70
     1
102
RTVSPost2010Prop51ColorIndex
 90
      256
102
RTVSPost2010Prop51ColorRGB
 90
-16777216
102
RTVSPost2010PropOp51
 70
     0
102
RTVSPost2010Prop52
140
1.0
102
RTVSPost2010PropOp52
 70
     0
102
RTVSPost2010Prop53
 90
        2
102
RTVSPost2010PropOp53
 70
     1
102
RTVSPost2010Prop54
  1
strokes_ogs.tif
102
RTVSPost2010PropOp54
 70
     1
102
RTVSPost2010Prop55
280
     0
102
RTVSPost2010PropOp55
 70
     1
102
RTVSPost2010Prop56
140
1.0
102
RTVSPost2010PropOp56
 70
     1
102
RTVSPost2010Prop57
140
1.0
102
RTVSPost2010PropOp57
 70
     1
  0
XRECORD
  5
1AE
102
{ACAD_REACTORS
330
1AD
102
}
330
1AD
100
AcDbXrecord
280
     1
102
RTVSPropertyOp0
 70
     1
102
RTVSPropertyOp1
 70
     1
102
RTVSPropertyOp2
 70
     1
102
RTVSPropertyOp3
 70
     1
102
RTVSPropertyOp4
 70
     1
102
RTVSPropertyOp5
 70
     1
102
RTVSPropertyOp6
 70
     1
102
RTVSPropertyOp7
 70
     1
102
RTVSPropertyOp8
 70
     1
102
RTVSPropertyOp9
 70
     1
102
RTVSPropertyOp10
 70
     1
102
RTVSPropertyOp11
 70
     1
102
RTVSPropertyOp12
 70
     1
102
RTVSPropertyOp13
 70
     1
102
RTVSPropertyOp14
 70
     1
102
RTVSPropertyOp15
 70
     1
102
RTVSPropertyOp16
 70
     1
102
RTVSPropertyOp17
 70
     1
102
RTVSPropertyOp18
 70
     1
102
RTVSPropertyOp19
 70
     1
102
RTVSPropertyOp20
 70
     1
102
RTVSPropertyOp21
 70
     1
102
RTVSPropertyOp22
 70
     1
102
RTVSPropertyOp23
 70
     1
102
RTVSPropertyOp24
 70
     1
102
RTVSPropertyOp25
 70
     1
102
RTVSPropertyOp26
 70
     1
102
RTVSPropertyOp27
 70
     1
102
RTVSPropertyOp28
 70
     1
102
RTVSPropertyOp29
 70
     1
102
RTVSPropertyOp30
 70
     1
102
RTVSPropertyOp31
 70
     1
102
RTVSPropertyOp32
 70
     1
102
RTVSPropertyOp33
 70
     1
102
RTVSPropertyOp34
 70
     1
102
RTVSPropertyOp35
 70
     1
102
RTVSPropertyOp36
 70
     1
102
RTVSPropertyOp37
 70
     1
102
RTVSPropertyOp38
 70
     1
102
RTVSPropertyOp39
 70
     1
102
RTVSPropertyOp40
 70
     1
102
RTVSPropertyOp41
 70
     1
102
RTVSPropertyOp42
 70
     1
102
RTVSPropertyOp43
 70
     1
102
RTVSPropertyOp44
 70
     1
102
RTVSPropertyOp45
 70
     1
102
RTVSPropertyOp46
 70
     1
102
RTVSPropertyOp47
 70
     1
102
RTVSPropertyOp48
 70
     1
102
RTVSPropertyOp49
 70
     1
102
RTVSPropertyOp50
 70
     1
102
RTVSPropertyOp51
 70
     0
102
RTVSPropertyOp52
 70
     0
102
RTVSPropertyOp53
 70
     1
102
RTVSPropertyOp54
 70
     1
102
RTVSPropertyOp55
 70
     1
102
RTVSPropertyOp56
 70
     1
102
RTVSPropertyOp57
 70
     1
102
RTVSPost2010Prop28
280
     0
102
RTVSPost2010PropOp28
 70
     1
102
RTVSPost2010Prop29
280
     1
102
RTVSPost2010PropOp29
 70
     1
102
RTVSPost2010Prop30
280
     1
102
RTVSPost2010PropOp30
 70
     1
102
RTVSPost2010Prop31
280
     0
102
RTVSPost2010PropOp31
 70
     1
102
RTVSPost2010Prop32
280
     0
102
RTVSPost2010PropOp32
 70
     1
102
RTVSPost2010Prop33
280
     0
102
RTVSPost2010PropOp33
 70
     1
102
RTVSPost2010Prop34
280
     0
102
RTVSPost2010PropOp34
 70
     1
102
RTVSPost2010Prop35
280
     0
102
RTVSPost2010PropOp35
 70
     1
102
RTVSPost2010Prop36
280
     0
102
RTVSPost2010PropOp36
 70
     1
102
RTVSPost2010Prop37
 90
       50
102
RTVSPost2010PropOp37
 70
     1
102
RTVSPost2010Prop38
140
0.0
102
RTVSPost2010PropOp38
 70
     1
102
RTVSPost2010Prop39
140
1.0
102
RTVSPost2010PropOp39
 70
     1
102
RTVSPost2010Prop40
 90
        0
102
RTVSPost2010PropOp40
 70
     1
102
RTVSPost2010Prop41ColorIndex
 90
       18
102
RTVSPost2010Prop41ColorRGB
 90
        0
102
RTVSPost2010PropOp41
 70
     1
102
RTVSPost2010Prop42
 90
       50
102
RTVSPost2010PropOp42
 70
     1
102
RTVSPost2010Prop43
 90
        3
102
RTVSPost2010PropOp43
 70
     1
102
RTVSPost2010Prop44ColorIndex
 90
        5
102
RTVSPost2010Prop44ColorRGB
 90
      255
102
RTVSPost2010PropOp44
 70
     1
102
RTVSPost2010Prop45
280
     0
102
RTVSPost2010PropOp45
 70
     1
102
RTVSPost2010Prop46
 90
       50
102
RTVSPost2010PropOp46
 70
     1
102
RTVSPost2010Prop47
 90
       50
102
RTVSPost2010PropOp47
 70
     1
102
RTVSPost2010Prop48
 90
       50
102
RTVSPost2010PropOp48
 70
     1
102
RTVSPost2010Prop49
280
     0
102
RTVSPost2010PropOp49
 70
     1
102
RTVSPost2010Prop50
 90
       50
102
RTVSPost2010PropOp50
 70
     1
102
RTVSPost2010Prop51ColorIndex
 90
      256
102
RTVSPost2010Prop51ColorRGB
 90
-16777216
102
RTVSPost2010PropOp51
 70
     0
102
RTVSPost2010Prop52
140
1.0
102
RTVSPost2010PropOp52
 70
     0
102
RTVSPost2010Prop53
 90
        2
102
RTVSPost2010PropOp53
 70
     1
102
RTVSPost2010Prop54
  1
strokes_ogs.tif
102
RTVSPost2010PropOp54
 70
     1
102
RTVSPost2010Prop55
280
     0
102
RTVSPost2010PropOp55
 70
     1
102
RTVSPost2010Prop56
140
1.0
102
RTVSPost2010PropOp56
 70
     1
102
RTVSPost2010Prop57
140
1.0
102
RTVSPost2010PropOp57
 70
     1
  0
XRECORD
  5
1AC
102
{ACAD_REACTORS
330
1AB
102
}
330
1AB
100
AcDbXrecord
280
     1
102
RTVSPropertyOp0
 70
     1
102
RTVSPropertyOp1
 70
     1
102
RTVSPropertyOp2
 70
     1
102
RTVSPropertyOp3
 70
     1
102
RTVSPropertyOp4
 70
     1
102
RTVSPropertyOp5
 70
     1
102
RTVSPropertyOp6
 70
     1
102
RTVSPropertyOp7
 70
     1
102
RTVSPropertyOp8
 70
     1
102
RTVSPropertyOp9
 70
     1
102
RTVSPropertyOp10
 70
     1
102
RTVSPropertyOp11
 70
     1
102
RTVSPropertyOp12
 70
     1
102
RTVSPropertyOp13
 70
     1
102
RTVSPropertyOp14
 70
     1
102
RTVSPropertyOp15
 70
     1
102
RTVSPropertyOp16
 70
     1
102
RTVSPropertyOp17
 70
     1
102
RTVSPropertyOp18
 70
     1
102
RTVSPropertyOp19
 70
     1
102
RTVSPropertyOp20
 70
     1
102
RTVSPropertyOp21
 70
     1
102
RTVSPropertyOp22
 70
     1
102
RTVSPropertyOp23
 70
     1
102
RTVSPropertyOp24
 70
     1
102
RTVSPropertyOp25
 70
     1
102
RTVSPropertyOp26
 70
     1
102
RTVSPropertyOp27
 70
     1
102
RTVSPropertyOp28
 70
     1
102
RTVSPropertyOp29
 70
     1
102
RTVSPropertyOp30
 70
     1
102
RTVSPropertyOp31
 70
     1
102
RTVSPropertyOp32
 70
     1
102
RTVSPropertyOp33
 70
     1
102
RTVSPropertyOp34
 70
     1
102
RTVSPropertyOp35
 70
     1
102
RTVSPropertyOp36
 70
     1
102
RTVSPropertyOp37
 70
     1
102
RTVSPropertyOp38
 70
     1
102
RTVSPropertyOp39
 70
     1
102
RTVSPropertyOp40
 70
     1
102
RTVSPropertyOp41
 70
     1
102
RTVSPropertyOp42
 70
     1
102
RTVSPropertyOp43
 70
     1
102
RTVSPropertyOp44
 70
     1
102
RTVSPropertyOp45
 70
     1
102
RTVSPropertyOp46
 70
     1
102
RTVSPropertyOp47
 70
     1
102
RTVSPropertyOp48
 70
     1
102
RTVSPropertyOp49
 70
     1
102
RTVSPropertyOp50
 70
     1
102
RTVSPropertyOp51
 70
     0
102
RTVSPropertyOp52
 70
     0
102
RTVSPropertyOp53
 70
     1
102
RTVSPropertyOp54
 70
     1
102
RTVSPropertyOp55
 70
     1
102
RTVSPropertyOp56
 70
     1
102
RTVSPropertyOp57
 70
     1
102
RTVSPost2010Prop28
280
     0
102
RTVSPost2010PropOp28
 70
     1
102
RTVSPost2010Prop29
280
     1
102
RTVSPost2010PropOp29
 70
     1
102
RTVSPost2010Prop30
280
     1
102
RTVSPost2010PropOp30
 70
     1
102
RTVSPost2010Prop31
280
     0
102
RTVSPost2010PropOp31
 70
     1
102
RTVSPost2010Prop32
280
     0
102
RTVSPost2010PropOp32
 70
     1
102
RTVSPost2010Prop33
280
     0
102
RTVSPost2010PropOp33
 70
     1
102
RTVSPost2010Prop34
280
     0
102
RTVSPost2010PropOp34
 70
     1
102
RTVSPost2010Prop35
280
     0
102
RTVSPost2010PropOp35
 70
     1
102
RTVSPost2010Prop36
280
     0
102
RTVSPost2010PropOp36
 70
     1
102
RTVSPost2010Prop37
 90
       50
102
RTVSPost2010PropOp37
 70
     1
102
RTVSPost2010Prop38
140
0.0
102
RTVSPost2010PropOp38
 70
     1
102
RTVSPost2010Prop39
140
1.0
102
RTVSPost2010PropOp39
 70
     1
102
RTVSPost2010Prop40
 90
        0
102
RTVSPost2010PropOp40
 70
     1
102
RTVSPost2010Prop41ColorIndex
 90
       18
102
RTVSPost2010Prop41ColorRGB
 90
        0
102
RTVSPost2010PropOp41
 70
     1
102
RTVSPost2010Prop42
 90
       50
102
RTVSPost2010PropOp42
 70
     1
102
RTVSPost2010Prop43
 90
        3
102
RTVSPost2010PropOp43
 70
     1
102
RTVSPost2010Prop44ColorIndex
 90
        5
102
RTVSPost2010Prop44ColorRGB
 90
      255
102
RTVSPost2010PropOp44
 70
     1
102
RTVSPost2010Prop45
280
     0
102
RTVSPost2010PropOp45
 70
     1
102
RTVSPost2010Prop46
 90
       50
102
RTVSPost2010PropOp46
 70
     1
102
RTVSPost2010Prop47
 90
       50
102
RTVSPost2010PropOp47
 70
     1
102
RTVSPost2010Prop48
 90
       50
102
RTVSPost2010PropOp48
 70
     1
102
RTVSPost2010Prop49
280
     0
102
RTVSPost2010PropOp49
 70
     1
102
RTVSPost2010Prop50
 90
       50
102
RTVSPost2010PropOp50
 70
     1
102
RTVSPost2010Prop51ColorIndex
 90
      256
102
RTVSPost2010Prop51ColorRGB
 90
-16777216
102
RTVSPost2010PropOp51
 70
     0
102
RTVSPost2010Prop52
140
1.0
102
RTVSPost2010PropOp52
 70
     0
102
RTVSPost2010Prop53
 90
        2
102
RTVSPost2010PropOp53
 70
     1
102
RTVSPost2010Prop54
  1
strokes_ogs.tif
102
RTVSPost2010PropOp54
 70
     1
102
RTVSPost2010Prop55
280
     0
102
RTVSPost2010PropOp55
 70
     1
102
RTVSPost2010Prop56
140
1.0
102
RTVSPost2010PropOp56
 70
     1
102
RTVSPost2010Prop57
140
1.0
102
RTVSPost2010PropOp57
 70
     1
  0
XRECORD
  5
1A6
102
{ACAD_REACTORS
330
1A5
102
}
330
1A5
100
AcDbXrecord
280
     1
102
RTVSPropertyOp0
 70
     1
102
RTVSPropertyOp1
 70
     1
102
RTVSPropertyOp2
 70
     1
102
RTVSPropertyOp3
 70
     1
102
RTVSPropertyOp4
 70
     1
102
RTVSPropertyOp5
 70
     1
102
RTVSPropertyOp6
 70
     1
102
RTVSPropertyOp7
 70
     1
102
RTVSPropertyOp8
 70
     1
102
RTVSPropertyOp9
 70
     1
102
RTVSPropertyOp10
 70
     1
102
RTVSPropertyOp11
 70
     1
102
RTVSPropertyOp12
 70
     1
102
RTVSPropertyOp13
 70
     1
102
RTVSPropertyOp14
 70
     1
102
RTVSPropertyOp15
 70
     1
102
RTVSPropertyOp16
 70
     1
102
RTVSPropertyOp17
 70
     1
102
RTVSPropertyOp18
 70
     1
102
RTVSPropertyOp19
 70
     1
102
RTVSPropertyOp20
 70
     1
102
RTVSPropertyOp21
 70
     1
102
RTVSPropertyOp22
 70
     1
102
RTVSPropertyOp23
 70
     1
102
RTVSPropertyOp24
 70
     1
102
RTVSPropertyOp25
 70
     1
102
RTVSPropertyOp26
 70
     1
102
RTVSPropertyOp27
 70
     1
102
RTVSPropertyOp28
 70
     1
102
RTVSPropertyOp29
 70
     1
102
RTVSPropertyOp30
 70
     1
102
RTVSPropertyOp31
 70
     1
102
RTVSPropertyOp32
 70
     1
102
RTVSPropertyOp33
 70
     1
102
RTVSPropertyOp34
 70
     1
102
RTVSPropertyOp35
 70
     1
102
RTVSPropertyOp36
 70
     1
102
RTVSPropertyOp37
 70
     1
102
RTVSPropertyOp38
 70
     1
102
RTVSPropertyOp39
 70
     1
102
RTVSPropertyOp40
 70
     1
102
RTVSPropertyOp41
 70
     1
102
RTVSPropertyOp42
 70
     1
102
RTVSPropertyOp43
 70
     1
102
RTVSPropertyOp44
 70
     1
102
RTVSPropertyOp45
 70
     1
102
RTVSPropertyOp46
 70
     1
102
RTVSPropertyOp47
 70
     1
102
RTVSPropertyOp48
 70
     1
102
RTVSPropertyOp49
 70
     1
102
RTVSPropertyOp50
 70
     1
102
RTVSPropertyOp51
 70
     0
102
RTVSPropertyOp52
 70
     0
102
RTVSPropertyOp53
 70
     1
102
RTVSPropertyOp54
 70
     1
102
RTVSPropertyOp55
 70
     1
102
RTVSPropertyOp56
 70
     1
102
RTVSPropertyOp57
 70
     1
102
RTVSPost2010Prop28
280
     0
102
RTVSPost2010PropOp28
 70
     1
102
RTVSPost2010Prop29
280
     1
102
RTVSPost2010PropOp29
 70
     1
102
RTVSPost2010Prop30
280
     1
102
RTVSPost2010PropOp30
 70
     1
102
RTVSPost2010Prop31
280
     0
102
RTVSPost2010PropOp31
 70
     1
102
RTVSPost2010Prop32
280
     0
102
RTVSPost2010PropOp32
 70
     1
102
RTVSPost2010Prop33
280
     0
102
RTVSPost2010PropOp33
 70
     1
102
RTVSPost2010Prop34
280
     0
102
RTVSPost2010PropOp34
 70
     1
102
RTVSPost2010Prop35
280
     0
102
RTVSPost2010PropOp35
 70
     1
102
RTVSPost2010Prop36
280
     0
102
RTVSPost2010PropOp36
 70
     1
102
RTVSPost2010Prop37
 90
       50
102
RTVSPost2010PropOp37
 70
     1
102
RTVSPost2010Prop38
140
0.0
102
RTVSPost2010PropOp38
 70
     1
102
RTVSPost2010Prop39
140
1.0
102
RTVSPost2010PropOp39
 70
     1
102
RTVSPost2010Prop40
 90
        0
102
RTVSPost2010PropOp40
 70
     1
102
RTVSPost2010Prop41ColorIndex
 90
       18
102
RTVSPost2010Prop41ColorRGB
 90
        0
102
RTVSPost2010PropOp41
 70
     1
102
RTVSPost2010Prop42
 90
       50
102
RTVSPost2010PropOp42
 70
     1
102
RTVSPost2010Prop43
 90
        3
102
RTVSPost2010PropOp43
 70
     1
102
RTVSPost2010Prop44ColorIndex
 90
        5
102
RTVSPost2010Prop44ColorRGB
 90
      255
102
RTVSPost2010PropOp44
 70
     1
102
RTVSPost2010Prop45
280
     0
102
RTVSPost2010PropOp45
 70
     1
102
RTVSPost2010Prop46
 90
       50
102
RTVSPost2010PropOp46
 70
     1
102
RTVSPost2010Prop47
 90
       50
102
RTVSPost2010PropOp47
 70
     1
102
RTVSPost2010Prop48
 90
       50
102
RTVSPost2010PropOp48
 70
     1
102
RTVSPost2010Prop49
280
     0
102
RTVSPost2010PropOp49
 70
     1
102
RTVSPost2010Prop50
 90
       50
102
RTVSPost2010PropOp50
 70
     1
102
RTVSPost2010Prop51ColorIndex
 90
      256
102
RTVSPost2010Prop51ColorRGB
 90
-16777216
102
RTVSPost2010PropOp51
 70
     0
102
RTVSPost2010Prop52
140
1.0
102
RTVSPost2010PropOp52
 70
     0
102
RTVSPost2010Prop53
 90
        2
102
RTVSPost2010PropOp53
 70
     1
102
RTVSPost2010Prop54
  1
strokes_ogs.tif
102
RTVSPost2010PropOp54
 70
     1
102
RTVSPost2010Prop55
280
     0
102
RTVSPost2010PropOp55
 70
     1
102
RTVSPost2010Prop56
140
1.0
102
RTVSPost2010PropOp56
 70
     1
102
RTVSPost2010Prop57
140
1.0
102
RTVSPost2010PropOp57
 70
     1
  0
XRECORD
  5
1A8
102
{ACAD_REACTORS
330
1A7
102
}
330
1A7
100
AcDbXrecord
280
     1
102
RTVSPropertyOp0
 70
     1
102
RTVSPropertyOp1
 70
     1
102
RTVSPropertyOp2
 70
     1
102
RTVSPropertyOp3
 70
     1
102
RTVSPropertyOp4
 70
     1
102
RTVSPropertyOp5
 70
     1
102
RTVSPropertyOp6
 70
     1
102
RTVSPropertyOp7
 70
     1
102
RTVSPropertyOp8
 70
     1
102
RTVSPropertyOp9
 70
     1
102
RTVSPropertyOp10
 70
     1
102
RTVSPropertyOp11
 70
     1
102
RTVSPropertyOp12
 70
     1
102
RTVSPropertyOp13
 70
     1
102
RTVSPropertyOp14
 70
     1
102
RTVSPropertyOp15
 70
     1
102
RTVSPropertyOp16
 70
     1
102
RTVSPropertyOp17
 70
     1
102
RTVSPropertyOp18
 70
     1
102
RTVSPropertyOp19
 70
     1
102
RTVSPropertyOp20
 70
     1
102
RTVSPropertyOp21
 70
     1
102
RTVSPropertyOp22
 70
     1
102
RTVSPropertyOp23
 70
     1
102
RTVSPropertyOp24
 70
     1
102
RTVSPropertyOp25
 70
     1
102
RTVSPropertyOp26
 70
     1
102
RTVSPropertyOp27
 70
     1
102
RTVSPropertyOp28
 70
     1
102
RTVSPropertyOp29
 70
     1
102
RTVSPropertyOp30
 70
     1
102
RTVSPropertyOp31
 70
     1
102
RTVSPropertyOp32
 70
     1
102
RTVSPropertyOp33
 70
     1
102
RTVSPropertyOp34
 70
     1
102
RTVSPropertyOp35
 70
     1
102
RTVSPropertyOp36
 70
     1
102
RTVSPropertyOp37
 70
     1
102
RTVSPropertyOp38
 70
     1
102
RTVSPropertyOp39
 70
     1
102
RTVSPropertyOp40
 70
     1
102
RTVSPropertyOp41
 70
     1
102
RTVSPropertyOp42
 70
     1
102
RTVSPropertyOp43
 70
     1
102
RTVSPropertyOp44
 70
     1
102
RTVSPropertyOp45
 70
     1
102
RTVSPropertyOp46
 70
     1
102
RTVSPropertyOp47
 70
     1
102
RTVSPropertyOp48
 70
     1
102
RTVSPropertyOp49
 70
     1
102
RTVSPropertyOp50
 70
     1
102
RTVSPropertyOp51
 70
     0
102
RTVSPropertyOp52
 70
     0
102
RTVSPropertyOp53
 70
     1
102
RTVSPropertyOp54
 70
     1
102
RTVSPropertyOp55
 70
     1
102
RTVSPropertyOp56
 70
     1
102
RTVSPropertyOp57
 70
     1
102
RTVSPost2010Prop28
280
     0
102
RTVSPost2010PropOp28
 70
     1
102
RTVSPost2010Prop29
280
     1
102
RTVSPost2010PropOp29
 70
     1
102
RTVSPost2010Prop30
280
     1
102
RTVSPost2010PropOp30
 70
     1
102
RTVSPost2010Prop31
280
     0
102
RTVSPost2010PropOp31
 70
     1
102
RTVSPost2010Prop32
280
     0
102
RTVSPost2010PropOp32
 70
     1
102
RTVSPost2010Prop33
280
     0
102
RTVSPost2010PropOp33
 70
     1
102
RTVSPost2010Prop34
280
     0
102
RTVSPost2010PropOp34
 70
     1
102
RTVSPost2010Prop35
280
     0
102
RTVSPost2010PropOp35
 70
     1
102
RTVSPost2010Prop36
280
     0
102
RTVSPost2010PropOp36
 70
     1
102
RTVSPost2010Prop37
 90
       50
102
RTVSPost2010PropOp37
 70
     1
102
RTVSPost2010Prop38
140
0.0
102
RTVSPost2010PropOp38
 70
     1
102
RTVSPost2010Prop39
140
1.0
102
RTVSPost2010PropOp39
 70
     1
102
RTVSPost2010Prop40
 90
        0
102
RTVSPost2010PropOp40
 70
     1
102
RTVSPost2010Prop41ColorIndex
 90
       18
102
RTVSPost2010Prop41ColorRGB
 90
        0
102
RTVSPost2010PropOp41
 70
     1
102
RTVSPost2010Prop42
 90
       50
102
RTVSPost2010PropOp42
 70
     1
102
RTVSPost2010Prop43
 90
        3
102
RTVSPost2010PropOp43
 70
     1
102
RTVSPost2010Prop44ColorIndex
 90
        5
102
RTVSPost2010Prop44ColorRGB
 90
      255
102
RTVSPost2010PropOp44
 70
     1
102
RTVSPost2010Prop45
280
     0
102
RTVSPost2010PropOp45
 70
     1
102
RTVSPost2010Prop46
 90
       50
102
RTVSPost2010PropOp46
 70
     1
102
RTVSPost2010Prop47
 90
       50
102
RTVSPost2010PropOp47
 70
     1
102
RTVSPost2010Prop48
 90
       50
102
RTVSPost2010PropOp48
 70
     1
102
RTVSPost2010Prop49
280
     0
102
RTVSPost2010PropOp49
 70
     1
102
RTVSPost2010Prop50
 90
       50
102
RTVSPost2010PropOp50
 70
     1
102
RTVSPost2010Prop51ColorIndex
 90
      256
102
RTVSPost2010Prop51ColorRGB
 90
-16777216
102
RTVSPost2010PropOp51
 70
     0
102
RTVSPost2010Prop52
140
1.0
102
RTVSPost2010PropOp52
 70
     0
102
RTVSPost2010Prop53
 90
        2
102
RTVSPost2010PropOp53
 70
     1
102
RTVSPost2010Prop54
  1
strokes_ogs.tif
102
RTVSPost2010PropOp54
 70
     1
102
RTVSPost2010Prop55
280
     0
102
RTVSPost2010PropOp55
 70
     1
102
RTVSPost2010Prop56
140
1.0
102
RTVSPost2010PropOp56
 70
     1
102
RTVSPost2010Prop57
140
1.0
102
RTVSPost2010PropOp57
 70
     1
  0
XRECORD
  5
198
102
{ACAD_REACTORS
330
197
102
}
330
197
100
AcDbXrecord
280
     1
102
RTVSPropertyOp0
 70
     1
102
RTVSPropertyOp1
 70
     1
102
RTVSPropertyOp2
 70
     1
102
RTVSPropertyOp3
 70
     1
102
RTVSPropertyOp4
 70
     1
102
RTVSPropertyOp5
 70
     1
102
RTVSPropertyOp6
 70
     1
102
RTVSPropertyOp7
 70
     1
102
RTVSPropertyOp8
 70
     1
102
RTVSPropertyOp9
 70
     1
102
RTVSPropertyOp10
 70
     1
102
RTVSPropertyOp11
 70
     1
102
RTVSPropertyOp12
 70
     1
102
RTVSPropertyOp13
 70
     1
102
RTVSPropertyOp14
 70
     1
102
RTVSPropertyOp15
 70
     1
102
RTVSPropertyOp16
 70
     1
102
RTVSPropertyOp17
 70
     1
102
RTVSPropertyOp18
 70
     1
102
RTVSPropertyOp19
 70
     1
102
RTVSPropertyOp20
 70
     1
102
RTVSPropertyOp21
 70
     1
102
RTVSPropertyOp22
 70
     1
102
RTVSPropertyOp23
 70
     1
102
RTVSPropertyOp24
 70
     1
102
RTVSPropertyOp25
 70
     1
102
RTVSPropertyOp26
 70
     1
102
RTVSPropertyOp27
 70
     1
102
RTVSPropertyOp28
 70
     1
102
RTVSPropertyOp29
 70
     1
102
RTVSPropertyOp30
 70
     1
102
RTVSPropertyOp31
 70
     1
102
RTVSPropertyOp32
 70
     1
102
RTVSPropertyOp33
 70
     1
102
RTVSPropertyOp34
 70
     1
102
RTVSPropertyOp35
 70
     1
102
RTVSPropertyOp36
 70
     1
102
RTVSPropertyOp37
 70
     1
102
RTVSPropertyOp38
 70
     1
102
RTVSPropertyOp39
 70
     1
102
RTVSPropertyOp40
 70
     1
102
RTVSPropertyOp41
 70
     1
102
RTVSPropertyOp42
 70
     1
102
RTVSPropertyOp43
 70
     1
102
RTVSPropertyOp44
 70
     1
102
RTVSPropertyOp45
 70
     1
102
RTVSPropertyOp46
 70
     1
102
RTVSPropertyOp47
 70
     1
102
RTVSPropertyOp48
 70
     1
102
RTVSPropertyOp49
 70
     1
102
RTVSPropertyOp50
 70
     1
102
RTVSPropertyOp51
 70
     0
102
RTVSPropertyOp52
 70
     0
102
RTVSPropertyOp53
 70
     1
102
RTVSPropertyOp54
 70
     1
102
RTVSPropertyOp55
 70
     1
102
RTVSPropertyOp56
 70
     1
102
RTVSPropertyOp57
 70
     1
102
RTVSPost2010Prop28
280
     0
102
RTVSPost2010PropOp28
 70
     1
102
RTVSPost2010Prop29
280
     1
102
RTVSPost2010PropOp29
 70
     1
102
RTVSPost2010Prop30
280
     1
102
RTVSPost2010PropOp30
 70
     1
102
RTVSPost2010Prop31
280
     0
102
RTVSPost2010PropOp31
 70
     1
102
RTVSPost2010Prop32
280
     0
102
RTVSPost2010PropOp32
 70
     1
102
RTVSPost2010Prop33
280
     0
102
RTVSPost2010PropOp33
 70
     1
102
RTVSPost2010Prop34
280
     0
102
RTVSPost2010PropOp34
 70
     1
102
RTVSPost2010Prop35
280
     0
102
RTVSPost2010PropOp35
 70
     1
102
RTVSPost2010Prop36
280
     0
102
RTVSPost2010PropOp36
 70
     1
102
RTVSPost2010Prop37
 90
       50
102
RTVSPost2010PropOp37
 70
     1
102
RTVSPost2010Prop38
140
0.0
102
RTVSPost2010PropOp38
 70
     1
102
RTVSPost2010Prop39
140
1.0
102
RTVSPost2010PropOp39
 70
     1
102
RTVSPost2010Prop40
 90
        0
102
RTVSPost2010PropOp40
 70
     1
102
RTVSPost2010Prop41ColorIndex
 90
       18
102
RTVSPost2010Prop41ColorRGB
 90
        0
102
RTVSPost2010PropOp41
 70
     1
102
RTVSPost2010Prop42
 90
       50
102
RTVSPost2010PropOp42
 70
     1
102
RTVSPost2010Prop43
 90
        3
102
RTVSPost2010PropOp43
 70
     1
102
RTVSPost2010Prop44ColorIndex
 90
        5
102
RTVSPost2010Prop44ColorRGB
 90
      255
102
RTVSPost2010PropOp44
 70
     1
102
RTVSPost2010Prop45
280
     0
102
RTVSPost2010PropOp45
 70
     1
102
RTVSPost2010Prop46
 90
       50
102
RTVSPost2010PropOp46
 70
     1
102
RTVSPost2010Prop47
 90
       50
102
RTVSPost2010PropOp47
 70
     1
102
RTVSPost2010Prop48
 90
       50
102
RTVSPost2010PropOp48
 70
     1
102
RTVSPost2010Prop49
280
     0
102
RTVSPost2010PropOp49
 70
     1
102
RTVSPost2010Prop50
 90
       50
102
RTVSPost2010PropOp50
 70
     1
102
RTVSPost2010Prop51ColorIndex
 90
      256
102
RTVSPost2010Prop51ColorRGB
 90
-16777216
102
RTVSPost2010PropOp51
 70
     0
102
RTVSPost2010Prop52
140
1.0
102
RTVSPost2010PropOp52
 70
     0
102
RTVSPost2010Prop53
 90
        2
102
RTVSPost2010PropOp53
 70
     1
102
RTVSPost2010Prop54
  1
strokes_ogs.tif
102
RTVSPost2010PropOp54
 70
     1
102
RTVSPost2010Prop55
280
     0
102
RTVSPost2010PropOp55
 70
     1
102
RTVSPost2010Prop56
140
1.0
102
RTVSPost2010PropOp56
 70
     1
102
RTVSPost2010Prop57
140
1.0
102
RTVSPost2010PropOp57
 70
     1
  0
XRECORD
  5
18A
102
{ACAD_REACTORS
330
189
102
}
330
189
100
AcDbXrecord
280
     1
102
RTVSPropertyOp0
 70
     1
102
RTVSPropertyOp1
 70
     1
102
RTVSPropertyOp2
 70
     1
102
RTVSPropertyOp3
 70
     1
102
RTVSPropertyOp4
 70
     1
102
RTVSPropertyOp5
 70
     1
102
RTVSPropertyOp6
 70
     1
102
RTVSPropertyOp7
 70
     1
102
RTVSPropertyOp8
 70
     1
102
RTVSPropertyOp9
 70
     1
102
RTVSPropertyOp10
 70
     1
102
RTVSPropertyOp11
 70
     1
102
RTVSPropertyOp12
 70
     1
102
RTVSPropertyOp13
 70
     1
102
RTVSPropertyOp14
 70
     1
102
RTVSPropertyOp15
 70
     1
102
RTVSPropertyOp16
 70
     1
102
RTVSPropertyOp17
 70
     1
102
RTVSPropertyOp18
 70
     1
102
RTVSPropertyOp19
 70
     1
102
RTVSPropertyOp20
 70
     1
102
RTVSPropertyOp21
 70
     1
102
RTVSPropertyOp22
 70
     1
102
RTVSPropertyOp23
 70
     1
102
RTVSPropertyOp24
 70
     1
102
RTVSPropertyOp25
 70
     1
102
RTVSPropertyOp26
 70
     1
102
RTVSPropertyOp27
 70
     1
102
RTVSPropertyOp28
 70
     1
102
RTVSPropertyOp29
 70
     1
102
RTVSPropertyOp30
 70
     1
102
RTVSPropertyOp31
 70
     1
102
RTVSPropertyOp32
 70
     1
102
RTVSPropertyOp33
 70
     1
102
RTVSPropertyOp34
 70
     1
102
RTVSPropertyOp35
 70
     1
102
RTVSPropertyOp36
 70
     1
102
RTVSPropertyOp37
 70
     1
102
RTVSPropertyOp38
 70
     1
102
RTVSPropertyOp39
 70
     1
102
RTVSPropertyOp40
 70
     1
102
RTVSPropertyOp41
 70
     1
102
RTVSPropertyOp42
 70
     1
102
RTVSPropertyOp43
 70
     1
102
RTVSPropertyOp44
 70
     1
102
RTVSPropertyOp45
 70
     1
102
RTVSPropertyOp46
 70
     1
102
RTVSPropertyOp47
 70
     1
102
RTVSPropertyOp48
 70
     1
102
RTVSPropertyOp49
 70
     1
102
RTVSPropertyOp50
 70
     1
102
RTVSPropertyOp51
 70
     0
102
RTVSPropertyOp52
 70
     0
102
RTVSPropertyOp53
 70
     1
102
RTVSPropertyOp54
 70
     1
102
RTVSPropertyOp55
 70
     1
102
RTVSPropertyOp56
 70
     1
102
RTVSPropertyOp57
 70
     1
102
RTVSPost2010Prop28
280
     0
102
RTVSPost2010PropOp28
 70
     1
102
RTVSPost2010Prop29
280
     1
102
RTVSPost2010PropOp29
 70
     1
102
RTVSPost2010Prop30
280
     1
102
RTVSPost2010PropOp30
 70
     1
102
RTVSPost2010Prop31
280
     0
102
RTVSPost2010PropOp31
 70
     1
102
RTVSPost2010Prop32
280
     0
102
RTVSPost2010PropOp32
 70
     1
102
RTVSPost2010Prop33
280
     0
102
RTVSPost2010PropOp33
 70
     1
102
RTVSPost2010Prop34
280
     0
102
RTVSPost2010PropOp34
 70
     1
102
RTVSPost2010Prop35
280
     0
102
RTVSPost2010PropOp35
 70
     1
102
RTVSPost2010Prop36
280
     0
102
RTVSPost2010PropOp36
 70
     1
102
RTVSPost2010Prop37
 90
       50
102
RTVSPost2010PropOp37
 70
     1
102
RTVSPost2010Prop38
140
0.0
102
RTVSPost2010PropOp38
 70
     1
102
RTVSPost2010Prop39
140
1.0
102
RTVSPost2010PropOp39
 70
     1
102
RTVSPost2010Prop40
 90
        0
102
RTVSPost2010PropOp40
 70
     1
102
RTVSPost2010Prop41ColorIndex
 90
       18
102
RTVSPost2010Prop41ColorRGB
 90
        0
102
RTVSPost2010PropOp41
 70
     1
102
RTVSPost2010Prop42
 90
       50
102
RTVSPost2010PropOp42
 70
     1
102
RTVSPost2010Prop43
 90
        3
102
RTVSPost2010PropOp43
 70
     1
102
RTVSPost2010Prop44ColorIndex
 90
        5
102
RTVSPost2010Prop44ColorRGB
 90
      255
102
RTVSPost2010PropOp44
 70
     1
102
RTVSPost2010Prop45
280
     0
102
RTVSPost2010PropOp45
 70
     1
102
RTVSPost2010Prop46
 90
       50
102
RTVSPost2010PropOp46
 70
     1
102
RTVSPost2010Prop47
 90
       50
102
RTVSPost2010PropOp47
 70
     1
102
RTVSPost2010Prop48
 90
       50
102
RTVSPost2010PropOp48
 70
     1
102
RTVSPost2010Prop49
280
     0
102
RTVSPost2010PropOp49
 70
     1
102
RTVSPost2010Prop50
 90
       50
102
RTVSPost2010PropOp50
 70
     1
102
RTVSPost2010Prop51ColorIndex
 90
      256
102
RTVSPost2010Prop51ColorRGB
 90
-16777216
102
RTVSPost2010PropOp51
 70
     0
102
RTVSPost2010Prop52
140
1.0
102
RTVSPost2010PropOp52
 70
     0
102
RTVSPost2010Prop53
 90
        2
102
RTVSPost2010PropOp53
 70
     1
102
RTVSPost2010Prop54
  1
strokes_ogs.tif
102
RTVSPost2010PropOp54
 70
     1
102
RTVSPost2010Prop55
280
     0
102
RTVSPost2010PropOp55
 70
     1
102
RTVSPost2010Prop56
140
1.0
102
RTVSPost2010PropOp56
 70
     1
102
RTVSPost2010Prop57
140
1.0
102
RTVSPost2010PropOp57
 70
     1
  0
XRECORD
  5
1AA
102
{ACAD_REACTORS
330
1A9
102
}
330
1A9
100
AcDbXrecord
280
     1
102
RTVSPropertyOp0
 70
     1
102
RTVSPropertyOp1
 70
     1
102
RTVSPropertyOp2
 70
     1
102
RTVSPropertyOp3
 70
     1
102
RTVSPropertyOp4
 70
     1
102
RTVSPropertyOp5
 70
     1
102
RTVSPropertyOp6
 70
     1
102
RTVSPropertyOp7
 70
     1
102
RTVSPropertyOp8
 70
     1
102
RTVSPropertyOp9
 70
     1
102
RTVSPropertyOp10
 70
     1
102
RTVSPropertyOp11
 70
     1
102
RTVSPropertyOp12
 70
     1
102
RTVSPropertyOp13
 70
     1
102
RTVSPropertyOp14
 70
     1
102
RTVSPropertyOp15
 70
     1
102
RTVSPropertyOp16
 70
     1
102
RTVSPropertyOp17
 70
     1
102
RTVSPropertyOp18
 70
     1
102
RTVSPropertyOp19
 70
     1
102
RTVSPropertyOp20
 70
     1
102
RTVSPropertyOp21
 70
     1
102
RTVSPropertyOp22
 70
     1
102
RTVSPropertyOp23
 70
     1
102
RTVSPropertyOp24
 70
     1
102
RTVSPropertyOp25
 70
     1
102
RTVSPropertyOp26
 70
     1
102
RTVSPropertyOp27
 70
     1
102
RTVSPropertyOp28
 70
     1
102
RTVSPropertyOp29
 70
     1
102
RTVSPropertyOp30
 70
     1
102
RTVSPropertyOp31
 70
     1
102
RTVSPropertyOp32
 70
     1
102
RTVSPropertyOp33
 70
     1
102
RTVSPropertyOp34
 70
     1
102
RTVSPropertyOp35
 70
     1
102
RTVSPropertyOp36
 70
     1
102
RTVSPropertyOp37
 70
     1
102
RTVSPropertyOp38
 70
     1
102
RTVSPropertyOp39
 70
     1
102
RTVSPropertyOp40
 70
     1
102
RTVSPropertyOp41
 70
     1
102
RTVSPropertyOp42
 70
     1
102
RTVSPropertyOp43
 70
     1
102
RTVSPropertyOp44
 70
     1
102
RTVSPropertyOp45
 70
     1
102
RTVSPropertyOp46
 70
     1
102
RTVSPropertyOp47
 70
     1
102
RTVSPropertyOp48
 70
     1
102
RTVSPropertyOp49
 70
     1
102
RTVSPropertyOp50
 70
     1
102
RTVSPropertyOp51
 70
     0
102
RTVSPropertyOp52
 70
     0
102
RTVSPropertyOp53
 70
     1
102
RTVSPropertyOp54
 70
     1
102
RTVSPropertyOp55
 70
     1
102
RTVSPropertyOp56
 70
     1
102
RTVSPropertyOp57
 70
     1
102
RTVSPost2010Prop28
280
     0
102
RTVSPost2010PropOp28
 70
     1
102
RTVSPost2010Prop29
280
     1
102
RTVSPost2010PropOp29
 70
     1
102
RTVSPost2010Prop30
280
     1
102
RTVSPost2010PropOp30
 70
     1
102
RTVSPost2010Prop31
280
     0
102
RTVSPost2010PropOp31
 70
     1
102
RTVSPost2010Prop32
280
     0
102
RTVSPost2010PropOp32
 70
     1
102
RTVSPost2010Prop33
280
     0
102
RTVSPost2010PropOp33
 70
     1
102
RTVSPost2010Prop34
280
     0
102
RTVSPost2010PropOp34
 70
     1
102
RTVSPost2010Prop35
280
     0
102
RTVSPost2010PropOp35
 70
     1
102
RTVSPost2010Prop36
280
     0
102
RTVSPost2010PropOp36
 70
     1
102
RTVSPost2010Prop37
 90
       50
102
RTVSPost2010PropOp37
 70
     1
102
RTVSPost2010Prop38
140
0.0
102
RTVSPost2010PropOp38
 70
     1
102
RTVSPost2010Prop39
140
1.0
102
RTVSPost2010PropOp39
 70
     1
102
RTVSPost2010Prop40
 90
        0
102
RTVSPost2010PropOp40
 70
     1
102
RTVSPost2010Prop41ColorIndex
 90
       18
102
RTVSPost2010Prop41ColorRGB
 90
        0
102
RTVSPost2010PropOp41
 70
     1
102
RTVSPost2010Prop42
 90
       50
102
RTVSPost2010PropOp42
 70
     1
102
RTVSPost2010Prop43
 90
        3
102
RTVSPost2010PropOp43
 70
     1
102
RTVSPost2010Prop44ColorIndex
 90
        5
102
RTVSPost2010Prop44ColorRGB
 90
      255
102
RTVSPost2010PropOp44
 70
     1
102
RTVSPost2010Prop45
280
     0
102
RTVSPost2010PropOp45
 70
     1
102
RTVSPost2010Prop46
 90
       50
102
RTVSPost2010PropOp46
 70
     1
102
RTVSPost2010Prop47
 90
       50
102
RTVSPost2010PropOp47
 70
     1
102
RTVSPost2010Prop48
 90
       50
102
RTVSPost2010PropOp48
 70
     1
102
RTVSPost2010Prop49
280
     0
102
RTVSPost2010PropOp49
 70
     1
102
RTVSPost2010Prop50
 90
       50
102
RTVSPost2010PropOp50
 70
     1
102
RTVSPost2010Prop51ColorIndex
 90
      256
102
RTVSPost2010Prop51ColorRGB
 90
-16777216
102
RTVSPost2010PropOp51
 70
     0
102
RTVSPost2010Prop52
140
1.0
102
RTVSPost2010PropOp52
 70
     0
102
RTVSPost2010Prop53
 90
        2
102
RTVSPost2010PropOp53
 70
     1
102
RTVSPost2010Prop54
  1
strokes_ogs.tif
102
RTVSPost2010PropOp54
 70
     1
102
RTVSPost2010Prop55
280
     0
102
RTVSPost2010PropOp55
 70
     1
102
RTVSPost2010Prop56
140
1.0
102
RTVSPost2010PropOp56
 70
     1
102
RTVSPost2010Prop57
140
1.0
102
RTVSPost2010PropOp57
 70
     1
  0
ENDSEC
  0
EOF
