ISO-10303-21;
HEADER;

/* File generated by HOOPS Exchange Version 25.7.0 */

FILE_DESCRIPTION(('HOOPS Exchange Step'),'2;1');

FILE_NAME('D:/KDH/simVary/Ansys_Thermal/step_export_icepakfea/coils.step',
'2026-07-16T17:51:28+09:00',
('moa'),
('Unknown organisation'),
'HOOPS Exchange 2025.7',
'HOOPS Exchange',
'Unknown authorisation');

FILE_SCHEMA( ('AP242_MANAGED_MODEL_BASED_3D_ENGINEERING_MIM_LF {1 0 10303 442 1 1 4}') );

ENDSEC;

DATA;
#3=(NAMED_UNIT(*)PLANE_ANGLE_UNIT()SI_UNIT($,.RADIAN.));
#4=PLANE_ANGLE_MEASURE_WITH_UNIT(PLANE_ANGLE_MEASURE(0.0174532925),#3);
#5=(CONVERSION_BASED_UNIT('DEGREE',#4)NAMED_UNIT(#6)PLANE_ANGLE_UNIT());
#6=DIMENSIONAL_EXPONENTS(0.,0.,0.,0.,0.,0.,0.);
#7=(NAMED_UNIT(*)SI_UNIT($,.STERADIAN.)SOLID_ANGLE_UNIT());
#8=(LENGTH_UNIT()NAMED_UNIT(*)SI_UNIT(.MILLI.,.METRE.));
#9=UNCERTAINTY_MEASURE_WITH_UNIT(LENGTH_MEASURE(1.000000E-05),#8,'DISTANCE_ACCURACY_VALUE','Maximum Tolerance applied to model');
#10=(GEOMETRIC_REPRESENTATION_CONTEXT(3)GLOBAL_UNCERTAINTY_ASSIGNED_CONTEXT((#9))GLOBAL_UNIT_ASSIGNED_CONTEXT((#8,#5,#7))REPRESENTATION_CONTEXT('','coils_intermediate'));
#12=CARTESIAN_POINT('',(0.,0.,0.));
#13=DIRECTION('',(0.,0.,1.));
#14=DIRECTION('',(1.,0.,0.));
#15=AXIS2_PLACEMENT_3D('',#12,#13,#14);
#27=CARTESIAN_POINT('',(53.980247708,49.846081264,-85.));
#28=DIRECTION('',(-0.751839807,-0.659345815,0.));
#29=DIRECTION('',(0.,0.,1.));
#30=AXIS2_PLACEMENT_3D('',#27,#28,#29);
#31=PLANE('',#30);
#32=CARTESIAN_POINT('',(56.465477317,47.012220021,0.));
#33=VERTEX_POINT('',#32);
#34=CARTESIAN_POINT('',(53.980247708,49.846081264,0.));
#35=VERTEX_POINT('',#34);
#36=CARTESIAN_POINT('',(56.465477317,47.012220021,0.));
#37=DIRECTION('',(-0.659345815,0.751839807,0.));
#38=VECTOR('',#37,3.769235435);
#39=LINE('',#36,#38);
#40=EDGE_CURVE('',#33,#35,#39,.T.);
#41=ORIENTED_EDGE('',*,*,#40,.F.);
#42=CARTESIAN_POINT('',(56.465477317,47.012220021,85.));
#43=VERTEX_POINT('',#42);
#44=CARTESIAN_POINT('',(56.465477317,47.012220021,0.));
#45=DIRECTION('',(0.,0.,1.));
#46=VECTOR('',#45,85.);
#47=LINE('',#44,#46);
#48=EDGE_CURVE('',#33,#43,#47,.T.);
#49=ORIENTED_EDGE('',*,*,#48,.T.);
#50=CARTESIAN_POINT('',(53.980247708,49.846081264,85.));
#51=VERTEX_POINT('',#50);
#52=CARTESIAN_POINT('',(53.980247708,49.846081264,85.));
#53=DIRECTION('',(0.659345815,-0.751839807,0.));
#54=VECTOR('',#53,3.769235435);
#55=LINE('',#52,#54);
#56=EDGE_CURVE('',#51,#43,#55,.T.);
#57=ORIENTED_EDGE('',*,*,#56,.F.);
#58=CARTESIAN_POINT('',(53.980247708,49.846081264,0.));
#59=DIRECTION('',(0.,0.,1.));
#60=VECTOR('',#59,85.);
#61=LINE('',#58,#60);
#62=EDGE_CURVE('',#35,#51,#61,.T.);
#63=ORIENTED_EDGE('',*,*,#62,.F.);
#64=EDGE_LOOP('',(#41,#49,#57,#63));
#65=FACE_BOUND('',#64,.T.);
#66=ADVANCED_FACE('',(#65),#31,.T.);
#67=CARTESIAN_POINT('',(56.465477317,47.012220021,-85.));
#68=DIRECTION('',(0.659345815,-0.751839807,0.));
#69=DIRECTION('',(0.,0.,-1.));
#70=AXIS2_PLACEMENT_3D('',#67,#68,#69);
#71=PLANE('',#70);
#72=CARTESIAN_POINT('',(62.246480812,52.082024018,0.));
#73=VERTEX_POINT('',#72);
#74=CARTESIAN_POINT('',(62.246480812,52.082024018,0.));
#75=DIRECTION('',(-0.751839807,-0.659345815,0.));
#76=VECTOR('',#75,7.689142604);
#77=LINE('',#74,#76);
#78=EDGE_CURVE('',#73,#33,#77,.T.);
#79=ORIENTED_EDGE('',*,*,#78,.F.);
#80=CARTESIAN_POINT('',(62.246480812,52.082024018,85.));
#81=VERTEX_POINT('',#80);
#82=CARTESIAN_POINT('',(62.246480812,52.082024018,0.));
#83=DIRECTION('',(0.,0.,1.));
#84=VECTOR('',#83,85.);
#85=LINE('',#82,#84);
#86=EDGE_CURVE('',#73,#81,#85,.T.);
#87=ORIENTED_EDGE('',*,*,#86,.T.);
#88=CARTESIAN_POINT('',(65.859607997,55.250651517,92.128025968));
#89=VERTEX_POINT('',#88);
#90=CARTESIAN_POINT('',(60.078604502,50.180847519,92.128025968));
#91=DIRECTION('',(-0.659345815,0.751839807,0.));
#92=DIRECTION('',(0.751839807,0.659345815,0.));
#93=AXIS2_PLACEMENT_3D('',#90,#91,#92);
#94=CIRCLE('',#93,7.689142604);
#95=EDGE_CURVE('',#89,#81,#94,.T.);
#96=ORIENTED_EDGE('',*,*,#95,.F.);
#97=CARTESIAN_POINT('',(60.078604502,50.180847519,92.128025968));
#98=VERTEX_POINT('',#97);
#99=CARTESIAN_POINT('',(65.859607997,55.250651517,92.128025968));
#100=DIRECTION('',(-0.751839807,-0.659345815,0.));
#101=VECTOR('',#100,7.689142604);
#102=LINE('',#99,#101);
#103=EDGE_CURVE('',#89,#98,#102,.T.);
#104=ORIENTED_EDGE('',*,*,#103,.T.);
#105=CARTESIAN_POINT('',(62.246480812,52.082024018,85.));
#106=DIRECTION('',(-0.659345815,0.751839807,0.));
#107=DIRECTION('',(-0.751839807,-0.659345815,0.));
#108=AXIS2_PLACEMENT_3D('',#105,#106,#107);
#109=CIRCLE('',#108,7.689142604);
#110=EDGE_CURVE('',#43,#98,#109,.T.);
#111=ORIENTED_EDGE('',*,*,#110,.F.);
#112=ORIENTED_EDGE('',*,*,#48,.F.);
#113=EDGE_LOOP('',(#79,#87,#96,#104,#111,#112));
#114=FACE_BOUND('',#113,.T.);
#115=ADVANCED_FACE('',(#114),#71,.T.);
#116=CARTESIAN_POINT('',(62.246480812,52.082024018,-85.));
#117=DIRECTION('',(0.751839807,0.659345815,0.));
#118=DIRECTION('',(0.,0.,-1.));
#119=AXIS2_PLACEMENT_3D('',#116,#117,#118);
#120=PLANE('',#119);
#121=CARTESIAN_POINT('',(59.761251202,54.915885262,0.));
#122=VERTEX_POINT('',#121);
#123=CARTESIAN_POINT('',(59.761251202,54.915885262,0.));
#124=DIRECTION('',(0.659345815,-0.751839807,0.));
#125=VECTOR('',#124,3.769235435);
#126=LINE('',#123,#125);
#127=EDGE_CURVE('',#122,#73,#126,.T.);
#128=ORIENTED_EDGE('',*,*,#127,.F.);
#129=CARTESIAN_POINT('',(59.761251202,54.915885262,85.));
#130=VERTEX_POINT('',#129);
#131=CARTESIAN_POINT('',(59.761251202,54.915885262,0.));
#132=DIRECTION('',(0.,0.,1.));
#133=VECTOR('',#132,85.);
#134=LINE('',#131,#133);
#135=EDGE_CURVE('',#122,#130,#134,.T.);
#136=ORIENTED_EDGE('',*,*,#135,.T.);
#137=CARTESIAN_POINT('',(62.246480812,52.082024018,85.));
#138=DIRECTION('',(-0.659345815,0.751839807,0.));
#139=VECTOR('',#138,3.769235435);
#140=LINE('',#137,#139);
#141=EDGE_CURVE('',#81,#130,#140,.T.);
#142=ORIENTED_EDGE('',*,*,#141,.F.);
#143=ORIENTED_EDGE('',*,*,#86,.F.);
#144=EDGE_LOOP('',(#128,#136,#142,#143));
#145=FACE_BOUND('',#144,.T.);
#146=ADVANCED_FACE('',(#145),#120,.T.);
#147=CARTESIAN_POINT('',(59.761251202,54.915885262,-85.));
#148=DIRECTION('',(-0.659345815,0.751839807,0.));
#149=DIRECTION('',(0.,0.,1.));
#150=AXIS2_PLACEMENT_3D('',#147,#148,#149);
#151=PLANE('',#150);
#152=CARTESIAN_POINT('',(53.980247708,49.846081264,0.));
#153=DIRECTION('',(0.751839807,0.659345815,0.));
#154=VECTOR('',#153,7.689142604);
#155=LINE('',#152,#154);
#156=EDGE_CURVE('',#35,#122,#155,.T.);
#157=ORIENTED_EDGE('',*,*,#156,.F.);
#158=ORIENTED_EDGE('',*,*,#62,.T.);
#159=CARTESIAN_POINT('',(57.593374892,53.014708763,92.128025968));
#160=VERTEX_POINT('',#159);
#161=CARTESIAN_POINT('',(59.761251202,54.915885262,85.));
#162=DIRECTION('',(-0.659345815,0.751839807,0.));
#163=DIRECTION('',(-0.751839807,-0.659345815,0.));
#164=AXIS2_PLACEMENT_3D('',#161,#162,#163);
#165=CIRCLE('',#164,7.689142604);
#166=EDGE_CURVE('',#51,#160,#165,.T.);
#167=ORIENTED_EDGE('',*,*,#166,.T.);
#168=CARTESIAN_POINT('',(63.374378387,58.08451276,92.128025968));
#169=VERTEX_POINT('',#168);
#170=CARTESIAN_POINT('',(57.593374892,53.014708763,92.128025968));
#171=DIRECTION('',(0.751839807,0.659345815,0.));
#172=VECTOR('',#171,7.689142604);
#173=LINE('',#170,#172);
#174=EDGE_CURVE('',#160,#169,#173,.T.);
#175=ORIENTED_EDGE('',*,*,#174,.T.);
#176=CARTESIAN_POINT('',(57.593374892,53.014708763,92.128025968));
#177=DIRECTION('',(-0.659345815,0.751839807,0.));
#178=DIRECTION('',(0.751839807,0.659345815,0.));
#179=AXIS2_PLACEMENT_3D('',#176,#177,#178);
#180=CIRCLE('',#179,7.689142604);
#181=EDGE_CURVE('',#169,#130,#180,.T.);
#182=ORIENTED_EDGE('',*,*,#181,.T.);
#183=ORIENTED_EDGE('',*,*,#135,.F.);
#184=EDGE_LOOP('',(#157,#158,#167,#175,#182,#183));
#185=FACE_BOUND('',#184,.T.);
#186=ADVANCED_FACE('',(#185),#151,.T.);
#187=CARTESIAN_POINT('',(68.374356765,6.370153597,92.128025968));
#188=DIRECTION('',(-0.997858923,-0.065403129,0.));
#189=DIRECTION('',(0.,0.,1.));
#190=AXIS2_PLACEMENT_3D('',#187,#188,#189);
#191=PLANE('',#190);
#192=CARTESIAN_POINT('',(68.620876557,2.608988384,92.128025968));
#193=VERTEX_POINT('',#192);
#194=CARTESIAN_POINT('',(68.498102577,4.482157342,95.387978863));
#195=VERTEX_POINT('',#194);
#196=CARTESIAN_POINT('',(68.374356765,6.370153597,92.128025968));
#197=DIRECTION('',(-0.997858923,-0.065403129,0.));
#198=DIRECTION('',(0.065403129,-0.997858923,0.));
#199=AXIS2_PLACEMENT_3D('',#196,#197,#198);
#200=CIRCLE('',#199,3.769235435);
#201=EDGE_CURVE('',#193,#195,#200,.T.);
#202=ORIENTED_EDGE('',*,*,#201,.T.);
#203=CARTESIAN_POINT('',(68.374356765,6.370153597,96.486106044));
#204=VERTEX_POINT('',#203);
#205=CARTESIAN_POINT('',(68.374356765,6.370153597,96.486106044));
#206=DIRECTION('',(0.056566146,-0.863032608,-0.501971104));
#207=VECTOR('',#206,2.187630268);
#208=LINE('',#205,#207);
#209=EDGE_CURVE('',#204,#195,#208,.T.);
#210=ORIENTED_EDGE('',*,*,#209,.F.);
#211=CARTESIAN_POINT('',(68.374356765,6.370153597,92.128025968));
#212=VERTEX_POINT('',#211);
#213=CARTESIAN_POINT('',(68.374356765,6.370153597,92.128025968));
#214=DIRECTION('',(0.,0.,1.));
#215=VECTOR('',#214,4.358080076);
#216=LINE('',#213,#215);
#217=EDGE_CURVE('',#212,#204,#216,.T.);
#218=ORIENTED_EDGE('',*,*,#217,.F.);
#219=CARTESIAN_POINT('',(68.374356765,6.370153597,92.128025968));
#220=DIRECTION('',(0.065403129,-0.997858923,0.));
#221=VECTOR('',#220,3.769235435);
#222=LINE('',#219,#221);
#223=EDGE_CURVE('',#212,#193,#222,.T.);
#224=ORIENTED_EDGE('',*,*,#223,.T.);
#225=EDGE_LOOP('',(#202,#210,#218,#224));
#226=FACE_BOUND('',#225,.T.);
#227=ADVANCED_FACE('',(#226),#191,.T.);
#228=CARTESIAN_POINT('',(72.210696545,6.62160059,92.128025968));
#229=DIRECTION('',(-0.997858923,-0.065403129,0.));
#230=DIRECTION('',(0.,0.,1.));
#231=AXIS2_PLACEMENT_3D('',#228,#229,#230);
#232=CYLINDRICAL_SURFACE('',#231,3.769235435);
#233=CARTESIAN_POINT('',(76.293556116,3.111882372,92.128025968));
#234=VERTEX_POINT('',#233);
#235=CARTESIAN_POINT('',(76.170782137,4.98505133,95.387978863));
#236=VERTEX_POINT('',#235);
#237=CARTESIAN_POINT('',(76.047036324,6.873047584,92.128025968));
#238=DIRECTION('',(-0.997858923,-0.065403129,0.));
#239=DIRECTION('',(0.065403129,-0.997858923,0.));
#240=AXIS2_PLACEMENT_3D('',#237,#238,#239);
#241=CIRCLE('',#240,3.769235435);
#242=EDGE_CURVE('',#234,#236,#241,.T.);
#243=ORIENTED_EDGE('',*,*,#242,.T.);
#244=CARTESIAN_POINT('',(68.498102577,4.482157342,95.387978863));
#245=DIRECTION('',(0.997858923,0.065403129,0.));
#246=VECTOR('',#245,7.689142604);
#247=LINE('',#244,#246);
#248=EDGE_CURVE('',#195,#236,#247,.T.);
#249=ORIENTED_EDGE('',*,*,#248,.F.);
#250=ORIENTED_EDGE('',*,*,#201,.F.);
#251=CARTESIAN_POINT('',(68.620876557,2.608988384,92.128025968));
#252=DIRECTION('',(0.997858923,0.065403129,0.));
#253=VECTOR('',#252,7.689142604);
#254=LINE('',#251,#253);
#255=EDGE_CURVE('',#193,#234,#254,.T.);
#256=ORIENTED_EDGE('',*,*,#255,.T.);
#257=EDGE_LOOP('',(#243,#249,#250,#256));
#258=FACE_BOUND('',#257,.T.);
#259=ADVANCED_FACE('',(#258),#232,.T.);
#260=CARTESIAN_POINT('',(76.293556116,3.111882372,92.128025968));
#261=DIRECTION('',(0.997858923,0.065403129,0.));
#262=DIRECTION('',(0.,0.,-1.));
#263=AXIS2_PLACEMENT_3D('',#260,#261,#262);
#264=PLANE('',#263);
#265=CARTESIAN_POINT('',(76.047036324,6.873047584,92.128025968));
#266=VERTEX_POINT('',#265);
#267=CARTESIAN_POINT('',(76.293556116,3.111882372,92.128025968));
#268=DIRECTION('',(-0.065403129,0.997858923,0.));
#269=VECTOR('',#268,3.769235435);
#270=LINE('',#267,#269);
#271=EDGE_CURVE('',#234,#266,#270,.T.);
#272=ORIENTED_EDGE('',*,*,#271,.T.);
#273=CARTESIAN_POINT('',(76.047036324,6.873047584,96.486106044));
#274=VERTEX_POINT('',#273);
#275=CARTESIAN_POINT('',(76.047036324,6.873047584,96.486106044));
#276=DIRECTION('',(0.,0.,-1.));
#277=VECTOR('',#276,4.358080076);
#278=LINE('',#275,#277);
#279=EDGE_CURVE('',#274,#266,#278,.T.);
#280=ORIENTED_EDGE('',*,*,#279,.F.);
#281=CARTESIAN_POINT('',(76.047036324,6.873047584,96.486106044));
#282=DIRECTION('',(0.056566146,-0.863032608,-0.501971104));
#283=VECTOR('',#282,2.187630268);
#284=LINE('',#281,#283);
#285=EDGE_CURVE('',#274,#236,#284,.T.);
#286=ORIENTED_EDGE('',*,*,#285,.T.);
#287=ORIENTED_EDGE('',*,*,#242,.F.);
#288=EDGE_LOOP('',(#272,#280,#286,#287));
#289=FACE_BOUND('',#288,.T.);
#290=ADVANCED_FACE('',(#289),#264,.T.);
#291=CARTESIAN_POINT('',(0.092687401,-1.414136472,94.569777786));
#292=DIRECTION('',(0.032830481,-0.500896345,0.864884391));
#293=DIRECTION('',(0.056566146,-0.863032608,-0.501971104));
#294=AXIS2_PLACEMENT_3D('',#291,#292,#293);
#295=PLANE('',#294);
#296=ORIENTED_EDGE('',*,*,#248,.T.);
#297=ORIENTED_EDGE('',*,*,#285,.F.);
#298=CARTESIAN_POINT('',(68.374356765,6.370153597,96.486106044));
#299=DIRECTION('',(0.997858923,0.065403129,0.));
#300=VECTOR('',#299,7.689142604);
#301=LINE('',#298,#300);
#302=EDGE_CURVE('',#204,#274,#301,.T.);
#303=ORIENTED_EDGE('',*,*,#302,.F.);
#304=ORIENTED_EDGE('',*,*,#209,.T.);
#305=EDGE_LOOP('',(#296,#297,#303,#304));
#306=FACE_BOUND('',#305,.T.);
#307=ADVANCED_FACE('',(#306),#295,.T.);
#308=CARTESIAN_POINT('',(0.090416019,-1.379481873,94.788414015));
#309=DIRECTION('',(0.030157427,-0.460113421,0.887347829));
#310=DIRECTION('',(0.058035325,-0.885447949,-0.461100673));
#311=AXIS2_PLACEMENT_3D('',#308,#309,#310);
#312=PLANE('',#311);
#313=ORIENTED_EDGE('',*,*,#302,.T.);
#314=CARTESIAN_POINT('',(75.706331599,9.966927638,98.101944239));
#315=VERTEX_POINT('',#314);
#316=CARTESIAN_POINT('',(75.706331599,9.966927638,98.101944239));
#317=DIRECTION('',(0.09714968,-0.882199262,-0.460745484));
#318=VECTOR('',#317,3.507008208);
#319=LINE('',#316,#318);
#320=EDGE_CURVE('',#315,#274,#319,.T.);
#321=ORIENTED_EDGE('',*,*,#320,.F.);
#322=CARTESIAN_POINT('',(68.374356765,6.370153597,96.486106044));
#323=DIRECTION('',(0.880718037,0.432045097,0.194094753));
#324=VECTOR('',#323,8.324996789);
#325=LINE('',#322,#324);
#326=EDGE_CURVE('',#204,#315,#325,.T.);
#327=ORIENTED_EDGE('',*,*,#326,.F.);
#328=EDGE_LOOP('',(#313,#321,#327));
#329=FACE_BOUND('',#328,.T.);
#330=ADVANCED_FACE('',(#329),#312,.T.);
#331=CARTESIAN_POINT('',(68.228663721,7.666723365,92.128025968));
#332=DIRECTION('',(0.993745873,0.111665307,0.));
#333=DIRECTION('',(-0.111665307,0.993745873,0.));
#334=AXIS2_PLACEMENT_3D('',#331,#332,#333);
#335=PLANE('',#334);
#336=ORIENTED_EDGE('',*,*,#217,.T.);
#337=CARTESIAN_POINT('',(68.082970676,8.963293133,98.101944239));
#338=VERTEX_POINT('',#337);
#339=CARTESIAN_POINT('',(68.374356765,6.370153597,96.486106044));
#340=DIRECTION('',(-0.094937652,0.844881028,0.52646262));
#341=VECTOR('',#340,3.069236318);
#342=LINE('',#339,#341);
#343=EDGE_CURVE('',#204,#338,#342,.T.);
#344=ORIENTED_EDGE('',*,*,#343,.T.);
#345=CARTESIAN_POINT('',(68.082970676,8.963293133,93.743864163));
#346=VERTEX_POINT('',#345);
#347=CARTESIAN_POINT('',(68.082970676,8.963293133,93.743864163));
#348=DIRECTION('',(0.,0.,1.));
#349=VECTOR('',#348,4.358080076);
#350=LINE('',#347,#349);
#351=EDGE_CURVE('',#346,#338,#350,.T.);
#352=ORIENTED_EDGE('',*,*,#351,.F.);
#353=CARTESIAN_POINT('',(68.374356765,6.370153597,92.128025968));
#354=DIRECTION('',(-0.094937652,0.844881028,0.52646262));
#355=VECTOR('',#354,3.069236318);
#356=LINE('',#353,#355);
#357=EDGE_CURVE('',#212,#346,#356,.T.);
#358=ORIENTED_EDGE('',*,*,#357,.F.);
#359=EDGE_LOOP('',(#336,#344,#352,#358));
#360=FACE_BOUND('',#359,.T.);
#361=ADVANCED_FACE('',(#360),#335,.F.);
#362=CARTESIAN_POINT('',(0.094410052,-0.71711554,93.295896885));
#363=DIRECTION('',(-0.068726128,0.522026773,-0.850155731));
#364=DIRECTION('',(-0.055635844,0.848838948,0.525715791));
#365=AXIS2_PLACEMENT_3D('',#362,#363,#364);
#366=PLANE('',#365);
#367=ORIENTED_EDGE('',*,*,#357,.T.);
#368=CARTESIAN_POINT('',(75.706331599,9.966927638,93.743864163));
#369=VERTEX_POINT('',#368);
#370=CARTESIAN_POINT('',(75.706331599,9.966927638,93.743864163));
#371=DIRECTION('',(-0.991444861,-0.130526192,0.));
#372=VECTOR('',#371,7.689142604);
#373=LINE('',#370,#372);
#374=EDGE_CURVE('',#369,#346,#373,.T.);
#375=ORIENTED_EDGE('',*,*,#374,.F.);
#376=CARTESIAN_POINT('',(75.706331599,9.966927638,93.743864163));
#377=DIRECTION('',(-0.880718037,-0.432045097,-0.194094753));
#378=VECTOR('',#377,8.324996789);
#379=LINE('',#376,#378);
#380=EDGE_CURVE('',#369,#212,#379,.T.);
#381=ORIENTED_EDGE('',*,*,#380,.T.);
#382=EDGE_LOOP('',(#367,#375,#381));
#383=FACE_BOUND('',#382,.T.);
#384=ADVANCED_FACE('',(#383),#366,.T.);
#385=CARTESIAN_POINT('',(-0.026206759,0.399837872,91.356922038));
#386=DIRECTION('',(0.030157427,-0.460113421,0.887347829));
#387=DIRECTION('',(0.058035325,-0.885447949,-0.461100673));
#388=AXIS2_PLACEMENT_3D('',#385,#386,#387);
#389=PLANE('',#388);
#390=CARTESIAN_POINT('',(76.047036324,6.873047584,92.128025968));
#391=DIRECTION('',(-0.997858923,-0.065403129,0.));
#392=VECTOR('',#391,7.689142604);
#393=LINE('',#390,#392);
#394=EDGE_CURVE('',#266,#212,#393,.T.);
#395=ORIENTED_EDGE('',*,*,#394,.T.);
#396=ORIENTED_EDGE('',*,*,#380,.F.);
#397=CARTESIAN_POINT('',(76.047036324,6.873047584,92.128025968));
#398=DIRECTION('',(-0.09714968,0.882199262,0.460745484));
#399=VECTOR('',#398,3.507008208);
#400=LINE('',#397,#399);
#401=EDGE_CURVE('',#266,#369,#400,.T.);
#402=ORIENTED_EDGE('',*,*,#401,.F.);
#403=EDGE_LOOP('',(#395,#396,#402));
#404=FACE_BOUND('',#403,.T.);
#405=ADVANCED_FACE('',(#404),#389,.F.);
#406=CARTESIAN_POINT('',(0.349043571,-2.651249141,96.445763618));
#407=DIRECTION('',(-0.068726128,0.522026773,-0.850155731));
#408=DIRECTION('',(-0.055635844,0.848838948,0.525715791));
#409=AXIS2_PLACEMENT_3D('',#406,#407,#408);
#410=PLANE('',#409);
#411=ORIENTED_EDGE('',*,*,#343,.F.);
#412=ORIENTED_EDGE('',*,*,#326,.T.);
#413=CARTESIAN_POINT('',(68.082970676,8.963293133,98.101944239));
#414=DIRECTION('',(0.991444861,0.130526192,0.));
#415=VECTOR('',#414,7.689142604);
#416=LINE('',#413,#415);
#417=EDGE_CURVE('',#338,#315,#416,.T.);
#418=ORIENTED_EDGE('',*,*,#417,.F.);
#419=EDGE_LOOP('',(#411,#412,#418));
#420=FACE_BOUND('',#419,.T.);
#421=ADVANCED_FACE('',(#420),#410,.F.);
#422=CARTESIAN_POINT('',(75.883678235,8.356473841,92.128025968));
#423=DIRECTION('',(0.993991153,0.109460443,0.));
#424=DIRECTION('',(-0.109460443,0.993991153,0.));
#425=AXIS2_PLACEMENT_3D('',#422,#423,#424);
#426=PLANE('',#425);
#427=ORIENTED_EDGE('',*,*,#279,.T.);
#428=ORIENTED_EDGE('',*,*,#401,.T.);
#429=CARTESIAN_POINT('',(75.706331599,9.966927638,98.101944239));
#430=DIRECTION('',(0.,0.,-1.));
#431=VECTOR('',#430,4.358080076);
#432=LINE('',#429,#431);
#433=EDGE_CURVE('',#315,#369,#432,.T.);
#434=ORIENTED_EDGE('',*,*,#433,.F.);
#435=ORIENTED_EDGE('',*,*,#320,.T.);
#436=EDGE_LOOP('',(#427,#428,#434,#435));
#437=FACE_BOUND('',#436,.T.);
#438=ADVANCED_FACE('',(#437),#426,.T.);
#439=CARTESIAN_POINT('',(0.331927562,-2.521240145,96.68186005));
#440=DIRECTION('',(0.063639253,-0.483388121,0.873089898));
#441=DIRECTION('',(0.057131866,-0.871663829,-0.486762899));
#442=AXIS2_PLACEMENT_3D('',#439,#440,#441);
#443=PLANE('',#442);
#444=ORIENTED_EDGE('',*,*,#417,.T.);
#445=CARTESIAN_POINT('',(73.757708325,19.763318381,103.667771833));
#446=VERTEX_POINT('',#445);
#447=CARTESIAN_POINT('',(73.757708325,19.763318381,103.667771833));
#448=DIRECTION('',(0.170418055,-0.856749419,-0.486762899));
#449=VECTOR('',#448,11.434371039);
#450=LINE('',#447,#449);
#451=EDGE_CURVE('',#446,#315,#450,.T.);
#452=ORIENTED_EDGE('',*,*,#451,.F.);
#453=CARTESIAN_POINT('',(68.082970676,8.963293133,98.101944239));
#454=DIRECTION('',(0.423179697,0.8053855,0.415057996));
#455=VECTOR('',#454,13.409758743);
#456=LINE('',#453,#455);
#457=EDGE_CURVE('',#338,#446,#456,.T.);
#458=ORIENTED_EDGE('',*,*,#457,.F.);
#459=EDGE_LOOP('',(#444,#452,#458));
#460=FACE_BOUND('',#459,.T.);
#461=ADVANCED_FACE('',(#460),#443,.T.);
#462=CARTESIAN_POINT('',(67.206768789,13.368257484,92.128025968));
#463=DIRECTION('',(-0.98078528,-0.195090322,0.));
#464=DIRECTION('',(0.195090322,-0.98078528,0.));
#465=AXIS2_PLACEMENT_3D('',#462,#463,#464);
#466=PLANE('',#465);
#467=ORIENTED_EDGE('',*,*,#351,.T.);
#468=CARTESIAN_POINT('',(66.330566902,17.773221835,103.667771833));
#469=VERTEX_POINT('',#468);
#470=CARTESIAN_POINT('',(68.082970676,8.963293133,98.101944239));
#471=DIRECTION('',(-0.165835384,0.833710777,0.526711464));
#472=VECTOR('',#471,10.567128254);
#473=LINE('',#470,#472);
#474=EDGE_CURVE('',#338,#469,#473,.T.);
#475=ORIENTED_EDGE('',*,*,#474,.T.);
#476=CARTESIAN_POINT('',(66.330566902,17.773221835,99.309691757));
#477=VERTEX_POINT('',#476);
#478=CARTESIAN_POINT('',(66.330566902,17.773221835,99.309691757));
#479=DIRECTION('',(0.,0.,1.));
#480=VECTOR('',#479,4.358080076);
#481=LINE('',#478,#480);
#482=EDGE_CURVE('',#477,#469,#481,.T.);
#483=ORIENTED_EDGE('',*,*,#482,.F.);
#484=CARTESIAN_POINT('',(68.082970676,8.963293133,93.743864163));
#485=DIRECTION('',(-0.165835384,0.833710777,0.526711464));
#486=VECTOR('',#485,10.567128254);
#487=LINE('',#484,#486);
#488=EDGE_CURVE('',#346,#477,#487,.T.);
#489=ORIENTED_EDGE('',*,*,#488,.F.);
#490=EDGE_LOOP('',(#467,#475,#483,#489));
#491=FACE_BOUND('',#490,.T.);
#492=ADVANCED_FACE('',(#491),#466,.T.);
#493=CARTESIAN_POINT('',(0.833008126,-3.108828648,97.311141117));
#494=DIRECTION('',(-0.136534126,0.509552294,-0.849538046));
#495=DIRECTION('',(-0.055859052,0.852244449,0.520153021));
#496=AXIS2_PLACEMENT_3D('',#493,#494,#495);
#497=PLANE('',#496);
#498=ORIENTED_EDGE('',*,*,#488,.T.);
#499=CARTESIAN_POINT('',(73.757708325,19.763318381,99.309691757));
#500=VERTEX_POINT('',#499);
#501=CARTESIAN_POINT('',(73.757708325,19.763318381,99.309691757));
#502=DIRECTION('',(-0.965925826,-0.258819045,0.));
#503=VECTOR('',#502,7.689142604);
#504=LINE('',#501,#503);
#505=EDGE_CURVE('',#500,#477,#504,.T.);
#506=ORIENTED_EDGE('',*,*,#505,.F.);
#507=CARTESIAN_POINT('',(73.757708325,19.763318381,99.309691757));
#508=DIRECTION('',(-0.423179697,-0.8053855,-0.415057996));
#509=VECTOR('',#508,13.409758743);
#510=LINE('',#507,#509);
#511=EDGE_CURVE('',#500,#346,#510,.T.);
#512=ORIENTED_EDGE('',*,*,#511,.T.);
#513=EDGE_LOOP('',(#498,#506,#512));
#514=FACE_BOUND('',#513,.T.);
#515=ADVANCED_FACE('',(#514),#497,.T.);
#516=CARTESIAN_POINT('',(0.089780477,-0.681950428,93.359756753));
#517=DIRECTION('',(0.063639253,-0.483388121,0.873089898));
#518=DIRECTION('',(0.057131866,-0.871663829,-0.486762899));
#519=AXIS2_PLACEMENT_3D('',#516,#517,#518);
#520=PLANE('',#519);
#521=ORIENTED_EDGE('',*,*,#374,.T.);
#522=ORIENTED_EDGE('',*,*,#511,.F.);
#523=CARTESIAN_POINT('',(75.706331599,9.966927638,93.743864163));
#524=DIRECTION('',(-0.170418055,0.856749419,0.486762899));
#525=VECTOR('',#524,11.434371039);
#526=LINE('',#523,#525);
#527=EDGE_CURVE('',#369,#500,#526,.T.);
#528=ORIENTED_EDGE('',*,*,#527,.F.);
#529=EDGE_LOOP('',(#521,#522,#528));
#530=FACE_BOUND('',#529,.T.);
#531=ADVANCED_FACE('',(#530),#520,.F.);
#532=CARTESIAN_POINT('',(1.338505906,-4.995372047,100.456432408));
#533=DIRECTION('',(-0.136534126,0.509552294,-0.849538046));
#534=DIRECTION('',(-0.055859052,0.852244449,0.520153021));
#535=AXIS2_PLACEMENT_3D('',#532,#533,#534);
#536=PLANE('',#535);
#537=ORIENTED_EDGE('',*,*,#474,.F.);
#538=ORIENTED_EDGE('',*,*,#457,.T.);
#539=CARTESIAN_POINT('',(66.330566902,17.773221835,103.667771833));
#540=DIRECTION('',(0.965925826,0.258819045,0.));
#541=VECTOR('',#540,7.689142604);
#542=LINE('',#539,#541);
#543=EDGE_CURVE('',#469,#446,#542,.T.);
#544=ORIENTED_EDGE('',*,*,#543,.F.);
#545=EDGE_LOOP('',(#537,#538,#544));
#546=FACE_BOUND('',#545,.T.);
#547=ADVANCED_FACE('',(#546),#536,.F.);
#548=CARTESIAN_POINT('',(74.732019962,14.86512301,92.128025968));
#549=DIRECTION('',(-0.98078528,-0.195090322,0.));
#550=DIRECTION('',(0.195090322,-0.98078528,0.));
#551=AXIS2_PLACEMENT_3D('',#548,#549,#550);
#552=PLANE('',#551);
#553=ORIENTED_EDGE('',*,*,#433,.T.);
#554=ORIENTED_EDGE('',*,*,#527,.T.);
#555=CARTESIAN_POINT('',(73.757708325,19.763318381,103.667771833));
#556=DIRECTION('',(0.,0.,-1.));
#557=VECTOR('',#556,4.358080076);
#558=LINE('',#555,#557);
#559=EDGE_CURVE('',#446,#500,#558,.T.);
#560=ORIENTED_EDGE('',*,*,#559,.F.);
#561=ORIENTED_EDGE('',*,*,#451,.T.);
#562=EDGE_LOOP('',(#553,#554,#560,#561));
#563=FACE_BOUND('',#562,.T.);
#564=ADVANCED_FACE('',(#563),#552,.F.);
#565=CARTESIAN_POINT('',(72.493440427,23.640231713,92.128025968));
#566=DIRECTION('',(-0.950725717,-0.310033241,0.));
#567=DIRECTION('',(0.310033241,-0.950725717,0.));
#568=AXIS2_PLACEMENT_3D('',#565,#566,#567);
#569=PLANE('',#568);
#570=ORIENTED_EDGE('',*,*,#559,.T.);
#571=CARTESIAN_POINT('',(71.244385167,27.470495061,103.708443748));
#572=VERTEX_POINT('',#571);
#573=CARTESIAN_POINT('',(71.244385167,27.470495061,103.708443748));
#574=DIRECTION('',(0.272501781,-0.835634433,-0.476925439));
#575=VECTOR('',#574,9.223143974);
#576=LINE('',#573,#575);
#577=EDGE_CURVE('',#572,#500,#576,.T.);
#578=ORIENTED_EDGE('',*,*,#577,.F.);
#579=CARTESIAN_POINT('',(71.244385167,27.470495061,108.066523824));
#580=VERTEX_POINT('',#579);
#581=CARTESIAN_POINT('',(71.244385167,27.470495061,103.708443748));
#582=DIRECTION('',(-0.,0.,1.));
#583=VECTOR('',#582,4.358080076);
#584=LINE('',#581,#583);
#585=EDGE_CURVE('',#572,#580,#584,.T.);
#586=ORIENTED_EDGE('',*,*,#585,.T.);
#587=CARTESIAN_POINT('',(73.757708325,19.763318381,103.667771833));
#588=DIRECTION('',(-0.272501781,0.835634433,0.476925439));
#589=VECTOR('',#588,9.223143974);
#590=LINE('',#587,#589);
#591=EDGE_CURVE('',#446,#580,#590,.T.);
#592=ORIENTED_EDGE('',*,*,#591,.F.);
#593=EDGE_LOOP('',(#570,#578,#586,#592));
#594=FACE_BOUND('',#593,.T.);
#595=ADVANCED_FACE('',(#594),#569,.F.);
#596=CARTESIAN_POINT('',(1.337868536,-4.992993351,100.461404085));
#597=DIRECTION('',(-0.136428396,0.509157706,-0.849791576));
#598=DIRECTION('',(-0.05587526,0.852491722,0.519745917));
#599=AXIS2_PLACEMENT_3D('',#596,#597,#598);
#600=PLANE('',#599);
#601=ORIENTED_EDGE('',*,*,#543,.T.);
#602=CARTESIAN_POINT('',(64.140543693,24.527987578,108.066523824));
#603=VERTEX_POINT('',#602);
#604=CARTESIAN_POINT('',(64.140543693,24.527987578,108.066523824));
#605=DIRECTION('',(0.829124618,-0.410776427,-0.379229607));
#606=VECTOR('',#605,11.599178729);
#607=LINE('',#604,#606);
#608=EDGE_CURVE('',#603,#446,#607,.T.);
#609=ORIENTED_EDGE('',*,*,#608,.F.);
#610=CARTESIAN_POINT('',(66.330566902,17.773221835,103.667771833));
#611=DIRECTION('',(-0.262185023,0.808666503,0.526609438));
#612=VECTOR('',#611,8.352968393);
#613=LINE('',#610,#612);
#614=EDGE_CURVE('',#469,#603,#613,.T.);
#615=ORIENTED_EDGE('',*,*,#614,.F.);
#616=EDGE_LOOP('',(#601,#609,#615));
#617=FACE_BOUND('',#616,.T.);
#618=ADVANCED_FACE('',(#617),#600,.F.);
#619=CARTESIAN_POINT('',(2.7258007,-6.580665019,105.215639479));
#620=DIRECTION('',(0.182935208,-0.441644659,0.87834202));
#621=DIRECTION('',(0.058136749,-0.88699538,-0.458104043));
#622=AXIS2_PLACEMENT_3D('',#619,#620,#621);
#623=PLANE('',#622);
#624=ORIENTED_EDGE('',*,*,#591,.T.);
#625=CARTESIAN_POINT('',(71.244385167,27.470495061,108.066523824));
#626=DIRECTION('',(-0.923879533,-0.382683432,0.));
#627=VECTOR('',#626,7.689142604);
#628=LINE('',#625,#627);
#629=EDGE_CURVE('',#580,#603,#628,.T.);
#630=ORIENTED_EDGE('',*,*,#629,.T.);
#631=ORIENTED_EDGE('',*,*,#608,.T.);
#632=EDGE_LOOP('',(#624,#630,#631));
#633=FACE_BOUND('',#632,.T.);
#634=ADVANCED_FACE('',(#633),#623,.T.);
#635=CARTESIAN_POINT('',(2.025545789,-4.890100115,101.853447358));
#636=DIRECTION('',(0.182935208,-0.441644659,0.87834202));
#637=DIRECTION('',(0.058136749,-0.88699538,-0.458104043));
#638=AXIS2_PLACEMENT_3D('',#635,#636,#637);
#639=PLANE('',#638);
#640=ORIENTED_EDGE('',*,*,#577,.T.);
#641=CARTESIAN_POINT('',(64.140543693,24.527987578,103.708443748));
#642=VERTEX_POINT('',#641);
#643=CARTESIAN_POINT('',(73.757708325,19.763318381,99.309691757));
#644=DIRECTION('',(-0.829124618,0.410776427,0.379229607));
#645=VECTOR('',#644,11.599178729);
#646=LINE('',#643,#645);
#647=EDGE_CURVE('',#500,#642,#646,.T.);
#648=ORIENTED_EDGE('',*,*,#647,.T.);
#649=CARTESIAN_POINT('',(64.140543693,24.527987578,103.708443748));
#650=DIRECTION('',(0.923879533,0.382683432,0.));
#651=VECTOR('',#650,7.689142604);
#652=LINE('',#649,#651);
#653=EDGE_CURVE('',#642,#572,#652,.T.);
#654=ORIENTED_EDGE('',*,*,#653,.T.);
#655=EDGE_LOOP('',(#640,#648,#654));
#656=FACE_BOUND('',#655,.T.);
#657=ADVANCED_FACE('',(#656),#639,.F.);
#658=CARTESIAN_POINT('',(0.832611464,-3.107348286,97.314235199));
#659=DIRECTION('',(-0.136428396,0.509157706,-0.849791576));
#660=DIRECTION('',(-0.05587526,0.852491722,0.519745917));
#661=AXIS2_PLACEMENT_3D('',#658,#659,#660);
#662=PLANE('',#661);
#663=ORIENTED_EDGE('',*,*,#505,.T.);
#664=CARTESIAN_POINT('',(64.140543693,24.527987578,103.708443748));
#665=DIRECTION('',(0.262185023,-0.808666503,-0.526609438));
#666=VECTOR('',#665,8.352968393);
#667=LINE('',#664,#666);
#668=EDGE_CURVE('',#642,#477,#667,.T.);
#669=ORIENTED_EDGE('',*,*,#668,.F.);
#670=ORIENTED_EDGE('',*,*,#647,.F.);
#671=EDGE_LOOP('',(#663,#669,#670));
#672=FACE_BOUND('',#671,.T.);
#673=ADVANCED_FACE('',(#672),#662,.T.);
#674=CARTESIAN_POINT('',(65.235555297,21.150604706,92.128025968));
#675=DIRECTION('',(-0.951252224,-0.308414019,0.));
#676=DIRECTION('',(0.308414019,-0.951252224,0.));
#677=AXIS2_PLACEMENT_3D('',#674,#675,#676);
#678=PLANE('',#677);
#679=ORIENTED_EDGE('',*,*,#482,.T.);
#680=ORIENTED_EDGE('',*,*,#614,.T.);
#681=CARTESIAN_POINT('',(64.140543693,24.527987578,108.066523824));
#682=DIRECTION('',(0.,-0.,-1.));
#683=VECTOR('',#682,4.358080076);
#684=LINE('',#681,#683);
#685=EDGE_CURVE('',#603,#642,#684,.T.);
#686=ORIENTED_EDGE('',*,*,#685,.T.);
#687=ORIENTED_EDGE('',*,*,#668,.T.);
#688=EDGE_LOOP('',(#679,#680,#686,#687));
#689=FACE_BOUND('',#688,.T.);
#690=ADVANCED_FACE('',(#689),#678,.T.);
#691=CARTESIAN_POINT('',(64.140543693,24.527987578,108.066523824));
#692=DIRECTION('',(-0.923879533,-0.382683432,0.));
#693=DIRECTION('',(0.,-0.,-1.));
#694=AXIS2_PLACEMENT_3D('',#691,#692,#693);
#695=PLANE('',#694);
#696=CARTESIAN_POINT('',(62.69811974,28.010307049,108.066523824));
#697=VERTEX_POINT('',#696);
#698=CARTESIAN_POINT('',(63.416488549,26.276011328,104.806570929));
#699=VERTEX_POINT('',#698);
#700=CARTESIAN_POINT('',(64.140543693,24.527987578,108.066523824));
#701=DIRECTION('',(-0.923879533,-0.382683432,-0.));
#702=DIRECTION('',(-0.382683432,0.923879533,-0.));
#703=AXIS2_PLACEMENT_3D('',#700,#701,#702);
#704=CIRCLE('',#703,3.769235435);
#705=EDGE_CURVE('',#697,#699,#704,.T.);
#706=ORIENTED_EDGE('',*,*,#705,.T.);
#707=CARTESIAN_POINT('',(64.140543693,24.527987578,103.708443748));
#708=DIRECTION('',(-0.330976928,0.799048987,0.501971104));
#709=VECTOR('',#708,2.187630268);
#710=LINE('',#707,#709);
#711=EDGE_CURVE('',#642,#699,#710,.T.);
#712=ORIENTED_EDGE('',*,*,#711,.F.);
#713=ORIENTED_EDGE('',*,*,#685,.F.);
#714=CARTESIAN_POINT('',(64.140543693,24.527987578,108.066523824));
#715=DIRECTION('',(-0.382683432,0.923879533,-0.));
#716=VECTOR('',#715,3.769235435);
#717=LINE('',#714,#716);
#718=EDGE_CURVE('',#603,#697,#717,.T.);
#719=ORIENTED_EDGE('',*,*,#718,.T.);
#720=EDGE_LOOP('',(#706,#712,#713,#719));
#721=FACE_BOUND('',#720,.T.);
#722=ADVANCED_FACE('',(#721),#695,.T.);
#723=CARTESIAN_POINT('',(67.69246443,25.99924132,108.066523824));
#724=DIRECTION('',(-0.923879533,-0.382683432,0.));
#725=DIRECTION('',(0.,-0.,-1.));
#726=AXIS2_PLACEMENT_3D('',#723,#724,#725);
#727=CYLINDRICAL_SURFACE('',#726,3.769235435);
#728=CARTESIAN_POINT('',(69.801961214,30.952814533,108.066523824));
#729=VERTEX_POINT('',#728);
#730=CARTESIAN_POINT('',(70.520330023,29.218518811,104.806570929));
#731=VERTEX_POINT('',#730);
#732=CARTESIAN_POINT('',(71.244385167,27.470495061,108.066523824));
#733=DIRECTION('',(-0.923879533,-0.382683432,-0.));
#734=DIRECTION('',(-0.382683432,0.923879533,-0.));
#735=AXIS2_PLACEMENT_3D('',#732,#733,#734);
#736=CIRCLE('',#735,3.769235435);
#737=EDGE_CURVE('',#729,#731,#736,.T.);
#738=ORIENTED_EDGE('',*,*,#737,.T.);
#739=CARTESIAN_POINT('',(63.416488549,26.276011328,104.806570929));
#740=DIRECTION('',(0.923879533,0.382683432,0.));
#741=VECTOR('',#740,7.689142604);
#742=LINE('',#739,#741);
#743=EDGE_CURVE('',#699,#731,#742,.T.);
#744=ORIENTED_EDGE('',*,*,#743,.F.);
#745=ORIENTED_EDGE('',*,*,#705,.F.);
#746=CARTESIAN_POINT('',(62.69811974,28.010307049,108.066523824));
#747=DIRECTION('',(0.923879533,0.382683432,0.));
#748=VECTOR('',#747,7.689142604);
#749=LINE('',#746,#748);
#750=EDGE_CURVE('',#697,#729,#749,.T.);
#751=ORIENTED_EDGE('',*,*,#750,.T.);
#752=EDGE_LOOP('',(#738,#744,#745,#751));
#753=FACE_BOUND('',#752,.T.);
#754=ADVANCED_FACE('',(#753),#727,.T.);
#755=CARTESIAN_POINT('',(69.801961214,30.952814533,108.066523824));
#756=DIRECTION('',(0.923879533,0.382683432,0.));
#757=DIRECTION('',(-0.,0.,1.));
#758=AXIS2_PLACEMENT_3D('',#755,#756,#757);
#759=PLANE('',#758);
#760=CARTESIAN_POINT('',(69.801961214,30.952814533,108.066523824));
#761=DIRECTION('',(0.382683432,-0.923879533,0.));
#762=VECTOR('',#761,3.769235435);
#763=LINE('',#760,#762);
#764=EDGE_CURVE('',#729,#580,#763,.T.);
#765=ORIENTED_EDGE('',*,*,#764,.T.);
#766=ORIENTED_EDGE('',*,*,#585,.F.);
#767=CARTESIAN_POINT('',(71.244385167,27.470495061,103.708443748));
#768=DIRECTION('',(-0.330976928,0.799048987,0.501971104));
#769=VECTOR('',#768,2.187630268);
#770=LINE('',#767,#769);
#771=EDGE_CURVE('',#572,#731,#770,.T.);
#772=ORIENTED_EDGE('',*,*,#771,.T.);
#773=ORIENTED_EDGE('',*,*,#737,.F.);
#774=EDGE_LOOP('',(#765,#766,#772,#773));
#775=FACE_BOUND('',#774,.T.);
#776=ADVANCED_FACE('',(#775),#759,.T.);
#777=CARTESIAN_POINT('',(-0.542327764,1.309295044,105.624772006));
#778=DIRECTION('',(-0.192096025,0.463760829,-0.864884391));
#779=DIRECTION('',(-0.330976928,0.799048987,0.501971104));
#780=AXIS2_PLACEMENT_3D('',#777,#778,#779);
#781=PLANE('',#780);
#782=ORIENTED_EDGE('',*,*,#743,.T.);
#783=ORIENTED_EDGE('',*,*,#771,.F.);
#784=ORIENTED_EDGE('',*,*,#653,.F.);
#785=ORIENTED_EDGE('',*,*,#711,.T.);
#786=EDGE_LOOP('',(#782,#783,#784,#785));
#787=FACE_BOUND('',#786,.T.);
#788=ADVANCED_FACE('',(#787),#781,.T.);
#789=CARTESIAN_POINT('',(73.293041386,4.803879733,85.));
#790=DIRECTION('',(-0.065403129,0.997858923,0.));
#791=DIRECTION('',(0.,0.,1.));
#792=AXIS2_PLACEMENT_3D('',#789,#790,#791);
#793=CYLINDRICAL_SURFACE('',#792,7.689142604);
#794=CARTESIAN_POINT('',(81.088980841,3.426191114,85.));
#795=VERTEX_POINT('',#794);
#796=CARTESIAN_POINT('',(73.416301282,2.923297127,85.));
#797=DIRECTION('',(0.065403129,-0.997858923,0.));
#798=DIRECTION('',(0.997858923,0.065403129,0.));
#799=AXIS2_PLACEMENT_3D('',#796,#797,#798);
#800=CIRCLE('',#799,7.689142604);
#801=EDGE_CURVE('',#795,#234,#800,.T.);
#802=ORIENTED_EDGE('',*,*,#801,.F.);
#803=CARTESIAN_POINT('',(80.842461049,7.187356326,85.));
#804=VERTEX_POINT('',#803);
#805=CARTESIAN_POINT('',(81.088980841,3.426191114,85.));
#806=DIRECTION('',(-0.065403129,0.997858923,0.));
#807=VECTOR('',#806,3.769235435);
#808=LINE('',#805,#807);
#809=EDGE_CURVE('',#795,#804,#808,.T.);
#810=ORIENTED_EDGE('',*,*,#809,.T.);
#811=CARTESIAN_POINT('',(73.169781489,6.684462339,85.));
#812=DIRECTION('',(0.065403129,-0.997858923,0.));
#813=DIRECTION('',(0.997858923,0.065403129,0.));
#814=AXIS2_PLACEMENT_3D('',#811,#812,#813);
#815=CIRCLE('',#814,7.689142604);
#816=EDGE_CURVE('',#804,#266,#815,.T.);
#817=ORIENTED_EDGE('',*,*,#816,.T.);
#818=ORIENTED_EDGE('',*,*,#271,.F.);
#819=EDGE_LOOP('',(#802,#810,#817,#818));
#820=FACE_BOUND('',#819,.T.);
#821=ADVANCED_FACE('',(#820),#793,.T.);
#822=CARTESIAN_POINT('',(76.17029622,4.992464978,92.128025968));
#823=DIRECTION('',(-0.065403129,0.997858923,0.));
#824=DIRECTION('',(0.,0.,1.));
#825=AXIS2_PLACEMENT_3D('',#822,#823,#824);
#826=CYLINDRICAL_SURFACE('',#825,7.689142604);
#827=CARTESIAN_POINT('',(73.169781489,6.684462339,85.));
#828=VERTEX_POINT('',#827);
#829=CARTESIAN_POINT('',(76.047036324,6.873047584,92.128025968));
#830=DIRECTION('',(0.065403129,-0.997858923,0.));
#831=DIRECTION('',(-0.997858923,-0.065403129,0.));
#832=AXIS2_PLACEMENT_3D('',#829,#830,#831);
#833=CIRCLE('',#832,7.689142604);
#834=EDGE_CURVE('',#212,#828,#833,.T.);
#835=ORIENTED_EDGE('',*,*,#834,.T.);
#836=CARTESIAN_POINT('',(73.416301282,2.923297127,85.));
#837=VERTEX_POINT('',#836);
#838=CARTESIAN_POINT('',(73.169781489,6.684462339,85.));
#839=DIRECTION('',(0.065403129,-0.997858923,0.));
#840=VECTOR('',#839,3.769235435);
#841=LINE('',#838,#840);
#842=EDGE_CURVE('',#828,#837,#841,.T.);
#843=ORIENTED_EDGE('',*,*,#842,.T.);
#844=CARTESIAN_POINT('',(76.293556116,3.111882372,92.128025968));
#845=DIRECTION('',(0.065403129,-0.997858923,0.));
#846=DIRECTION('',(-0.997858923,-0.065403129,0.));
#847=AXIS2_PLACEMENT_3D('',#844,#845,#846);
#848=CIRCLE('',#847,7.689142604);
#849=EDGE_CURVE('',#193,#837,#848,.T.);
#850=ORIENTED_EDGE('',*,*,#849,.F.);
#851=ORIENTED_EDGE('',*,*,#223,.F.);
#852=EDGE_LOOP('',(#835,#843,#850,#851));
#853=FACE_BOUND('',#852,.T.);
#854=ADVANCED_FACE('',(#853),#826,.T.);
#855=CARTESIAN_POINT('',(71.411153375,29.579468233,108.066523824));
#856=DIRECTION('',(0.382683432,-0.923879533,0.));
#857=DIRECTION('',(0.,0.,-1.));
#858=AXIS2_PLACEMENT_3D('',#855,#856,#857);
#859=CYLINDRICAL_SURFACE('',#858,0.961142825);
#860=CARTESIAN_POINT('',(73.020345536,28.206121932,108.066523824));
#861=VERTEX_POINT('',#860);
#862=CARTESIAN_POINT('',(72.132365352,27.838308497,108.066523824));
#863=DIRECTION('',(0.382683432,-0.923879533,0.));
#864=DIRECTION('',(0.923879533,0.382683432,0.));
#865=AXIS2_PLACEMENT_3D('',#862,#863,#864);
#866=CIRCLE('',#865,0.961142825);
#867=EDGE_CURVE('',#861,#580,#866,.T.);
#868=ORIENTED_EDGE('',*,*,#867,.T.);
#869=ORIENTED_EDGE('',*,*,#764,.F.);
#870=CARTESIAN_POINT('',(71.577921582,31.688441404,108.066523824));
#871=VERTEX_POINT('',#870);
#872=CARTESIAN_POINT('',(70.689941398,31.320627968,108.066523824));
#873=DIRECTION('',(0.382683432,-0.923879533,0.));
#874=DIRECTION('',(0.923879533,0.382683432,0.));
#875=AXIS2_PLACEMENT_3D('',#872,#873,#874);
#876=CIRCLE('',#875,0.961142825);
#877=EDGE_CURVE('',#871,#729,#876,.T.);
#878=ORIENTED_EDGE('',*,*,#877,.F.);
#879=CARTESIAN_POINT('',(71.577921582,31.688441404,108.066523824));
#880=DIRECTION('',(0.382683432,-0.923879533,0.));
#881=VECTOR('',#880,3.769235435);
#882=LINE('',#879,#881);
#883=EDGE_CURVE('',#871,#861,#882,.T.);
#884=ORIENTED_EDGE('',*,*,#883,.T.);
#885=EDGE_LOOP('',(#868,#869,#878,#884));
#886=FACE_BOUND('',#885,.T.);
#887=ADVANCED_FACE('',(#886),#859,.F.);
#888=CARTESIAN_POINT('',(73.020345536,28.206121932,108.066523824));
#889=DIRECTION('',(0.382683432,-0.923879533,0.));
#890=DIRECTION('',(0.,0.,-1.));
#891=AXIS2_PLACEMENT_3D('',#888,#889,#890);
#892=PLANE('',#891);
#893=CARTESIAN_POINT('',(80.12418701,31.148629416,108.066523824));
#894=VERTEX_POINT('',#893);
#895=CARTESIAN_POINT('',(72.132365352,27.838308497,108.066523824));
#896=DIRECTION('',(0.382683432,-0.923879533,0.));
#897=DIRECTION('',(0.923879533,0.382683432,0.));
#898=AXIS2_PLACEMENT_3D('',#895,#896,#897);
#899=CIRCLE('',#898,8.650285429);
#900=EDGE_CURVE('',#894,#603,#899,.T.);
#901=ORIENTED_EDGE('',*,*,#900,.T.);
#902=ORIENTED_EDGE('',*,*,#629,.F.);
#903=ORIENTED_EDGE('',*,*,#867,.F.);
#904=CARTESIAN_POINT('',(73.020345536,28.206121932,108.066523824));
#905=DIRECTION('',(0.923879533,0.382683432,0.));
#906=VECTOR('',#905,7.689142604);
#907=LINE('',#904,#906);
#908=EDGE_CURVE('',#861,#894,#907,.T.);
#909=ORIENTED_EDGE('',*,*,#908,.T.);
#910=EDGE_LOOP('',(#901,#902,#903,#909));
#911=FACE_BOUND('',#910,.T.);
#912=ADVANCED_FACE('',(#911),#892,.T.);
#913=CARTESIAN_POINT('',(71.411153375,29.579468233,108.066523824));
#914=DIRECTION('',(0.382683432,-0.923879533,0.));
#915=DIRECTION('',(0.,0.,-1.));
#916=AXIS2_PLACEMENT_3D('',#913,#914,#915);
#917=CYLINDRICAL_SURFACE('',#916,8.650285429);
#918=CARTESIAN_POINT('',(78.681763057,34.630948887,108.066523824));
#919=VERTEX_POINT('',#918);
#920=CARTESIAN_POINT('',(70.689941398,31.320627968,108.066523824));
#921=DIRECTION('',(0.382683432,-0.923879533,0.));
#922=DIRECTION('',(0.923879533,0.382683432,0.));
#923=AXIS2_PLACEMENT_3D('',#920,#921,#922);
#924=CIRCLE('',#923,8.650285429);
#925=EDGE_CURVE('',#919,#697,#924,.T.);
#926=ORIENTED_EDGE('',*,*,#925,.T.);
#927=ORIENTED_EDGE('',*,*,#718,.F.);
#928=ORIENTED_EDGE('',*,*,#900,.F.);
#929=CARTESIAN_POINT('',(80.12418701,31.148629416,108.066523824));
#930=DIRECTION('',(-0.382683432,0.923879533,0.));
#931=VECTOR('',#930,3.769235435);
#932=LINE('',#929,#931);
#933=EDGE_CURVE('',#894,#919,#932,.T.);
#934=ORIENTED_EDGE('',*,*,#933,.T.);
#935=EDGE_LOOP('',(#926,#927,#928,#934));
#936=FACE_BOUND('',#935,.T.);
#937=ADVANCED_FACE('',(#936),#917,.T.);
#938=CARTESIAN_POINT('',(78.681763057,34.630948887,108.066523824));
#939=DIRECTION('',(-0.382683432,0.923879533,0.));
#940=DIRECTION('',(0.,0.,1.));
#941=AXIS2_PLACEMENT_3D('',#938,#939,#940);
#942=PLANE('',#941);
#943=ORIENTED_EDGE('',*,*,#750,.F.);
#944=ORIENTED_EDGE('',*,*,#925,.F.);
#945=CARTESIAN_POINT('',(78.681763057,34.630948887,108.066523824));
#946=DIRECTION('',(-0.923879533,-0.382683432,0.));
#947=VECTOR('',#946,7.689142604);
#948=LINE('',#945,#947);
#949=EDGE_CURVE('',#919,#871,#948,.T.);
#950=ORIENTED_EDGE('',*,*,#949,.T.);
#951=ORIENTED_EDGE('',*,*,#877,.T.);
#952=EDGE_LOOP('',(#943,#944,#950,#951));
#953=FACE_BOUND('',#952,.T.);
#954=ADVANCED_FACE('',(#953),#942,.T.);
#955=CARTESIAN_POINT('',(60.078604502,50.180847519,92.128025968));
#956=DIRECTION('',(-0.751839807,-0.659345815,0.));
#957=DIRECTION('',(0.,0.,1.));
#958=AXIS2_PLACEMENT_3D('',#955,#956,#957);
#959=PLANE('',#958);
#960=CARTESIAN_POINT('',(58.954655733,51.462465461,95.489771107));
#961=VERTEX_POINT('',#960);
#962=CARTESIAN_POINT('',(60.078604502,50.180847519,92.128025968));
#963=DIRECTION('',(0.751839807,0.659345815,0.));
#964=DIRECTION('',(-0.659345815,0.751839807,0.));
#965=AXIS2_PLACEMENT_3D('',#962,#963,#964);
#966=CIRCLE('',#965,3.769235435);
#967=EDGE_CURVE('',#160,#961,#966,.T.);
#968=ORIENTED_EDGE('',*,*,#967,.F.);
#969=CARTESIAN_POINT('',(60.078604502,50.180847519,92.128025968));
#970=DIRECTION('',(-0.659345815,0.751839807,0.));
#971=VECTOR('',#970,3.769235435);
#972=LINE('',#969,#971);
#973=EDGE_CURVE('',#98,#160,#972,.T.);
#974=ORIENTED_EDGE('',*,*,#973,.F.);
#975=CARTESIAN_POINT('',(60.078604502,50.180847519,96.354145194));
#976=VERTEX_POINT('',#975);
#977=CARTESIAN_POINT('',(60.078604502,50.180847519,92.128025968));
#978=DIRECTION('',(0.,0.,1.));
#979=VECTOR('',#978,4.226119225);
#980=LINE('',#977,#979);
#981=EDGE_CURVE('',#98,#976,#980,.T.);
#982=ORIENTED_EDGE('',*,*,#981,.T.);
#983=CARTESIAN_POINT('',(60.078604502,50.180847519,96.354145194));
#984=DIRECTION('',(-0.588064245,0.670558754,-0.45225148));
#985=VECTOR('',#984,1.911268674);
#986=LINE('',#983,#985);
#987=EDGE_CURVE('',#976,#961,#986,.T.);
#988=ORIENTED_EDGE('',*,*,#987,.T.);
#989=EDGE_LOOP('',(#968,#974,#982,#988));
#990=FACE_BOUND('',#989,.T.);
#991=ADVANCED_FACE('',(#990),#959,.T.);
#992=CARTESIAN_POINT('',(62.969106249,52.715749518,92.128025968));
#993=DIRECTION('',(-0.751839807,-0.659345815,0.));
#994=DIRECTION('',(0.,0.,1.));
#995=AXIS2_PLACEMENT_3D('',#992,#993,#994);
#996=CYLINDRICAL_SURFACE('',#995,3.769235435);
#997=CARTESIAN_POINT('',(64.735659228,56.532269458,95.489771107));
#998=VERTEX_POINT('',#997);
#999=CARTESIAN_POINT('',(65.859607997,55.250651517,92.128025968));
#1000=DIRECTION('',(0.751839807,0.659345815,0.));
#1001=DIRECTION('',(-0.659345815,0.751839807,0.));
#1002=AXIS2_PLACEMENT_3D('',#999,#1000,#1001);
#1003=CIRCLE('',#1002,3.769235435);
#1004=EDGE_CURVE('',#169,#998,#1003,.T.);
#1005=ORIENTED_EDGE('',*,*,#1004,.F.);
#1006=ORIENTED_EDGE('',*,*,#174,.F.);
#1007=ORIENTED_EDGE('',*,*,#967,.T.);
#1008=CARTESIAN_POINT('',(58.954655733,51.462465461,95.489771107));
#1009=DIRECTION('',(0.751839807,0.659345815,0.));
#1010=VECTOR('',#1009,7.689142604);
#1011=LINE('',#1008,#1010);
#1012=EDGE_CURVE('',#961,#998,#1011,.T.);
#1013=ORIENTED_EDGE('',*,*,#1012,.T.);
#1014=EDGE_LOOP('',(#1005,#1006,#1007,#1013));
#1015=FACE_BOUND('',#1014,.T.);
#1016=ADVANCED_FACE('',(#1015),#996,.T.);
#1017=CARTESIAN_POINT('',(63.374378387,58.08451276,92.128025968));
#1018=DIRECTION('',(0.751839807,0.659345815,0.));
#1019=DIRECTION('',(0.,0.,-1.));
#1020=AXIS2_PLACEMENT_3D('',#1017,#1018,#1019);
#1021=PLANE('',#1020);
#1022=CARTESIAN_POINT('',(63.374378387,58.08451276,92.128025968));
#1023=DIRECTION('',(0.659345815,-0.751839807,0.));
#1024=VECTOR('',#1023,3.769235435);
#1025=LINE('',#1022,#1024);
#1026=EDGE_CURVE('',#169,#89,#1025,.T.);
#1027=ORIENTED_EDGE('',*,*,#1026,.F.);
#1028=ORIENTED_EDGE('',*,*,#1004,.T.);
#1029=CARTESIAN_POINT('',(65.859607997,55.250651517,96.354145194));
#1030=VERTEX_POINT('',#1029);
#1031=CARTESIAN_POINT('',(65.859607997,55.250651517,96.354145194));
#1032=DIRECTION('',(-0.588064245,0.670558754,-0.45225148));
#1033=VECTOR('',#1032,1.911268674);
#1034=LINE('',#1031,#1033);
#1035=EDGE_CURVE('',#1030,#998,#1034,.T.);
#1036=ORIENTED_EDGE('',*,*,#1035,.F.);
#1037=CARTESIAN_POINT('',(65.859607997,55.250651517,96.354145194));
#1038=DIRECTION('',(0.,0.,-1.));
#1039=VECTOR('',#1038,4.226119225);
#1040=LINE('',#1037,#1039);
#1041=EDGE_CURVE('',#1030,#89,#1040,.T.);
#1042=ORIENTED_EDGE('',*,*,#1041,.T.);
#1043=EDGE_LOOP('',(#1027,#1028,#1036,#1042));
#1044=FACE_BOUND('',#1043,.T.);
#1045=ADVANCED_FACE('',(#1044),#1021,.T.);
#1046=CARTESIAN_POINT('',(-0.869795022,0.991811136,94.729594));
#1047=DIRECTION('',(-0.298190121,0.340020666,0.891890463));
#1048=DIRECTION('',(-0.588064245,0.670558754,-0.45225148));
#1049=AXIS2_PLACEMENT_3D('',#1046,#1047,#1048);
#1050=PLANE('',#1049);
#1051=ORIENTED_EDGE('',*,*,#1012,.F.);
#1052=ORIENTED_EDGE('',*,*,#987,.F.);
#1053=CARTESIAN_POINT('',(60.078604502,50.180847519,96.354145194));
#1054=DIRECTION('',(0.751839807,0.659345815,0.));
#1055=VECTOR('',#1054,7.689142604);
#1056=LINE('',#1053,#1055);
#1057=EDGE_CURVE('',#976,#1030,#1056,.T.);
#1058=ORIENTED_EDGE('',*,*,#1057,.T.);
#1059=ORIENTED_EDGE('',*,*,#1035,.T.);
#1060=EDGE_LOOP('',(#1051,#1052,#1058,#1059));
#1061=FACE_BOUND('',#1060,.T.);
#1062=ADVANCED_FACE('',(#1061),#1050,.T.);
#1063=CARTESIAN_POINT('',(-0.844075318,0.962483434,94.884164647));
#1064=DIRECTION('',(-0.277753479,0.316717143,0.906941705));
#1065=DIRECTION('',(-0.597988218,0.681874877,-0.42125615));
#1066=AXIS2_PLACEMENT_3D('',#1063,#1064,#1065);
#1067=PLANE('',#1066);
#1068=ORIENTED_EDGE('',*,*,#1057,.F.);
#1069=CARTESIAN_POINT('',(68.20288169,52.333911779,98.090347078));
#1070=VERTEX_POINT('',#1069);
#1071=CARTESIAN_POINT('',(60.078604502,50.180847519,96.354145194));
#1072=DIRECTION('',(0.946643973,0.250875894,0.202302926));
#1073=VECTOR('',#1072,8.582188679);
#1074=LINE('',#1071,#1073);
#1075=EDGE_CURVE('',#976,#1070,#1074,.T.);
#1076=ORIENTED_EDGE('',*,*,#1075,.T.);
#1077=CARTESIAN_POINT('',(68.20288169,52.333911779,98.090347078));
#1078=DIRECTION('',(-0.568115194,0.707149219,-0.420933616));
#1079=VECTOR('',#1078,4.124645353);
#1080=LINE('',#1077,#1079);
#1081=EDGE_CURVE('',#1070,#1030,#1080,.T.);
#1082=ORIENTED_EDGE('',*,*,#1081,.T.);
#1083=EDGE_LOOP('',(#1068,#1076,#1082));
#1084=FACE_BOUND('',#1083,.T.);
#1085=ADVANCED_FACE('',(#1084),#1067,.T.);
#1086=CARTESIAN_POINT('',(61.090639612,48.916952929,92.128025968));
#1087=DIRECTION('',(0.780591732,0.625041238,0.));
#1088=DIRECTION('',(0.625041238,-0.780591732,0.));
#1089=AXIS2_PLACEMENT_3D('',#1086,#1087,#1088);
#1090=PLANE('',#1089);
#1091=ORIENTED_EDGE('',*,*,#981,.F.);
#1092=CARTESIAN_POINT('',(62.102674721,47.653058339,93.864227852));
#1093=VERTEX_POINT('',#1092);
#1094=CARTESIAN_POINT('',(60.078604502,50.180847519,92.128025968));
#1095=DIRECTION('',(0.550862238,-0.687952222,0.472517231));
#1096=VECTOR('',#1095,3.674367343);
#1097=LINE('',#1094,#1096);
#1098=EDGE_CURVE('',#98,#1093,#1097,.T.);
#1099=ORIENTED_EDGE('',*,*,#1098,.T.);
#1100=CARTESIAN_POINT('',(62.102674721,47.653058339,98.090347078));
#1101=VERTEX_POINT('',#1100);
#1102=CARTESIAN_POINT('',(62.102674721,47.653058339,93.864227852));
#1103=DIRECTION('',(0.,0.,1.));
#1104=VECTOR('',#1103,4.226119225);
#1105=LINE('',#1102,#1104);
#1106=EDGE_CURVE('',#1093,#1101,#1105,.T.);
#1107=ORIENTED_EDGE('',*,*,#1106,.T.);
#1108=CARTESIAN_POINT('',(60.078604502,50.180847519,96.354145194));
#1109=DIRECTION('',(0.550862238,-0.687952222,0.472517231));
#1110=VECTOR('',#1109,3.674367343);
#1111=LINE('',#1108,#1110);
#1112=EDGE_CURVE('',#976,#1101,#1111,.T.);
#1113=ORIENTED_EDGE('',*,*,#1112,.F.);
#1114=EDGE_LOOP('',(#1091,#1099,#1107,#1113));
#1115=FACE_BOUND('',#1114,.T.);
#1116=ADVANCED_FACE('',(#1115),#1090,.F.);
#1117=CARTESIAN_POINT('',(-0.440200728,0.573680757,93.476452793));
#1118=DIRECTION('',(0.287698073,-0.374935428,-0.881279322));
#1119=DIRECTION('',(0.581345603,-0.662897612,0.471809333));
#1120=AXIS2_PLACEMENT_3D('',#1117,#1118,#1119);
#1121=PLANE('',#1120);
#1122=ORIENTED_EDGE('',*,*,#1098,.F.);
#1123=CARTESIAN_POINT('',(68.20288169,52.333911779,93.864227852));
#1124=VERTEX_POINT('',#1123);
#1125=CARTESIAN_POINT('',(68.20288169,52.333911779,93.864227852));
#1126=DIRECTION('',(-0.946643973,-0.250875894,-0.202302926));
#1127=VECTOR('',#1126,8.582188679);
#1128=LINE('',#1125,#1127);
#1129=EDGE_CURVE('',#1124,#98,#1128,.T.);
#1130=ORIENTED_EDGE('',*,*,#1129,.F.);
#1131=CARTESIAN_POINT('',(68.20288169,52.333911779,93.864227852));
#1132=DIRECTION('',(-0.79335334,-0.608761429,0.));
#1133=VECTOR('',#1132,7.689142604);
#1134=LINE('',#1131,#1133);
#1135=EDGE_CURVE('',#1124,#1093,#1134,.T.);
#1136=ORIENTED_EDGE('',*,*,#1135,.T.);
#1137=EDGE_LOOP('',(#1122,#1130,#1136));
#1138=FACE_BOUND('',#1137,.T.);
#1139=ADVANCED_FACE('',(#1138),#1121,.T.);
#1140=CARTESIAN_POINT('',(0.220510377,-0.251443894,91.407998778));
#1141=DIRECTION('',(-0.277753479,0.316717143,0.906941705));
#1142=DIRECTION('',(-0.597988218,0.681874877,-0.42125615));
#1143=AXIS2_PLACEMENT_3D('',#1140,#1141,#1142);
#1144=PLANE('',#1143);
#1145=ORIENTED_EDGE('',*,*,#103,.F.);
#1146=CARTESIAN_POINT('',(65.859607997,55.250651517,92.128025968));
#1147=DIRECTION('',(0.568115194,-0.707149219,0.420933616));
#1148=VECTOR('',#1147,4.124645353);
#1149=LINE('',#1146,#1148);
#1150=EDGE_CURVE('',#89,#1124,#1149,.T.);
#1151=ORIENTED_EDGE('',*,*,#1150,.T.);
#1152=ORIENTED_EDGE('',*,*,#1129,.T.);
#1153=EDGE_LOOP('',(#1145,#1151,#1152));
#1154=FACE_BOUND('',#1153,.T.);
#1155=ADVANCED_FACE('',(#1154),#1144,.F.);
#1156=CARTESIAN_POINT('',(-1.51170098,1.970087074,96.758681998));
#1157=DIRECTION('',(0.287698073,-0.374935428,-0.881279322));
#1158=DIRECTION('',(0.581345603,-0.662897612,0.471809333));
#1159=AXIS2_PLACEMENT_3D('',#1156,#1157,#1158);
#1160=PLANE('',#1159);
#1161=ORIENTED_EDGE('',*,*,#1112,.T.);
#1162=CARTESIAN_POINT('',(62.102674721,47.653058339,98.090347078));
#1163=DIRECTION('',(0.79335334,0.608761429,0.));
#1164=VECTOR('',#1163,7.689142604);
#1165=LINE('',#1162,#1164);
#1166=EDGE_CURVE('',#1101,#1070,#1165,.T.);
#1167=ORIENTED_EDGE('',*,*,#1166,.T.);
#1168=ORIENTED_EDGE('',*,*,#1075,.F.);
#1169=EDGE_LOOP('',(#1161,#1167,#1168));
#1170=FACE_BOUND('',#1169,.T.);
#1171=ADVANCED_FACE('',(#1170),#1160,.F.);
#1172=CARTESIAN_POINT('',(67.002039561,53.828634297,92.128025968));
#1173=DIRECTION('',(0.779578754,0.626304213,0.));
#1174=DIRECTION('',(0.626304213,-0.779578754,0.));
#1175=AXIS2_PLACEMENT_3D('',#1172,#1173,#1174);
#1176=PLANE('',#1175);
#1177=ORIENTED_EDGE('',*,*,#1041,.F.);
#1178=ORIENTED_EDGE('',*,*,#1081,.F.);
#1179=CARTESIAN_POINT('',(68.20288169,52.333911779,98.090347078));
#1180=DIRECTION('',(0.,0.,-1.));
#1181=VECTOR('',#1180,4.226119225);
#1182=LINE('',#1179,#1181);
#1183=EDGE_CURVE('',#1070,#1124,#1182,.T.);
#1184=ORIENTED_EDGE('',*,*,#1183,.T.);
#1185=ORIENTED_EDGE('',*,*,#1150,.F.);
#1186=EDGE_LOOP('',(#1177,#1178,#1184,#1185));
#1187=FACE_BOUND('',#1186,.T.);
#1188=ADVANCED_FACE('',(#1187),#1176,.T.);
#1189=CARTESIAN_POINT('',(71.326612251,47.658918621,92.128025968));
#1190=DIRECTION('',(-0.831469612,-0.555570233,0.));
#1191=DIRECTION('',(-0.555570233,0.831469612,0.));
#1192=AXIS2_PLACEMENT_3D('',#1189,#1190,#1191);
#1193=PLANE('',#1192);
#1194=ORIENTED_EDGE('',*,*,#1183,.F.);
#1195=CARTESIAN_POINT('',(74.450342811,42.983925463,103.583663652));
#1196=VERTEX_POINT('',#1195);
#1197=CARTESIAN_POINT('',(68.20288169,52.333911779,98.090347078));
#1198=DIRECTION('',(0.499190974,-0.747092088,0.438932551));
#1199=VECTOR('',#1198,12.515172454);
#1200=LINE('',#1197,#1199);
#1201=EDGE_CURVE('',#1070,#1196,#1200,.T.);
#1202=ORIENTED_EDGE('',*,*,#1201,.T.);
#1203=CARTESIAN_POINT('',(74.450342811,42.983925463,99.357544427));
#1204=VERTEX_POINT('',#1203);
#1205=CARTESIAN_POINT('',(74.450342811,42.983925463,103.583663652));
#1206=DIRECTION('',(0.,0.,-1.));
#1207=VECTOR('',#1206,4.226119225);
#1208=LINE('',#1205,#1207);
#1209=EDGE_CURVE('',#1196,#1204,#1208,.T.);
#1210=ORIENTED_EDGE('',*,*,#1209,.T.);
#1211=CARTESIAN_POINT('',(74.450342811,42.983925463,99.357544427));
#1212=DIRECTION('',(-0.499190974,0.747092088,-0.438932551));
#1213=VECTOR('',#1212,12.515172454);
#1214=LINE('',#1211,#1213);
#1215=EDGE_CURVE('',#1204,#1124,#1214,.T.);
#1216=ORIENTED_EDGE('',*,*,#1215,.T.);
#1217=EDGE_LOOP('',(#1194,#1202,#1210,#1216));
#1218=FACE_BOUND('',#1217,.T.);
#1219=ADVANCED_FACE('',(#1218),#1193,.F.);
#1220=CARTESIAN_POINT('',(-1.513850454,1.972888323,96.753354008));
#1221=DIRECTION('',(0.288273038,-0.375684737,-0.88077218));
#1222=DIRECTION('',(0.581012173,-0.662517407,0.472753149));
#1223=AXIS2_PLACEMENT_3D('',#1220,#1221,#1222);
#1224=PLANE('',#1223);
#1225=ORIENTED_EDGE('',*,*,#1166,.F.);
#1226=CARTESIAN_POINT('',(67.791349983,39.139354161,103.583663652));
#1227=VERTEX_POINT('',#1226);
#1228=CARTESIAN_POINT('',(62.102674721,47.653058339,98.090347078));
#1229=DIRECTION('',(0.489565658,-0.732686786,0.472753149));
#1230=VECTOR('',#1229,11.619841309);
#1231=LINE('',#1228,#1230);
#1232=EDGE_CURVE('',#1101,#1227,#1231,.T.);
#1233=ORIENTED_EDGE('',*,*,#1232,.T.);
#1234=CARTESIAN_POINT('',(67.791349983,39.139354161,103.583663652));
#1235=DIRECTION('',(0.028781803,0.922804116,-0.384192884));
#1236=VECTOR('',#1235,14.298329835);
#1237=LINE('',#1234,#1236);
#1238=EDGE_CURVE('',#1227,#1070,#1237,.T.);
#1239=ORIENTED_EDGE('',*,*,#1238,.T.);
#1240=EDGE_LOOP('',(#1225,#1233,#1239));
#1241=FACE_BOUND('',#1240,.T.);
#1242=ADVANCED_FACE('',(#1241),#1224,.F.);
#1243=CARTESIAN_POINT('',(-2.261967556,3.917842733,101.368951666));
#1244=DIRECTION('',(-0.219846217,0.380784818,0.898148408));
#1245=DIRECTION('',(-0.594381209,0.677761871,-0.432839259));
#1246=AXIS2_PLACEMENT_3D('',#1243,#1244,#1245);
#1247=PLANE('',#1246);
#1248=ORIENTED_EDGE('',*,*,#1201,.F.);
#1249=ORIENTED_EDGE('',*,*,#1238,.F.);
#1250=CARTESIAN_POINT('',(67.791349983,39.139354161,103.583663652));
#1251=DIRECTION('',(0.866025404,0.5,0.));
#1252=VECTOR('',#1251,7.689142604);
#1253=LINE('',#1250,#1252);
#1254=EDGE_CURVE('',#1227,#1196,#1253,.T.);
#1255=ORIENTED_EDGE('',*,*,#1254,.T.);
#1256=EDGE_LOOP('',(#1248,#1249,#1255));
#1257=FACE_BOUND('',#1256,.T.);
#1258=ADVANCED_FACE('',(#1257),#1247,.T.);
#1259=CARTESIAN_POINT('',(-1.42750117,2.472504555,97.959865692));
#1260=DIRECTION('',(-0.219846217,0.380784818,0.898148408));
#1261=DIRECTION('',(-0.594381209,0.677761871,-0.432839259));
#1262=AXIS2_PLACEMENT_3D('',#1259,#1260,#1261);
#1263=PLANE('',#1262);
#1264=ORIENTED_EDGE('',*,*,#1215,.F.);
#1265=CARTESIAN_POINT('',(67.791349983,39.139354161,99.357544427));
#1266=VERTEX_POINT('',#1265);
#1267=CARTESIAN_POINT('',(74.450342811,42.983925463,99.357544427));
#1268=DIRECTION('',(-0.866025404,-0.5,0.));
#1269=VECTOR('',#1268,7.689142604);
#1270=LINE('',#1267,#1269);
#1271=EDGE_CURVE('',#1204,#1266,#1270,.T.);
#1272=ORIENTED_EDGE('',*,*,#1271,.T.);
#1273=CARTESIAN_POINT('',(68.20288169,52.333911779,93.864227852));
#1274=DIRECTION('',(-0.028781803,-0.922804116,0.384192884));
#1275=VECTOR('',#1274,14.298329835);
#1276=LINE('',#1273,#1275);
#1277=EDGE_CURVE('',#1124,#1266,#1276,.T.);
#1278=ORIENTED_EDGE('',*,*,#1277,.F.);
#1279=EDGE_LOOP('',(#1264,#1272,#1278));
#1280=FACE_BOUND('',#1279,.T.);
#1281=ADVANCED_FACE('',(#1280),#1263,.F.);
#1282=CARTESIAN_POINT('',(-0.440826645,0.574496469,93.474901306));
#1283=DIRECTION('',(0.288273038,-0.375684737,-0.88077218));
#1284=DIRECTION('',(0.581012173,-0.662517407,0.472753149));
#1285=AXIS2_PLACEMENT_3D('',#1282,#1283,#1284);
#1286=PLANE('',#1285);
#1287=ORIENTED_EDGE('',*,*,#1135,.F.);
#1288=ORIENTED_EDGE('',*,*,#1277,.T.);
#1289=CARTESIAN_POINT('',(67.791349983,39.139354161,99.357544427));
#1290=DIRECTION('',(-0.489565658,0.732686786,-0.472753149));
#1291=VECTOR('',#1290,11.619841309);
#1292=LINE('',#1289,#1291);
#1293=EDGE_CURVE('',#1266,#1093,#1292,.T.);
#1294=ORIENTED_EDGE('',*,*,#1293,.T.);
#1295=EDGE_LOOP('',(#1287,#1288,#1294));
#1296=FACE_BOUND('',#1295,.T.);
#1297=ADVANCED_FACE('',(#1296),#1286,.T.);
#1298=CARTESIAN_POINT('',(64.947012352,43.39620625,92.128025968));
#1299=DIRECTION('',(-0.831469612,-0.555570233,0.));
#1300=DIRECTION('',(-0.555570233,0.831469612,0.));
#1301=AXIS2_PLACEMENT_3D('',#1298,#1299,#1300);
#1302=PLANE('',#1301);
#1303=ORIENTED_EDGE('',*,*,#1106,.F.);
#1304=ORIENTED_EDGE('',*,*,#1293,.F.);
#1305=CARTESIAN_POINT('',(67.791349983,39.139354161,99.357544427));
#1306=DIRECTION('',(0.,0.,1.));
#1307=VECTOR('',#1306,4.226119225);
#1308=LINE('',#1305,#1307);
#1309=EDGE_CURVE('',#1266,#1227,#1308,.T.);
#1310=ORIENTED_EDGE('',*,*,#1309,.T.);
#1311=ORIENTED_EDGE('',*,*,#1232,.F.);
#1312=EDGE_LOOP('',(#1303,#1304,#1310,#1311));
#1313=FACE_BOUND('',#1312,.T.);
#1314=ADVANCED_FACE('',(#1313),#1302,.T.);
#1315=CARTESIAN_POINT('',(76.574472962,38.790815734,92.128025968));
#1316=DIRECTION('',(-0.892068263,-0.451900669,0.));
#1317=DIRECTION('',(-0.451900669,0.892068263,0.));
#1318=AXIS2_PLACEMENT_3D('',#1315,#1316,#1317);
#1319=PLANE('',#1318);
#1320=ORIENTED_EDGE('',*,*,#1209,.F.);
#1321=CARTESIAN_POINT('',(74.450342811,42.983925463,103.583663652));
#1322=DIRECTION('',(0.407596861,-0.804610942,0.431817127));
#1323=VECTOR('',#1322,10.38138576);
#1324=LINE('',#1321,#1323);
#1325=EDGE_CURVE('',#1196,#919,#1324,.T.);
#1326=ORIENTED_EDGE('',*,*,#1325,.T.);
#1327=CARTESIAN_POINT('',(78.681763057,34.630948887,103.840404599));
#1328=VERTEX_POINT('',#1327);
#1329=CARTESIAN_POINT('',(78.681763057,34.630948887,103.840404599));
#1330=DIRECTION('',(0.,-0.,1.));
#1331=VECTOR('',#1330,4.226119225);
#1332=LINE('',#1329,#1331);
#1333=EDGE_CURVE('',#1328,#919,#1332,.T.);
#1334=ORIENTED_EDGE('',*,*,#1333,.F.);
#1335=CARTESIAN_POINT('',(78.681763057,34.630948887,103.840404599));
#1336=DIRECTION('',(-0.407596861,0.804610942,-0.431817127));
#1337=VECTOR('',#1336,10.38138576);
#1338=LINE('',#1335,#1337);
#1339=EDGE_CURVE('',#1328,#1204,#1338,.T.);
#1340=ORIENTED_EDGE('',*,*,#1339,.T.);
#1341=EDGE_LOOP('',(#1320,#1326,#1334,#1340));
#1342=FACE_BOUND('',#1341,.T.);
#1343=ADVANCED_FACE('',(#1342),#1319,.F.);
#1344=CARTESIAN_POINT('',(-2.387706301,4.135628628,101.018651026));
#1345=DIRECTION('',(0.236594761,-0.409794146,-0.880960656));
#1346=DIRECTION('',(0.58334869,-0.665181694,0.466087567));
#1347=AXIS2_PLACEMENT_3D('',#1344,#1345,#1346);
#1348=PLANE('',#1347);
#1349=ORIENTED_EDGE('',*,*,#1254,.F.);
#1350=CARTESIAN_POINT('',(67.791349983,39.139354161,103.583663652));
#1351=DIRECTION('',(0.399250032,-0.785612283,0.472665582));
#1352=VECTOR('',#1351,9.484211128);
#1353=LINE('',#1350,#1352);
#1354=EDGE_CURVE('',#1227,#871,#1353,.T.);
#1355=ORIENTED_EDGE('',*,*,#1354,.T.);
#1356=CARTESIAN_POINT('',(71.577921582,31.688441404,108.066523824));
#1357=DIRECTION('',(0.230025829,0.904551555,-0.35899109));
#1358=VECTOR('',#1357,12.487385602);
#1359=LINE('',#1356,#1358);
#1360=EDGE_CURVE('',#871,#1196,#1359,.T.);
#1361=ORIENTED_EDGE('',*,*,#1360,.T.);
#1362=EDGE_LOOP('',(#1349,#1355,#1361));
#1363=FACE_BOUND('',#1362,.T.);
#1364=ADVANCED_FACE('',(#1363),#1348,.F.);
#1365=CARTESIAN_POINT('',(-2.515052761,6.071874486,105.815820853));
#1366=DIRECTION('',(-0.165640141,0.399890676,0.901471459));
#1367=DIRECTION('',(-0.600219208,0.684418834,-0.413893419));
#1368=AXIS2_PLACEMENT_3D('',#1365,#1366,#1367);
#1369=PLANE('',#1368);
#1370=ORIENTED_EDGE('',*,*,#1325,.F.);
#1371=ORIENTED_EDGE('',*,*,#1360,.F.);
#1372=ORIENTED_EDGE('',*,*,#949,.F.);
#1373=EDGE_LOOP('',(#1370,#1371,#1372));
#1374=FACE_BOUND('',#1373,.T.);
#1375=ADVANCED_FACE('',(#1374),#1369,.T.);
#1376=CARTESIAN_POINT('',(-1.88400923,4.548400635,102.381461722));
#1377=DIRECTION('',(-0.165640141,0.399890676,0.901471459));
#1378=DIRECTION('',(-0.600219208,0.684418834,-0.413893419));
#1379=AXIS2_PLACEMENT_3D('',#1376,#1377,#1378);
#1380=PLANE('',#1379);
#1381=ORIENTED_EDGE('',*,*,#1339,.F.);
#1382=CARTESIAN_POINT('',(71.577921582,31.688441404,103.840404599));
#1383=VERTEX_POINT('',#1382);
#1384=CARTESIAN_POINT('',(71.577921582,31.688441404,103.840404599));
#1385=DIRECTION('',(0.923879533,0.382683432,0.));
#1386=VECTOR('',#1385,7.689142604);
#1387=LINE('',#1384,#1386);
#1388=EDGE_CURVE('',#1383,#1328,#1387,.T.);
#1389=ORIENTED_EDGE('',*,*,#1388,.F.);
#1390=CARTESIAN_POINT('',(74.450342811,42.983925463,99.357544427));
#1391=DIRECTION('',(-0.230025829,-0.904551555,0.35899109));
#1392=VECTOR('',#1391,12.487385602);
#1393=LINE('',#1390,#1392);
#1394=EDGE_CURVE('',#1204,#1383,#1393,.T.);
#1395=ORIENTED_EDGE('',*,*,#1394,.F.);
#1396=EDGE_LOOP('',(#1381,#1389,#1395));
#1397=FACE_BOUND('',#1396,.T.);
#1398=ADVANCED_FACE('',(#1397),#1380,.F.);
#1399=CARTESIAN_POINT('',(-1.506853416,2.609946677,97.738795071));
#1400=DIRECTION('',(0.236594761,-0.409794146,-0.880960656));
#1401=DIRECTION('',(0.58334869,-0.665181694,0.466087567));
#1402=AXIS2_PLACEMENT_3D('',#1399,#1400,#1401);
#1403=PLANE('',#1402);
#1404=ORIENTED_EDGE('',*,*,#1271,.F.);
#1405=ORIENTED_EDGE('',*,*,#1394,.T.);
#1406=CARTESIAN_POINT('',(71.577921582,31.688441404,103.840404599));
#1407=DIRECTION('',(-0.399250032,0.785612283,-0.472665582));
#1408=VECTOR('',#1407,9.484211128);
#1409=LINE('',#1406,#1408);
#1410=EDGE_CURVE('',#1383,#1266,#1409,.T.);
#1411=ORIENTED_EDGE('',*,*,#1410,.T.);
#1412=EDGE_LOOP('',(#1404,#1405,#1411));
#1413=FACE_BOUND('',#1412,.T.);
#1414=ADVANCED_FACE('',(#1413),#1403,.T.);
#1415=CARTESIAN_POINT('',(69.684635783,35.413897782,92.128025968));
#1416=DIRECTION('',(-0.891483147,-0.453053858,0.));
#1417=DIRECTION('',(-0.453053858,0.891483147,0.));
#1418=AXIS2_PLACEMENT_3D('',#1415,#1416,#1417);
#1419=PLANE('',#1418);
#1420=ORIENTED_EDGE('',*,*,#1309,.F.);
#1421=ORIENTED_EDGE('',*,*,#1410,.F.);
#1422=CARTESIAN_POINT('',(71.577921582,31.688441404,108.066523824));
#1423=DIRECTION('',(-0.,0.,-1.));
#1424=VECTOR('',#1423,4.226119225);
#1425=LINE('',#1422,#1424);
#1426=EDGE_CURVE('',#871,#1383,#1425,.T.);
#1427=ORIENTED_EDGE('',*,*,#1426,.F.);
#1428=ORIENTED_EDGE('',*,*,#1354,.F.);
#1429=EDGE_LOOP('',(#1420,#1421,#1427,#1428));
#1430=FACE_BOUND('',#1429,.T.);
#1431=ADVANCED_FACE('',(#1430),#1419,.T.);
#1432=CARTESIAN_POINT('',(71.577921582,31.688441404,108.066523824));
#1433=DIRECTION('',(-0.923879533,-0.382683432,0.));
#1434=DIRECTION('',(-0.,0.,-1.));
#1435=AXIS2_PLACEMENT_3D('',#1432,#1433,#1434);
#1436=PLANE('',#1435);
#1437=CARTESIAN_POINT('',(72.23025995,30.113557269,104.704778685));
#1438=VERTEX_POINT('',#1437);
#1439=CARTESIAN_POINT('',(71.577921582,31.688441404,108.066523824));
#1440=DIRECTION('',(0.923879533,0.382683432,0.));
#1441=DIRECTION('',(0.382683432,-0.923879533,-0.));
#1442=AXIS2_PLACEMENT_3D('',#1439,#1440,#1441);
#1443=CIRCLE('',#1442,3.769235435);
#1444=EDGE_CURVE('',#861,#1438,#1443,.T.);
#1445=ORIENTED_EDGE('',*,*,#1444,.F.);
#1446=ORIENTED_EDGE('',*,*,#883,.F.);
#1447=ORIENTED_EDGE('',*,*,#1426,.T.);
#1448=CARTESIAN_POINT('',(71.577921582,31.688441404,103.840404599));
#1449=DIRECTION('',(0.341311704,-0.823999344,0.45225148));
#1450=VECTOR('',#1449,1.911268674);
#1451=LINE('',#1448,#1450);
#1452=EDGE_CURVE('',#1383,#1438,#1451,.T.);
#1453=ORIENTED_EDGE('',*,*,#1452,.T.);
#1454=EDGE_LOOP('',(#1445,#1446,#1447,#1453));
#1455=FACE_BOUND('',#1454,.T.);
#1456=ADVANCED_FACE('',(#1455),#1436,.T.);
#1457=CARTESIAN_POINT('',(75.129842319,33.159695145,108.066523824));
#1458=DIRECTION('',(-0.923879533,-0.382683432,0.));
#1459=DIRECTION('',(-0.,0.,-1.));
#1460=AXIS2_PLACEMENT_3D('',#1457,#1458,#1459);
#1461=CYLINDRICAL_SURFACE('',#1460,3.769235435);
#1462=CARTESIAN_POINT('',(79.334101424,33.056064753,104.704778685));
#1463=VERTEX_POINT('',#1462);
#1464=CARTESIAN_POINT('',(78.681763057,34.630948887,108.066523824));
#1465=DIRECTION('',(0.923879533,0.382683432,0.));
#1466=DIRECTION('',(0.382683432,-0.923879533,-0.));
#1467=AXIS2_PLACEMENT_3D('',#1464,#1465,#1466);
#1468=CIRCLE('',#1467,3.769235435);
#1469=EDGE_CURVE('',#894,#1463,#1468,.T.);
#1470=ORIENTED_EDGE('',*,*,#1469,.F.);
#1471=ORIENTED_EDGE('',*,*,#908,.F.);
#1472=ORIENTED_EDGE('',*,*,#1444,.T.);
#1473=CARTESIAN_POINT('',(72.23025995,30.113557269,104.704778685));
#1474=DIRECTION('',(0.923879533,0.382683432,0.));
#1475=VECTOR('',#1474,7.689142604);
#1476=LINE('',#1473,#1475);
#1477=EDGE_CURVE('',#1438,#1463,#1476,.T.);
#1478=ORIENTED_EDGE('',*,*,#1477,.T.);
#1479=EDGE_LOOP('',(#1470,#1471,#1472,#1478));
#1480=FACE_BOUND('',#1479,.T.);
#1481=ADVANCED_FACE('',(#1480),#1461,.T.);
#1482=CARTESIAN_POINT('',(80.12418701,31.148629416,108.066523824));
#1483=DIRECTION('',(0.923879533,0.382683432,0.));
#1484=DIRECTION('',(0.,-0.,1.));
#1485=AXIS2_PLACEMENT_3D('',#1482,#1483,#1484);
#1486=PLANE('',#1485);
#1487=ORIENTED_EDGE('',*,*,#933,.F.);
#1488=ORIENTED_EDGE('',*,*,#1469,.T.);
#1489=CARTESIAN_POINT('',(78.681763057,34.630948887,103.840404599));
#1490=DIRECTION('',(0.341311704,-0.823999344,0.45225148));
#1491=VECTOR('',#1490,1.911268674);
#1492=LINE('',#1489,#1491);
#1493=EDGE_CURVE('',#1328,#1463,#1492,.T.);
#1494=ORIENTED_EDGE('',*,*,#1493,.F.);
#1495=ORIENTED_EDGE('',*,*,#1333,.T.);
#1496=EDGE_LOOP('',(#1487,#1488,#1494,#1495));
#1497=FACE_BOUND('',#1496,.T.);
#1498=ADVANCED_FACE('',(#1497),#1486,.T.);
#1499=CARTESIAN_POINT('',(0.504827872,-1.218762294,105.464955792));
#1500=DIRECTION('',(0.173069149,-0.417825886,-0.891890463));
#1501=DIRECTION('',(0.341311704,-0.823999344,0.45225148));
#1502=AXIS2_PLACEMENT_3D('',#1499,#1500,#1501);
#1503=PLANE('',#1502);
#1504=ORIENTED_EDGE('',*,*,#1477,.F.);
#1505=ORIENTED_EDGE('',*,*,#1452,.F.);
#1506=ORIENTED_EDGE('',*,*,#1388,.T.);
#1507=ORIENTED_EDGE('',*,*,#1493,.T.);
#1508=EDGE_LOOP('',(#1504,#1505,#1506,#1507));
#1509=FACE_BOUND('',#1508,.T.);
#1510=ADVANCED_FACE('',(#1509),#1503,.T.);
#1511=CARTESIAN_POINT('',(61.003866007,53.49895464,85.));
#1512=DIRECTION('',(-0.659345815,0.751839807,0.));
#1513=DIRECTION('',(0.,0.,1.));
#1514=AXIS2_PLACEMENT_3D('',#1511,#1512,#1513);
#1515=CYLINDRICAL_SURFACE('',#1514,7.689142604);
#1516=ORIENTED_EDGE('',*,*,#110,.T.);
#1517=ORIENTED_EDGE('',*,*,#973,.T.);
#1518=ORIENTED_EDGE('',*,*,#166,.F.);
#1519=ORIENTED_EDGE('',*,*,#56,.T.);
#1520=EDGE_LOOP('',(#1516,#1517,#1518,#1519));
#1521=FACE_BOUND('',#1520,.T.);
#1522=ADVANCED_FACE('',(#1521),#1515,.T.);
#1523=CARTESIAN_POINT('',(58.835989697,51.597778141,92.128025968));
#1524=DIRECTION('',(-0.659345815,0.751839807,0.));
#1525=DIRECTION('',(0.,0.,1.));
#1526=AXIS2_PLACEMENT_3D('',#1523,#1524,#1525);
#1527=CYLINDRICAL_SURFACE('',#1526,7.689142604);
#1528=ORIENTED_EDGE('',*,*,#181,.F.);
#1529=ORIENTED_EDGE('',*,*,#1026,.T.);
#1530=ORIENTED_EDGE('',*,*,#95,.T.);
#1531=ORIENTED_EDGE('',*,*,#141,.T.);
#1532=EDGE_LOOP('',(#1528,#1529,#1530,#1531));
#1533=FACE_BOUND('',#1532,.T.);
#1534=ADVANCED_FACE('',(#1533),#1527,.T.);
#1535=CARTESIAN_POINT('',(73.169781489,6.684462339,-85.));
#1536=DIRECTION('',(-0.997858923,-0.065403129,0.));
#1537=DIRECTION('',(0.,0.,1.));
#1538=AXIS2_PLACEMENT_3D('',#1535,#1536,#1537);
#1539=PLANE('',#1538);
#1540=CARTESIAN_POINT('',(73.416301282,2.923297127,0.));
#1541=VERTEX_POINT('',#1540);
#1542=CARTESIAN_POINT('',(73.169781489,6.684462339,0.));
#1543=VERTEX_POINT('',#1542);
#1544=CARTESIAN_POINT('',(73.416301282,2.923297127,0.));
#1545=DIRECTION('',(-0.065403129,0.997858923,0.));
#1546=VECTOR('',#1545,3.769235435);
#1547=LINE('',#1544,#1546);
#1548=EDGE_CURVE('',#1541,#1543,#1547,.T.);
#1549=ORIENTED_EDGE('',*,*,#1548,.F.);
#1550=CARTESIAN_POINT('',(73.416301282,2.923297127,0.));
#1551=DIRECTION('',(0.,0.,1.));
#1552=VECTOR('',#1551,85.);
#1553=LINE('',#1550,#1552);
#1554=EDGE_CURVE('',#1541,#837,#1553,.T.);
#1555=ORIENTED_EDGE('',*,*,#1554,.T.);
#1556=ORIENTED_EDGE('',*,*,#842,.F.);
#1557=CARTESIAN_POINT('',(73.169781489,6.684462339,0.));
#1558=DIRECTION('',(0.,0.,1.));
#1559=VECTOR('',#1558,85.);
#1560=LINE('',#1557,#1559);
#1561=EDGE_CURVE('',#1543,#828,#1560,.T.);
#1562=ORIENTED_EDGE('',*,*,#1561,.F.);
#1563=EDGE_LOOP('',(#1549,#1555,#1556,#1562));
#1564=FACE_BOUND('',#1563,.T.);
#1565=ADVANCED_FACE('',(#1564),#1539,.T.);
#1566=CARTESIAN_POINT('',(73.416301282,2.923297127,-85.));
#1567=DIRECTION('',(0.065403129,-0.997858923,0.));
#1568=DIRECTION('',(0.,0.,-1.));
#1569=AXIS2_PLACEMENT_3D('',#1566,#1567,#1568);
#1570=PLANE('',#1569);
#1571=CARTESIAN_POINT('',(81.088980841,3.426191114,0.));
#1572=VERTEX_POINT('',#1571);
#1573=CARTESIAN_POINT('',(81.088980841,3.426191114,0.));
#1574=DIRECTION('',(-0.997858923,-0.065403129,0.));
#1575=VECTOR('',#1574,7.689142604);
#1576=LINE('',#1573,#1575);
#1577=EDGE_CURVE('',#1572,#1541,#1576,.T.);
#1578=ORIENTED_EDGE('',*,*,#1577,.F.);
#1579=CARTESIAN_POINT('',(81.088980841,3.426191114,0.));
#1580=DIRECTION('',(0.,0.,1.));
#1581=VECTOR('',#1580,85.);
#1582=LINE('',#1579,#1581);
#1583=EDGE_CURVE('',#1572,#795,#1582,.T.);
#1584=ORIENTED_EDGE('',*,*,#1583,.T.);
#1585=ORIENTED_EDGE('',*,*,#801,.T.);
#1586=ORIENTED_EDGE('',*,*,#255,.F.);
#1587=ORIENTED_EDGE('',*,*,#849,.T.);
#1588=ORIENTED_EDGE('',*,*,#1554,.F.);
#1589=EDGE_LOOP('',(#1578,#1584,#1585,#1586,#1587,#1588));
#1590=FACE_BOUND('',#1589,.T.);
#1591=ADVANCED_FACE('',(#1590),#1570,.T.);
#1592=CARTESIAN_POINT('',(81.088980841,3.426191114,-85.));
#1593=DIRECTION('',(0.997858923,0.065403129,0.));
#1594=DIRECTION('',(0.,0.,-1.));
#1595=AXIS2_PLACEMENT_3D('',#1592,#1593,#1594);
#1596=PLANE('',#1595);
#1597=CARTESIAN_POINT('',(80.842461049,7.187356326,0.));
#1598=VERTEX_POINT('',#1597);
#1599=CARTESIAN_POINT('',(80.842461049,7.187356326,0.));
#1600=DIRECTION('',(0.065403129,-0.997858923,0.));
#1601=VECTOR('',#1600,3.769235435);
#1602=LINE('',#1599,#1601);
#1603=EDGE_CURVE('',#1598,#1572,#1602,.T.);
#1604=ORIENTED_EDGE('',*,*,#1603,.F.);
#1605=CARTESIAN_POINT('',(80.842461049,7.187356326,0.));
#1606=DIRECTION('',(0.,0.,1.));
#1607=VECTOR('',#1606,85.);
#1608=LINE('',#1605,#1607);
#1609=EDGE_CURVE('',#1598,#804,#1608,.T.);
#1610=ORIENTED_EDGE('',*,*,#1609,.T.);
#1611=ORIENTED_EDGE('',*,*,#809,.F.);
#1612=ORIENTED_EDGE('',*,*,#1583,.F.);
#1613=EDGE_LOOP('',(#1604,#1610,#1611,#1612));
#1614=FACE_BOUND('',#1613,.T.);
#1615=ADVANCED_FACE('',(#1614),#1596,.T.);
#1616=CARTESIAN_POINT('',(80.842461049,7.187356326,-85.));
#1617=DIRECTION('',(-0.065403129,0.997858923,0.));
#1618=DIRECTION('',(0.,0.,1.));
#1619=AXIS2_PLACEMENT_3D('',#1616,#1617,#1618);
#1620=PLANE('',#1619);
#1621=CARTESIAN_POINT('',(73.169781489,6.684462339,0.));
#1622=DIRECTION('',(0.997858923,0.065403129,0.));
#1623=VECTOR('',#1622,7.689142604);
#1624=LINE('',#1621,#1623);
#1625=EDGE_CURVE('',#1543,#1598,#1624,.T.);
#1626=ORIENTED_EDGE('',*,*,#1625,.F.);
#1627=ORIENTED_EDGE('',*,*,#1561,.T.);
#1628=ORIENTED_EDGE('',*,*,#834,.F.);
#1629=ORIENTED_EDGE('',*,*,#394,.F.);
#1630=ORIENTED_EDGE('',*,*,#816,.F.);
#1631=ORIENTED_EDGE('',*,*,#1609,.F.);
#1632=EDGE_LOOP('',(#1626,#1627,#1628,#1629,#1630,#1631));
#1633=FACE_BOUND('',#1632,.T.);
#1634=ADVANCED_FACE('',(#1633),#1620,.T.);
#1635=CARTESIAN_POINT('',(0.,0.,0.));
#1636=DIRECTION('',(0.,0.,1.));
#1637=DIRECTION('',(0.923879533,0.382683432,0.));
#1638=AXIS2_PLACEMENT_3D('',#1635,#1636,#1637);
#1639=PLANE('',#1638);
#1640=ORIENTED_EDGE('',*,*,#1548,.T.);
#1641=ORIENTED_EDGE('',*,*,#1625,.T.);
#1642=ORIENTED_EDGE('',*,*,#1603,.T.);
#1643=ORIENTED_EDGE('',*,*,#1577,.T.);
#1644=EDGE_LOOP('',(#1640,#1641,#1642,#1643));
#1645=FACE_BOUND('',#1644,.T.);
#1646=ADVANCED_FACE('',(#1645),#1639,.F.);
#1647=CARTESIAN_POINT('',(0.,0.,0.));
#1648=DIRECTION('',(0.,0.,1.));
#1649=DIRECTION('',(0.923879533,0.382683432,0.));
#1650=AXIS2_PLACEMENT_3D('',#1647,#1648,#1649);
#1651=PLANE('',#1650);
#1652=ORIENTED_EDGE('',*,*,#40,.T.);
#1653=ORIENTED_EDGE('',*,*,#156,.T.);
#1654=ORIENTED_EDGE('',*,*,#127,.T.);
#1655=ORIENTED_EDGE('',*,*,#78,.T.);
#1656=EDGE_LOOP('',(#1652,#1653,#1654,#1655));
#1657=FACE_BOUND('',#1656,.T.);
#1658=ADVANCED_FACE('',(#1657),#1651,.F.);
#1659=CLOSED_SHELL('',(#66,#115,#146,#186,#227,#259,#290,#307,#330,#361,#384,#405,#421,#438,#461,#492,#515,#531,#547,#564,#595,#618,#634,#657,#673,#690,
#722,#754,#776,#788,#821,#854,#887,#912,#937,#954,#991,#1016,#1045,#1062,#1085,#1116,#1139,#1155,#1171,#1188,#1219,#1242,#1258,#1281,#1297,
#1314,#1343,#1364,#1375,#1398,#1414,#1431,#1456,#1481,#1498,#1510,#1522,#1534,#1565,#1591,#1615,#1634,#1646,#1658));
#1660=MANIFOLD_SOLID_BREP('Ph1_P2_C1',#1659);
#1661=COLOUR_RGB('',1.,0.,0.627451003);
#1662=FILL_AREA_STYLE_COLOUR('',#1661);
#1663=FILL_AREA_STYLE('',(#1662));
#1664=SURFACE_STYLE_FILL_AREA(#1663);
#1665=SURFACE_SIDE_STYLE('',(#1664));
#1666=SURFACE_STYLE_USAGE(.BOTH.,#1665);
#1667=PRESENTATION_STYLE_ASSIGNMENT((#1666));
#26=STYLED_ITEM('',(#1667),#1660);
#1668=REAL_REPRESENTATION_ITEM('AEDT_Translucency_V1',0.8);
#1669=ID_ATTRIBUTE('SA #1670',#1670);
#1670=SHAPE_ASPECT('properties','',#23,.F.);
#1671=GEOMETRIC_ITEM_SPECIFIC_USAGE('','properties',#1670,#17,#1660);
#1672=PROPERTY_DEFINITION('AEDT_Translucency_V1','',#1670);
#1673=REPRESENTATION('',(#1668),#10);
#1674=PROPERTY_DEFINITION_REPRESENTATION(#1672,#1673);
#1675=GENERAL_PROPERTY('','AEDT_Translucency_V1','');
#1676=GENERAL_PROPERTY_ASSOCIATION('','',#1675,#1672);
#1677=DESCRIPTIVE_REPRESENTATION_ITEM('AEDT_MaterialName_V1','Copper (Pure)_40C');
#1678=PROPERTY_DEFINITION('AEDT_MaterialName_V1','',#1670);
#1679=REPRESENTATION('',(#1677),#10);
#1680=PROPERTY_DEFINITION_REPRESENTATION(#1678,#1679);
#1681=GENERAL_PROPERTY('','AEDT_MaterialName_V1','');
#1682=GENERAL_PROPERTY_ASSOCIATION('','',#1681,#1678);
#1683=DESCRIPTIVE_REPRESENTATION_ITEM('AEDT_EntityName_V1','Ph1_P2_C1');
#1684=PROPERTY_DEFINITION('AEDT_EntityName_V1','',#1670);
#1685=REPRESENTATION('',(#1683),#10);
#1686=PROPERTY_DEFINITION_REPRESENTATION(#1684,#1685);
#1687=GENERAL_PROPERTY('','AEDT_EntityName_V1','');
#1688=GENERAL_PROPERTY_ASSOCIATION('','',#1687,#1684);
#1689=INTEGER_REPRESENTATION_ITEM('AEDT_BODYFlagGroupColor_V1',0);
#1690=INTEGER_REPRESENTATION_ITEM('AEDT_BODYFlagGroupColor_V1',-1);
#1691=INTEGER_REPRESENTATION_ITEM('AEDT_BODYFlagGroupColor_V1',-2130771808);
#1692=INTEGER_REPRESENTATION_ITEM('AEDT_BODYFlagGroupColor_V1',5);
#1693=PROPERTY_DEFINITION('AEDT_BODYFlagGroupColor_V1','',#1670);
#1694=REPRESENTATION('',(#1689,#1690,#1691,#1692),#10);
#1695=PROPERTY_DEFINITION_REPRESENTATION(#1693,#1694);
#1696=GENERAL_PROPERTY('','AEDT_BODYFlagGroupColor_V1','');
#1697=GENERAL_PROPERTY_ASSOCIATION('','',#1696,#1693);
#1699=CARTESIAN_POINT('',(64.395839984,23.849681604,92.128025968));
#1700=DIRECTION('',(-0.946930129,-0.321439465,0.));
#1701=DIRECTION('',(0.,0.,1.));
#1702=AXIS2_PLACEMENT_3D('',#1699,#1700,#1701);
#1703=PLANE('',#1702);
#1704=CARTESIAN_POINT('',(65.607421007,20.280479006,92.128025968));
#1705=VERTEX_POINT('',#1704);
#1706=CARTESIAN_POINT('',(65.004018648,22.058045035,95.387978863));
#1707=VERTEX_POINT('',#1706);
#1708=CARTESIAN_POINT('',(64.395839984,23.849681604,92.128025968));
#1709=DIRECTION('',(-0.946930129,-0.321439465,0.));
#1710=DIRECTION('',(0.321439465,-0.946930129,0.));
#1711=AXIS2_PLACEMENT_3D('',#1708,#1709,#1710);
#1712=CIRCLE('',#1711,3.769235435);
#1713=EDGE_CURVE('',#1705,#1707,#1712,.T.);
#1714=ORIENTED_EDGE('',*,*,#1713,.T.);
#1715=CARTESIAN_POINT('',(64.395839984,23.849681604,96.486106044));
#1716=VERTEX_POINT('',#1715);
#1717=CARTESIAN_POINT('',(64.395839984,23.849681604,96.486106044));
#1718=DIRECTION('',(0.278007976,-0.818985089,-0.501971104));
#1719=VECTOR('',#1718,2.187630268);
#1720=LINE('',#1717,#1719);
#1721=EDGE_CURVE('',#1716,#1707,#1720,.T.);
#1722=ORIENTED_EDGE('',*,*,#1721,.F.);
#1723=CARTESIAN_POINT('',(64.395839984,23.849681604,92.128025968));
#1724=VERTEX_POINT('',#1723);
#1725=CARTESIAN_POINT('',(64.395839984,23.849681604,92.128025968));
#1726=DIRECTION('',(0.,0.,1.));
#1727=VECTOR('',#1726,4.358080076);
#1728=LINE('',#1725,#1727);
#1729=EDGE_CURVE('',#1724,#1716,#1728,.T.);
#1730=ORIENTED_EDGE('',*,*,#1729,.F.);
#1731=CARTESIAN_POINT('',(64.395839984,23.849681604,92.128025968));
#1732=DIRECTION('',(0.321439465,-0.946930129,0.));
#1733=VECTOR('',#1732,3.769235435);
#1734=LINE('',#1731,#1733);
#1735=EDGE_CURVE('',#1724,#1705,#1734,.T.);
#1736=ORIENTED_EDGE('',*,*,#1735,.T.);
#1737=EDGE_LOOP('',(#1714,#1722,#1730,#1736));
#1738=FACE_BOUND('',#1737,.T.);
#1739=ADVANCED_FACE('',(#1738),#1703,.T.);
#1740=CARTESIAN_POINT('',(68.036380385,25.085478547,92.128025968));
#1741=DIRECTION('',(-0.946930129,-0.321439465,0.));
#1742=DIRECTION('',(0.,0.,1.));
#1743=AXIS2_PLACEMENT_3D('',#1740,#1741,#1742);
#1744=CYLINDRICAL_SURFACE('',#1743,3.769235435);
#1745=CARTESIAN_POINT('',(72.888501808,22.752072893,92.128025968));
#1746=VERTEX_POINT('',#1745);
#1747=CARTESIAN_POINT('',(72.285099449,24.529638922,95.387978863));
#1748=VERTEX_POINT('',#1747);
#1749=CARTESIAN_POINT('',(71.676920786,26.321275491,92.128025968));
#1750=DIRECTION('',(-0.946930129,-0.321439465,0.));
#1751=DIRECTION('',(0.321439465,-0.946930129,0.));
#1752=AXIS2_PLACEMENT_3D('',#1749,#1750,#1751);
#1753=CIRCLE('',#1752,3.769235435);
#1754=EDGE_CURVE('',#1746,#1748,#1753,.T.);
#1755=ORIENTED_EDGE('',*,*,#1754,.T.);
#1756=CARTESIAN_POINT('',(65.004018648,22.058045035,95.387978863));
#1757=DIRECTION('',(0.946930129,0.321439465,0.));
#1758=VECTOR('',#1757,7.689142604);
#1759=LINE('',#1756,#1758);
#1760=EDGE_CURVE('',#1707,#1748,#1759,.T.);
#1761=ORIENTED_EDGE('',*,*,#1760,.F.);
#1762=ORIENTED_EDGE('',*,*,#1713,.F.);
#1763=CARTESIAN_POINT('',(65.607421007,20.280479006,92.128025968));
#1764=DIRECTION('',(0.946930129,0.321439465,0.));
#1765=VECTOR('',#1764,7.689142604);
#1766=LINE('',#1763,#1765);
#1767=EDGE_CURVE('',#1705,#1746,#1766,.T.);
#1768=ORIENTED_EDGE('',*,*,#1767,.T.);
#1769=EDGE_LOOP('',(#1755,#1761,#1762,#1768));
#1770=FACE_BOUND('',#1769,.T.);
#1771=ADVANCED_FACE('',(#1770),#1744,.T.);
#1772=CARTESIAN_POINT('',(72.888501808,22.752072893,92.128025968));
#1773=DIRECTION('',(0.946930129,0.321439465,0.));
#1774=DIRECTION('',(0.,0.,-1.));
#1775=AXIS2_PLACEMENT_3D('',#1772,#1773,#1774);
#1776=PLANE('',#1775);
#1777=CARTESIAN_POINT('',(71.676920786,26.321275491,92.128025968));
#1778=VERTEX_POINT('',#1777);
#1779=CARTESIAN_POINT('',(72.888501808,22.752072893,92.128025968));
#1780=DIRECTION('',(-0.321439465,0.946930129,0.));
#1781=VECTOR('',#1780,3.769235435);
#1782=LINE('',#1779,#1781);
#1783=EDGE_CURVE('',#1746,#1778,#1782,.T.);
#1784=ORIENTED_EDGE('',*,*,#1783,.T.);
#1785=CARTESIAN_POINT('',(71.676920786,26.321275491,96.486106044));
#1786=VERTEX_POINT('',#1785);
#1787=CARTESIAN_POINT('',(71.676920786,26.321275491,96.486106044));
#1788=DIRECTION('',(0.,0.,-1.));
#1789=VECTOR('',#1788,4.358080076);
#1790=LINE('',#1787,#1789);
#1791=EDGE_CURVE('',#1786,#1778,#1790,.T.);
#1792=ORIENTED_EDGE('',*,*,#1791,.F.);
#1793=CARTESIAN_POINT('',(71.676920786,26.321275491,96.486106044));
#1794=DIRECTION('',(0.278007976,-0.818985089,-0.501971104));
#1795=VECTOR('',#1794,2.187630268);
#1796=LINE('',#1793,#1795);
#1797=EDGE_CURVE('',#1786,#1748,#1796,.T.);
#1798=ORIENTED_EDGE('',*,*,#1797,.T.);
#1799=ORIENTED_EDGE('',*,*,#1754,.F.);
#1800=EDGE_LOOP('',(#1784,#1792,#1798,#1799));
#1801=FACE_BOUND('',#1800,.T.);
#1802=ADVANCED_FACE('',(#1801),#1776,.T.);
#1803=CARTESIAN_POINT('',(0.455534606,-1.341961676,94.569777786));
#1804=DIRECTION('',(0.161353323,-0.475331563,0.864884391));
#1805=DIRECTION('',(0.278007976,-0.818985089,-0.501971104));
#1806=AXIS2_PLACEMENT_3D('',#1803,#1804,#1805);
#1807=PLANE('',#1806);
#1808=ORIENTED_EDGE('',*,*,#1760,.T.);
#1809=ORIENTED_EDGE('',*,*,#1797,.F.);
#1810=CARTESIAN_POINT('',(64.395839984,23.849681604,96.486106044));
#1811=DIRECTION('',(0.946930129,0.321439465,0.));
#1812=VECTOR('',#1811,7.689142604);
#1813=LINE('',#1810,#1812);
#1814=EDGE_CURVE('',#1716,#1786,#1813,.T.);
#1815=ORIENTED_EDGE('',*,*,#1814,.F.);
#1816=ORIENTED_EDGE('',*,*,#1721,.T.);
#1817=EDGE_LOOP('',(#1808,#1809,#1815,#1816));
#1818=FACE_BOUND('',#1817,.T.);
#1819=ADVANCED_FACE('',(#1818),#1807,.T.);
#1820=CARTESIAN_POINT('',(0.444371349,-1.309075781,94.788414015));
#1821=DIRECTION('',(0.148215954,-0.43663012,0.887347829));
#1822=DIRECTION('',(0.285228612,-0.840256395,-0.461100673));
#1823=AXIS2_PLACEMENT_3D('',#1820,#1821,#1822);
#1824=PLANE('',#1823);
#1825=ORIENTED_EDGE('',*,*,#1814,.T.);
#1826=CARTESIAN_POINT('',(70.547070211,29.221553267,98.101944239));
#1827=VERTEX_POINT('',#1826);
#1828=CARTESIAN_POINT('',(70.547070211,29.221553267,98.101944239));
#1829=DIRECTION('',(0.322169356,-0.826994864,-0.460745484));
#1830=VECTOR('',#1829,3.507008208);
#1831=LINE('',#1828,#1830);
#1832=EDGE_CURVE('',#1827,#1786,#1831,.T.);
#1833=ORIENTED_EDGE('',*,*,#1832,.F.);
#1834=CARTESIAN_POINT('',(64.395839984,23.849681604,96.486106044));
#1835=DIRECTION('',(0.738886799,0.645270118,0.194094753));
#1836=VECTOR('',#1835,8.324996789);
#1837=LINE('',#1834,#1836);
#1838=EDGE_CURVE('',#1716,#1827,#1837,.T.);
#1839=ORIENTED_EDGE('',*,*,#1838,.F.);
#1840=EDGE_LOOP('',(#1825,#1833,#1839));
#1841=FACE_BOUND('',#1840,.T.);
#1842=ADVANCED_FACE('',(#1841),#1824,.T.);
#1843=CARTESIAN_POINT('',(63.919534361,25.064363694,92.128025968));
#1844=DIRECTION('',(0.930983695,0.365060762,0.));
#1845=DIRECTION('',(-0.365060762,0.930983695,0.));
#1846=AXIS2_PLACEMENT_3D('',#1843,#1844,#1845);
#1847=PLANE('',#1846);
#1848=ORIENTED_EDGE('',*,*,#1729,.T.);
#1849=CARTESIAN_POINT('',(63.443228737,26.279045784,98.101944239));
#1850=VERTEX_POINT('',#1849);
#1851=CARTESIAN_POINT('',(64.395839984,23.849681604,96.486106044));
#1852=DIRECTION('',(-0.310374031,0.791520733,0.52646262));
#1853=VECTOR('',#1852,3.069236318);
#1854=LINE('',#1851,#1853);
#1855=EDGE_CURVE('',#1716,#1850,#1854,.T.);
#1856=ORIENTED_EDGE('',*,*,#1855,.T.);
#1857=CARTESIAN_POINT('',(63.443228737,26.279045784,93.743864163));
#1858=VERTEX_POINT('',#1857);
#1859=CARTESIAN_POINT('',(63.443228737,26.279045784,93.743864163));
#1860=DIRECTION('',(0.,0.,1.));
#1861=VECTOR('',#1860,4.358080076);
#1862=LINE('',#1859,#1861);
#1863=EDGE_CURVE('',#1858,#1850,#1862,.T.);
#1864=ORIENTED_EDGE('',*,*,#1863,.F.);
#1865=CARTESIAN_POINT('',(64.395839984,23.849681604,92.128025968));
#1866=DIRECTION('',(-0.310374031,0.791520733,0.52646262));
#1867=VECTOR('',#1866,3.069236318);
#1868=LINE('',#1865,#1867);
#1869=EDGE_CURVE('',#1724,#1858,#1868,.T.);
#1870=ORIENTED_EDGE('',*,*,#1869,.F.);
#1871=EDGE_LOOP('',(#1848,#1856,#1864,#1870));
#1872=FACE_BOUND('',#1871,.T.);
#1873=ADVANCED_FACE('',(#1872),#1847,.F.);
#1874=CARTESIAN_POINT('',(0.276796267,-0.668245301,93.295896885));
#1875=DIRECTION('',(-0.201494813,0.486451511,-0.850155731));
#1876=DIRECTION('',(-0.273435785,0.805515846,0.525715791));
#1877=AXIS2_PLACEMENT_3D('',#1874,#1875,#1876);
#1878=PLANE('',#1877);
#1879=ORIENTED_EDGE('',*,*,#1869,.T.);
#1880=CARTESIAN_POINT('',(70.547070211,29.221553267,93.743864163));
#1881=VERTEX_POINT('',#1880);
#1882=CARTESIAN_POINT('',(70.547070211,29.221553267,93.743864163));
#1883=DIRECTION('',(-0.923879533,-0.382683432,0.));
#1884=VECTOR('',#1883,7.689142604);
#1885=LINE('',#1882,#1884);
#1886=EDGE_CURVE('',#1881,#1858,#1885,.T.);
#1887=ORIENTED_EDGE('',*,*,#1886,.F.);
#1888=CARTESIAN_POINT('',(70.547070211,29.221553267,93.743864163));
#1889=DIRECTION('',(-0.738886799,-0.645270118,-0.194094753));
#1890=VECTOR('',#1889,8.324996789);
#1891=LINE('',#1888,#1890);
#1892=EDGE_CURVE('',#1881,#1724,#1891,.T.);
#1893=ORIENTED_EDGE('',*,*,#1892,.T.);
#1894=EDGE_LOOP('',(#1879,#1887,#1893));
#1895=FACE_BOUND('',#1894,.T.);
#1896=ADVANCED_FACE('',(#1895),#1878,.T.);
#1897=CARTESIAN_POINT('',(-0.128799441,0.379430918,91.356922038));
#1898=DIRECTION('',(0.148215954,-0.43663012,0.887347829));
#1899=DIRECTION('',(0.285228612,-0.840256395,-0.461100673));
#1900=AXIS2_PLACEMENT_3D('',#1897,#1898,#1899);
#1901=PLANE('',#1900);
#1902=CARTESIAN_POINT('',(71.676920786,26.321275491,92.128025968));
#1903=DIRECTION('',(-0.946930129,-0.321439465,0.));
#1904=VECTOR('',#1903,7.689142604);
#1905=LINE('',#1902,#1904);
#1906=EDGE_CURVE('',#1778,#1724,#1905,.T.);
#1907=ORIENTED_EDGE('',*,*,#1906,.T.);
#1908=ORIENTED_EDGE('',*,*,#1892,.F.);
#1909=CARTESIAN_POINT('',(71.676920786,26.321275491,92.128025968));
#1910=DIRECTION('',(-0.322169356,0.826994864,0.460745484));
#1911=VECTOR('',#1910,3.507008208);
#1912=LINE('',#1909,#1911);
#1913=EDGE_CURVE('',#1778,#1881,#1912,.T.);
#1914=ORIENTED_EDGE('',*,*,#1913,.F.);
#1915=EDGE_LOOP('',(#1907,#1908,#1914));
#1916=FACE_BOUND('',#1915,.T.);
#1917=ADVANCED_FACE('',(#1916),#1901,.F.);
#1918=CARTESIAN_POINT('',(1.023343971,-2.470570893,96.445763618));
#1919=DIRECTION('',(-0.201494813,0.486451511,-0.850155731));
#1920=DIRECTION('',(-0.273435785,0.805515846,0.525715791));
#1921=AXIS2_PLACEMENT_3D('',#1918,#1919,#1920);
#1922=PLANE('',#1921);
#1923=ORIENTED_EDGE('',*,*,#1855,.F.);
#1924=ORIENTED_EDGE('',*,*,#1838,.T.);
#1925=CARTESIAN_POINT('',(63.443228737,26.279045784,98.101944239));
#1926=DIRECTION('',(0.923879533,0.382683432,0.));
#1927=VECTOR('',#1926,7.689142604);
#1928=LINE('',#1925,#1927);
#1929=EDGE_CURVE('',#1850,#1827,#1928,.T.);
#1930=ORIENTED_EDGE('',*,*,#1929,.F.);
#1931=EDGE_LOOP('',(#1923,#1924,#1930));
#1932=FACE_BOUND('',#1931,.T.);
#1933=ADVANCED_FACE('',(#1932),#1922,.F.);
#1934=CARTESIAN_POINT('',(71.135190021,27.711875039,92.128025968));
#1935=DIRECTION('',(0.931791278,0.36299451,0.));
#1936=DIRECTION('',(-0.36299451,0.931791278,0.));
#1937=AXIS2_PLACEMENT_3D('',#1934,#1935,#1936);
#1938=PLANE('',#1937);
#1939=ORIENTED_EDGE('',*,*,#1791,.T.);
#1940=ORIENTED_EDGE('',*,*,#1913,.T.);
#1941=CARTESIAN_POINT('',(70.547070211,29.221553267,98.101944239));
#1942=DIRECTION('',(0.,0.,-1.));
#1943=VECTOR('',#1942,4.358080076);
#1944=LINE('',#1941,#1943);
#1945=EDGE_CURVE('',#1827,#1881,#1944,.T.);
#1946=ORIENTED_EDGE('',*,*,#1945,.F.);
#1947=ORIENTED_EDGE('',*,*,#1832,.T.);
#1948=EDGE_LOOP('',(#1939,#1940,#1946,#1947));
#1949=FACE_BOUND('',#1948,.T.);
#1950=ADVANCED_FACE('',(#1949),#1938,.T.);
#1951=CARTESIAN_POINT('',(0.973162372,-2.349421796,96.68186005));
#1952=DIRECTION('',(0.18658085,-0.45044602,0.873089898));
#1953=DIRECTION('',(0.280788344,-0.827175789,-0.486762899));
#1954=AXIS2_PLACEMENT_3D('',#1951,#1952,#1953);
#1955=PLANE('',#1954);
#1956=ORIENTED_EDGE('',*,*,#1929,.T.);
#1957=CARTESIAN_POINT('',(66.129352167,38.179799275,103.667771833));
#1958=VERTEX_POINT('',#1957);
#1959=CARTESIAN_POINT('',(66.129352167,38.179799275,103.667771833));
#1960=DIRECTION('',(0.386354267,-0.783448952,-0.486762899));
#1961=VECTOR('',#1960,11.434371039);
#1962=LINE('',#1959,#1961);
#1963=EDGE_CURVE('',#1958,#1827,#1962,.T.);
#1964=ORIENTED_EDGE('',*,*,#1963,.F.);
#1965=CARTESIAN_POINT('',(63.443228737,26.279045784,98.101944239));
#1966=DIRECTION('',(0.200311093,0.88746962,0.415057996));
#1967=VECTOR('',#1966,13.409758743);
#1968=LINE('',#1965,#1967);
#1969=EDGE_CURVE('',#1850,#1958,#1968,.T.);
#1970=ORIENTED_EDGE('',*,*,#1969,.F.);
#1971=EDGE_LOOP('',(#1956,#1964,#1970));
#1972=FACE_BOUND('',#1971,.T.);
#1973=ADVANCED_FACE('',(#1972),#1955,.T.);
#1974=CARTESIAN_POINT('',(61.456794038,30.307136878,92.128025968));
#1975=DIRECTION('',(-0.896872742,-0.44228869,0.));
#1976=DIRECTION('',(0.44228869,-0.896872742,0.));
#1977=AXIS2_PLACEMENT_3D('',#1974,#1975,#1976);
#1978=PLANE('',#1977);
#1979=ORIENTED_EDGE('',*,*,#1863,.T.);
#1980=CARTESIAN_POINT('',(59.470359339,34.335227973,103.667771833));
#1981=VERTEX_POINT('',#1980);
#1982=CARTESIAN_POINT('',(63.443228737,26.279045784,98.101944239));
#1983=DIRECTION('',(-0.375964908,0.762381415,0.526711464));
#1984=VECTOR('',#1983,10.567128254);
#1985=LINE('',#1982,#1984);
#1986=EDGE_CURVE('',#1850,#1981,#1985,.T.);
#1987=ORIENTED_EDGE('',*,*,#1986,.T.);
#1988=CARTESIAN_POINT('',(59.470359339,34.335227973,99.309691757));
#1989=VERTEX_POINT('',#1988);
#1990=CARTESIAN_POINT('',(59.470359339,34.335227973,99.309691757));
#1991=DIRECTION('',(0.,0.,1.));
#1992=VECTOR('',#1991,4.358080076);
#1993=LINE('',#1990,#1992);
#1994=EDGE_CURVE('',#1989,#1981,#1993,.T.);
#1995=ORIENTED_EDGE('',*,*,#1994,.F.);
#1996=CARTESIAN_POINT('',(63.443228737,26.279045784,93.743864163));
#1997=DIRECTION('',(-0.375964908,0.762381415,0.526711464));
#1998=VECTOR('',#1997,10.567128254);
#1999=LINE('',#1996,#1998);
#2000=EDGE_CURVE('',#1858,#1989,#1999,.T.);
#2001=ORIENTED_EDGE('',*,*,#2000,.F.);
#2002=EDGE_LOOP('',(#1979,#1987,#1995,#2001));
#2003=FACE_BOUND('',#2002,.T.);
#2004=ADVANCED_FACE('',(#2003),#1978,.T.);
#2005=CARTESIAN_POINT('',(1.609248124,-2.787299513,97.311141117));
#2006=DIRECTION('',(-0.263763676,0.456852089,-0.849538046));
#2007=DIRECTION('',(-0.274532796,0.808747537,0.520153021));
#2008=AXIS2_PLACEMENT_3D('',#2005,#2006,#2007);
#2009=PLANE('',#2008);
#2010=ORIENTED_EDGE('',*,*,#2000,.T.);
#2011=CARTESIAN_POINT('',(66.129352167,38.179799275,99.309691757));
#2012=VERTEX_POINT('',#2011);
#2013=CARTESIAN_POINT('',(66.129352167,38.179799275,99.309691757));
#2014=DIRECTION('',(-0.866025404,-0.5,0.));
#2015=VECTOR('',#2014,7.689142604);
#2016=LINE('',#2013,#2015);
#2017=EDGE_CURVE('',#2012,#1989,#2016,.T.);
#2018=ORIENTED_EDGE('',*,*,#2017,.F.);
#2019=CARTESIAN_POINT('',(66.129352167,38.179799275,99.309691757));
#2020=DIRECTION('',(-0.200311093,-0.88746962,-0.415057996));
#2021=VECTOR('',#2020,13.409758743);
#2022=LINE('',#2019,#2021);
#2023=EDGE_CURVE('',#2012,#1858,#2022,.T.);
#2024=ORIENTED_EDGE('',*,*,#2023,.T.);
#2025=EDGE_LOOP('',(#2010,#2018,#2024));
#2026=FACE_BOUND('',#2025,.T.);
#2027=ADVANCED_FACE('',(#2026),#2009,.T.);
#2028=CARTESIAN_POINT('',(0.26322304,-0.635476634,93.359756753));
#2029=DIRECTION('',(0.18658085,-0.45044602,0.873089898));
#2030=DIRECTION('',(0.280788344,-0.827175789,-0.486762899));
#2031=AXIS2_PLACEMENT_3D('',#2028,#2029,#2030);
#2032=PLANE('',#2031);
#2033=ORIENTED_EDGE('',*,*,#1886,.T.);
#2034=ORIENTED_EDGE('',*,*,#2023,.F.);
#2035=CARTESIAN_POINT('',(70.547070211,29.221553267,93.743864163));
#2036=DIRECTION('',(-0.386354267,0.783448952,0.486762899));
#2037=VECTOR('',#2036,11.434371039);
#2038=LINE('',#2035,#2037);
#2039=EDGE_CURVE('',#1881,#2012,#2038,.T.);
#2040=ORIENTED_EDGE('',*,*,#2039,.F.);
#2041=EDGE_LOOP('',(#2033,#2034,#2040));
#2042=FACE_BOUND('',#2041,.T.);
#2043=ADVANCED_FACE('',(#2042),#2032,.F.);
#2044=CARTESIAN_POINT('',(2.585794846,-4.478728051,100.456432408));
#2045=DIRECTION('',(-0.263763676,0.456852089,-0.849538046));
#2046=DIRECTION('',(-0.274532796,0.808747537,0.520153021));
#2047=AXIS2_PLACEMENT_3D('',#2044,#2045,#2046);
#2048=PLANE('',#2047);
#2049=ORIENTED_EDGE('',*,*,#1986,.F.);
#2050=ORIENTED_EDGE('',*,*,#1969,.T.);
#2051=CARTESIAN_POINT('',(59.470359339,34.335227973,103.667771833));
#2052=DIRECTION('',(0.866025404,0.5,0.));
#2053=VECTOR('',#2052,7.689142604);
#2054=LINE('',#2051,#2053);
#2055=EDGE_CURVE('',#1981,#1958,#2054,.T.);
#2056=ORIENTED_EDGE('',*,*,#2055,.F.);
#2057=EDGE_LOOP('',(#2049,#2050,#2056));
#2058=FACE_BOUND('',#2057,.T.);
#2059=ADVANCED_FACE('',(#2058),#2048,.F.);
#2060=CARTESIAN_POINT('',(68.338211189,33.700676271,92.128025968));
#2061=DIRECTION('',(-0.896872742,-0.44228869,0.));
#2062=DIRECTION('',(0.44228869,-0.896872742,0.));
#2063=AXIS2_PLACEMENT_3D('',#2060,#2061,#2062);
#2064=PLANE('',#2063);
#2065=ORIENTED_EDGE('',*,*,#1945,.T.);
#2066=ORIENTED_EDGE('',*,*,#2039,.T.);
#2067=CARTESIAN_POINT('',(66.129352167,38.179799275,103.667771833));
#2068=DIRECTION('',(0.,0.,-1.));
#2069=VECTOR('',#2068,4.358080076);
#2070=LINE('',#2067,#2069);
#2071=EDGE_CURVE('',#1958,#2012,#2070,.T.);
#2072=ORIENTED_EDGE('',*,*,#2071,.F.);
#2073=ORIENTED_EDGE('',*,*,#1963,.T.);
#2074=EDGE_LOOP('',(#2065,#2066,#2072,#2073));
#2075=FACE_BOUND('',#2074,.T.);
#2076=ADVANCED_FACE('',(#2075),#2064,.F.);
#2077=CARTESIAN_POINT('',(63.904744147,41.597393379,92.128025968));
#2078=DIRECTION('',(-0.838088017,-0.545535036,0.));
#2079=DIRECTION('',(0.545535036,-0.838088017,0.));
#2080=AXIS2_PLACEMENT_3D('',#2077,#2078,#2079);
#2081=PLANE('',#2080);
#2082=ORIENTED_EDGE('',*,*,#2071,.T.);
#2083=CARTESIAN_POINT('',(61.706904311,44.973864379,103.708443748));
#2084=VERTEX_POINT('',#2083);
#2085=CARTESIAN_POINT('',(61.706904311,44.973864379,103.708443748));
#2086=DIRECTION('',(0.479494614,-0.736632229,-0.476925439));
#2087=VECTOR('',#2086,9.223143974);
#2088=LINE('',#2085,#2087);
#2089=EDGE_CURVE('',#2084,#2012,#2088,.T.);
#2090=ORIENTED_EDGE('',*,*,#2089,.F.);
#2091=CARTESIAN_POINT('',(61.706904311,44.973864379,108.066523824));
#2092=VERTEX_POINT('',#2091);
#2093=CARTESIAN_POINT('',(61.706904311,44.973864379,103.708443748));
#2094=DIRECTION('',(-0.,0.,1.));
#2095=VECTOR('',#2094,4.358080076);
#2096=LINE('',#2093,#2095);
#2097=EDGE_CURVE('',#2084,#2092,#2096,.T.);
#2098=ORIENTED_EDGE('',*,*,#2097,.T.);
#2099=CARTESIAN_POINT('',(66.129352167,38.179799275,103.667771833));
#2100=DIRECTION('',(-0.479494614,0.736632229,0.476925439));
#2101=VECTOR('',#2100,9.223143974);
#2102=LINE('',#2099,#2101);
#2103=EDGE_CURVE('',#1958,#2092,#2102,.T.);
#2104=ORIENTED_EDGE('',*,*,#2103,.F.);
#2105=EDGE_LOOP('',(#2082,#2090,#2098,#2104));
#2106=FACE_BOUND('',#2105,.T.);
#2107=ADVANCED_FACE('',(#2106),#2081,.F.);
#2108=CARTESIAN_POINT('',(2.584563543,-4.476595371,100.461404085));
#2109=DIRECTION('',(-0.263559423,0.456498311,-0.849791576));
#2110=DIRECTION('',(-0.27461245,0.80898219,0.519745917));
#2111=AXIS2_PLACEMENT_3D('',#2108,#2109,#2110);
#2112=PLANE('',#2111);
#2113=ORIENTED_EDGE('',*,*,#2055,.T.);
#2114=CARTESIAN_POINT('',(55.606697342,40.293010939,108.066523824));
#2115=VERTEX_POINT('',#2114);
#2116=CARTESIAN_POINT('',(55.606697342,40.293010939,108.066523824));
#2117=DIRECTION('',(0.907189644,-0.182186318,-0.379229607));
#2118=VECTOR('',#2117,11.599178729);
#2119=LINE('',#2116,#2118);
#2120=EDGE_CURVE('',#2115,#1958,#2119,.T.);
#2121=ORIENTED_EDGE('',*,*,#2120,.F.);
#2122=CARTESIAN_POINT('',(59.470359339,34.335227973,103.667771833));
#2123=DIRECTION('',(-0.462549577,0.713253383,0.526609438));
#2124=VECTOR('',#2123,8.352968393);
#2125=LINE('',#2122,#2124);
#2126=EDGE_CURVE('',#1981,#2115,#2125,.T.);
#2127=ORIENTED_EDGE('',*,*,#2126,.F.);
#2128=EDGE_LOOP('',(#2113,#2121,#2127));
#2129=FACE_BOUND('',#2128,.T.);
#2130=ADVANCED_FACE('',(#2129),#2112,.F.);
#2131=CARTESIAN_POINT('',(4.33612273,-5.650945161,105.215639479));
#2132=DIRECTION('',(0.29100789,-0.379248867,0.87834202));
#2133=DIRECTION('',(0.285727084,-0.841724848,-0.458104043));
#2134=AXIS2_PLACEMENT_3D('',#2131,#2132,#2133);
#2135=PLANE('',#2134);
#2136=ORIENTED_EDGE('',*,*,#2103,.T.);
#2137=CARTESIAN_POINT('',(61.706904311,44.973864379,108.066523824));
#2138=DIRECTION('',(-0.79335334,-0.608761429,0.));
#2139=VECTOR('',#2138,7.689142604);
#2140=LINE('',#2137,#2139);
#2141=EDGE_CURVE('',#2092,#2115,#2140,.T.);
#2142=ORIENTED_EDGE('',*,*,#2141,.T.);
#2143=ORIENTED_EDGE('',*,*,#2120,.T.);
#2144=EDGE_LOOP('',(#2136,#2142,#2143));
#2145=FACE_BOUND('',#2144,.T.);
#2146=ADVANCED_FACE('',(#2145),#2135,.T.);
#2147=CARTESIAN_POINT('',(3.222178032,-4.199224167,101.853447358));
#2148=DIRECTION('',(0.29100789,-0.379248867,0.87834202));
#2149=DIRECTION('',(0.285727084,-0.841724848,-0.458104043));
#2150=AXIS2_PLACEMENT_3D('',#2147,#2148,#2149);
#2151=PLANE('',#2150);
#2152=ORIENTED_EDGE('',*,*,#2089,.T.);
#2153=CARTESIAN_POINT('',(55.606697342,40.293010939,103.708443748));
#2154=VERTEX_POINT('',#2153);
#2155=CARTESIAN_POINT('',(66.129352167,38.179799275,99.309691757));
#2156=DIRECTION('',(-0.907189644,0.182186318,0.379229607));
#2157=VECTOR('',#2156,11.599178729);
#2158=LINE('',#2155,#2157);
#2159=EDGE_CURVE('',#2012,#2154,#2158,.T.);
#2160=ORIENTED_EDGE('',*,*,#2159,.T.);
#2161=CARTESIAN_POINT('',(55.606697342,40.293010939,103.708443748));
#2162=DIRECTION('',(0.79335334,0.608761429,0.));
#2163=VECTOR('',#2162,7.689142604);
#2164=LINE('',#2161,#2163);
#2165=EDGE_CURVE('',#2154,#2084,#2164,.T.);
#2166=ORIENTED_EDGE('',*,*,#2165,.T.);
#2167=EDGE_LOOP('',(#2152,#2160,#2166));
#2168=FACE_BOUND('',#2167,.T.);
#2169=ADVANCED_FACE('',(#2168),#2151,.F.);
#2170=CARTESIAN_POINT('',(1.608481832,-2.785972256,97.314235199));
#2171=DIRECTION('',(-0.263559423,0.456498311,-0.849791576));
#2172=DIRECTION('',(-0.27461245,0.80898219,0.519745917));
#2173=AXIS2_PLACEMENT_3D('',#2170,#2171,#2172);
#2174=PLANE('',#2173);
#2175=ORIENTED_EDGE('',*,*,#2017,.T.);
#2176=CARTESIAN_POINT('',(55.606697342,40.293010939,103.708443748));
#2177=DIRECTION('',(0.462549577,-0.713253383,-0.526609438));
#2178=VECTOR('',#2177,8.352968393);
#2179=LINE('',#2176,#2178);
#2180=EDGE_CURVE('',#2154,#1989,#2179,.T.);
#2181=ORIENTED_EDGE('',*,*,#2180,.F.);
#2182=ORIENTED_EDGE('',*,*,#2159,.F.);
#2183=EDGE_LOOP('',(#2175,#2181,#2182));
#2184=FACE_BOUND('',#2183,.T.);
#2185=ADVANCED_FACE('',(#2184),#2174,.T.);
#2186=CARTESIAN_POINT('',(57.538528341,37.314119456,92.128025968));
#2187=DIRECTION('',(-0.839015668,-0.544107258,0.));
#2188=DIRECTION('',(0.544107258,-0.839015668,0.));
#2189=AXIS2_PLACEMENT_3D('',#2186,#2187,#2188);
#2190=PLANE('',#2189);
#2191=ORIENTED_EDGE('',*,*,#1994,.T.);
#2192=ORIENTED_EDGE('',*,*,#2126,.T.);
#2193=CARTESIAN_POINT('',(55.606697342,40.293010939,108.066523824));
#2194=DIRECTION('',(0.,-0.,-1.));
#2195=VECTOR('',#2194,4.358080076);
#2196=LINE('',#2193,#2195);
#2197=EDGE_CURVE('',#2115,#2154,#2196,.T.);
#2198=ORIENTED_EDGE('',*,*,#2197,.T.);
#2199=ORIENTED_EDGE('',*,*,#2180,.T.);
#2200=EDGE_LOOP('',(#2191,#2192,#2198,#2199));
#2201=FACE_BOUND('',#2200,.T.);
#2202=ADVANCED_FACE('',(#2201),#2190,.T.);
#2203=CARTESIAN_POINT('',(55.606697342,40.293010939,108.066523824));
#2204=DIRECTION('',(-0.79335334,-0.608761429,0.));
#2205=DIRECTION('',(0.,-0.,-1.));
#2206=AXIS2_PLACEMENT_3D('',#2203,#2204,#2205);
#2207=PLANE('',#2206);
#2208=CARTESIAN_POINT('',(53.312132193,43.283346462,108.066523824));
#2209=VERTEX_POINT('',#2208);
#2210=CARTESIAN_POINT('',(54.454891941,41.794072963,104.806570929));
#2211=VERTEX_POINT('',#2210);
#2212=CARTESIAN_POINT('',(55.606697342,40.293010939,108.066523824));
#2213=DIRECTION('',(-0.79335334,-0.608761429,0.));
#2214=DIRECTION('',(-0.608761429,0.79335334,-0.));
#2215=AXIS2_PLACEMENT_3D('',#2212,#2213,#2214);
#2216=CIRCLE('',#2215,3.769235435);
#2217=EDGE_CURVE('',#2209,#2211,#2216,.T.);
#2218=ORIENTED_EDGE('',*,*,#2217,.T.);
#2219=CARTESIAN_POINT('',(55.606697342,40.293010939,103.708443748));
#2220=DIRECTION('',(-0.526508258,0.686158921,0.501971104));
#2221=VECTOR('',#2220,2.187630268);
#2222=LINE('',#2219,#2221);
#2223=EDGE_CURVE('',#2154,#2211,#2222,.T.);
#2224=ORIENTED_EDGE('',*,*,#2223,.F.);
#2225=ORIENTED_EDGE('',*,*,#2197,.F.);
#2226=CARTESIAN_POINT('',(55.606697342,40.293010939,108.066523824));
#2227=DIRECTION('',(-0.608761429,0.79335334,-0.));
#2228=VECTOR('',#2227,3.769235435);
#2229=LINE('',#2226,#2228);
#2230=EDGE_CURVE('',#2115,#2209,#2229,.T.);
#2231=ORIENTED_EDGE('',*,*,#2230,.T.);
#2232=EDGE_LOOP('',(#2218,#2224,#2225,#2231));
#2233=FACE_BOUND('',#2232,.T.);
#2234=ADVANCED_FACE('',(#2233),#2207,.T.);
#2235=CARTESIAN_POINT('',(58.656800827,42.633437659,108.066523824));
#2236=DIRECTION('',(-0.79335334,-0.608761429,0.));
#2237=DIRECTION('',(0.,-0.,-1.));
#2238=AXIS2_PLACEMENT_3D('',#2235,#2236,#2237);
#2239=CYLINDRICAL_SURFACE('',#2238,3.769235435);
#2240=CARTESIAN_POINT('',(59.412339161,47.964199901,108.066523824));
#2241=VERTEX_POINT('',#2240);
#2242=CARTESIAN_POINT('',(60.555098909,46.474926403,104.806570929));
#2243=VERTEX_POINT('',#2242);
#2244=CARTESIAN_POINT('',(61.706904311,44.973864379,108.066523824));
#2245=DIRECTION('',(-0.79335334,-0.608761429,0.));
#2246=DIRECTION('',(-0.608761429,0.79335334,-0.));
#2247=AXIS2_PLACEMENT_3D('',#2244,#2245,#2246);
#2248=CIRCLE('',#2247,3.769235435);
#2249=EDGE_CURVE('',#2241,#2243,#2248,.T.);
#2250=ORIENTED_EDGE('',*,*,#2249,.T.);
#2251=CARTESIAN_POINT('',(54.454891941,41.794072963,104.806570929));
#2252=DIRECTION('',(0.79335334,0.608761429,0.));
#2253=VECTOR('',#2252,7.689142604);
#2254=LINE('',#2251,#2253);
#2255=EDGE_CURVE('',#2211,#2243,#2254,.T.);
#2256=ORIENTED_EDGE('',*,*,#2255,.F.);
#2257=ORIENTED_EDGE('',*,*,#2217,.F.);
#2258=CARTESIAN_POINT('',(53.312132193,43.283346462,108.066523824));
#2259=DIRECTION('',(0.79335334,0.608761429,0.));
#2260=VECTOR('',#2259,7.689142604);
#2261=LINE('',#2258,#2260);
#2262=EDGE_CURVE('',#2209,#2241,#2261,.T.);
#2263=ORIENTED_EDGE('',*,*,#2262,.T.);
#2264=EDGE_LOOP('',(#2250,#2256,#2257,#2263));
#2265=FACE_BOUND('',#2264,.T.);
#2266=ADVANCED_FACE('',(#2265),#2239,.T.);
#2267=CARTESIAN_POINT('',(59.412339161,47.964199901,108.066523824));
#2268=DIRECTION('',(0.79335334,0.608761429,-0.));
#2269=DIRECTION('',(-0.,0.,1.));
#2270=AXIS2_PLACEMENT_3D('',#2267,#2268,#2269);
#2271=PLANE('',#2270);
#2272=CARTESIAN_POINT('',(59.412339161,47.964199901,108.066523824));
#2273=DIRECTION('',(0.608761429,-0.79335334,0.));
#2274=VECTOR('',#2273,3.769235435);
#2275=LINE('',#2272,#2274);
#2276=EDGE_CURVE('',#2241,#2092,#2275,.T.);
#2277=ORIENTED_EDGE('',*,*,#2276,.T.);
#2278=ORIENTED_EDGE('',*,*,#2097,.F.);
#2279=CARTESIAN_POINT('',(61.706904311,44.973864379,103.708443748));
#2280=DIRECTION('',(-0.526508258,0.686158921,0.501971104));
#2281=VECTOR('',#2280,2.187630268);
#2282=LINE('',#2279,#2281);
#2283=EDGE_CURVE('',#2084,#2243,#2282,.T.);
#2284=ORIENTED_EDGE('',*,*,#2283,.T.);
#2285=ORIENTED_EDGE('',*,*,#2249,.F.);
#2286=EDGE_LOOP('',(#2277,#2278,#2284,#2285));
#2287=FACE_BOUND('',#2286,.T.);
#2288=ADVANCED_FACE('',(#2287),#2271,.T.);
#2289=CARTESIAN_POINT('',(-0.862718887,1.124317143,105.624772006));
#2290=DIRECTION('',(-0.305580647,0.398240452,-0.864884391));
#2291=DIRECTION('',(-0.526508258,0.686158921,0.501971104));
#2292=AXIS2_PLACEMENT_3D('',#2289,#2290,#2291);
#2293=PLANE('',#2292);
#2294=ORIENTED_EDGE('',*,*,#2255,.T.);
#2295=ORIENTED_EDGE('',*,*,#2283,.F.);
#2296=ORIENTED_EDGE('',*,*,#2165,.F.);
#2297=ORIENTED_EDGE('',*,*,#2223,.T.);
#2298=EDGE_LOOP('',(#2294,#2295,#2296,#2297));
#2299=FACE_BOUND('',#2298,.T.);
#2300=ADVANCED_FACE('',(#2299),#2293,.T.);
#2301=CARTESIAN_POINT('',(69.552305996,23.609826484,85.));
#2302=DIRECTION('',(-0.321439465,0.946930129,0.));
#2303=DIRECTION('',(0.,0.,1.));
#2304=AXIS2_PLACEMENT_3D('',#2301,#2302,#2303);
#2305=CYLINDRICAL_SURFACE('',#2304,7.689142604);
#2306=CARTESIAN_POINT('',(77.439177309,24.296819072,85.));
#2307=VERTEX_POINT('',#2306);
#2308=CARTESIAN_POINT('',(70.158096508,21.825225185,85.));
#2309=DIRECTION('',(0.321439465,-0.946930129,0.));
#2310=DIRECTION('',(0.946930129,0.321439465,0.));
#2311=AXIS2_PLACEMENT_3D('',#2308,#2309,#2310);
#2312=CIRCLE('',#2311,7.689142604);
#2313=EDGE_CURVE('',#2307,#1746,#2312,.T.);
#2314=ORIENTED_EDGE('',*,*,#2313,.F.);
#2315=CARTESIAN_POINT('',(76.227596287,27.866021671,85.));
#2316=VERTEX_POINT('',#2315);
#2317=CARTESIAN_POINT('',(77.439177309,24.296819072,85.));
#2318=DIRECTION('',(-0.321439465,0.946930129,0.));
#2319=VECTOR('',#2318,3.769235435);
#2320=LINE('',#2317,#2319);
#2321=EDGE_CURVE('',#2307,#2316,#2320,.T.);
#2322=ORIENTED_EDGE('',*,*,#2321,.T.);
#2323=CARTESIAN_POINT('',(68.946515485,25.394427783,85.));
#2324=DIRECTION('',(0.321439465,-0.946930129,0.));
#2325=DIRECTION('',(0.946930129,0.321439465,0.));
#2326=AXIS2_PLACEMENT_3D('',#2323,#2324,#2325);
#2327=CIRCLE('',#2326,7.689142604);
#2328=EDGE_CURVE('',#2316,#1778,#2327,.T.);
#2329=ORIENTED_EDGE('',*,*,#2328,.T.);
#2330=ORIENTED_EDGE('',*,*,#1783,.F.);
#2331=EDGE_LOOP('',(#2314,#2322,#2329,#2330));
#2332=FACE_BOUND('',#2331,.T.);
#2333=ADVANCED_FACE('',(#2332),#2305,.T.);
#2334=CARTESIAN_POINT('',(72.282711297,24.536674192,92.128025968));
#2335=DIRECTION('',(-0.321439465,0.946930129,0.));
#2336=DIRECTION('',(0.,0.,1.));
#2337=AXIS2_PLACEMENT_3D('',#2334,#2335,#2336);
#2338=CYLINDRICAL_SURFACE('',#2337,7.689142604);
#2339=CARTESIAN_POINT('',(68.946515485,25.394427783,85.));
#2340=VERTEX_POINT('',#2339);
#2341=CARTESIAN_POINT('',(71.676920786,26.321275491,92.128025968));
#2342=DIRECTION('',(0.321439465,-0.946930129,0.));
#2343=DIRECTION('',(-0.946930129,-0.321439465,0.));
#2344=AXIS2_PLACEMENT_3D('',#2341,#2342,#2343);
#2345=CIRCLE('',#2344,7.689142604);
#2346=EDGE_CURVE('',#1724,#2340,#2345,.T.);
#2347=ORIENTED_EDGE('',*,*,#2346,.T.);
#2348=CARTESIAN_POINT('',(70.158096508,21.825225185,85.));
#2349=VERTEX_POINT('',#2348);
#2350=CARTESIAN_POINT('',(68.946515485,25.394427783,85.));
#2351=DIRECTION('',(0.321439465,-0.946930129,0.));
#2352=VECTOR('',#2351,3.769235435);
#2353=LINE('',#2350,#2352);
#2354=EDGE_CURVE('',#2340,#2349,#2353,.T.);
#2355=ORIENTED_EDGE('',*,*,#2354,.T.);
#2356=CARTESIAN_POINT('',(72.888501808,22.752072893,92.128025968));
#2357=DIRECTION('',(0.321439465,-0.946930129,0.));
#2358=DIRECTION('',(-0.946930129,-0.321439465,0.));
#2359=AXIS2_PLACEMENT_3D('',#2356,#2357,#2358);
#2360=CIRCLE('',#2359,7.689142604);
#2361=EDGE_CURVE('',#1705,#2349,#2360,.T.);
#2362=ORIENTED_EDGE('',*,*,#2361,.F.);
#2363=ORIENTED_EDGE('',*,*,#1735,.F.);
#2364=EDGE_LOOP('',(#2347,#2355,#2362,#2363));
#2365=FACE_BOUND('',#2364,.T.);
#2366=ADVANCED_FACE('',(#2365),#2338,.T.);
#2367=CARTESIAN_POINT('',(61.322147607,47.05413882,108.066523824));
#2368=DIRECTION('',(0.608761429,-0.79335334,0.));
#2369=DIRECTION('',(0.,0.,-1.));
#2370=AXIS2_PLACEMENT_3D('',#2367,#2368,#2369);
#2371=CYLINDRICAL_SURFACE('',#2370,0.961142825);
#2372=CARTESIAN_POINT('',(63.231956053,46.144077739,108.066523824));
#2373=VERTEX_POINT('',#2372);
#2374=CARTESIAN_POINT('',(62.469430182,45.558971059,108.066523824));
#2375=DIRECTION('',(0.608761429,-0.79335334,0.));
#2376=DIRECTION('',(0.79335334,0.608761429,0.));
#2377=AXIS2_PLACEMENT_3D('',#2374,#2375,#2376);
#2378=CIRCLE('',#2377,0.961142825);
#2379=EDGE_CURVE('',#2373,#2092,#2378,.T.);
#2380=ORIENTED_EDGE('',*,*,#2379,.T.);
#2381=ORIENTED_EDGE('',*,*,#2276,.F.);
#2382=CARTESIAN_POINT('',(60.937390904,49.134413261,108.066523824));
#2383=VERTEX_POINT('',#2382);
#2384=CARTESIAN_POINT('',(60.174865033,48.549306581,108.066523824));
#2385=DIRECTION('',(0.608761429,-0.79335334,0.));
#2386=DIRECTION('',(0.79335334,0.608761429,0.));
#2387=AXIS2_PLACEMENT_3D('',#2384,#2385,#2386);
#2388=CIRCLE('',#2387,0.961142825);
#2389=EDGE_CURVE('',#2383,#2241,#2388,.T.);
#2390=ORIENTED_EDGE('',*,*,#2389,.F.);
#2391=CARTESIAN_POINT('',(60.937390904,49.134413261,108.066523824));
#2392=DIRECTION('',(0.608761429,-0.79335334,0.));
#2393=VECTOR('',#2392,3.769235435);
#2394=LINE('',#2391,#2393);
#2395=EDGE_CURVE('',#2383,#2373,#2394,.T.);
#2396=ORIENTED_EDGE('',*,*,#2395,.T.);
#2397=EDGE_LOOP('',(#2380,#2381,#2390,#2396));
#2398=FACE_BOUND('',#2397,.T.);
#2399=ADVANCED_FACE('',(#2398),#2371,.F.);
#2400=CARTESIAN_POINT('',(63.231956053,46.144077739,108.066523824));
#2401=DIRECTION('',(0.608761429,-0.79335334,0.));
#2402=DIRECTION('',(0.,0.,-1.));
#2403=AXIS2_PLACEMENT_3D('',#2400,#2401,#2402);
#2404=PLANE('',#2403);
#2405=CARTESIAN_POINT('',(69.332163022,50.824931178,108.066523824));
#2406=VERTEX_POINT('',#2405);
#2407=CARTESIAN_POINT('',(62.469430182,45.558971059,108.066523824));
#2408=DIRECTION('',(0.608761429,-0.79335334,0.));
#2409=DIRECTION('',(0.79335334,0.608761429,0.));
#2410=AXIS2_PLACEMENT_3D('',#2407,#2408,#2409);
#2411=CIRCLE('',#2410,8.650285429);
#2412=EDGE_CURVE('',#2406,#2115,#2411,.T.);
#2413=ORIENTED_EDGE('',*,*,#2412,.T.);
#2414=ORIENTED_EDGE('',*,*,#2141,.F.);
#2415=ORIENTED_EDGE('',*,*,#2379,.F.);
#2416=CARTESIAN_POINT('',(63.231956053,46.144077739,108.066523824));
#2417=DIRECTION('',(0.79335334,0.608761429,0.));
#2418=VECTOR('',#2417,7.689142604);
#2419=LINE('',#2416,#2418);
#2420=EDGE_CURVE('',#2373,#2406,#2419,.T.);
#2421=ORIENTED_EDGE('',*,*,#2420,.T.);
#2422=EDGE_LOOP('',(#2413,#2414,#2415,#2421));
#2423=FACE_BOUND('',#2422,.T.);
#2424=ADVANCED_FACE('',(#2423),#2404,.T.);
#2425=CARTESIAN_POINT('',(61.322147607,47.05413882,108.066523824));
#2426=DIRECTION('',(0.608761429,-0.79335334,0.));
#2427=DIRECTION('',(0.,0.,-1.));
#2428=AXIS2_PLACEMENT_3D('',#2425,#2426,#2427);
#2429=CYLINDRICAL_SURFACE('',#2428,8.650285429);
#2430=CARTESIAN_POINT('',(67.037597872,53.8152667,108.066523824));
#2431=VERTEX_POINT('',#2430);
#2432=CARTESIAN_POINT('',(60.174865033,48.549306581,108.066523824));
#2433=DIRECTION('',(0.608761429,-0.79335334,0.));
#2434=DIRECTION('',(0.79335334,0.608761429,0.));
#2435=AXIS2_PLACEMENT_3D('',#2432,#2433,#2434);
#2436=CIRCLE('',#2435,8.650285429);
#2437=EDGE_CURVE('',#2431,#2209,#2436,.T.);
#2438=ORIENTED_EDGE('',*,*,#2437,.T.);
#2439=ORIENTED_EDGE('',*,*,#2230,.F.);
#2440=ORIENTED_EDGE('',*,*,#2412,.F.);
#2441=CARTESIAN_POINT('',(69.332163022,50.824931178,108.066523824));
#2442=DIRECTION('',(-0.608761429,0.79335334,0.));
#2443=VECTOR('',#2442,3.769235435);
#2444=LINE('',#2441,#2443);
#2445=EDGE_CURVE('',#2406,#2431,#2444,.T.);
#2446=ORIENTED_EDGE('',*,*,#2445,.T.);
#2447=EDGE_LOOP('',(#2438,#2439,#2440,#2446));
#2448=FACE_BOUND('',#2447,.T.);
#2449=ADVANCED_FACE('',(#2448),#2429,.T.);
#2450=CARTESIAN_POINT('',(67.037597872,53.8152667,108.066523824));
#2451=DIRECTION('',(-0.608761429,0.79335334,0.));
#2452=DIRECTION('',(0.,0.,1.));
#2453=AXIS2_PLACEMENT_3D('',#2450,#2451,#2452);
#2454=PLANE('',#2453);
#2455=ORIENTED_EDGE('',*,*,#2262,.F.);
#2456=ORIENTED_EDGE('',*,*,#2437,.F.);
#2457=CARTESIAN_POINT('',(67.037597872,53.8152667,108.066523824));
#2458=DIRECTION('',(-0.79335334,-0.608761429,0.));
#2459=VECTOR('',#2458,7.689142604);
#2460=LINE('',#2457,#2459);
#2461=EDGE_CURVE('',#2431,#2383,#2460,.T.);
#2462=ORIENTED_EDGE('',*,*,#2461,.T.);
#2463=ORIENTED_EDGE('',*,*,#2389,.T.);
#2464=EDGE_LOOP('',(#2455,#2456,#2462,#2463));
#2465=FACE_BOUND('',#2464,.T.);
#2466=ADVANCED_FACE('',(#2465),#2454,.T.);
#2467=CARTESIAN_POINT('',(63.925459182,57.287982712,92.128025968));
#2468=DIRECTION('',(-0.744711274,-0.667386783,0.));
#2469=DIRECTION('',(-0.667386783,0.744711274,0.));
#2470=AXIS2_PLACEMENT_3D('',#2467,#2468,#2469);
#2471=PLANE('',#2470);
#2472=CARTESIAN_POINT('',(60.788450354,60.788450354,103.583663652));
#2473=VERTEX_POINT('',#2472);
#2474=CARTESIAN_POINT('',(60.788450354,60.788450354,99.357544427));
#2475=VERTEX_POINT('',#2474);
#2476=CARTESIAN_POINT('',(60.788450354,60.788450354,103.583663652));
#2477=DIRECTION('',(0.,0.,-1.));
#2478=VECTOR('',#2477,4.226119225);
#2479=LINE('',#2476,#2478);
#2480=EDGE_CURVE('',#2473,#2475,#2479,.T.);
#2481=ORIENTED_EDGE('',*,*,#2480,.F.);
#2482=CARTESIAN_POINT('',(60.788450354,60.788450354,103.583663652));
#2483=DIRECTION('',(0.60195697,-0.671700659,0.431817127));
#2484=VECTOR('',#2483,10.38138576);
#2485=LINE('',#2482,#2484);
#2486=EDGE_CURVE('',#2473,#2431,#2485,.T.);
#2487=ORIENTED_EDGE('',*,*,#2486,.T.);
#2488=CARTESIAN_POINT('',(67.037597872,53.8152667,103.840404599));
#2489=VERTEX_POINT('',#2488);
#2490=CARTESIAN_POINT('',(67.037597872,53.8152667,103.840404599));
#2491=DIRECTION('',(0.,-0.,1.));
#2492=VECTOR('',#2491,4.226119225);
#2493=LINE('',#2490,#2492);
#2494=EDGE_CURVE('',#2489,#2431,#2493,.T.);
#2495=ORIENTED_EDGE('',*,*,#2494,.F.);
#2496=CARTESIAN_POINT('',(67.037597872,53.8152667,103.840404599));
#2497=DIRECTION('',(-0.60195697,0.671700659,-0.431817127));
#2498=VECTOR('',#2497,10.38138576);
#2499=LINE('',#2496,#2498);
#2500=EDGE_CURVE('',#2489,#2475,#2499,.T.);
#2501=ORIENTED_EDGE('',*,*,#2500,.T.);
#2502=EDGE_LOOP('',(#2481,#2487,#2495,#2501));
#2503=FACE_BOUND('',#2502,.T.);
#2504=ADVANCED_FACE('',(#2503),#2471,.F.);
#2505=CARTESIAN_POINT('',(-3.376726635,3.376726635,101.018651026));
#2506=DIRECTION('',(0.334595519,-0.334595519,-0.880960656));
#2507=DIRECTION('',(0.735633256,-0.491534427,0.466087567));
#2508=AXIS2_PLACEMENT_3D('',#2505,#2506,#2507);
#2509=PLANE('',#2508);
#2510=CARTESIAN_POINT('',(55.351405477,55.351405477,103.583663652));
#2511=VERTEX_POINT('',#2510);
#2512=CARTESIAN_POINT('',(55.351405477,55.351405477,103.583663652));
#2513=DIRECTION('',(0.707106781,0.707106781,0.));
#2514=VECTOR('',#2513,7.689142604);
#2515=LINE('',#2512,#2514);
#2516=EDGE_CURVE('',#2511,#2473,#2515,.T.);
#2517=ORIENTED_EDGE('',*,*,#2516,.F.);
#2518=CARTESIAN_POINT('',(55.351405477,55.351405477,103.583663652));
#2519=DIRECTION('',(0.588977338,-0.655509682,0.472665582));
#2520=VECTOR('',#2519,9.484211128);
#2521=LINE('',#2518,#2520);
#2522=EDGE_CURVE('',#2511,#2383,#2521,.T.);
#2523=ORIENTED_EDGE('',*,*,#2522,.T.);
#2524=CARTESIAN_POINT('',(60.937390904,49.134413261,108.066523824));
#2525=DIRECTION('',(-0.01192728,0.933264773,-0.35899109));
#2526=VECTOR('',#2525,12.487385602);
#2527=LINE('',#2524,#2526);
#2528=EDGE_CURVE('',#2383,#2473,#2527,.T.);
#2529=ORIENTED_EDGE('',*,*,#2528,.T.);
#2530=EDGE_LOOP('',(#2517,#2523,#2529));
#2531=FACE_BOUND('',#2530,.T.);
#2532=ADVANCED_FACE('',(#2531),#2509,.F.);
#2533=CARTESIAN_POINT('',(-4.000871173,5.214036826,105.815820853));
#2534=DIRECTION('',(-0.263495413,0.343393908,0.901471459));
#2535=DIRECTION('',(-0.756907863,0.505749665,-0.413893419));
#2536=AXIS2_PLACEMENT_3D('',#2533,#2534,#2535);
#2537=PLANE('',#2536);
#2538=ORIENTED_EDGE('',*,*,#2486,.F.);
#2539=ORIENTED_EDGE('',*,*,#2528,.F.);
#2540=ORIENTED_EDGE('',*,*,#2461,.F.);
#2541=EDGE_LOOP('',(#2538,#2539,#2540));
#2542=FACE_BOUND('',#2541,.T.);
#2543=ADVANCED_FACE('',(#2542),#2537,.T.);
#2544=CARTESIAN_POINT('',(-2.997025882,3.905800172,102.381461722));
#2545=DIRECTION('',(-0.263495413,0.343393908,0.901471459));
#2546=DIRECTION('',(-0.756907863,0.505749665,-0.413893419));
#2547=AXIS2_PLACEMENT_3D('',#2544,#2545,#2546);
#2548=PLANE('',#2547);
#2549=ORIENTED_EDGE('',*,*,#2500,.F.);
#2550=CARTESIAN_POINT('',(60.937390904,49.134413261,103.840404599));
#2551=VERTEX_POINT('',#2550);
#2552=CARTESIAN_POINT('',(60.937390904,49.134413261,103.840404599));
#2553=DIRECTION('',(0.79335334,0.608761429,0.));
#2554=VECTOR('',#2553,7.689142604);
#2555=LINE('',#2552,#2554);
#2556=EDGE_CURVE('',#2551,#2489,#2555,.T.);
#2557=ORIENTED_EDGE('',*,*,#2556,.F.);
#2558=CARTESIAN_POINT('',(60.788450354,60.788450354,99.357544427));
#2559=DIRECTION('',(0.01192728,-0.933264773,0.35899109));
#2560=VECTOR('',#2559,12.487385602);
#2561=LINE('',#2558,#2560);
#2562=EDGE_CURVE('',#2475,#2551,#2561,.T.);
#2563=ORIENTED_EDGE('',*,*,#2562,.F.);
#2564=EDGE_LOOP('',(#2549,#2557,#2563));
#2565=FACE_BOUND('',#2564,.T.);
#2566=ADVANCED_FACE('',(#2565),#2548,.F.);
#2567=CARTESIAN_POINT('',(-2.131012538,2.131012538,97.738795071));
#2568=DIRECTION('',(0.334595519,-0.334595519,-0.880960656));
#2569=DIRECTION('',(0.735633256,-0.491534427,0.466087567));
#2570=AXIS2_PLACEMENT_3D('',#2567,#2568,#2569);
#2571=PLANE('',#2570);
#2572=CARTESIAN_POINT('',(55.351405477,55.351405477,99.357544427));
#2573=VERTEX_POINT('',#2572);
#2574=CARTESIAN_POINT('',(60.788450354,60.788450354,99.357544427));
#2575=DIRECTION('',(-0.707106781,-0.707106781,0.));
#2576=VECTOR('',#2575,7.689142604);
#2577=LINE('',#2574,#2576);
#2578=EDGE_CURVE('',#2475,#2573,#2577,.T.);
#2579=ORIENTED_EDGE('',*,*,#2578,.F.);
#2580=ORIENTED_EDGE('',*,*,#2562,.T.);
#2581=CARTESIAN_POINT('',(60.937390904,49.134413261,103.840404599));
#2582=DIRECTION('',(-0.588977338,0.655509682,-0.472665582));
#2583=VECTOR('',#2582,9.484211128);
#2584=LINE('',#2581,#2583);
#2585=EDGE_CURVE('',#2551,#2573,#2584,.T.);
#2586=ORIENTED_EDGE('',*,*,#2585,.T.);
#2587=EDGE_LOOP('',(#2579,#2580,#2586));
#2588=FACE_BOUND('',#2587,.T.);
#2589=ADVANCED_FACE('',(#2588),#2571,.T.);
#2590=CARTESIAN_POINT('',(58.14439819,52.242909369,92.128025968));
#2591=DIRECTION('',(-0.743847629,-0.668349239,0.));
#2592=DIRECTION('',(-0.668349239,0.743847629,0.));
#2593=AXIS2_PLACEMENT_3D('',#2590,#2591,#2592);
#2594=PLANE('',#2593);
#2595=CARTESIAN_POINT('',(55.351405477,55.351405477,99.357544427));
#2596=DIRECTION('',(0.,0.,1.));
#2597=VECTOR('',#2596,4.226119225);
#2598=LINE('',#2595,#2597);
#2599=EDGE_CURVE('',#2573,#2511,#2598,.T.);
#2600=ORIENTED_EDGE('',*,*,#2599,.F.);
#2601=ORIENTED_EDGE('',*,*,#2585,.F.);
#2602=CARTESIAN_POINT('',(60.937390904,49.134413261,108.066523824));
#2603=DIRECTION('',(-0.,0.,-1.));
#2604=VECTOR('',#2603,4.226119225);
#2605=LINE('',#2602,#2604);
#2606=EDGE_CURVE('',#2383,#2551,#2605,.T.);
#2607=ORIENTED_EDGE('',*,*,#2606,.F.);
#2608=ORIENTED_EDGE('',*,*,#2522,.F.);
#2609=EDGE_LOOP('',(#2600,#2601,#2607,#2608));
#2610=FACE_BOUND('',#2609,.T.);
#2611=ADVANCED_FACE('',(#2610),#2594,.T.);
#2612=CARTESIAN_POINT('',(60.937390904,49.134413261,108.066523824));
#2613=DIRECTION('',(-0.79335334,-0.608761429,0.));
#2614=DIRECTION('',(-0.,0.,-1.));
#2615=AXIS2_PLACEMENT_3D('',#2612,#2613,#2614);
#2616=PLANE('',#2615);
#2617=CARTESIAN_POINT('',(61.975111388,47.782029595,104.704778685));
#2618=VERTEX_POINT('',#2617);
#2619=CARTESIAN_POINT('',(60.937390904,49.134413261,108.066523824));
#2620=DIRECTION('',(0.79335334,0.608761429,0.));
#2621=DIRECTION('',(0.608761429,-0.79335334,-0.));
#2622=AXIS2_PLACEMENT_3D('',#2619,#2620,#2621);
#2623=CIRCLE('',#2622,3.769235435);
#2624=EDGE_CURVE('',#2373,#2618,#2623,.T.);
#2625=ORIENTED_EDGE('',*,*,#2624,.F.);
#2626=ORIENTED_EDGE('',*,*,#2395,.F.);
#2627=ORIENTED_EDGE('',*,*,#2606,.T.);
#2628=CARTESIAN_POINT('',(60.937390904,49.134413261,103.840404599));
#2629=DIRECTION('',(0.542948513,-0.707584278,0.45225148));
#2630=VECTOR('',#2629,1.911268674);
#2631=LINE('',#2628,#2630);
#2632=EDGE_CURVE('',#2551,#2618,#2631,.T.);
#2633=ORIENTED_EDGE('',*,*,#2632,.T.);
#2634=EDGE_LOOP('',(#2625,#2626,#2627,#2633));
#2635=FACE_BOUND('',#2634,.T.);
#2636=ADVANCED_FACE('',(#2635),#2616,.T.);
#2637=CARTESIAN_POINT('',(63.987494388,51.474839981,108.066523824));
#2638=DIRECTION('',(-0.79335334,-0.608761429,0.));
#2639=DIRECTION('',(-0.,0.,-1.));
#2640=AXIS2_PLACEMENT_3D('',#2637,#2638,#2639);
#2641=CYLINDRICAL_SURFACE('',#2640,3.769235435);
#2642=CARTESIAN_POINT('',(68.075318357,52.462883035,104.704778685));
#2643=VERTEX_POINT('',#2642);
#2644=CARTESIAN_POINT('',(67.037597872,53.8152667,108.066523824));
#2645=DIRECTION('',(0.79335334,0.608761429,0.));
#2646=DIRECTION('',(0.608761429,-0.79335334,-0.));
#2647=AXIS2_PLACEMENT_3D('',#2644,#2645,#2646);
#2648=CIRCLE('',#2647,3.769235435);
#2649=EDGE_CURVE('',#2406,#2643,#2648,.T.);
#2650=ORIENTED_EDGE('',*,*,#2649,.F.);
#2651=ORIENTED_EDGE('',*,*,#2420,.F.);
#2652=ORIENTED_EDGE('',*,*,#2624,.T.);
#2653=CARTESIAN_POINT('',(61.975111388,47.782029595,104.704778685));
#2654=DIRECTION('',(0.79335334,0.608761429,0.));
#2655=VECTOR('',#2654,7.689142604);
#2656=LINE('',#2653,#2655);
#2657=EDGE_CURVE('',#2618,#2643,#2656,.T.);
#2658=ORIENTED_EDGE('',*,*,#2657,.T.);
#2659=EDGE_LOOP('',(#2650,#2651,#2652,#2658));
#2660=FACE_BOUND('',#2659,.T.);
#2661=ADVANCED_FACE('',(#2660),#2641,.T.);
#2662=CARTESIAN_POINT('',(69.332163022,50.824931178,108.066523824));
#2663=DIRECTION('',(0.79335334,0.608761429,0.));
#2664=DIRECTION('',(0.,-0.,1.));
#2665=AXIS2_PLACEMENT_3D('',#2662,#2663,#2664);
#2666=PLANE('',#2665);
#2667=ORIENTED_EDGE('',*,*,#2445,.F.);
#2668=ORIENTED_EDGE('',*,*,#2649,.T.);
#2669=CARTESIAN_POINT('',(67.037597872,53.8152667,103.840404599));
#2670=DIRECTION('',(0.542948513,-0.707584278,0.45225148));
#2671=VECTOR('',#2670,1.911268674);
#2672=LINE('',#2669,#2671);
#2673=EDGE_CURVE('',#2489,#2643,#2672,.T.);
#2674=ORIENTED_EDGE('',*,*,#2673,.F.);
#2675=ORIENTED_EDGE('',*,*,#2494,.T.);
#2676=EDGE_LOOP('',(#2667,#2668,#2674,#2675));
#2677=FACE_BOUND('',#2676,.T.);
#2678=ADVANCED_FACE('',(#2677),#2666,.T.);
#2679=CARTESIAN_POINT('',(0.803065172,-1.046574908,105.464955792));
#2680=DIRECTION('',(0.275313257,-0.358795222,-0.891890463));
#2681=DIRECTION('',(0.542948513,-0.707584278,0.45225148));
#2682=AXIS2_PLACEMENT_3D('',#2679,#2680,#2681);
#2683=PLANE('',#2682);
#2684=ORIENTED_EDGE('',*,*,#2657,.F.);
#2685=ORIENTED_EDGE('',*,*,#2632,.F.);
#2686=ORIENTED_EDGE('',*,*,#2556,.T.);
#2687=ORIENTED_EDGE('',*,*,#2673,.T.);
#2688=EDGE_LOOP('',(#2684,#2685,#2686,#2687));
#2689=FACE_BOUND('',#2688,.T.);
#2690=ADVANCED_FACE('',(#2689),#2683,.T.);
#2691=CARTESIAN_POINT('',(68.946515485,25.394427783,-85.));
#2692=DIRECTION('',(-0.946930129,-0.321439465,0.));
#2693=DIRECTION('',(0.,0.,1.));
#2694=AXIS2_PLACEMENT_3D('',#2691,#2692,#2693);
#2695=PLANE('',#2694);
#2696=CARTESIAN_POINT('',(70.158096508,21.825225185,0.));
#2697=VERTEX_POINT('',#2696);
#2698=CARTESIAN_POINT('',(68.946515485,25.394427783,0.));
#2699=VERTEX_POINT('',#2698);
#2700=CARTESIAN_POINT('',(70.158096508,21.825225185,0.));
#2701=DIRECTION('',(-0.321439465,0.946930129,0.));
#2702=VECTOR('',#2701,3.769235435);
#2703=LINE('',#2700,#2702);
#2704=EDGE_CURVE('',#2697,#2699,#2703,.T.);
#2705=ORIENTED_EDGE('',*,*,#2704,.F.);
#2706=CARTESIAN_POINT('',(70.158096508,21.825225185,0.));
#2707=DIRECTION('',(0.,0.,1.));
#2708=VECTOR('',#2707,85.);
#2709=LINE('',#2706,#2708);
#2710=EDGE_CURVE('',#2697,#2349,#2709,.T.);
#2711=ORIENTED_EDGE('',*,*,#2710,.T.);
#2712=ORIENTED_EDGE('',*,*,#2354,.F.);
#2713=CARTESIAN_POINT('',(68.946515485,25.394427783,0.));
#2714=DIRECTION('',(0.,0.,1.));
#2715=VECTOR('',#2714,85.);
#2716=LINE('',#2713,#2715);
#2717=EDGE_CURVE('',#2699,#2340,#2716,.T.);
#2718=ORIENTED_EDGE('',*,*,#2717,.F.);
#2719=EDGE_LOOP('',(#2705,#2711,#2712,#2718));
#2720=FACE_BOUND('',#2719,.T.);
#2721=ADVANCED_FACE('',(#2720),#2695,.T.);
#2722=CARTESIAN_POINT('',(70.158096508,21.825225185,-85.));
#2723=DIRECTION('',(0.321439465,-0.946930129,0.));
#2724=DIRECTION('',(0.,0.,-1.));
#2725=AXIS2_PLACEMENT_3D('',#2722,#2723,#2724);
#2726=PLANE('',#2725);
#2727=CARTESIAN_POINT('',(77.439177309,24.296819072,0.));
#2728=VERTEX_POINT('',#2727);
#2729=CARTESIAN_POINT('',(77.439177309,24.296819072,0.));
#2730=DIRECTION('',(-0.946930129,-0.321439465,0.));
#2731=VECTOR('',#2730,7.689142604);
#2732=LINE('',#2729,#2731);
#2733=EDGE_CURVE('',#2728,#2697,#2732,.T.);
#2734=ORIENTED_EDGE('',*,*,#2733,.F.);
#2735=CARTESIAN_POINT('',(77.439177309,24.296819072,0.));
#2736=DIRECTION('',(0.,0.,1.));
#2737=VECTOR('',#2736,85.);
#2738=LINE('',#2735,#2737);
#2739=EDGE_CURVE('',#2728,#2307,#2738,.T.);
#2740=ORIENTED_EDGE('',*,*,#2739,.T.);
#2741=ORIENTED_EDGE('',*,*,#2313,.T.);
#2742=ORIENTED_EDGE('',*,*,#1767,.F.);
#2743=ORIENTED_EDGE('',*,*,#2361,.T.);
#2744=ORIENTED_EDGE('',*,*,#2710,.F.);
#2745=EDGE_LOOP('',(#2734,#2740,#2741,#2742,#2743,#2744));
#2746=FACE_BOUND('',#2745,.T.);
#2747=ADVANCED_FACE('',(#2746),#2726,.T.);
#2748=CARTESIAN_POINT('',(77.439177309,24.296819072,-85.));
#2749=DIRECTION('',(0.946930129,0.321439465,0.));
#2750=DIRECTION('',(0.,0.,-1.));
#2751=AXIS2_PLACEMENT_3D('',#2748,#2749,#2750);
#2752=PLANE('',#2751);
#2753=CARTESIAN_POINT('',(76.227596287,27.866021671,0.));
#2754=VERTEX_POINT('',#2753);
#2755=CARTESIAN_POINT('',(76.227596287,27.866021671,0.));
#2756=DIRECTION('',(0.321439465,-0.946930129,0.));
#2757=VECTOR('',#2756,3.769235435);
#2758=LINE('',#2755,#2757);
#2759=EDGE_CURVE('',#2754,#2728,#2758,.T.);
#2760=ORIENTED_EDGE('',*,*,#2759,.F.);
#2761=CARTESIAN_POINT('',(76.227596287,27.866021671,0.));
#2762=DIRECTION('',(0.,0.,1.));
#2763=VECTOR('',#2762,85.);
#2764=LINE('',#2761,#2763);
#2765=EDGE_CURVE('',#2754,#2316,#2764,.T.);
#2766=ORIENTED_EDGE('',*,*,#2765,.T.);
#2767=ORIENTED_EDGE('',*,*,#2321,.F.);
#2768=ORIENTED_EDGE('',*,*,#2739,.F.);
#2769=EDGE_LOOP('',(#2760,#2766,#2767,#2768));
#2770=FACE_BOUND('',#2769,.T.);
#2771=ADVANCED_FACE('',(#2770),#2752,.T.);
#2772=CARTESIAN_POINT('',(76.227596287,27.866021671,-85.));
#2773=DIRECTION('',(-0.321439465,0.946930129,0.));
#2774=DIRECTION('',(0.,0.,1.));
#2775=AXIS2_PLACEMENT_3D('',#2772,#2773,#2774);
#2776=PLANE('',#2775);
#2777=CARTESIAN_POINT('',(68.946515485,25.394427783,0.));
#2778=DIRECTION('',(0.946930129,0.321439465,0.));
#2779=VECTOR('',#2778,7.689142604);
#2780=LINE('',#2777,#2779);
#2781=EDGE_CURVE('',#2699,#2754,#2780,.T.);
#2782=ORIENTED_EDGE('',*,*,#2781,.F.);
#2783=ORIENTED_EDGE('',*,*,#2717,.T.);
#2784=ORIENTED_EDGE('',*,*,#2346,.F.);
#2785=ORIENTED_EDGE('',*,*,#1906,.F.);
#2786=ORIENTED_EDGE('',*,*,#2328,.F.);
#2787=ORIENTED_EDGE('',*,*,#2765,.F.);
#2788=EDGE_LOOP('',(#2782,#2783,#2784,#2785,#2786,#2787));
#2789=FACE_BOUND('',#2788,.T.);
#2790=ADVANCED_FACE('',(#2789),#2776,.T.);
#2791=CARTESIAN_POINT('',(0.,0.,0.));
#2792=DIRECTION('',(0.,0.,1.));
#2793=DIRECTION('',(0.923879533,0.382683432,0.));
#2794=AXIS2_PLACEMENT_3D('',#2791,#2792,#2793);
#2795=PLANE('',#2794);
#2796=ORIENTED_EDGE('',*,*,#2704,.T.);
#2797=ORIENTED_EDGE('',*,*,#2781,.T.);
#2798=ORIENTED_EDGE('',*,*,#2759,.T.);
#2799=ORIENTED_EDGE('',*,*,#2733,.T.);
#2800=EDGE_LOOP('',(#2796,#2797,#2798,#2799));
#2801=FACE_BOUND('',#2800,.T.);
#2802=ADVANCED_FACE('',(#2801),#2795,.F.);
#2803=CARTESIAN_POINT('',(70.003571337,70.003571337,0.));
#2804=DIRECTION('',(-0.707106781,0.707106781,0.));
#2805=DIRECTION('',(-0.707106781,-0.707106781,0.));
#2806=AXIS2_PLACEMENT_3D('',#2803,#2804,#2805);
#2807=PLANE('',#2806);
#2808=ORIENTED_EDGE('',*,*,#2480,.T.);
#2809=ORIENTED_EDGE('',*,*,#2578,.T.);
#2810=ORIENTED_EDGE('',*,*,#2599,.T.);
#2811=ORIENTED_EDGE('',*,*,#2516,.T.);
#2812=EDGE_LOOP('',(#2808,#2809,#2810,#2811));
#2813=FACE_BOUND('',#2812,.T.);
#2814=ADVANCED_FACE('',(#2813),#2807,.T.);
#2815=CLOSED_SHELL('',(#1739,#1771,#1802,#1819,#1842,#1873,#1896,#1917,#1933,#1950,#1973,#2004,#2027,#2043,#2059,#2076,#2107,#2130,#2146,#2169,#2185,#2202,#2234,#2266,#2288,#2300,
#2333,#2366,#2399,#2424,#2449,#2466,#2504,#2532,#2543,#2566,#2589,#2611,#2636,#2661,#2678,#2690,#2721,#2747,#2771,#2790,#2802,#2814));
#2816=MANIFOLD_SOLID_BREP('Ph2_P2_C1',#2815);
#2817=COLOUR_RGB('',0.400000006,0.80392158,0.666666687);
#2818=FILL_AREA_STYLE_COLOUR('',#2817);
#2819=FILL_AREA_STYLE('',(#2818));
#2820=SURFACE_STYLE_FILL_AREA(#2819);
#2821=SURFACE_SIDE_STYLE('',(#2820));
#2822=SURFACE_STYLE_USAGE(.BOTH.,#2821);
#2823=PRESENTATION_STYLE_ASSIGNMENT((#2822));
#1698=STYLED_ITEM('',(#2823),#2816);
#2824=REAL_REPRESENTATION_ITEM('AEDT_Translucency_V1',0.8);
#2825=ID_ATTRIBUTE('SA #2826',#2826);
#2826=SHAPE_ASPECT('properties','',#23,.F.);
#2827=GEOMETRIC_ITEM_SPECIFIC_USAGE('','properties',#2826,#17,#2816);
#2828=PROPERTY_DEFINITION('AEDT_Translucency_V1','',#2826);
#2829=REPRESENTATION('',(#2824),#10);
#2830=PROPERTY_DEFINITION_REPRESENTATION(#2828,#2829);
#2831=GENERAL_PROPERTY('','AEDT_Translucency_V1','');
#2832=GENERAL_PROPERTY_ASSOCIATION('','',#2831,#2828);
#2833=DESCRIPTIVE_REPRESENTATION_ITEM('AEDT_MaterialName_V1','Copper (Pure)_40C');
#2834=PROPERTY_DEFINITION('AEDT_MaterialName_V1','',#2826);
#2835=REPRESENTATION('',(#2833),#10);
#2836=PROPERTY_DEFINITION_REPRESENTATION(#2834,#2835);
#2837=GENERAL_PROPERTY('','AEDT_MaterialName_V1','');
#2838=GENERAL_PROPERTY_ASSOCIATION('','',#2837,#2834);
#2839=DESCRIPTIVE_REPRESENTATION_ITEM('AEDT_EntityName_V1','Ph2_P2_C1');
#2840=PROPERTY_DEFINITION('AEDT_EntityName_V1','',#2826);
#2841=REPRESENTATION('',(#2839),#10);
#2842=PROPERTY_DEFINITION_REPRESENTATION(#2840,#2841);
#2843=GENERAL_PROPERTY('','AEDT_EntityName_V1','');
#2844=GENERAL_PROPERTY_ASSOCIATION('','',#2843,#2840);
#2845=INTEGER_REPRESENTATION_ITEM('AEDT_BODYFlagGroupColor_V1',0);
#2846=INTEGER_REPRESENTATION_ITEM('AEDT_BODYFlagGroupColor_V1',-1);
#2847=INTEGER_REPRESENTATION_ITEM('AEDT_BODYFlagGroupColor_V1',-2140746326);
#2848=INTEGER_REPRESENTATION_ITEM('AEDT_BODYFlagGroupColor_V1',5);
#2849=PROPERTY_DEFINITION('AEDT_BODYFlagGroupColor_V1','',#2826);
#2850=REPRESENTATION('',(#2845,#2846,#2847,#2848),#10);
#2851=PROPERTY_DEFINITION_REPRESENTATION(#2849,#2850);
#2852=GENERAL_PROPERTY('','AEDT_BODYFlagGroupColor_V1','');
#2853=GENERAL_PROPERTY_ASSOCIATION('','',#2852,#2849);
#2855=CARTESIAN_POINT('',(71.671306449,16.1778488,-85.));
#2856=DIRECTION('',(-0.98078528,-0.195090322,0.));
#2857=DIRECTION('',(0.,0.,1.));
#2858=AXIS2_PLACEMENT_3D('',#2855,#2856,#2857);
#2859=PLANE('',#2858);
#2860=CARTESIAN_POINT('',(72.406647804,12.481038168,0.));
#2861=VERTEX_POINT('',#2860);
#2862=CARTESIAN_POINT('',(71.671306449,16.1778488,0.));
#2863=VERTEX_POINT('',#2862);
#2864=CARTESIAN_POINT('',(72.406647804,12.481038168,0.));
#2865=DIRECTION('',(-0.195090322,0.98078528,0.));
#2866=VECTOR('',#2865,3.769235435);
#2867=LINE('',#2864,#2866);
#2868=EDGE_CURVE('',#2861,#2863,#2867,.T.);
#2869=ORIENTED_EDGE('',*,*,#2868,.F.);
#2870=CARTESIAN_POINT('',(72.406647804,12.481038168,85.));
#2871=VERTEX_POINT('',#2870);
#2872=CARTESIAN_POINT('',(72.406647804,12.481038168,0.));
#2873=DIRECTION('',(0.,0.,1.));
#2874=VECTOR('',#2873,85.);
#2875=LINE('',#2872,#2874);
#2876=EDGE_CURVE('',#2861,#2871,#2875,.T.);
#2877=ORIENTED_EDGE('',*,*,#2876,.T.);
#2878=CARTESIAN_POINT('',(71.671306449,16.1778488,85.));
#2879=VERTEX_POINT('',#2878);
#2880=CARTESIAN_POINT('',(71.671306449,16.1778488,85.));
#2881=DIRECTION('',(0.195090322,-0.98078528,0.));
#2882=VECTOR('',#2881,3.769235435);
#2883=LINE('',#2880,#2882);
#2884=EDGE_CURVE('',#2879,#2871,#2883,.T.);
#2885=ORIENTED_EDGE('',*,*,#2884,.F.);
#2886=CARTESIAN_POINT('',(71.671306449,16.1778488,0.));
#2887=DIRECTION('',(0.,0.,1.));
#2888=VECTOR('',#2887,85.);
#2889=LINE('',#2886,#2888);
#2890=EDGE_CURVE('',#2863,#2879,#2889,.T.);
#2891=ORIENTED_EDGE('',*,*,#2890,.F.);
#2892=EDGE_LOOP('',(#2869,#2877,#2885,#2891));
#2893=FACE_BOUND('',#2892,.T.);
#2894=ADVANCED_FACE('',(#2893),#2859,.T.);
#2895=CARTESIAN_POINT('',(72.406647804,12.481038168,-85.));
#2896=DIRECTION('',(0.195090322,-0.98078528,0.));
#2897=DIRECTION('',(0.,0.,-1.));
#2898=AXIS2_PLACEMENT_3D('',#2895,#2896,#2897);
#2899=PLANE('',#2898);
#2900=CARTESIAN_POINT('',(79.948045689,13.981115474,0.));
#2901=VERTEX_POINT('',#2900);
#2902=CARTESIAN_POINT('',(79.948045689,13.981115474,0.));
#2903=DIRECTION('',(-0.98078528,-0.195090322,0.));
#2904=VECTOR('',#2903,7.689142604);
#2905=LINE('',#2902,#2904);
#2906=EDGE_CURVE('',#2901,#2861,#2905,.T.);
#2907=ORIENTED_EDGE('',*,*,#2906,.F.);
#2908=CARTESIAN_POINT('',(79.948045689,13.981115474,85.));
#2909=VERTEX_POINT('',#2908);
#2910=CARTESIAN_POINT('',(79.948045689,13.981115474,0.));
#2911=DIRECTION('',(0.,0.,1.));
#2912=VECTOR('',#2911,85.);
#2913=LINE('',#2910,#2912);
#2914=EDGE_CURVE('',#2901,#2909,#2913,.T.);
#2915=ORIENTED_EDGE('',*,*,#2914,.T.);
#2916=CARTESIAN_POINT('',(84.661419367,14.918663791,92.128025968));
#2917=VERTEX_POINT('',#2916);
#2918=CARTESIAN_POINT('',(77.120021482,13.418586484,92.128025968));
#2919=DIRECTION('',(-0.195090322,0.98078528,0.));
#2920=DIRECTION('',(0.98078528,0.195090322,0.));
#2921=AXIS2_PLACEMENT_3D('',#2918,#2919,#2920);
#2922=CIRCLE('',#2921,7.689142604);
#2923=EDGE_CURVE('',#2917,#2909,#2922,.T.);
#2924=ORIENTED_EDGE('',*,*,#2923,.F.);
#2925=CARTESIAN_POINT('',(77.120021482,13.418586484,92.128025968));
#2926=VERTEX_POINT('',#2925);
#2927=CARTESIAN_POINT('',(84.661419367,14.918663791,92.128025968));
#2928=DIRECTION('',(-0.98078528,-0.195090322,0.));
#2929=VECTOR('',#2928,7.689142604);
#2930=LINE('',#2927,#2929);
#2931=EDGE_CURVE('',#2917,#2926,#2930,.T.);
#2932=ORIENTED_EDGE('',*,*,#2931,.T.);
#2933=CARTESIAN_POINT('',(79.948045689,13.981115474,85.));
#2934=DIRECTION('',(-0.195090322,0.98078528,0.));
#2935=DIRECTION('',(-0.98078528,-0.195090322,0.));
#2936=AXIS2_PLACEMENT_3D('',#2933,#2934,#2935);
#2937=CIRCLE('',#2936,7.689142604);
#2938=EDGE_CURVE('',#2871,#2926,#2937,.T.);
#2939=ORIENTED_EDGE('',*,*,#2938,.F.);
#2940=ORIENTED_EDGE('',*,*,#2876,.F.);
#2941=EDGE_LOOP('',(#2907,#2915,#2924,#2932,#2939,#2940));
#2942=FACE_BOUND('',#2941,.T.);
#2943=ADVANCED_FACE('',(#2942),#2899,.T.);
#2944=CARTESIAN_POINT('',(79.948045689,13.981115474,-85.));
#2945=DIRECTION('',(0.98078528,0.195090322,0.));
#2946=DIRECTION('',(0.,0.,-1.));
#2947=AXIS2_PLACEMENT_3D('',#2944,#2945,#2946);
#2948=PLANE('',#2947);
#2949=CARTESIAN_POINT('',(79.212704334,17.677926107,0.));
#2950=VERTEX_POINT('',#2949);
#2951=CARTESIAN_POINT('',(79.212704334,17.677926107,0.));
#2952=DIRECTION('',(0.195090322,-0.98078528,0.));
#2953=VECTOR('',#2952,3.769235435);
#2954=LINE('',#2951,#2953);
#2955=EDGE_CURVE('',#2950,#2901,#2954,.T.);
#2956=ORIENTED_EDGE('',*,*,#2955,.F.);
#2957=CARTESIAN_POINT('',(79.212704334,17.677926107,85.));
#2958=VERTEX_POINT('',#2957);
#2959=CARTESIAN_POINT('',(79.212704334,17.677926107,0.));
#2960=DIRECTION('',(0.,0.,1.));
#2961=VECTOR('',#2960,85.);
#2962=LINE('',#2959,#2961);
#2963=EDGE_CURVE('',#2950,#2958,#2962,.T.);
#2964=ORIENTED_EDGE('',*,*,#2963,.T.);
#2965=CARTESIAN_POINT('',(79.948045689,13.981115474,85.));
#2966=DIRECTION('',(-0.195090322,0.98078528,0.));
#2967=VECTOR('',#2966,3.769235435);
#2968=LINE('',#2965,#2967);
#2969=EDGE_CURVE('',#2909,#2958,#2968,.T.);
#2970=ORIENTED_EDGE('',*,*,#2969,.F.);
#2971=ORIENTED_EDGE('',*,*,#2914,.F.);
#2972=EDGE_LOOP('',(#2956,#2964,#2970,#2971));
#2973=FACE_BOUND('',#2972,.T.);
#2974=ADVANCED_FACE('',(#2973),#2948,.T.);
#2975=CARTESIAN_POINT('',(79.212704334,17.677926107,-85.));
#2976=DIRECTION('',(-0.195090322,0.98078528,0.));
#2977=DIRECTION('',(0.,0.,1.));
#2978=AXIS2_PLACEMENT_3D('',#2975,#2976,#2977);
#2979=PLANE('',#2978);
#2980=CARTESIAN_POINT('',(71.671306449,16.1778488,0.));
#2981=DIRECTION('',(0.98078528,0.195090322,0.));
#2982=VECTOR('',#2981,7.689142604);
#2983=LINE('',#2980,#2982);
#2984=EDGE_CURVE('',#2863,#2950,#2983,.T.);
#2985=ORIENTED_EDGE('',*,*,#2984,.F.);
#2986=ORIENTED_EDGE('',*,*,#2890,.T.);
#2987=CARTESIAN_POINT('',(76.384680127,17.115397117,92.128025968));
#2988=VERTEX_POINT('',#2987);
#2989=CARTESIAN_POINT('',(79.212704334,17.677926107,85.));
#2990=DIRECTION('',(-0.195090322,0.98078528,0.));
#2991=DIRECTION('',(-0.98078528,-0.195090322,0.));
#2992=AXIS2_PLACEMENT_3D('',#2989,#2990,#2991);
#2993=CIRCLE('',#2992,7.689142604);
#2994=EDGE_CURVE('',#2879,#2988,#2993,.T.);
#2995=ORIENTED_EDGE('',*,*,#2994,.T.);
#2996=CARTESIAN_POINT('',(83.926078012,18.615474423,92.128025968));
#2997=VERTEX_POINT('',#2996);
#2998=CARTESIAN_POINT('',(76.384680127,17.115397117,92.128025968));
#2999=DIRECTION('',(0.98078528,0.195090322,0.));
#3000=VECTOR('',#2999,7.689142604);
#3001=LINE('',#2998,#3000);
#3002=EDGE_CURVE('',#2988,#2997,#3001,.T.);
#3003=ORIENTED_EDGE('',*,*,#3002,.T.);
#3004=CARTESIAN_POINT('',(76.384680127,17.115397117,92.128025968));
#3005=DIRECTION('',(-0.195090322,0.98078528,0.));
#3006=DIRECTION('',(0.98078528,0.195090322,0.));
#3007=AXIS2_PLACEMENT_3D('',#3004,#3005,#3006);
#3008=CIRCLE('',#3007,7.689142604);
#3009=EDGE_CURVE('',#2997,#2958,#3008,.T.);
#3010=ORIENTED_EDGE('',*,*,#3009,.T.);
#3011=ORIENTED_EDGE('',*,*,#2963,.F.);
#3012=EDGE_LOOP('',(#2985,#2986,#2995,#3003,#3010,#3011));
#3013=FACE_BOUND('',#3012,.T.);
#3014=ADVANCED_FACE('',(#3013),#2979,.T.);
#3015=CARTESIAN_POINT('',(77.120021482,13.418586484,92.128025968));
#3016=DIRECTION('',(-0.98078528,-0.195090322,0.));
#3017=DIRECTION('',(0.,0.,1.));
#3018=AXIS2_PLACEMENT_3D('',#3015,#3016,#3017);
#3019=PLANE('',#3018);
#3020=CARTESIAN_POINT('',(76.787462266,15.090474564,95.489771107));
#3021=VERTEX_POINT('',#3020);
#3022=CARTESIAN_POINT('',(77.120021482,13.418586484,92.128025968));
#3023=DIRECTION('',(0.98078528,0.195090322,0.));
#3024=DIRECTION('',(-0.195090322,0.98078528,0.));
#3025=AXIS2_PLACEMENT_3D('',#3022,#3023,#3024);
#3026=CIRCLE('',#3025,3.769235435);
#3027=EDGE_CURVE('',#2988,#3021,#3026,.T.);
#3028=ORIENTED_EDGE('',*,*,#3027,.F.);
#3029=CARTESIAN_POINT('',(77.120021482,13.418586484,92.128025968));
#3030=DIRECTION('',(-0.195090322,0.98078528,0.));
#3031=VECTOR('',#3030,3.769235435);
#3032=LINE('',#3029,#3031);
#3033=EDGE_CURVE('',#2926,#2988,#3032,.T.);
#3034=ORIENTED_EDGE('',*,*,#3033,.F.);
#3035=CARTESIAN_POINT('',(77.120021482,13.418586484,96.354145194));
#3036=VERTEX_POINT('',#3035);
#3037=CARTESIAN_POINT('',(77.120021482,13.418586484,92.128025968));
#3038=DIRECTION('',(0.,0.,1.));
#3039=VECTOR('',#3038,4.226119225);
#3040=LINE('',#3037,#3039);
#3041=EDGE_CURVE('',#2926,#3036,#3040,.T.);
#3042=ORIENTED_EDGE('',*,*,#3041,.T.);
#3043=CARTESIAN_POINT('',(77.120021482,13.418586484,96.354145194));
#3044=DIRECTION('',(-0.173999198,0.874753038,-0.45225148));
#3045=VECTOR('',#3044,1.911268674);
#3046=LINE('',#3043,#3045);
#3047=EDGE_CURVE('',#3036,#3021,#3046,.T.);
#3048=ORIENTED_EDGE('',*,*,#3047,.T.);
#3049=EDGE_LOOP('',(#3028,#3034,#3042,#3048));
#3050=FACE_BOUND('',#3049,.T.);
#3051=ADVANCED_FACE('',(#3050),#3019,.T.);
#3052=CARTESIAN_POINT('',(80.890720425,14.168625138,92.128025968));
#3053=DIRECTION('',(-0.98078528,-0.195090322,0.));
#3054=DIRECTION('',(0.,0.,1.));
#3055=AXIS2_PLACEMENT_3D('',#3052,#3053,#3054);
#3056=CYLINDRICAL_SURFACE('',#3055,3.769235435);
#3057=CARTESIAN_POINT('',(84.328860151,16.590551871,95.489771107));
#3058=VERTEX_POINT('',#3057);
#3059=CARTESIAN_POINT('',(84.661419367,14.918663791,92.128025968));
#3060=DIRECTION('',(0.98078528,0.195090322,0.));
#3061=DIRECTION('',(-0.195090322,0.98078528,0.));
#3062=AXIS2_PLACEMENT_3D('',#3059,#3060,#3061);
#3063=CIRCLE('',#3062,3.769235435);
#3064=EDGE_CURVE('',#2997,#3058,#3063,.T.);
#3065=ORIENTED_EDGE('',*,*,#3064,.F.);
#3066=ORIENTED_EDGE('',*,*,#3002,.F.);
#3067=ORIENTED_EDGE('',*,*,#3027,.T.);
#3068=CARTESIAN_POINT('',(76.787462266,15.090474564,95.489771107));
#3069=DIRECTION('',(0.98078528,0.195090322,0.));
#3070=VECTOR('',#3069,7.689142604);
#3071=LINE('',#3068,#3070);
#3072=EDGE_CURVE('',#3021,#3058,#3071,.T.);
#3073=ORIENTED_EDGE('',*,*,#3072,.T.);
#3074=EDGE_LOOP('',(#3065,#3066,#3067,#3073));
#3075=FACE_BOUND('',#3074,.T.);
#3076=ADVANCED_FACE('',(#3075),#3056,.T.);
#3077=CARTESIAN_POINT('',(83.926078012,18.615474423,92.128025968));
#3078=DIRECTION('',(0.98078528,0.195090322,0.));
#3079=DIRECTION('',(0.,0.,-1.));
#3080=AXIS2_PLACEMENT_3D('',#3077,#3078,#3079);
#3081=PLANE('',#3080);
#3082=CARTESIAN_POINT('',(83.926078012,18.615474423,92.128025968));
#3083=DIRECTION('',(0.195090322,-0.98078528,0.));
#3084=VECTOR('',#3083,3.769235435);
#3085=LINE('',#3082,#3084);
#3086=EDGE_CURVE('',#2997,#2917,#3085,.T.);
#3087=ORIENTED_EDGE('',*,*,#3086,.F.);
#3088=ORIENTED_EDGE('',*,*,#3064,.T.);
#3089=CARTESIAN_POINT('',(84.661419367,14.918663791,96.354145194));
#3090=VERTEX_POINT('',#3089);
#3091=CARTESIAN_POINT('',(84.661419367,14.918663791,96.354145194));
#3092=DIRECTION('',(-0.173999198,0.874753038,-0.45225148));
#3093=VECTOR('',#3092,1.911268674);
#3094=LINE('',#3091,#3093);
#3095=EDGE_CURVE('',#3090,#3058,#3094,.T.);
#3096=ORIENTED_EDGE('',*,*,#3095,.F.);
#3097=CARTESIAN_POINT('',(84.661419367,14.918663791,96.354145194));
#3098=DIRECTION('',(0.,0.,-1.));
#3099=VECTOR('',#3098,4.226119225);
#3100=LINE('',#3097,#3099);
#3101=EDGE_CURVE('',#3090,#2917,#3100,.T.);
#3102=ORIENTED_EDGE('',*,*,#3101,.T.);
#3103=EDGE_LOOP('',(#3087,#3088,#3096,#3102));
#3104=FACE_BOUND('',#3103,.T.);
#3105=ADVANCED_FACE('',(#3104),#3081,.T.);
#3106=CARTESIAN_POINT('',(-0.257359017,1.293831151,94.729594));
#3107=DIRECTION('',(-0.088229887,0.443561595,0.891890463));
#3108=DIRECTION('',(-0.173999198,0.874753038,-0.45225148));
#3109=AXIS2_PLACEMENT_3D('',#3106,#3107,#3108);
#3110=PLANE('',#3109);
#3111=ORIENTED_EDGE('',*,*,#3072,.F.);
#3112=ORIENTED_EDGE('',*,*,#3047,.F.);
#3113=CARTESIAN_POINT('',(77.120021482,13.418586484,96.354145194));
#3114=DIRECTION('',(0.98078528,0.195090322,0.));
#3115=VECTOR('',#3114,7.689142604);
#3116=LINE('',#3113,#3115);
#3117=EDGE_CURVE('',#3036,#3090,#3116,.T.);
#3118=ORIENTED_EDGE('',*,*,#3117,.T.);
#3119=ORIENTED_EDGE('',*,*,#3095,.T.);
#3120=EDGE_LOOP('',(#3111,#3112,#3118,#3119));
#3121=FACE_BOUND('',#3120,.T.);
#3122=ADVANCED_FACE('',(#3121),#3110,.T.);
#3123=CARTESIAN_POINT('',(-0.249748951,1.255572764,94.884164647));
#3124=DIRECTION('',(-0.082182998,0.413161831,0.906941705));
#3125=DIRECTION('',(-0.176935549,0.889515074,-0.42125615));
#3126=AXIS2_PLACEMENT_3D('',#3123,#3124,#3125);
#3127=PLANE('',#3126);
#3128=ORIENTED_EDGE('',*,*,#3117,.F.);
#3129=CARTESIAN_POINT('',(85.232384044,11.221056235,98.090347078));
#3130=VERTEX_POINT('',#3129);
#3131=CARTESIAN_POINT('',(77.120021482,13.418586484,96.354145194));
#3132=DIRECTION('',(0.945255676,-0.256057089,0.202302926));
#3133=VECTOR('',#3132,8.582188679);
#3134=LINE('',#3131,#3133);
#3135=EDGE_CURVE('',#3036,#3130,#3134,.T.);
#3136=ORIENTED_EDGE('',*,*,#3135,.T.);
#3137=CARTESIAN_POINT('',(85.232384044,11.221056235,98.090347078));
#3138=DIRECTION('',(-0.138427581,0.896466784,-0.420933616));
#3139=VECTOR('',#3138,4.124645353);
#3140=LINE('',#3137,#3139);
#3141=EDGE_CURVE('',#3130,#3090,#3140,.T.);
#3142=ORIENTED_EDGE('',*,*,#3141,.T.);
#3143=EDGE_LOOP('',(#3128,#3136,#3142));
#3144=FACE_BOUND('',#3143,.T.);
#3145=ADVANCED_FACE('',(#3144),#3127,.T.);
#3146=CARTESIAN_POINT('',(77.364522302,11.818004107,92.128025968));
#3147=DIRECTION('',(0.988532888,0.151005724,0.));
#3148=DIRECTION('',(0.151005724,-0.988532888,0.));
#3149=AXIS2_PLACEMENT_3D('',#3146,#3147,#3148);
#3150=PLANE('',#3149);
#3151=ORIENTED_EDGE('',*,*,#3041,.F.);
#3152=CARTESIAN_POINT('',(77.609023121,10.217421729,93.864227852));
#3153=VERTEX_POINT('',#3152);
#3154=CARTESIAN_POINT('',(77.120021482,13.418586484,92.128025968));
#3155=DIRECTION('',(0.133084581,-0.87121522,0.472517231));
#3156=VECTOR('',#3155,3.674367343);
#3157=LINE('',#3154,#3156);
#3158=EDGE_CURVE('',#2926,#3153,#3157,.T.);
#3159=ORIENTED_EDGE('',*,*,#3158,.T.);
#3160=CARTESIAN_POINT('',(77.609023121,10.217421729,98.090347078));
#3161=VERTEX_POINT('',#3160);
#3162=CARTESIAN_POINT('',(77.609023121,10.217421729,93.864227852));
#3163=DIRECTION('',(0.,0.,1.));
#3164=VECTOR('',#3163,4.226119225);
#3165=LINE('',#3162,#3164);
#3166=EDGE_CURVE('',#3153,#3161,#3165,.T.);
#3167=ORIENTED_EDGE('',*,*,#3166,.T.);
#3168=CARTESIAN_POINT('',(77.120021482,13.418586484,96.354145194));
#3169=DIRECTION('',(0.133084581,-0.87121522,0.472517231));
#3170=VECTOR('',#3169,3.674367343);
#3171=LINE('',#3168,#3170);
#3172=EDGE_CURVE('',#3036,#3161,#3171,.T.);
#3173=ORIENTED_EDGE('',*,*,#3172,.F.);
#3174=EDGE_LOOP('',(#3151,#3159,#3167,#3173));
#3175=FACE_BOUND('',#3174,.T.);
#3176=ADVANCED_FACE('',(#3175),#3150,.F.);
#3177=CARTESIAN_POINT('',(-0.094384634,0.716922473,93.476452793));
#3178=DIRECTION('',(0.061686126,-0.468552642,-0.881279322));
#3179=DIRECTION('',(0.172011255,-0.864758973,0.471809333));
#3180=AXIS2_PLACEMENT_3D('',#3177,#3178,#3179);
#3181=PLANE('',#3180);
#3182=ORIENTED_EDGE('',*,*,#3158,.F.);
#3183=CARTESIAN_POINT('',(85.232384044,11.221056235,93.864227852));
#3184=VERTEX_POINT('',#3183);
#3185=CARTESIAN_POINT('',(85.232384044,11.221056235,93.864227852));
#3186=DIRECTION('',(-0.945255676,0.256057089,-0.202302926));
#3187=VECTOR('',#3186,8.582188679);
#3188=LINE('',#3185,#3187);
#3189=EDGE_CURVE('',#3184,#2926,#3188,.T.);
#3190=ORIENTED_EDGE('',*,*,#3189,.F.);
#3191=CARTESIAN_POINT('',(85.232384044,11.221056235,93.864227852));
#3192=DIRECTION('',(-0.991444861,-0.130526192,0.));
#3193=VECTOR('',#3192,7.689142604);
#3194=LINE('',#3191,#3193);
#3195=EDGE_CURVE('',#3184,#3153,#3194,.T.);
#3196=ORIENTED_EDGE('',*,*,#3195,.T.);
#3197=EDGE_LOOP('',(#3182,#3190,#3196));
#3198=FACE_BOUND('',#3197,.T.);
#3199=ADVANCED_FACE('',(#3198),#3181,.T.);
#3200=CARTESIAN_POINT('',(0.065245641,-0.328011989,91.407998778));
#3201=DIRECTION('',(-0.082182998,0.413161831,0.906941705));
#3202=DIRECTION('',(-0.176935549,0.889515074,-0.42125615));
#3203=AXIS2_PLACEMENT_3D('',#3200,#3201,#3202);
#3204=PLANE('',#3203);
#3205=ORIENTED_EDGE('',*,*,#2931,.F.);
#3206=CARTESIAN_POINT('',(84.661419367,14.918663791,92.128025968));
#3207=DIRECTION('',(0.138427581,-0.896466784,0.420933616));
#3208=VECTOR('',#3207,4.124645353);
#3209=LINE('',#3206,#3208);
#3210=EDGE_CURVE('',#2917,#3184,#3209,.T.);
#3211=ORIENTED_EDGE('',*,*,#3210,.T.);
#3212=ORIENTED_EDGE('',*,*,#3189,.T.);
#3213=EDGE_LOOP('',(#3205,#3211,#3212));
#3214=FACE_BOUND('',#3213,.T.);
#3215=ADVANCED_FACE('',(#3214),#3204,.F.);
#3216=CARTESIAN_POINT('',(-0.324127915,2.461995944,96.758681998));
#3217=DIRECTION('',(0.061686126,-0.468552642,-0.881279322));
#3218=DIRECTION('',(0.172011255,-0.864758973,0.471809333));
#3219=AXIS2_PLACEMENT_3D('',#3216,#3217,#3218);
#3220=PLANE('',#3219);
#3221=ORIENTED_EDGE('',*,*,#3172,.T.);
#3222=CARTESIAN_POINT('',(77.609023121,10.217421729,98.090347078));
#3223=DIRECTION('',(0.991444861,0.130526192,0.));
#3224=VECTOR('',#3223,7.689142604);
#3225=LINE('',#3222,#3224);
#3226=EDGE_CURVE('',#3161,#3130,#3225,.T.);
#3227=ORIENTED_EDGE('',*,*,#3226,.T.);
#3228=ORIENTED_EDGE('',*,*,#3135,.F.);
#3229=EDGE_LOOP('',(#3221,#3227,#3228));
#3230=FACE_BOUND('',#3229,.T.);
#3231=ADVANCED_FACE('',(#3230),#3220,.F.);
#3232=CARTESIAN_POINT('',(84.939785514,13.115944972,92.128025968));
#3233=DIRECTION('',(0.988287111,0.152605982,0.));
#3234=DIRECTION('',(0.152605982,-0.988287111,0.));
#3235=AXIS2_PLACEMENT_3D('',#3232,#3233,#3234);
#3236=PLANE('',#3235);
#3237=ORIENTED_EDGE('',*,*,#3101,.F.);
#3238=ORIENTED_EDGE('',*,*,#3141,.F.);
#3239=CARTESIAN_POINT('',(85.232384044,11.221056235,98.090347078));
#3240=DIRECTION('',(0.,0.,-1.));
#3241=VECTOR('',#3240,4.226119225);
#3242=LINE('',#3239,#3241);
#3243=EDGE_CURVE('',#3130,#3184,#3242,.T.);
#3244=ORIENTED_EDGE('',*,*,#3243,.T.);
#3245=ORIENTED_EDGE('',*,*,#3210,.F.);
#3246=EDGE_LOOP('',(#3237,#3238,#3244,#3245));
#3247=FACE_BOUND('',#3246,.T.);
#3248=ADVANCED_FACE('',(#3247),#3236,.T.);
#3249=CARTESIAN_POINT('',(85.600117485,5.610528117,92.128025968));
#3250=DIRECTION('',(-0.997858923,-0.065403129,0.));
#3251=DIRECTION('',(-0.065403129,0.997858923,0.));
#3252=AXIS2_PLACEMENT_3D('',#3249,#3250,#3251);
#3253=PLANE('',#3252);
#3254=ORIENTED_EDGE('',*,*,#3243,.F.);
#3255=CARTESIAN_POINT('',(85.967850926,0.,103.583663652));
#3256=VERTEX_POINT('',#3255);
#3257=CARTESIAN_POINT('',(85.232384044,11.221056235,98.090347078));
#3258=DIRECTION('',(0.058766021,-0.896596214,0.438932551));
#3259=VECTOR('',#3258,12.515172454);
#3260=LINE('',#3257,#3259);
#3261=EDGE_CURVE('',#3130,#3256,#3260,.T.);
#3262=ORIENTED_EDGE('',*,*,#3261,.T.);
#3263=CARTESIAN_POINT('',(85.967850926,0.,99.357544427));
#3264=VERTEX_POINT('',#3263);
#3265=CARTESIAN_POINT('',(85.967850926,-0.,103.583663652));
#3266=DIRECTION('',(0.,0.,-1.));
#3267=VECTOR('',#3266,4.226119225);
#3268=LINE('',#3265,#3267);
#3269=EDGE_CURVE('',#3256,#3264,#3268,.T.);
#3270=ORIENTED_EDGE('',*,*,#3269,.T.);
#3271=CARTESIAN_POINT('',(85.967850926,-0.,99.357544427));
#3272=DIRECTION('',(-0.058766021,0.896596214,-0.438932551));
#3273=VECTOR('',#3272,12.515172454);
#3274=LINE('',#3271,#3273);
#3275=EDGE_CURVE('',#3264,#3184,#3274,.T.);
#3276=ORIENTED_EDGE('',*,*,#3275,.T.);
#3277=EDGE_LOOP('',(#3254,#3262,#3270,#3276));
#3278=FACE_BOUND('',#3277,.T.);
#3279=ADVANCED_FACE('',(#3278),#3253,.F.);
#3280=CARTESIAN_POINT('',(-0.32458879,2.465496634,96.753354008));
#3281=DIRECTION('',(0.061809405,-0.469489045,-0.88077218));
#3282=DIRECTION('',(0.171912598,-0.864262991,0.472753149));
#3283=AXIS2_PLACEMENT_3D('',#3280,#3281,#3282);
#3284=PLANE('',#3283);
#3285=ORIENTED_EDGE('',*,*,#3226,.F.);
#3286=CARTESIAN_POINT('',(78.278708323,-0.,103.583663652));
#3287=VERTEX_POINT('',#3286);
#3288=CARTESIAN_POINT('',(77.609023121,10.217421729,98.090347078));
#3289=DIRECTION('',(0.057632904,-0.879308199,0.472753149));
#3290=VECTOR('',#3289,11.619841309);
#3291=LINE('',#3288,#3290);
#3292=EDGE_CURVE('',#3161,#3287,#3291,.T.);
#3293=ORIENTED_EDGE('',*,*,#3292,.T.);
#3294=CARTESIAN_POINT('',(78.278708323,-0.,103.583663652));
#3295=DIRECTION('',(0.48632783,0.784780906,-0.384192884));
#3296=VECTOR('',#3295,14.298329835);
#3297=LINE('',#3294,#3296);
#3298=EDGE_CURVE('',#3287,#3130,#3297,.T.);
#3299=ORIENTED_EDGE('',*,*,#3298,.T.);
#3300=EDGE_LOOP('',(#3285,#3293,#3299));
#3301=FACE_BOUND('',#3300,.T.);
#3302=ADVANCED_FACE('',(#3301),#3284,.F.);
#3303=CARTESIAN_POINT('',(0.,4.523935113,101.368951666));
#3304=DIRECTION('',(0.,0.439692435,0.898148408));
#3305=DIRECTION('',(-0.175868291,0.884149603,-0.432839259));
#3306=AXIS2_PLACEMENT_3D('',#3303,#3304,#3305);
#3307=PLANE('',#3306);
#3308=ORIENTED_EDGE('',*,*,#3261,.F.);
#3309=ORIENTED_EDGE('',*,*,#3298,.F.);
#3310=CARTESIAN_POINT('',(78.278708323,-0.,103.583663652));
#3311=DIRECTION('',(1.,-0.,0.));
#3312=VECTOR('',#3311,7.689142604);
#3313=LINE('',#3310,#3312);
#3314=EDGE_CURVE('',#3287,#3256,#3313,.T.);
#3315=ORIENTED_EDGE('',*,*,#3314,.T.);
#3316=EDGE_LOOP('',(#3308,#3309,#3315));
#3317=FACE_BOUND('',#3316,.T.);
#3318=ADVANCED_FACE('',(#3317),#3307,.T.);
#3319=CARTESIAN_POINT('',(0.,2.855002341,97.959865692));
#3320=DIRECTION('',(0.,0.439692435,0.898148408));
#3321=DIRECTION('',(-0.175868291,0.884149603,-0.432839259));
#3322=AXIS2_PLACEMENT_3D('',#3319,#3320,#3321);
#3323=PLANE('',#3322);
#3324=ORIENTED_EDGE('',*,*,#3275,.F.);
#3325=CARTESIAN_POINT('',(78.278708323,0.,99.357544427));
#3326=VERTEX_POINT('',#3325);
#3327=CARTESIAN_POINT('',(85.967850926,-0.,99.357544427));
#3328=DIRECTION('',(-1.,0.,0.));
#3329=VECTOR('',#3328,7.689142604);
#3330=LINE('',#3327,#3329);
#3331=EDGE_CURVE('',#3264,#3326,#3330,.T.);
#3332=ORIENTED_EDGE('',*,*,#3331,.T.);
#3333=CARTESIAN_POINT('',(85.232384044,11.221056235,93.864227852));
#3334=DIRECTION('',(-0.48632783,-0.784780906,0.384192884));
#3335=VECTOR('',#3334,14.298329835);
#3336=LINE('',#3333,#3335);
#3337=EDGE_CURVE('',#3184,#3326,#3336,.T.);
#3338=ORIENTED_EDGE('',*,*,#3337,.F.);
#3339=EDGE_LOOP('',(#3324,#3332,#3338));
#3340=FACE_BOUND('',#3339,.T.);
#3341=ADVANCED_FACE('',(#3340),#3323,.F.);
#3342=CARTESIAN_POINT('',(-0.094518839,0.717941859,93.474901306));
#3343=DIRECTION('',(0.061809405,-0.469489045,-0.88077218));
#3344=DIRECTION('',(0.171912598,-0.864262991,0.472753149));
#3345=AXIS2_PLACEMENT_3D('',#3342,#3343,#3344);
#3346=PLANE('',#3345);
#3347=ORIENTED_EDGE('',*,*,#3195,.F.);
#3348=ORIENTED_EDGE('',*,*,#3337,.T.);
#3349=CARTESIAN_POINT('',(78.278708323,-0.,99.357544427));
#3350=DIRECTION('',(-0.057632904,0.879308199,-0.472753149));
#3351=VECTOR('',#3350,11.619841309);
#3352=LINE('',#3349,#3351);
#3353=EDGE_CURVE('',#3326,#3153,#3352,.T.);
#3354=ORIENTED_EDGE('',*,*,#3353,.T.);
#3355=EDGE_LOOP('',(#3347,#3348,#3354));
#3356=FACE_BOUND('',#3355,.T.);
#3357=ADVANCED_FACE('',(#3356),#3346,.T.);
#3358=CARTESIAN_POINT('',(77.943865722,5.108710865,92.128025968));
#3359=DIRECTION('',(-0.997858923,-0.065403129,0.));
#3360=DIRECTION('',(-0.065403129,0.997858923,0.));
#3361=AXIS2_PLACEMENT_3D('',#3358,#3359,#3360);
#3362=PLANE('',#3361);
#3363=ORIENTED_EDGE('',*,*,#3166,.F.);
#3364=ORIENTED_EDGE('',*,*,#3353,.F.);
#3365=CARTESIAN_POINT('',(78.278708323,-0.,99.357544427));
#3366=DIRECTION('',(0.,0.,1.));
#3367=VECTOR('',#3366,4.226119225);
#3368=LINE('',#3365,#3367);
#3369=EDGE_CURVE('',#3326,#3287,#3368,.T.);
#3370=ORIENTED_EDGE('',*,*,#3369,.T.);
#3371=ORIENTED_EDGE('',*,*,#3292,.F.);
#3372=EDGE_LOOP('',(#3363,#3364,#3370,#3371));
#3373=FACE_BOUND('',#3372,.T.);
#3374=ADVANCED_FACE('',(#3373),#3362,.T.);
#3375=CARTESIAN_POINT('',(79.580375012,15.829520791,85.));
#3376=DIRECTION('',(-0.195090322,0.98078528,0.));
#3377=DIRECTION('',(0.,0.,1.));
#3378=AXIS2_PLACEMENT_3D('',#3375,#3376,#3377);
#3379=CYLINDRICAL_SURFACE('',#3378,7.689142604);
#3380=ORIENTED_EDGE('',*,*,#2938,.T.);
#3381=ORIENTED_EDGE('',*,*,#3033,.T.);
#3382=ORIENTED_EDGE('',*,*,#2994,.F.);
#3383=ORIENTED_EDGE('',*,*,#2884,.T.);
#3384=EDGE_LOOP('',(#3380,#3381,#3382,#3383));
#3385=FACE_BOUND('',#3384,.T.);
#3386=ADVANCED_FACE('',(#3385),#3379,.T.);
#3387=CARTESIAN_POINT('',(76.752350805,15.266991801,92.128025968));
#3388=DIRECTION('',(-0.195090322,0.98078528,0.));
#3389=DIRECTION('',(0.,0.,1.));
#3390=AXIS2_PLACEMENT_3D('',#3387,#3388,#3389);
#3391=CYLINDRICAL_SURFACE('',#3390,7.689142604);
#3392=ORIENTED_EDGE('',*,*,#3009,.F.);
#3393=ORIENTED_EDGE('',*,*,#3086,.T.);
#3394=ORIENTED_EDGE('',*,*,#2923,.T.);
#3395=ORIENTED_EDGE('',*,*,#2969,.T.);
#3396=EDGE_LOOP('',(#3392,#3393,#3394,#3395));
#3397=FACE_BOUND('',#3396,.T.);
#3398=ADVANCED_FACE('',(#3397),#3391,.T.);
#3399=CARTESIAN_POINT('',(0.,0.,0.));
#3400=DIRECTION('',(0.,-1.,0.));
#3401=DIRECTION('',(1.,0.,0.));
#3402=AXIS2_PLACEMENT_3D('',#3399,#3400,#3401);
#3403=PLANE('',#3402);
#3404=ORIENTED_EDGE('',*,*,#3269,.F.);
#3405=ORIENTED_EDGE('',*,*,#3314,.F.);
#3406=ORIENTED_EDGE('',*,*,#3369,.F.);
#3407=ORIENTED_EDGE('',*,*,#3331,.F.);
#3408=EDGE_LOOP('',(#3404,#3405,#3406,#3407));
#3409=FACE_BOUND('',#3408,.T.);
#3410=ADVANCED_FACE('',(#3409),#3403,.T.);
#3411=CARTESIAN_POINT('',(0.,0.,0.));
#3412=DIRECTION('',(0.,0.,1.));
#3413=DIRECTION('',(0.923879533,0.382683432,0.));
#3414=AXIS2_PLACEMENT_3D('',#3411,#3412,#3413);
#3415=PLANE('',#3414);
#3416=ORIENTED_EDGE('',*,*,#2868,.T.);
#3417=ORIENTED_EDGE('',*,*,#2984,.T.);
#3418=ORIENTED_EDGE('',*,*,#2955,.T.);
#3419=ORIENTED_EDGE('',*,*,#2906,.T.);
#3420=EDGE_LOOP('',(#3416,#3417,#3418,#3419));
#3421=FACE_BOUND('',#3420,.T.);
#3422=ADVANCED_FACE('',(#3421),#3415,.F.);
#3423=CLOSED_SHELL('',(#2894,#2943,#2974,#3014,#3051,#3076,#3105,#3122,#3145,#3176,#3199,#3215,#3231,#3248,#3279,#3302,#3318,#3341,#3357,#3374,#3386,#3398,#3410,#3422));
#3424=MANIFOLD_SOLID_BREP('Ph2_P2_C2',#3423);
#2854=STYLED_ITEM('',(#2823),#3424);
#3425=REAL_REPRESENTATION_ITEM('AEDT_Translucency_V1',0.8);
#3426=ID_ATTRIBUTE('SA #3427',#3427);
#3427=SHAPE_ASPECT('properties','',#23,.F.);
#3428=GEOMETRIC_ITEM_SPECIFIC_USAGE('','properties',#3427,#17,#3424);
#3429=PROPERTY_DEFINITION('AEDT_Translucency_V1','',#3427);
#3430=REPRESENTATION('',(#3425),#10);
#3431=PROPERTY_DEFINITION_REPRESENTATION(#3429,#3430);
#3432=GENERAL_PROPERTY('','AEDT_Translucency_V1','');
#3433=GENERAL_PROPERTY_ASSOCIATION('','',#3432,#3429);
#3434=DESCRIPTIVE_REPRESENTATION_ITEM('AEDT_MaterialName_V1','Copper (Pure)_40C');
#3435=PROPERTY_DEFINITION('AEDT_MaterialName_V1','',#3427);
#3436=REPRESENTATION('',(#3434),#10);
#3437=PROPERTY_DEFINITION_REPRESENTATION(#3435,#3436);
#3438=GENERAL_PROPERTY('','AEDT_MaterialName_V1','');
#3439=GENERAL_PROPERTY_ASSOCIATION('','',#3438,#3435);
#3440=DESCRIPTIVE_REPRESENTATION_ITEM('AEDT_EntityName_V1','Ph2_P2_C2');
#3441=PROPERTY_DEFINITION('AEDT_EntityName_V1','',#3427);
#3442=REPRESENTATION('',(#3440),#10);
#3443=PROPERTY_DEFINITION_REPRESENTATION(#3441,#3442);
#3444=GENERAL_PROPERTY('','AEDT_EntityName_V1','');
#3445=GENERAL_PROPERTY_ASSOCIATION('','',#3444,#3441);
#3446=INTEGER_REPRESENTATION_ITEM('AEDT_BODYFlagGroupColor_V1',0);
#3447=INTEGER_REPRESENTATION_ITEM('AEDT_BODYFlagGroupColor_V1',-1);
#3448=INTEGER_REPRESENTATION_ITEM('AEDT_BODYFlagGroupColor_V1',-2140746326);
#3449=INTEGER_REPRESENTATION_ITEM('AEDT_BODYFlagGroupColor_V1',5);
#3450=PROPERTY_DEFINITION('AEDT_BODYFlagGroupColor_V1','',#3427);
#3451=REPRESENTATION('',(#3446,#3447,#3448,#3449),#10);
#3452=PROPERTY_DEFINITION_REPRESENTATION(#3450,#3451);
#3453=GENERAL_PROPERTY('','AEDT_BODYFlagGroupColor_V1','');
#3454=GENERAL_PROPERTY_ASSOCIATION('','',#3453,#3450);
#3456=CARTESIAN_POINT('',(56.028853128,39.703893223,92.128025968));
#3457=DIRECTION('',(-0.831469612,-0.555570233,0.));
#3458=DIRECTION('',(0.,0.,1.));
#3459=AXIS2_PLACEMENT_3D('',#3456,#3457,#3458);
#3460=PLANE('',#3459);
#3461=CARTESIAN_POINT('',(58.122928136,36.569888498,92.128025968));
#3462=VERTEX_POINT('',#3461);
#3463=CARTESIAN_POINT('',(57.080018272,38.130713411,95.387978863));
#3464=VERTEX_POINT('',#3463);
#3465=CARTESIAN_POINT('',(56.028853128,39.703893223,92.128025968));
#3466=DIRECTION('',(-0.831469612,-0.555570233,0.));
#3467=DIRECTION('',(0.555570233,-0.831469612,0.));
#3468=AXIS2_PLACEMENT_3D('',#3465,#3466,#3467);
#3469=CIRCLE('',#3468,3.769235435);
#3470=EDGE_CURVE('',#3462,#3464,#3469,.T.);
#3471=ORIENTED_EDGE('',*,*,#3470,.T.);
#3472=CARTESIAN_POINT('',(56.028853128,39.703893223,96.486106044));
#3473=VERTEX_POINT('',#3472);
#3474=CARTESIAN_POINT('',(56.028853128,39.703893223,96.486106044));
#3475=DIRECTION('',(0.480504023,-0.71912509,-0.501971104));
#3476=VECTOR('',#3475,2.187630268);
#3477=LINE('',#3474,#3476);
#3478=EDGE_CURVE('',#3473,#3464,#3477,.T.);
#3479=ORIENTED_EDGE('',*,*,#3478,.F.);
#3480=CARTESIAN_POINT('',(56.028853128,39.703893223,92.128025968));
#3481=VERTEX_POINT('',#3480);
#3482=CARTESIAN_POINT('',(56.028853128,39.703893223,92.128025968));
#3483=DIRECTION('',(0.,0.,1.));
#3484=VECTOR('',#3483,4.358080076);
#3485=LINE('',#3482,#3484);
#3486=EDGE_CURVE('',#3481,#3473,#3485,.T.);
#3487=ORIENTED_EDGE('',*,*,#3486,.F.);
#3488=CARTESIAN_POINT('',(56.028853128,39.703893223,92.128025968));
#3489=DIRECTION('',(0.555570233,-0.831469612,0.));
#3490=VECTOR('',#3489,3.769235435);
#3491=LINE('',#3488,#3490);
#3492=EDGE_CURVE('',#3481,#3462,#3491,.T.);
#3493=ORIENTED_EDGE('',*,*,#3492,.T.);
#3494=EDGE_LOOP('',(#3471,#3479,#3487,#3493));
#3495=FACE_BOUND('',#3494,.T.);
#3496=ADVANCED_FACE('',(#3495),#3460,.T.);
#3497=CARTESIAN_POINT('',(59.225497337,41.839822597,92.128025968));
#3498=DIRECTION('',(-0.831469612,-0.555570233,0.));
#3499=DIRECTION('',(0.,0.,1.));
#3500=AXIS2_PLACEMENT_3D('',#3497,#3498,#3499);
#3501=CYLINDRICAL_SURFACE('',#3500,3.769235435);
#3502=CARTESIAN_POINT('',(64.516216556,40.841747246,92.128025968));
#3503=VERTEX_POINT('',#3502);
#3504=CARTESIAN_POINT('',(63.473306691,42.402572159,95.387978863));
#3505=VERTEX_POINT('',#3504);
#3506=CARTESIAN_POINT('',(62.422141547,43.975751971,92.128025968));
#3507=DIRECTION('',(-0.831469612,-0.555570233,0.));
#3508=DIRECTION('',(0.555570233,-0.831469612,0.));
#3509=AXIS2_PLACEMENT_3D('',#3506,#3507,#3508);
#3510=CIRCLE('',#3509,3.769235435);
#3511=EDGE_CURVE('',#3503,#3505,#3510,.T.);
#3512=ORIENTED_EDGE('',*,*,#3511,.T.);
#3513=CARTESIAN_POINT('',(57.080018272,38.130713411,95.387978863));
#3514=DIRECTION('',(0.831469612,0.555570233,0.));
#3515=VECTOR('',#3514,7.689142604);
#3516=LINE('',#3513,#3515);
#3517=EDGE_CURVE('',#3464,#3505,#3516,.T.);
#3518=ORIENTED_EDGE('',*,*,#3517,.F.);
#3519=ORIENTED_EDGE('',*,*,#3470,.F.);
#3520=CARTESIAN_POINT('',(58.122928136,36.569888498,92.128025968));
#3521=DIRECTION('',(0.831469612,0.555570233,0.));
#3522=VECTOR('',#3521,7.689142604);
#3523=LINE('',#3520,#3522);
#3524=EDGE_CURVE('',#3462,#3503,#3523,.T.);
#3525=ORIENTED_EDGE('',*,*,#3524,.T.);
#3526=EDGE_LOOP('',(#3512,#3518,#3519,#3525));
#3527=FACE_BOUND('',#3526,.T.);
#3528=ADVANCED_FACE('',(#3527),#3501,.T.);
#3529=CARTESIAN_POINT('',(64.516216556,40.841747246,92.128025968));
#3530=DIRECTION('',(0.831469612,0.555570233,0.));
#3531=DIRECTION('',(0.,0.,-1.));
#3532=AXIS2_PLACEMENT_3D('',#3529,#3530,#3531);
#3533=PLANE('',#3532);
#3534=CARTESIAN_POINT('',(62.422141547,43.975751971,92.128025968));
#3535=VERTEX_POINT('',#3534);
#3536=CARTESIAN_POINT('',(64.516216556,40.841747246,92.128025968));
#3537=DIRECTION('',(-0.555570233,0.831469612,0.));
#3538=VECTOR('',#3537,3.769235435);
#3539=LINE('',#3536,#3538);
#3540=EDGE_CURVE('',#3503,#3535,#3539,.T.);
#3541=ORIENTED_EDGE('',*,*,#3540,.T.);
#3542=CARTESIAN_POINT('',(62.422141547,43.975751971,96.486106044));
#3543=VERTEX_POINT('',#3542);
#3544=CARTESIAN_POINT('',(62.422141547,43.975751971,96.486106044));
#3545=DIRECTION('',(0.,0.,-1.));
#3546=VECTOR('',#3545,4.358080076);
#3547=LINE('',#3544,#3546);
#3548=EDGE_CURVE('',#3543,#3535,#3547,.T.);
#3549=ORIENTED_EDGE('',*,*,#3548,.F.);
#3550=CARTESIAN_POINT('',(62.422141547,43.975751971,96.486106044));
#3551=DIRECTION('',(0.480504023,-0.71912509,-0.501971104));
#3552=VECTOR('',#3551,2.187630268);
#3553=LINE('',#3550,#3552);
#3554=EDGE_CURVE('',#3543,#3505,#3553,.T.);
#3555=ORIENTED_EDGE('',*,*,#3554,.T.);
#3556=ORIENTED_EDGE('',*,*,#3511,.F.);
#3557=EDGE_LOOP('',(#3541,#3549,#3555,#3556));
#3558=FACE_BOUND('',#3557,.T.);
#3559=ADVANCED_FACE('',(#3558),#3533,.T.);
#3560=CARTESIAN_POINT('',(0.78733788,-1.178334409,94.569777786));
#3561=DIRECTION('',(0.278880203,-0.417373719,0.864884391));
#3562=DIRECTION('',(0.480504023,-0.71912509,-0.501971104));
#3563=AXIS2_PLACEMENT_3D('',#3560,#3561,#3562);
#3564=PLANE('',#3563);
#3565=ORIENTED_EDGE('',*,*,#3517,.T.);
#3566=ORIENTED_EDGE('',*,*,#3554,.F.);
#3567=CARTESIAN_POINT('',(56.028853128,39.703893223,96.486106044));
#3568=DIRECTION('',(0.831469612,0.555570233,0.));
#3569=VECTOR('',#3568,7.689142604);
#3570=LINE('',#3567,#3569);
#3571=EDGE_CURVE('',#3473,#3543,#3570,.T.);
#3572=ORIENTED_EDGE('',*,*,#3571,.F.);
#3573=ORIENTED_EDGE('',*,*,#3478,.T.);
#3574=EDGE_LOOP('',(#3565,#3566,#3572,#3573));
#3575=FACE_BOUND('',#3574,.T.);
#3576=ADVANCED_FACE('',(#3575),#3564,.T.);
#3577=CARTESIAN_POINT('',(0.768043506,-1.149458337,94.788414015));
#3578=DIRECTION('',(0.256173808,-0.383391198,0.887347829));
#3579=DIRECTION('',(0.49298404,-0.737802755,-0.461100673));
#3580=AXIS2_PLACEMENT_3D('',#3577,#3578,#3579);
#3581=PLANE('',#3580);
#3582=ORIENTED_EDGE('',*,*,#3571,.T.);
#3583=CARTESIAN_POINT('',(60.580142573,46.484778332,98.101944239));
#3584=VERTEX_POINT('',#3583);
#3585=CARTESIAN_POINT('',(60.580142573,46.484778332,98.101944239));
#3586=DIRECTION('',(0.525233722,-0.715432132,-0.460745484));
#3587=VECTOR('',#3586,3.507008208);
#3588=LINE('',#3585,#3587);
#3589=EDGE_CURVE('',#3584,#3543,#3588,.T.);
#3590=ORIENTED_EDGE('',*,*,#3589,.F.);
#3591=CARTESIAN_POINT('',(56.028853128,39.703893223,96.486106044));
#3592=DIRECTION('',(0.546701646,0.814521048,0.194094753));
#3593=VECTOR('',#3592,8.324996789);
#3594=LINE('',#3591,#3593);
#3595=EDGE_CURVE('',#3473,#3584,#3594,.T.);
#3596=ORIENTED_EDGE('',*,*,#3595,.F.);
#3597=EDGE_LOOP('',(#3582,#3590,#3596));
#3598=FACE_BOUND('',#3597,.T.);
#3599=ADVANCED_FACE('',(#3598),#3581,.T.);
#3600=CARTESIAN_POINT('',(55.254394366,40.753909058,92.128025968));
#3601=DIRECTION('',(0.804776517,0.593577929,0.));
#3602=DIRECTION('',(-0.593577929,0.804776517,0.));
#3603=AXIS2_PLACEMENT_3D('',#3600,#3601,#3602);
#3604=PLANE('',#3603);
#3605=ORIENTED_EDGE('',*,*,#3486,.T.);
#3606=CARTESIAN_POINT('',(54.479935604,41.803924893,98.101944239));
#3607=VERTEX_POINT('',#3606);
#3608=CARTESIAN_POINT('',(56.028853128,39.703893223,96.486106044));
#3609=DIRECTION('',(-0.504658932,0.684219608,0.52646262));
#3610=VECTOR('',#3609,3.069236318);
#3611=LINE('',#3608,#3610);
#3612=EDGE_CURVE('',#3473,#3607,#3611,.T.);
#3613=ORIENTED_EDGE('',*,*,#3612,.T.);
#3614=CARTESIAN_POINT('',(54.479935604,41.803924893,93.743864163));
#3615=VERTEX_POINT('',#3614);
#3616=CARTESIAN_POINT('',(54.479935604,41.803924893,93.743864163));
#3617=DIRECTION('',(0.,0.,1.));
#3618=VECTOR('',#3617,4.358080076);
#3619=LINE('',#3616,#3618);
#3620=EDGE_CURVE('',#3615,#3607,#3619,.T.);
#3621=ORIENTED_EDGE('',*,*,#3620,.F.);
#3622=CARTESIAN_POINT('',(56.028853128,39.703893223,92.128025968));
#3623=DIRECTION('',(-0.504658932,0.684219608,0.52646262));
#3624=VECTOR('',#3623,3.069236318);
#3625=LINE('',#3622,#3624);
#3626=EDGE_CURVE('',#3481,#3615,#3625,.T.);
#3627=ORIENTED_EDGE('',*,*,#3626,.F.);
#3628=EDGE_LOOP('',(#3605,#3613,#3621,#3627));
#3629=FACE_BOUND('',#3628,.T.);
#3630=ADVANCED_FACE('',(#3629),#3604,.F.);
#3631=CARTESIAN_POINT('',(0.440319273,-0.573835249,93.295896885));
#3632=DIRECTION('',(-0.32053196,0.417725383,-0.850155731));
#3633=DIRECTION('',(-0.472601528,0.707298171,0.525715791));
#3634=AXIS2_PLACEMENT_3D('',#3631,#3632,#3633);
#3635=PLANE('',#3634);
#3636=ORIENTED_EDGE('',*,*,#3626,.T.);
#3637=CARTESIAN_POINT('',(60.580142573,46.484778332,93.743864163));
#3638=VERTEX_POINT('',#3637);
#3639=CARTESIAN_POINT('',(60.580142573,46.484778332,93.743864163));
#3640=DIRECTION('',(-0.79335334,-0.608761429,0.));
#3641=VECTOR('',#3640,7.689142604);
#3642=LINE('',#3639,#3641);
#3643=EDGE_CURVE('',#3638,#3615,#3642,.T.);
#3644=ORIENTED_EDGE('',*,*,#3643,.F.);
#3645=CARTESIAN_POINT('',(60.580142573,46.484778332,93.743864163));
#3646=DIRECTION('',(-0.546701646,-0.814521048,-0.194094753));
#3647=VECTOR('',#3646,8.324996789);
#3648=LINE('',#3645,#3647);
#3649=EDGE_CURVE('',#3638,#3481,#3648,.T.);
#3650=ORIENTED_EDGE('',*,*,#3649,.T.);
#3651=EDGE_LOOP('',(#3636,#3644,#3650));
#3652=FACE_BOUND('',#3651,.T.);
#3653=ADVANCED_FACE('',(#3652),#3635,.T.);
#3654=CARTESIAN_POINT('',(-0.222614655,0.333166375,91.356922038));
#3655=DIRECTION('',(0.256173808,-0.383391198,0.887347829));
#3656=DIRECTION('',(0.49298404,-0.737802755,-0.461100673));
#3657=AXIS2_PLACEMENT_3D('',#3654,#3655,#3656);
#3658=PLANE('',#3657);
#3659=CARTESIAN_POINT('',(62.422141547,43.975751971,92.128025968));
#3660=DIRECTION('',(-0.831469612,-0.555570233,0.));
#3661=VECTOR('',#3660,7.689142604);
#3662=LINE('',#3659,#3661);
#3663=EDGE_CURVE('',#3535,#3481,#3662,.T.);
#3664=ORIENTED_EDGE('',*,*,#3663,.T.);
#3665=ORIENTED_EDGE('',*,*,#3649,.F.);
#3666=CARTESIAN_POINT('',(62.422141547,43.975751971,92.128025968));
#3667=DIRECTION('',(-0.525233722,0.715432132,0.460745484));
#3668=VECTOR('',#3667,3.507008208);
#3669=LINE('',#3666,#3668);
#3670=EDGE_CURVE('',#3535,#3638,#3669,.T.);
#3671=ORIENTED_EDGE('',*,*,#3670,.F.);
#3672=EDGE_LOOP('',(#3664,#3665,#3671));
#3673=FACE_BOUND('',#3672,.T.);
#3674=ADVANCED_FACE('',(#3673),#3658,.F.);
#3675=CARTESIAN_POINT('',(1.62790517,-2.121527322,96.445763618));
#3676=DIRECTION('',(-0.32053196,0.417725383,-0.850155731));
#3677=DIRECTION('',(-0.472601528,0.707298171,0.525715791));
#3678=AXIS2_PLACEMENT_3D('',#3675,#3676,#3677);
#3679=PLANE('',#3678);
#3680=ORIENTED_EDGE('',*,*,#3612,.F.);
#3681=ORIENTED_EDGE('',*,*,#3595,.T.);
#3682=CARTESIAN_POINT('',(54.479935604,41.803924893,98.101944239));
#3683=DIRECTION('',(0.79335334,0.608761429,0.));
#3684=VECTOR('',#3683,7.689142604);
#3685=LINE('',#3682,#3684);
#3686=EDGE_CURVE('',#3607,#3584,#3685,.T.);
#3687=ORIENTED_EDGE('',*,*,#3686,.F.);
#3688=EDGE_LOOP('',(#3680,#3681,#3687));
#3689=FACE_BOUND('',#3688,.T.);
#3690=ADVANCED_FACE('',(#3689),#3679,.F.);
#3691=CARTESIAN_POINT('',(61.538956163,45.17875775,92.128025968));
#3692=DIRECTION('',(0.806091368,0.591791101,0.));
#3693=DIRECTION('',(-0.591791101,0.806091368,0.));
#3694=AXIS2_PLACEMENT_3D('',#3691,#3692,#3693);
#3695=PLANE('',#3694);
#3696=ORIENTED_EDGE('',*,*,#3548,.T.);
#3697=ORIENTED_EDGE('',*,*,#3670,.T.);
#3698=CARTESIAN_POINT('',(60.580142573,46.484778332,98.101944239));
#3699=DIRECTION('',(0.,0.,-1.));
#3700=VECTOR('',#3699,4.358080076);
#3701=LINE('',#3698,#3700);
#3702=EDGE_CURVE('',#3584,#3638,#3701,.T.);
#3703=ORIENTED_EDGE('',*,*,#3702,.F.);
#3704=ORIENTED_EDGE('',*,*,#3589,.T.);
#3705=EDGE_LOOP('',(#3696,#3697,#3703,#3704));
#3706=FACE_BOUND('',#3705,.T.);
#3707=ADVANCED_FACE('',(#3706),#3695,.T.);
#3708=CARTESIAN_POINT('',(1.548077774,-2.017494234,96.68186005));
#3709=DIRECTION('',(0.296807271,-0.386806766,0.873089898));
#3710=DIRECTION('',(0.485309561,-0.726317086,-0.486762899));
#3711=AXIS2_PLACEMENT_3D('',#3708,#3709,#3710);
#3712=PLANE('',#3711);
#3713=ORIENTED_EDGE('',*,*,#3686,.T.);
#3714=CARTESIAN_POINT('',(53.994389943,53.994389943,103.667771833));
#3715=VERTEX_POINT('',#3714);
#3716=CARTESIAN_POINT('',(53.994389943,53.994389943,103.667771833));
#3717=DIRECTION('',(0.575961074,-0.656757734,-0.486762899));
#3718=VECTOR('',#3717,11.434371039);
#3719=LINE('',#3716,#3718);
#3720=EDGE_CURVE('',#3715,#3584,#3719,.T.);
#3721=ORIENTED_EDGE('',*,*,#3720,.F.);
#3722=CARTESIAN_POINT('',(54.479935604,41.803924893,98.101944239));
#3723=DIRECTION('',(-0.036208382,0.909074151,0.415057996));
#3724=VECTOR('',#3723,13.409758743);
#3725=LINE('',#3722,#3724);
#3726=EDGE_CURVE('',#3607,#3715,#3725,.T.);
#3727=ORIENTED_EDGE('',*,*,#3726,.F.);
#3728=EDGE_LOOP('',(#3713,#3721,#3727));
#3729=FACE_BOUND('',#3728,.T.);
#3730=ADVANCED_FACE('',(#3729),#3712,.T.);
#3731=CARTESIAN_POINT('',(51.518640336,45.18063498,92.128025968));
#3732=DIRECTION('',(-0.751839807,-0.659345815,0.));
#3733=DIRECTION('',(0.659345815,-0.751839807,0.));
#3734=AXIS2_PLACEMENT_3D('',#3731,#3732,#3733);
#3735=PLANE('',#3734);
#3736=ORIENTED_EDGE('',*,*,#3620,.T.);
#3737=CARTESIAN_POINT('',(48.557345067,48.557345067,103.667771833));
#3738=VERTEX_POINT('',#3737);
#3739=CARTESIAN_POINT('',(54.479935604,41.803924893,98.101944239));
#3740=DIRECTION('',(-0.560473044,0.63909702,0.526711464));
#3741=VECTOR('',#3740,10.567128254);
#3742=LINE('',#3739,#3741);
#3743=EDGE_CURVE('',#3607,#3738,#3742,.T.);
#3744=ORIENTED_EDGE('',*,*,#3743,.T.);
#3745=CARTESIAN_POINT('',(48.557345067,48.557345067,99.309691757));
#3746=VERTEX_POINT('',#3745);
#3747=CARTESIAN_POINT('',(48.557345067,48.557345067,99.309691757));
#3748=DIRECTION('',(0.,0.,1.));
#3749=VECTOR('',#3748,4.358080076);
#3750=LINE('',#3747,#3749);
#3751=EDGE_CURVE('',#3746,#3738,#3750,.T.);
#3752=ORIENTED_EDGE('',*,*,#3751,.F.);
#3753=CARTESIAN_POINT('',(54.479935604,41.803924893,93.743864163));
#3754=DIRECTION('',(-0.560473044,0.63909702,0.526711464));
#3755=VECTOR('',#3754,10.567128254);
#3756=LINE('',#3753,#3755);
#3757=EDGE_CURVE('',#3615,#3746,#3756,.T.);
#3758=ORIENTED_EDGE('',*,*,#3757,.F.);
#3759=EDGE_LOOP('',(#3736,#3744,#3752,#3758));
#3760=FACE_BOUND('',#3759,.T.);
#3761=ADVANCED_FACE('',(#3760),#3735,.T.);
#3762=CARTESIAN_POINT('',(2.275820522,-2.275820522,97.311141117));
#3763=DIRECTION('',(-0.373018168,0.373018168,-0.849538046));
#3764=DIRECTION('',(-0.474497583,0.710135817,0.520153021));
#3765=AXIS2_PLACEMENT_3D('',#3762,#3763,#3764);
#3766=PLANE('',#3765);
#3767=ORIENTED_EDGE('',*,*,#3757,.T.);
#3768=CARTESIAN_POINT('',(53.994389943,53.994389943,99.309691757));
#3769=VERTEX_POINT('',#3768);
#3770=CARTESIAN_POINT('',(53.994389943,53.994389943,99.309691757));
#3771=DIRECTION('',(-0.707106781,-0.707106781,0.));
#3772=VECTOR('',#3771,7.689142604);
#3773=LINE('',#3770,#3772);
#3774=EDGE_CURVE('',#3769,#3746,#3773,.T.);
#3775=ORIENTED_EDGE('',*,*,#3774,.F.);
#3776=CARTESIAN_POINT('',(53.994389943,53.994389943,99.309691757));
#3777=DIRECTION('',(0.036208382,-0.909074151,-0.415057996));
#3778=VECTOR('',#3777,13.409758743);
#3779=LINE('',#3776,#3778);
#3780=EDGE_CURVE('',#3769,#3615,#3779,.T.);
#3781=ORIENTED_EDGE('',*,*,#3780,.T.);
#3782=EDGE_LOOP('',(#3767,#3775,#3781));
#3783=FACE_BOUND('',#3782,.T.);
#3784=ADVANCED_FACE('',(#3783),#3766,.T.);
#3785=CARTESIAN_POINT('',(0.418727388,-0.545696157,93.359756753));
#3786=DIRECTION('',(0.296807271,-0.386806766,0.873089898));
#3787=DIRECTION('',(0.485309561,-0.726317086,-0.486762899));
#3788=AXIS2_PLACEMENT_3D('',#3785,#3786,#3787);
#3789=PLANE('',#3788);
#3790=ORIENTED_EDGE('',*,*,#3643,.T.);
#3791=ORIENTED_EDGE('',*,*,#3780,.F.);
#3792=CARTESIAN_POINT('',(60.580142573,46.484778332,93.743864163));
#3793=DIRECTION('',(-0.575961074,0.656757734,0.486762899));
#3794=VECTOR('',#3793,11.434371039);
#3795=LINE('',#3792,#3794);
#3796=EDGE_CURVE('',#3638,#3769,#3795,.T.);
#3797=ORIENTED_EDGE('',*,*,#3796,.F.);
#3798=EDGE_LOOP('',(#3790,#3791,#3797));
#3799=FACE_BOUND('',#3798,.T.);
#3800=ADVANCED_FACE('',(#3799),#3789,.F.);
#3801=CARTESIAN_POINT('',(3.656866141,-3.656866141,100.456432408));
#3802=DIRECTION('',(-0.373018168,0.373018168,-0.849538046));
#3803=DIRECTION('',(-0.474497583,0.710135817,0.520153021));
#3804=AXIS2_PLACEMENT_3D('',#3801,#3802,#3803);
#3805=PLANE('',#3804);
#3806=ORIENTED_EDGE('',*,*,#3743,.F.);
#3807=ORIENTED_EDGE('',*,*,#3726,.T.);
#3808=CARTESIAN_POINT('',(48.557345067,48.557345067,103.667771833));
#3809=DIRECTION('',(0.707106781,0.707106781,0.));
#3810=VECTOR('',#3809,7.689142604);
#3811=LINE('',#3808,#3810);
#3812=EDGE_CURVE('',#3738,#3715,#3811,.T.);
#3813=ORIENTED_EDGE('',*,*,#3812,.F.);
#3814=EDGE_LOOP('',(#3806,#3807,#3813));
#3815=FACE_BOUND('',#3814,.T.);
#3816=ADVANCED_FACE('',(#3815),#3805,.F.);
#3817=CARTESIAN_POINT('',(57.287266258,50.239584138,92.128025968));
#3818=DIRECTION('',(-0.751839807,-0.659345815,0.));
#3819=DIRECTION('',(0.659345815,-0.751839807,0.));
#3820=AXIS2_PLACEMENT_3D('',#3817,#3818,#3819);
#3821=PLANE('',#3820);
#3822=ORIENTED_EDGE('',*,*,#3702,.T.);
#3823=ORIENTED_EDGE('',*,*,#3796,.T.);
#3824=CARTESIAN_POINT('',(53.994389943,53.994389943,103.667771833));
#3825=DIRECTION('',(0.,0.,-1.));
#3826=VECTOR('',#3825,4.358080076);
#3827=LINE('',#3824,#3826);
#3828=EDGE_CURVE('',#3715,#3769,#3827,.T.);
#3829=ORIENTED_EDGE('',*,*,#3828,.F.);
#3830=ORIENTED_EDGE('',*,*,#3720,.T.);
#3831=EDGE_LOOP('',(#3822,#3823,#3829,#3830));
#3832=FACE_BOUND('',#3831,.T.);
#3833=ADVANCED_FACE('',(#3832),#3821,.F.);
#3834=CARTESIAN_POINT('',(61.071695894,40.806802578,85.));
#3835=DIRECTION('',(-0.555570233,0.831469612,0.));
#3836=DIRECTION('',(0.,0.,1.));
#3837=AXIS2_PLACEMENT_3D('',#3834,#3835,#3836);
#3838=CYLINDRICAL_SURFACE('',#3837,7.689142604);
#3839=CARTESIAN_POINT('',(68.512021818,43.511658963,85.));
#3840=VERTEX_POINT('',#3839);
#3841=CARTESIAN_POINT('',(62.118733399,39.239800215,85.));
#3842=DIRECTION('',(0.555570233,-0.831469612,0.));
#3843=DIRECTION('',(0.831469612,0.555570233,0.));
#3844=AXIS2_PLACEMENT_3D('',#3841,#3842,#3843);
#3845=CIRCLE('',#3844,7.689142604);
#3846=EDGE_CURVE('',#3840,#3503,#3845,.T.);
#3847=ORIENTED_EDGE('',*,*,#3846,.F.);
#3848=CARTESIAN_POINT('',(66.41794681,46.645663689,85.));
#3849=VERTEX_POINT('',#3848);
#3850=CARTESIAN_POINT('',(68.512021818,43.511658963,85.));
#3851=DIRECTION('',(-0.555570233,0.831469612,0.));
#3852=VECTOR('',#3851,3.769235435);
#3853=LINE('',#3850,#3852);
#3854=EDGE_CURVE('',#3840,#3849,#3853,.T.);
#3855=ORIENTED_EDGE('',*,*,#3854,.T.);
#3856=CARTESIAN_POINT('',(60.02465839,42.373804941,85.));
#3857=DIRECTION('',(0.555570233,-0.831469612,0.));
#3858=DIRECTION('',(0.831469612,0.555570233,0.));
#3859=AXIS2_PLACEMENT_3D('',#3856,#3857,#3858);
#3860=CIRCLE('',#3859,7.689142604);
#3861=EDGE_CURVE('',#3849,#3535,#3860,.T.);
#3862=ORIENTED_EDGE('',*,*,#3861,.T.);
#3863=ORIENTED_EDGE('',*,*,#3540,.F.);
#3864=EDGE_LOOP('',(#3847,#3855,#3862,#3863));
#3865=FACE_BOUND('',#3864,.T.);
#3866=ADVANCED_FACE('',(#3865),#3838,.T.);
#3867=CARTESIAN_POINT('',(63.469179052,42.408749609,92.128025968));
#3868=DIRECTION('',(-0.555570233,0.831469612,0.));
#3869=DIRECTION('',(0.,0.,1.));
#3870=AXIS2_PLACEMENT_3D('',#3867,#3868,#3869);
#3871=CYLINDRICAL_SURFACE('',#3870,7.689142604);
#3872=CARTESIAN_POINT('',(60.02465839,42.373804941,85.));
#3873=VERTEX_POINT('',#3872);
#3874=CARTESIAN_POINT('',(62.422141547,43.975751971,92.128025968));
#3875=DIRECTION('',(0.555570233,-0.831469612,0.));
#3876=DIRECTION('',(-0.831469612,-0.555570233,0.));
#3877=AXIS2_PLACEMENT_3D('',#3874,#3875,#3876);
#3878=CIRCLE('',#3877,7.689142604);
#3879=EDGE_CURVE('',#3481,#3873,#3878,.T.);
#3880=ORIENTED_EDGE('',*,*,#3879,.T.);
#3881=CARTESIAN_POINT('',(62.118733399,39.239800215,85.));
#3882=VERTEX_POINT('',#3881);
#3883=CARTESIAN_POINT('',(60.02465839,42.373804941,85.));
#3884=DIRECTION('',(0.555570233,-0.831469612,0.));
#3885=VECTOR('',#3884,3.769235435);
#3886=LINE('',#3883,#3885);
#3887=EDGE_CURVE('',#3873,#3882,#3886,.T.);
#3888=ORIENTED_EDGE('',*,*,#3887,.T.);
#3889=CARTESIAN_POINT('',(64.516216556,40.841747246,92.128025968));
#3890=DIRECTION('',(0.555570233,-0.831469612,0.));
#3891=DIRECTION('',(-0.831469612,-0.555570233,0.));
#3892=AXIS2_PLACEMENT_3D('',#3889,#3890,#3891);
#3893=CIRCLE('',#3892,7.689142604);
#3894=EDGE_CURVE('',#3462,#3882,#3893,.T.);
#3895=ORIENTED_EDGE('',*,*,#3894,.F.);
#3896=ORIENTED_EDGE('',*,*,#3492,.F.);
#3897=EDGE_LOOP('',(#3880,#3888,#3895,#3896));
#3898=FACE_BOUND('',#3897,.T.);
#3899=ADVANCED_FACE('',(#3898),#3871,.T.);
#3900=CARTESIAN_POINT('',(60.02465839,42.373804941,-85.));
#3901=DIRECTION('',(-0.831469612,-0.555570233,0.));
#3902=DIRECTION('',(0.,0.,1.));
#3903=AXIS2_PLACEMENT_3D('',#3900,#3901,#3902);
#3904=PLANE('',#3903);
#3905=CARTESIAN_POINT('',(62.118733399,39.239800215,0.));
#3906=VERTEX_POINT('',#3905);
#3907=CARTESIAN_POINT('',(60.02465839,42.373804941,0.));
#3908=VERTEX_POINT('',#3907);
#3909=CARTESIAN_POINT('',(62.118733399,39.239800215,0.));
#3910=DIRECTION('',(-0.555570233,0.831469612,0.));
#3911=VECTOR('',#3910,3.769235435);
#3912=LINE('',#3909,#3911);
#3913=EDGE_CURVE('',#3906,#3908,#3912,.T.);
#3914=ORIENTED_EDGE('',*,*,#3913,.F.);
#3915=CARTESIAN_POINT('',(62.118733399,39.239800215,0.));
#3916=DIRECTION('',(0.,0.,1.));
#3917=VECTOR('',#3916,85.);
#3918=LINE('',#3915,#3917);
#3919=EDGE_CURVE('',#3906,#3882,#3918,.T.);
#3920=ORIENTED_EDGE('',*,*,#3919,.T.);
#3921=ORIENTED_EDGE('',*,*,#3887,.F.);
#3922=CARTESIAN_POINT('',(60.02465839,42.373804941,0.));
#3923=DIRECTION('',(0.,0.,1.));
#3924=VECTOR('',#3923,85.);
#3925=LINE('',#3922,#3924);
#3926=EDGE_CURVE('',#3908,#3873,#3925,.T.);
#3927=ORIENTED_EDGE('',*,*,#3926,.F.);
#3928=EDGE_LOOP('',(#3914,#3920,#3921,#3927));
#3929=FACE_BOUND('',#3928,.T.);
#3930=ADVANCED_FACE('',(#3929),#3904,.T.);
#3931=CARTESIAN_POINT('',(62.118733399,39.239800215,-85.));
#3932=DIRECTION('',(0.555570233,-0.831469612,0.));
#3933=DIRECTION('',(0.,0.,-1.));
#3934=AXIS2_PLACEMENT_3D('',#3931,#3932,#3933);
#3935=PLANE('',#3934);
#3936=CARTESIAN_POINT('',(68.512021818,43.511658963,0.));
#3937=VERTEX_POINT('',#3936);
#3938=CARTESIAN_POINT('',(68.512021818,43.511658963,0.));
#3939=DIRECTION('',(-0.831469612,-0.555570233,0.));
#3940=VECTOR('',#3939,7.689142604);
#3941=LINE('',#3938,#3940);
#3942=EDGE_CURVE('',#3937,#3906,#3941,.T.);
#3943=ORIENTED_EDGE('',*,*,#3942,.F.);
#3944=CARTESIAN_POINT('',(68.512021818,43.511658963,0.));
#3945=DIRECTION('',(0.,0.,1.));
#3946=VECTOR('',#3945,85.);
#3947=LINE('',#3944,#3946);
#3948=EDGE_CURVE('',#3937,#3840,#3947,.T.);
#3949=ORIENTED_EDGE('',*,*,#3948,.T.);
#3950=ORIENTED_EDGE('',*,*,#3846,.T.);
#3951=ORIENTED_EDGE('',*,*,#3524,.F.);
#3952=ORIENTED_EDGE('',*,*,#3894,.T.);
#3953=ORIENTED_EDGE('',*,*,#3919,.F.);
#3954=EDGE_LOOP('',(#3943,#3949,#3950,#3951,#3952,#3953));
#3955=FACE_BOUND('',#3954,.T.);
#3956=ADVANCED_FACE('',(#3955),#3935,.T.);
#3957=CARTESIAN_POINT('',(68.512021818,43.511658963,-85.));
#3958=DIRECTION('',(0.831469612,0.555570233,0.));
#3959=DIRECTION('',(0.,0.,-1.));
#3960=AXIS2_PLACEMENT_3D('',#3957,#3958,#3959);
#3961=PLANE('',#3960);
#3962=CARTESIAN_POINT('',(66.41794681,46.645663689,0.));
#3963=VERTEX_POINT('',#3962);
#3964=CARTESIAN_POINT('',(66.41794681,46.645663689,0.));
#3965=DIRECTION('',(0.555570233,-0.831469612,0.));
#3966=VECTOR('',#3965,3.769235435);
#3967=LINE('',#3964,#3966);
#3968=EDGE_CURVE('',#3963,#3937,#3967,.T.);
#3969=ORIENTED_EDGE('',*,*,#3968,.F.);
#3970=CARTESIAN_POINT('',(66.41794681,46.645663689,0.));
#3971=DIRECTION('',(0.,0.,1.));
#3972=VECTOR('',#3971,85.);
#3973=LINE('',#3970,#3972);
#3974=EDGE_CURVE('',#3963,#3849,#3973,.T.);
#3975=ORIENTED_EDGE('',*,*,#3974,.T.);
#3976=ORIENTED_EDGE('',*,*,#3854,.F.);
#3977=ORIENTED_EDGE('',*,*,#3948,.F.);
#3978=EDGE_LOOP('',(#3969,#3975,#3976,#3977));
#3979=FACE_BOUND('',#3978,.T.);
#3980=ADVANCED_FACE('',(#3979),#3961,.T.);
#3981=CARTESIAN_POINT('',(66.41794681,46.645663689,-85.));
#3982=DIRECTION('',(-0.555570233,0.831469612,0.));
#3983=DIRECTION('',(0.,0.,1.));
#3984=AXIS2_PLACEMENT_3D('',#3981,#3982,#3983);
#3985=PLANE('',#3984);
#3986=CARTESIAN_POINT('',(60.02465839,42.373804941,0.));
#3987=DIRECTION('',(0.831469612,0.555570233,0.));
#3988=VECTOR('',#3987,7.689142604);
#3989=LINE('',#3986,#3988);
#3990=EDGE_CURVE('',#3908,#3963,#3989,.T.);
#3991=ORIENTED_EDGE('',*,*,#3990,.F.);
#3992=ORIENTED_EDGE('',*,*,#3926,.T.);
#3993=ORIENTED_EDGE('',*,*,#3879,.F.);
#3994=ORIENTED_EDGE('',*,*,#3663,.F.);
#3995=ORIENTED_EDGE('',*,*,#3861,.F.);
#3996=ORIENTED_EDGE('',*,*,#3974,.F.);
#3997=EDGE_LOOP('',(#3991,#3992,#3993,#3994,#3995,#3996));
#3998=FACE_BOUND('',#3997,.T.);
#3999=ADVANCED_FACE('',(#3998),#3985,.T.);
#4000=CARTESIAN_POINT('',(0.,0.,0.));
#4001=DIRECTION('',(0.,0.,1.));
#4002=DIRECTION('',(0.923879533,0.382683432,0.));
#4003=AXIS2_PLACEMENT_3D('',#4000,#4001,#4002);
#4004=PLANE('',#4003);
#4005=ORIENTED_EDGE('',*,*,#3913,.T.);
#4006=ORIENTED_EDGE('',*,*,#3990,.T.);
#4007=ORIENTED_EDGE('',*,*,#3968,.T.);
#4008=ORIENTED_EDGE('',*,*,#3942,.T.);
#4009=EDGE_LOOP('',(#4005,#4006,#4007,#4008));
#4010=FACE_BOUND('',#4009,.T.);
#4011=ADVANCED_FACE('',(#4010),#4004,.F.);
#4012=CARTESIAN_POINT('',(70.003571337,70.003571337,0.));
#4013=DIRECTION('',(-0.707106781,0.707106781,0.));
#4014=DIRECTION('',(-0.707106781,-0.707106781,0.));
#4015=AXIS2_PLACEMENT_3D('',#4012,#4013,#4014);
#4016=PLANE('',#4015);
#4017=ORIENTED_EDGE('',*,*,#3828,.T.);
#4018=ORIENTED_EDGE('',*,*,#3774,.T.);
#4019=ORIENTED_EDGE('',*,*,#3751,.T.);
#4020=ORIENTED_EDGE('',*,*,#3812,.T.);
#4021=EDGE_LOOP('',(#4017,#4018,#4019,#4020));
#4022=FACE_BOUND('',#4021,.T.);
#4023=ADVANCED_FACE('',(#4022),#4016,.T.);
#4024=CLOSED_SHELL('',(#3496,#3528,#3559,#3576,#3599,#3630,#3653,#3674,#3690,#3707,#3730,#3761,#3784,#3800,#3816,#3833,#3866,#3899,#3930,#3956,#3980,#3999,#4011,#4023));
#4025=MANIFOLD_SOLID_BREP('Ph3_P1_C1',#4024);
#4026=DRAUGHTING_PRE_DEFINED_COLOUR('blue');
#4027=FILL_AREA_STYLE_COLOUR('',#4026);
#4028=FILL_AREA_STYLE('',(#4027));
#4029=SURFACE_STYLE_FILL_AREA(#4028);
#4030=SURFACE_SIDE_STYLE('',(#4029));
#4031=SURFACE_STYLE_USAGE(.BOTH.,#4030);
#4032=PRESENTATION_STYLE_ASSIGNMENT((#4031));
#3455=STYLED_ITEM('',(#4032),#4025);
#4033=REAL_REPRESENTATION_ITEM('AEDT_Translucency_V1',0.8);
#4034=ID_ATTRIBUTE('SA #4035',#4035);
#4035=SHAPE_ASPECT('properties','',#23,.F.);
#4036=GEOMETRIC_ITEM_SPECIFIC_USAGE('','properties',#4035,#17,#4025);
#4037=PROPERTY_DEFINITION('AEDT_Translucency_V1','',#4035);
#4038=REPRESENTATION('',(#4033),#10);
#4039=PROPERTY_DEFINITION_REPRESENTATION(#4037,#4038);
#4040=GENERAL_PROPERTY('','AEDT_Translucency_V1','');
#4041=GENERAL_PROPERTY_ASSOCIATION('','',#4040,#4037);
#4042=DESCRIPTIVE_REPRESENTATION_ITEM('AEDT_MaterialName_V1','Copper (Pure)_40C');
#4043=PROPERTY_DEFINITION('AEDT_MaterialName_V1','',#4035);
#4044=REPRESENTATION('',(#4042),#10);
#4045=PROPERTY_DEFINITION_REPRESENTATION(#4043,#4044);
#4046=GENERAL_PROPERTY('','AEDT_MaterialName_V1','');
#4047=GENERAL_PROPERTY_ASSOCIATION('','',#4046,#4043);
#4048=DESCRIPTIVE_REPRESENTATION_ITEM('AEDT_EntityName_V1','Ph3_P1_C1');
#4049=PROPERTY_DEFINITION('AEDT_EntityName_V1','',#4035);
#4050=REPRESENTATION('',(#4048),#10);
#4051=PROPERTY_DEFINITION_REPRESENTATION(#4049,#4050);
#4052=GENERAL_PROPERTY('','AEDT_EntityName_V1','');
#4053=GENERAL_PROPERTY_ASSOCIATION('','',#4052,#4049);
#4054=INTEGER_REPRESENTATION_ITEM('AEDT_BODYFlagGroupColor_V1',0);
#4055=INTEGER_REPRESENTATION_ITEM('AEDT_BODYFlagGroupColor_V1',-1);
#4056=INTEGER_REPRESENTATION_ITEM('AEDT_BODYFlagGroupColor_V1',-2147483393);
#4057=INTEGER_REPRESENTATION_ITEM('AEDT_BODYFlagGroupColor_V1',5);
#4058=PROPERTY_DEFINITION('AEDT_BODYFlagGroupColor_V1','',#4035);
#4059=REPRESENTATION('',(#4054,#4055,#4056,#4057),#10);
#4060=PROPERTY_DEFINITION_REPRESENTATION(#4058,#4059);
#4061=GENERAL_PROPERTY('','AEDT_BODYFlagGroupColor_V1','');
#4062=GENERAL_PROPERTY_ASSOCIATION('','',#4061,#4058);
#4064=CARTESIAN_POINT('',(65.042030525,34.176501066,-85.));
#4065=DIRECTION('',(-0.896872742,-0.44228869,0.));
#4066=DIRECTION('',(0.,0.,1.));
#4067=AXIS2_PLACEMENT_3D('',#4064,#4065,#4066);
#4068=PLANE('',#4067);
#4069=CARTESIAN_POINT('',(66.709120729,30.795976549,0.));
#4070=VERTEX_POINT('',#4069);
#4071=CARTESIAN_POINT('',(65.042030525,34.176501066,0.));
#4072=VERTEX_POINT('',#4071);
#4073=CARTESIAN_POINT('',(66.709120729,30.795976549,0.));
#4074=DIRECTION('',(-0.44228869,0.896872742,0.));
#4075=VECTOR('',#4074,3.769235435);
#4076=LINE('',#4073,#4075);
#4077=EDGE_CURVE('',#4070,#4072,#4076,.T.);
#4078=ORIENTED_EDGE('',*,*,#4077,.F.);
#4079=CARTESIAN_POINT('',(66.709120729,30.795976549,85.));
#4080=VERTEX_POINT('',#4079);
#4081=CARTESIAN_POINT('',(66.709120729,30.795976549,0.));
#4082=DIRECTION('',(0.,0.,1.));
#4083=VECTOR('',#4082,85.);
#4084=LINE('',#4081,#4083);
#4085=EDGE_CURVE('',#4070,#4080,#4084,.T.);
#4086=ORIENTED_EDGE('',*,*,#4085,.T.);
#4087=CARTESIAN_POINT('',(65.042030525,34.176501066,85.));
#4088=VERTEX_POINT('',#4087);
#4089=CARTESIAN_POINT('',(65.042030525,34.176501066,85.));
#4090=DIRECTION('',(0.44228869,-0.896872742,0.));
#4091=VECTOR('',#4090,3.769235435);
#4092=LINE('',#4089,#4091);
#4093=EDGE_CURVE('',#4088,#4080,#4092,.T.);
#4094=ORIENTED_EDGE('',*,*,#4093,.F.);
#4095=CARTESIAN_POINT('',(65.042030525,34.176501066,0.));
#4096=DIRECTION('',(0.,0.,1.));
#4097=VECTOR('',#4096,85.);
#4098=LINE('',#4095,#4097);
#4099=EDGE_CURVE('',#4072,#4088,#4098,.T.);
#4100=ORIENTED_EDGE('',*,*,#4099,.F.);
#4101=EDGE_LOOP('',(#4078,#4086,#4094,#4100));
#4102=FACE_BOUND('',#4101,.T.);
#4103=ADVANCED_FACE('',(#4102),#4068,.T.);
#4104=CARTESIAN_POINT('',(66.709120729,30.795976549,-85.));
#4105=DIRECTION('',(0.44228869,-0.896872742,0.));
#4106=DIRECTION('',(0.,0.,-1.));
#4107=AXIS2_PLACEMENT_3D('',#4104,#4105,#4106);
#4108=PLANE('',#4107);
#4109=CARTESIAN_POINT('',(73.605303136,34.19679736,0.));
#4110=VERTEX_POINT('',#4109);
#4111=CARTESIAN_POINT('',(73.605303136,34.19679736,0.));
#4112=DIRECTION('',(-0.896872742,-0.44228869,0.));
#4113=VECTOR('',#4112,7.689142604);
#4114=LINE('',#4111,#4113);
#4115=EDGE_CURVE('',#4110,#4070,#4114,.T.);
#4116=ORIENTED_EDGE('',*,*,#4115,.F.);
#4117=CARTESIAN_POINT('',(73.605303136,34.19679736,85.));
#4118=VERTEX_POINT('',#4117);
#4119=CARTESIAN_POINT('',(73.605303136,34.19679736,0.));
#4120=DIRECTION('',(0.,0.,1.));
#4121=VECTOR('',#4120,85.);
#4122=LINE('',#4119,#4121);
#4123=EDGE_CURVE('',#4110,#4118,#4122,.T.);
#4124=ORIENTED_EDGE('',*,*,#4123,.T.);
#4125=CARTESIAN_POINT('',(77.91541714,36.322310367,92.128025968));
#4126=VERTEX_POINT('',#4125);
#4127=CARTESIAN_POINT('',(71.019234733,32.921489556,92.128025968));
#4128=DIRECTION('',(-0.44228869,0.896872742,0.));
#4129=DIRECTION('',(0.896872742,0.44228869,0.));
#4130=AXIS2_PLACEMENT_3D('',#4127,#4128,#4129);
#4131=CIRCLE('',#4130,7.689142604);
#4132=EDGE_CURVE('',#4126,#4118,#4131,.T.);
#4133=ORIENTED_EDGE('',*,*,#4132,.F.);
#4134=CARTESIAN_POINT('',(71.019234733,32.921489556,92.128025968));
#4135=VERTEX_POINT('',#4134);
#4136=CARTESIAN_POINT('',(77.91541714,36.322310367,92.128025968));
#4137=DIRECTION('',(-0.896872742,-0.44228869,0.));
#4138=VECTOR('',#4137,7.689142604);
#4139=LINE('',#4136,#4138);
#4140=EDGE_CURVE('',#4126,#4135,#4139,.T.);
#4141=ORIENTED_EDGE('',*,*,#4140,.T.);
#4142=CARTESIAN_POINT('',(73.605303136,34.19679736,85.));
#4143=DIRECTION('',(-0.44228869,0.896872742,0.));
#4144=DIRECTION('',(-0.896872742,-0.44228869,0.));
#4145=AXIS2_PLACEMENT_3D('',#4142,#4143,#4144);
#4146=CIRCLE('',#4145,7.689142604);
#4147=EDGE_CURVE('',#4080,#4135,#4146,.T.);
#4148=ORIENTED_EDGE('',*,*,#4147,.F.);
#4149=ORIENTED_EDGE('',*,*,#4085,.F.);
#4150=EDGE_LOOP('',(#4116,#4124,#4133,#4141,#4148,#4149));
#4151=FACE_BOUND('',#4150,.T.);
#4152=ADVANCED_FACE('',(#4151),#4108,.T.);
#4153=CARTESIAN_POINT('',(73.605303136,34.19679736,-85.));
#4154=DIRECTION('',(0.896872742,0.44228869,0.));
#4155=DIRECTION('',(0.,0.,-1.));
#4156=AXIS2_PLACEMENT_3D('',#4153,#4154,#4155);
#4157=PLANE('',#4156);
#4158=CARTESIAN_POINT('',(71.938212932,37.577321878,0.));
#4159=VERTEX_POINT('',#4158);
#4160=CARTESIAN_POINT('',(71.938212932,37.577321878,0.));
#4161=DIRECTION('',(0.44228869,-0.896872742,0.));
#4162=VECTOR('',#4161,3.769235435);
#4163=LINE('',#4160,#4162);
#4164=EDGE_CURVE('',#4159,#4110,#4163,.T.);
#4165=ORIENTED_EDGE('',*,*,#4164,.F.);
#4166=CARTESIAN_POINT('',(71.938212932,37.577321878,85.));
#4167=VERTEX_POINT('',#4166);
#4168=CARTESIAN_POINT('',(71.938212932,37.577321878,0.));
#4169=DIRECTION('',(0.,0.,1.));
#4170=VECTOR('',#4169,85.);
#4171=LINE('',#4168,#4170);
#4172=EDGE_CURVE('',#4159,#4167,#4171,.T.);
#4173=ORIENTED_EDGE('',*,*,#4172,.T.);
#4174=CARTESIAN_POINT('',(73.605303136,34.19679736,85.));
#4175=DIRECTION('',(-0.44228869,0.896872742,0.));
#4176=VECTOR('',#4175,3.769235435);
#4177=LINE('',#4174,#4176);
#4178=EDGE_CURVE('',#4118,#4167,#4177,.T.);
#4179=ORIENTED_EDGE('',*,*,#4178,.F.);
#4180=ORIENTED_EDGE('',*,*,#4123,.F.);
#4181=EDGE_LOOP('',(#4165,#4173,#4179,#4180));
#4182=FACE_BOUND('',#4181,.T.);
#4183=ADVANCED_FACE('',(#4182),#4157,.T.);
#4184=CARTESIAN_POINT('',(71.938212932,37.577321878,-85.));
#4185=DIRECTION('',(-0.44228869,0.896872742,0.));
#4186=DIRECTION('',(0.,0.,1.));
#4187=AXIS2_PLACEMENT_3D('',#4184,#4185,#4186);
#4188=PLANE('',#4187);
#4189=CARTESIAN_POINT('',(65.042030525,34.176501066,0.));
#4190=DIRECTION('',(0.896872742,0.44228869,0.));
#4191=VECTOR('',#4190,7.689142604);
#4192=LINE('',#4189,#4191);
#4193=EDGE_CURVE('',#4072,#4159,#4192,.T.);
#4194=ORIENTED_EDGE('',*,*,#4193,.F.);
#4195=ORIENTED_EDGE('',*,*,#4099,.T.);
#4196=CARTESIAN_POINT('',(69.35214453,36.302014073,92.128025968));
#4197=VERTEX_POINT('',#4196);
#4198=CARTESIAN_POINT('',(71.938212932,37.577321878,85.));
#4199=DIRECTION('',(-0.44228869,0.896872742,0.));
#4200=DIRECTION('',(-0.896872742,-0.44228869,0.));
#4201=AXIS2_PLACEMENT_3D('',#4198,#4199,#4200);
#4202=CIRCLE('',#4201,7.689142604);
#4203=EDGE_CURVE('',#4088,#4197,#4202,.T.);
#4204=ORIENTED_EDGE('',*,*,#4203,.T.);
#4205=CARTESIAN_POINT('',(76.248326937,39.702834885,92.128025968));
#4206=VERTEX_POINT('',#4205);
#4207=CARTESIAN_POINT('',(69.35214453,36.302014073,92.128025968));
#4208=DIRECTION('',(0.896872742,0.44228869,0.));
#4209=VECTOR('',#4208,7.689142604);
#4210=LINE('',#4207,#4209);
#4211=EDGE_CURVE('',#4197,#4206,#4210,.T.);
#4212=ORIENTED_EDGE('',*,*,#4211,.T.);
#4213=CARTESIAN_POINT('',(69.35214453,36.302014073,92.128025968));
#4214=DIRECTION('',(-0.44228869,0.896872742,0.));
#4215=DIRECTION('',(0.896872742,0.44228869,0.));
#4216=AXIS2_PLACEMENT_3D('',#4213,#4214,#4215);
#4217=CIRCLE('',#4216,7.689142604);
#4218=EDGE_CURVE('',#4206,#4167,#4217,.T.);
#4219=ORIENTED_EDGE('',*,*,#4218,.T.);
#4220=ORIENTED_EDGE('',*,*,#4172,.F.);
#4221=EDGE_LOOP('',(#4194,#4195,#4204,#4212,#4219,#4220));
#4222=FACE_BOUND('',#4221,.T.);
#4223=ADVANCED_FACE('',(#4222),#4188,.T.);
#4224=CARTESIAN_POINT('',(76.141828543,4.072027323,92.128025968));
#4225=DIRECTION('',(-0.998573031,-0.053403192,0.));
#4226=DIRECTION('',(0.053403192,-0.998573031,0.));
#4227=AXIS2_PLACEMENT_3D('',#4224,#4225,#4226);
#4228=PLANE('',#4227);
#4229=CARTESIAN_POINT('',(76.35959855,0.,103.667771833));
#4230=VERTEX_POINT('',#4229);
#4231=CARTESIAN_POINT('',(76.35959855,0.,99.309691757));
#4232=VERTEX_POINT('',#4231);
#4233=CARTESIAN_POINT('',(76.35959855,0.,103.667771833));
#4234=DIRECTION('',(0.,0.,-1.));
#4235=VECTOR('',#4234,4.358080076);
#4236=LINE('',#4233,#4235);
#4237=EDGE_CURVE('',#4230,#4232,#4236,.T.);
#4238=ORIENTED_EDGE('',*,*,#4237,.T.);
#4239=CARTESIAN_POINT('',(75.926678911,8.095056903,103.708443748));
#4240=VERTEX_POINT('',#4239);
#4241=CARTESIAN_POINT('',(75.926678911,8.095056903,103.708443748));
#4242=DIRECTION('',(0.046938402,-0.87768953,-0.476925439));
#4243=VECTOR('',#4242,9.223143974);
#4244=LINE('',#4241,#4243);
#4245=EDGE_CURVE('',#4240,#4232,#4244,.T.);
#4246=ORIENTED_EDGE('',*,*,#4245,.F.);
#4247=CARTESIAN_POINT('',(75.926678911,8.095056903,108.066523824));
#4248=VERTEX_POINT('',#4247);
#4249=CARTESIAN_POINT('',(75.926678911,8.095056903,103.708443748));
#4250=DIRECTION('',(-0.,0.,1.));
#4251=VECTOR('',#4250,4.358080076);
#4252=LINE('',#4249,#4251);
#4253=EDGE_CURVE('',#4240,#4248,#4252,.T.);
#4254=ORIENTED_EDGE('',*,*,#4253,.T.);
#4255=CARTESIAN_POINT('',(76.35959855,-0.,103.667771833));
#4256=DIRECTION('',(-0.046938402,0.87768953,0.476925439));
#4257=VECTOR('',#4256,9.223143974);
#4258=LINE('',#4255,#4257);
#4259=EDGE_CURVE('',#4230,#4248,#4258,.T.);
#4260=ORIENTED_EDGE('',*,*,#4259,.F.);
#4261=EDGE_LOOP('',(#4238,#4246,#4254,#4260));
#4262=FACE_BOUND('',#4261,.T.);
#4263=ADVANCED_FACE('',(#4262),#4228,.F.);
#4264=CARTESIAN_POINT('',(-0.,-5.169127085,100.461404085));
#4265=DIRECTION('',(0.,0.527118846,-0.849791576));
#4266=DIRECTION('',(0.166669737,0.837905353,0.519745917));
#4267=AXIS2_PLACEMENT_3D('',#4264,#4265,#4266);
#4268=PLANE('',#4267);
#4269=CARTESIAN_POINT('',(68.670455946,0.,103.667771833));
#4270=VERTEX_POINT('',#4269);
#4271=CARTESIAN_POINT('',(68.670455946,0.,103.667771833));
#4272=DIRECTION('',(1.,-0.,0.));
#4273=VECTOR('',#4272,7.689142604);
#4274=LINE('',#4271,#4273);
#4275=EDGE_CURVE('',#4270,#4230,#4274,.T.);
#4276=ORIENTED_EDGE('',*,*,#4275,.T.);
#4277=CARTESIAN_POINT('',(68.303317989,7.091422397,108.066523824));
#4278=VERTEX_POINT('',#4277);
#4279=CARTESIAN_POINT('',(68.303317989,7.091422397,108.066523824));
#4280=DIRECTION('',(0.694556119,-0.611372802,-0.379229607));
#4281=VECTOR('',#4280,11.599178729);
#4282=LINE('',#4279,#4281);
#4283=EDGE_CURVE('',#4278,#4230,#4282,.T.);
#4284=ORIENTED_EDGE('',*,*,#4283,.F.);
#4285=CARTESIAN_POINT('',(68.670455946,-0.,103.667771833));
#4286=DIRECTION('',(-0.043952993,0.848970338,0.526609438));
#4287=VECTOR('',#4286,8.352968393);
#4288=LINE('',#4285,#4287);
#4289=EDGE_CURVE('',#4270,#4278,#4288,.T.);
#4290=ORIENTED_EDGE('',*,*,#4289,.F.);
#4291=EDGE_LOOP('',(#4276,#4284,#4290));
#4292=FACE_BOUND('',#4291,.T.);
#4293=ADVANCED_FACE('',(#4292),#4268,.F.);
#4294=CARTESIAN_POINT('',(0.929719857,-7.06192343,105.215639479));
#4295=DIRECTION('',(0.062395793,-0.473943098,0.87834202));
#4296=DIRECTION('',(-0.17341551,-0.871818643,-0.458104043));
#4297=AXIS2_PLACEMENT_3D('',#4294,#4295,#4296);
#4298=PLANE('',#4297);
#4299=ORIENTED_EDGE('',*,*,#4259,.T.);
#4300=CARTESIAN_POINT('',(75.926678911,8.095056903,108.066523824));
#4301=DIRECTION('',(-0.991444861,-0.130526192,0.));
#4302=VECTOR('',#4301,7.689142604);
#4303=LINE('',#4300,#4302);
#4304=EDGE_CURVE('',#4248,#4278,#4303,.T.);
#4305=ORIENTED_EDGE('',*,*,#4304,.T.);
#4306=ORIENTED_EDGE('',*,*,#4283,.T.);
#4307=EDGE_LOOP('',(#4299,#4305,#4306));
#4308=FACE_BOUND('',#4307,.T.);
#4309=ADVANCED_FACE('',(#4308),#4298,.T.);
#4310=CARTESIAN_POINT('',(0.690875948,-5.247723821,101.853447358));
#4311=DIRECTION('',(0.062395793,-0.473943098,0.87834202));
#4312=DIRECTION('',(-0.17341551,-0.871818643,-0.458104043));
#4313=AXIS2_PLACEMENT_3D('',#4310,#4311,#4312);
#4314=PLANE('',#4313);
#4315=ORIENTED_EDGE('',*,*,#4245,.T.);
#4316=CARTESIAN_POINT('',(68.303317989,7.091422397,103.708443748));
#4317=VERTEX_POINT('',#4316);
#4318=CARTESIAN_POINT('',(76.35959855,0.,99.309691757));
#4319=DIRECTION('',(-0.694556119,0.611372802,0.379229607));
#4320=VECTOR('',#4319,11.599178729);
#4321=LINE('',#4318,#4320);
#4322=EDGE_CURVE('',#4232,#4317,#4321,.T.);
#4323=ORIENTED_EDGE('',*,*,#4322,.T.);
#4324=CARTESIAN_POINT('',(68.303317989,7.091422397,103.708443748));
#4325=DIRECTION('',(0.991444861,0.130526192,0.));
#4326=VECTOR('',#4325,7.689142604);
#4327=LINE('',#4324,#4326);
#4328=EDGE_CURVE('',#4317,#4240,#4327,.T.);
#4329=ORIENTED_EDGE('',*,*,#4328,.T.);
#4330=EDGE_LOOP('',(#4315,#4323,#4329));
#4331=FACE_BOUND('',#4330,.T.);
#4332=ADVANCED_FACE('',(#4331),#4314,.F.);
#4333=CARTESIAN_POINT('',(-0.,-3.216963664,97.314235199));
#4334=DIRECTION('',(0.,0.527118846,-0.849791576));
#4335=DIRECTION('',(0.166669737,0.837905353,0.519745917));
#4336=AXIS2_PLACEMENT_3D('',#4333,#4334,#4335);
#4337=PLANE('',#4336);
#4338=CARTESIAN_POINT('',(68.670455946,0.,99.309691757));
#4339=VERTEX_POINT('',#4338);
#4340=CARTESIAN_POINT('',(76.35959855,0.,99.309691757));
#4341=DIRECTION('',(-1.,0.,0.));
#4342=VECTOR('',#4341,7.689142604);
#4343=LINE('',#4340,#4342);
#4344=EDGE_CURVE('',#4232,#4339,#4343,.T.);
#4345=ORIENTED_EDGE('',*,*,#4344,.T.);
#4346=CARTESIAN_POINT('',(68.303317989,7.091422397,103.708443748));
#4347=DIRECTION('',(0.043952993,-0.848970338,-0.526609438));
#4348=VECTOR('',#4347,8.352968393);
#4349=LINE('',#4346,#4348);
#4350=EDGE_CURVE('',#4317,#4339,#4349,.T.);
#4351=ORIENTED_EDGE('',*,*,#4350,.F.);
#4352=ORIENTED_EDGE('',*,*,#4322,.F.);
#4353=EDGE_LOOP('',(#4345,#4351,#4352));
#4354=FACE_BOUND('',#4353,.T.);
#4355=ADVANCED_FACE('',(#4354),#4337,.T.);
#4356=CARTESIAN_POINT('',(68.486886967,3.545711199,92.128025968));
#4357=DIRECTION('',(-0.998662512,-0.051702873,0.));
#4358=DIRECTION('',(0.051702873,-0.998662512,0.));
#4359=AXIS2_PLACEMENT_3D('',#4356,#4357,#4358);
#4360=PLANE('',#4359);
#4361=CARTESIAN_POINT('',(68.670455946,0.,99.309691757));
#4362=DIRECTION('',(0.,0.,1.));
#4363=VECTOR('',#4362,4.358080076);
#4364=LINE('',#4361,#4363);
#4365=EDGE_CURVE('',#4339,#4270,#4364,.T.);
#4366=ORIENTED_EDGE('',*,*,#4365,.T.);
#4367=ORIENTED_EDGE('',*,*,#4289,.T.);
#4368=CARTESIAN_POINT('',(68.303317989,7.091422397,108.066523824));
#4369=DIRECTION('',(0.,-0.,-1.));
#4370=VECTOR('',#4369,4.358080076);
#4371=LINE('',#4368,#4370);
#4372=EDGE_CURVE('',#4278,#4317,#4371,.T.);
#4373=ORIENTED_EDGE('',*,*,#4372,.T.);
#4374=ORIENTED_EDGE('',*,*,#4350,.T.);
#4375=EDGE_LOOP('',(#4366,#4367,#4373,#4374));
#4376=FACE_BOUND('',#4375,.T.);
#4377=ADVANCED_FACE('',(#4376),#4360,.T.);
#4378=CARTESIAN_POINT('',(68.303317989,7.091422397,108.066523824));
#4379=DIRECTION('',(-0.991444861,-0.130526192,-0.));
#4380=DIRECTION('',(0.,-0.,-1.));
#4381=AXIS2_PLACEMENT_3D('',#4378,#4379,#4380);
#4382=PLANE('',#4381);
#4383=CARTESIAN_POINT('',(67.81133404,10.8284115,108.066523824));
#4384=VERTEX_POINT('',#4383);
#4385=CARTESIAN_POINT('',(68.056356263,8.967282943,104.806570929));
#4386=VERTEX_POINT('',#4385);
#4387=CARTESIAN_POINT('',(68.303317989,7.091422397,108.066523824));
#4388=DIRECTION('',(-0.991444861,-0.130526192,-0.));
#4389=DIRECTION('',(-0.130526192,0.991444861,-0.));
#4390=AXIS2_PLACEMENT_3D('',#4387,#4388,#4389);
#4391=CIRCLE('',#4390,3.769235435);
#4392=EDGE_CURVE('',#4384,#4386,#4391,.T.);
#4393=ORIENTED_EDGE('',*,*,#4392,.T.);
#4394=CARTESIAN_POINT('',(68.303317989,7.091422397,103.708443748));
#4395=DIRECTION('',(-0.112890066,0.857485186,0.501971104));
#4396=VECTOR('',#4395,2.187630268);
#4397=LINE('',#4394,#4396);
#4398=EDGE_CURVE('',#4317,#4386,#4397,.T.);
#4399=ORIENTED_EDGE('',*,*,#4398,.F.);
#4400=ORIENTED_EDGE('',*,*,#4372,.F.);
#4401=CARTESIAN_POINT('',(68.303317989,7.091422397,108.066523824));
#4402=DIRECTION('',(-0.130526192,0.991444861,-0.));
#4403=VECTOR('',#4402,3.769235435);
#4404=LINE('',#4401,#4403);
#4405=EDGE_CURVE('',#4278,#4384,#4404,.T.);
#4406=ORIENTED_EDGE('',*,*,#4405,.T.);
#4407=EDGE_LOOP('',(#4393,#4399,#4400,#4406));
#4408=FACE_BOUND('',#4407,.T.);
#4409=ADVANCED_FACE('',(#4408),#4382,.T.);
#4410=CARTESIAN_POINT('',(72.11499845,7.59323965,108.066523824));
#4411=DIRECTION('',(-0.991444861,-0.130526192,-0.));
#4412=DIRECTION('',(0.,-0.,-1.));
#4413=AXIS2_PLACEMENT_3D('',#4410,#4411,#4412);
#4414=CYLINDRICAL_SURFACE('',#4413,3.769235435);
#4415=CARTESIAN_POINT('',(75.434694963,11.832046006,108.066523824));
#4416=VERTEX_POINT('',#4415);
#4417=CARTESIAN_POINT('',(75.679717185,9.970917449,104.806570929));
#4418=VERTEX_POINT('',#4417);
#4419=CARTESIAN_POINT('',(75.926678911,8.095056903,108.066523824));
#4420=DIRECTION('',(-0.991444861,-0.130526192,-0.));
#4421=DIRECTION('',(-0.130526192,0.991444861,-0.));
#4422=AXIS2_PLACEMENT_3D('',#4419,#4420,#4421);
#4423=CIRCLE('',#4422,3.769235435);
#4424=EDGE_CURVE('',#4416,#4418,#4423,.T.);
#4425=ORIENTED_EDGE('',*,*,#4424,.T.);
#4426=CARTESIAN_POINT('',(68.056356263,8.967282943,104.806570929));
#4427=DIRECTION('',(0.991444861,0.130526192,0.));
#4428=VECTOR('',#4427,7.689142604);
#4429=LINE('',#4426,#4428);
#4430=EDGE_CURVE('',#4386,#4418,#4429,.T.);
#4431=ORIENTED_EDGE('',*,*,#4430,.F.);
#4432=ORIENTED_EDGE('',*,*,#4392,.F.);
#4433=CARTESIAN_POINT('',(67.81133404,10.8284115,108.066523824));
#4434=DIRECTION('',(0.991444861,0.130526192,0.));
#4435=VECTOR('',#4434,7.689142604);
#4436=LINE('',#4433,#4435);
#4437=EDGE_CURVE('',#4384,#4416,#4436,.T.);
#4438=ORIENTED_EDGE('',*,*,#4437,.T.);
#4439=EDGE_LOOP('',(#4425,#4431,#4432,#4438));
#4440=FACE_BOUND('',#4439,.T.);
#4441=ADVANCED_FACE('',(#4440),#4414,.T.);
#4442=CARTESIAN_POINT('',(75.434694963,11.832046006,108.066523824));
#4443=DIRECTION('',(0.991444861,0.130526192,0.));
#4444=DIRECTION('',(-0.,0.,1.));
#4445=AXIS2_PLACEMENT_3D('',#4442,#4443,#4444);
#4446=PLANE('',#4445);
#4447=CARTESIAN_POINT('',(75.434694963,11.832046006,108.066523824));
#4448=DIRECTION('',(0.130526192,-0.991444861,0.));
#4449=VECTOR('',#4448,3.769235435);
#4450=LINE('',#4447,#4449);
#4451=EDGE_CURVE('',#4416,#4248,#4450,.T.);
#4452=ORIENTED_EDGE('',*,*,#4451,.T.);
#4453=ORIENTED_EDGE('',*,*,#4253,.F.);
#4454=CARTESIAN_POINT('',(75.926678911,8.095056903,103.708443748));
#4455=DIRECTION('',(-0.112890066,0.857485186,0.501971104));
#4456=VECTOR('',#4455,2.187630268);
#4457=LINE('',#4454,#4456);
#4458=EDGE_CURVE('',#4240,#4418,#4457,.T.);
#4459=ORIENTED_EDGE('',*,*,#4458,.T.);
#4460=ORIENTED_EDGE('',*,*,#4424,.F.);
#4461=EDGE_LOOP('',(#4452,#4453,#4459,#4460));
#4462=FACE_BOUND('',#4461,.T.);
#4463=ADVANCED_FACE('',(#4462),#4446,.T.);
#4464=CARTESIAN_POINT('',(-0.184977901,1.405046651,105.624772006));
#4465=DIRECTION('',(-0.065520377,0.497676672,-0.864884391));
#4466=DIRECTION('',(-0.112890066,0.857485186,0.501971104));
#4467=AXIS2_PLACEMENT_3D('',#4464,#4465,#4466);
#4468=PLANE('',#4467);
#4469=ORIENTED_EDGE('',*,*,#4430,.T.);
#4470=ORIENTED_EDGE('',*,*,#4458,.F.);
#4471=ORIENTED_EDGE('',*,*,#4328,.F.);
#4472=ORIENTED_EDGE('',*,*,#4398,.T.);
#4473=EDGE_LOOP('',(#4469,#4470,#4471,#4472));
#4474=FACE_BOUND('',#4473,.T.);
#4475=ADVANCED_FACE('',(#4474),#4468,.T.);
#4476=CARTESIAN_POINT('',(76.633607052,10.089005768,108.066523824));
#4477=DIRECTION('',(0.130526192,-0.991444861,0.));
#4478=DIRECTION('',(0.,0.,-1.));
#4479=AXIS2_PLACEMENT_3D('',#4476,#4477,#4478);
#4480=CYLINDRICAL_SURFACE('',#4479,0.961142825);
#4481=CARTESIAN_POINT('',(77.832519142,8.345965529,108.066523824));
#4482=VERTEX_POINT('',#4481);
#4483=CARTESIAN_POINT('',(76.879599027,8.220511216,108.066523824));
#4484=DIRECTION('',(0.130526192,-0.991444861,0.));
#4485=DIRECTION('',(0.991444861,0.130526192,0.));
#4486=AXIS2_PLACEMENT_3D('',#4483,#4484,#4485);
#4487=CIRCLE('',#4486,0.961142825);
#4488=EDGE_CURVE('',#4482,#4248,#4487,.T.);
#4489=ORIENTED_EDGE('',*,*,#4488,.T.);
#4490=ORIENTED_EDGE('',*,*,#4451,.F.);
#4491=CARTESIAN_POINT('',(77.340535193,12.082954632,108.066523824));
#4492=VERTEX_POINT('',#4491);
#4493=CARTESIAN_POINT('',(76.387615078,11.957500319,108.066523824));
#4494=DIRECTION('',(0.130526192,-0.991444861,0.));
#4495=DIRECTION('',(0.991444861,0.130526192,0.));
#4496=AXIS2_PLACEMENT_3D('',#4493,#4494,#4495);
#4497=CIRCLE('',#4496,0.961142825);
#4498=EDGE_CURVE('',#4492,#4416,#4497,.T.);
#4499=ORIENTED_EDGE('',*,*,#4498,.F.);
#4500=CARTESIAN_POINT('',(77.340535193,12.082954632,108.066523824));
#4501=DIRECTION('',(0.130526192,-0.991444861,0.));
#4502=VECTOR('',#4501,3.769235435);
#4503=LINE('',#4500,#4502);
#4504=EDGE_CURVE('',#4492,#4482,#4503,.T.);
#4505=ORIENTED_EDGE('',*,*,#4504,.T.);
#4506=EDGE_LOOP('',(#4489,#4490,#4499,#4505));
#4507=FACE_BOUND('',#4506,.T.);
#4508=ADVANCED_FACE('',(#4507),#4480,.F.);
#4509=CARTESIAN_POINT('',(77.832519142,8.345965529,108.066523824));
#4510=DIRECTION('',(0.130526192,-0.991444861,0.));
#4511=DIRECTION('',(0.,0.,-1.));
#4512=AXIS2_PLACEMENT_3D('',#4509,#4510,#4511);
#4513=PLANE('',#4512);
#4514=CARTESIAN_POINT('',(85.455880065,9.349600035,108.066523824));
#4515=VERTEX_POINT('',#4514);
#4516=CARTESIAN_POINT('',(76.879599027,8.220511216,108.066523824));
#4517=DIRECTION('',(0.130526192,-0.991444861,0.));
#4518=DIRECTION('',(0.991444861,0.130526192,0.));
#4519=AXIS2_PLACEMENT_3D('',#4516,#4517,#4518);
#4520=CIRCLE('',#4519,8.650285429);
#4521=EDGE_CURVE('',#4515,#4278,#4520,.T.);
#4522=ORIENTED_EDGE('',*,*,#4521,.T.);
#4523=ORIENTED_EDGE('',*,*,#4304,.F.);
#4524=ORIENTED_EDGE('',*,*,#4488,.F.);
#4525=CARTESIAN_POINT('',(77.832519142,8.345965529,108.066523824));
#4526=DIRECTION('',(0.991444861,0.130526192,0.));
#4527=VECTOR('',#4526,7.689142604);
#4528=LINE('',#4525,#4527);
#4529=EDGE_CURVE('',#4482,#4515,#4528,.T.);
#4530=ORIENTED_EDGE('',*,*,#4529,.T.);
#4531=EDGE_LOOP('',(#4522,#4523,#4524,#4530));
#4532=FACE_BOUND('',#4531,.T.);
#4533=ADVANCED_FACE('',(#4532),#4513,.T.);
#4534=CARTESIAN_POINT('',(76.633607052,10.089005768,108.066523824));
#4535=DIRECTION('',(0.130526192,-0.991444861,0.));
#4536=DIRECTION('',(0.,0.,-1.));
#4537=AXIS2_PLACEMENT_3D('',#4534,#4535,#4536);
#4538=CYLINDRICAL_SURFACE('',#4537,8.650285429);
#4539=CARTESIAN_POINT('',(84.963896116,13.086589138,108.066523824));
#4540=VERTEX_POINT('',#4539);
#4541=CARTESIAN_POINT('',(76.387615078,11.957500319,108.066523824));
#4542=DIRECTION('',(0.130526192,-0.991444861,0.));
#4543=DIRECTION('',(0.991444861,0.130526192,0.));
#4544=AXIS2_PLACEMENT_3D('',#4541,#4542,#4543);
#4545=CIRCLE('',#4544,8.650285429);
#4546=EDGE_CURVE('',#4540,#4384,#4545,.T.);
#4547=ORIENTED_EDGE('',*,*,#4546,.T.);
#4548=ORIENTED_EDGE('',*,*,#4405,.F.);
#4549=ORIENTED_EDGE('',*,*,#4521,.F.);
#4550=CARTESIAN_POINT('',(85.455880065,9.349600035,108.066523824));
#4551=DIRECTION('',(-0.130526192,0.991444861,0.));
#4552=VECTOR('',#4551,3.769235435);
#4553=LINE('',#4550,#4552);
#4554=EDGE_CURVE('',#4515,#4540,#4553,.T.);
#4555=ORIENTED_EDGE('',*,*,#4554,.T.);
#4556=EDGE_LOOP('',(#4547,#4548,#4549,#4555));
#4557=FACE_BOUND('',#4556,.T.);
#4558=ADVANCED_FACE('',(#4557),#4538,.T.);
#4559=CARTESIAN_POINT('',(84.963896116,13.086589138,108.066523824));
#4560=DIRECTION('',(-0.130526192,0.991444861,0.));
#4561=DIRECTION('',(0.,0.,1.));
#4562=AXIS2_PLACEMENT_3D('',#4559,#4560,#4561);
#4563=PLANE('',#4562);
#4564=ORIENTED_EDGE('',*,*,#4437,.F.);
#4565=ORIENTED_EDGE('',*,*,#4546,.F.);
#4566=CARTESIAN_POINT('',(84.963896116,13.086589138,108.066523824));
#4567=DIRECTION('',(-0.991444861,-0.130526192,0.));
#4568=VECTOR('',#4567,7.689142604);
#4569=LINE('',#4566,#4568);
#4570=EDGE_CURVE('',#4540,#4492,#4569,.T.);
#4571=ORIENTED_EDGE('',*,*,#4570,.T.);
#4572=ORIENTED_EDGE('',*,*,#4498,.T.);
#4573=EDGE_LOOP('',(#4564,#4565,#4571,#4572));
#4574=FACE_BOUND('',#4573,.T.);
#4575=ADVANCED_FACE('',(#4574),#4563,.T.);
#4576=CARTESIAN_POINT('',(71.019234733,32.921489556,92.128025968));
#4577=DIRECTION('',(-0.896872742,-0.44228869,0.));
#4578=DIRECTION('',(0.,0.,1.));
#4579=AXIS2_PLACEMENT_3D('',#4576,#4577,#4578);
#4580=PLANE('',#4579);
#4581=CARTESIAN_POINT('',(70.265290721,34.450336772,95.489771107));
#4582=VERTEX_POINT('',#4581);
#4583=CARTESIAN_POINT('',(71.019234733,32.921489556,92.128025968));
#4584=DIRECTION('',(0.896872742,0.44228869,0.));
#4585=DIRECTION('',(-0.44228869,0.896872742,0.));
#4586=AXIS2_PLACEMENT_3D('',#4583,#4584,#4585);
#4587=CIRCLE('',#4586,3.769235435);
#4588=EDGE_CURVE('',#4197,#4582,#4587,.T.);
#4589=ORIENTED_EDGE('',*,*,#4588,.F.);
#4590=CARTESIAN_POINT('',(71.019234733,32.921489556,92.128025968));
#4591=DIRECTION('',(-0.44228869,0.896872742,0.));
#4592=VECTOR('',#4591,3.769235435);
#4593=LINE('',#4590,#4592);
#4594=EDGE_CURVE('',#4135,#4197,#4593,.T.);
#4595=ORIENTED_EDGE('',*,*,#4594,.F.);
#4596=CARTESIAN_POINT('',(71.019234733,32.921489556,96.354145194));
#4597=VERTEX_POINT('',#4596);
#4598=CARTESIAN_POINT('',(71.019234733,32.921489556,92.128025968));
#4599=DIRECTION('',(0.,0.,1.));
#4600=VECTOR('',#4599,4.226119225);
#4601=LINE('',#4598,#4600);
#4602=EDGE_CURVE('',#4135,#4597,#4601,.T.);
#4603=ORIENTED_EDGE('',*,*,#4602,.T.);
#4604=CARTESIAN_POINT('',(71.019234733,32.921489556,96.354145194));
#4605=DIRECTION('',(-0.394473065,0.799912245,-0.45225148));
#4606=VECTOR('',#4605,1.911268674);
#4607=LINE('',#4604,#4606);
#4608=EDGE_CURVE('',#4597,#4582,#4607,.T.);
#4609=ORIENTED_EDGE('',*,*,#4608,.T.);
#4610=EDGE_LOOP('',(#4589,#4595,#4603,#4609));
#4611=FACE_BOUND('',#4610,.T.);
#4612=ADVANCED_FACE('',(#4611),#4580,.T.);
#4613=CARTESIAN_POINT('',(74.467325937,34.621899961,92.128025968));
#4614=DIRECTION('',(-0.896872742,-0.44228869,0.));
#4615=DIRECTION('',(0.,0.,1.));
#4616=AXIS2_PLACEMENT_3D('',#4613,#4614,#4615);
#4617=CYLINDRICAL_SURFACE('',#4616,3.769235435);
#4618=CARTESIAN_POINT('',(77.161473128,37.851157583,95.489771107));
#4619=VERTEX_POINT('',#4618);
#4620=CARTESIAN_POINT('',(77.91541714,36.322310367,92.128025968));
#4621=DIRECTION('',(0.896872742,0.44228869,0.));
#4622=DIRECTION('',(-0.44228869,0.896872742,0.));
#4623=AXIS2_PLACEMENT_3D('',#4620,#4621,#4622);
#4624=CIRCLE('',#4623,3.769235435);
#4625=EDGE_CURVE('',#4206,#4619,#4624,.T.);
#4626=ORIENTED_EDGE('',*,*,#4625,.F.);
#4627=ORIENTED_EDGE('',*,*,#4211,.F.);
#4628=ORIENTED_EDGE('',*,*,#4588,.T.);
#4629=CARTESIAN_POINT('',(70.265290721,34.450336772,95.489771107));
#4630=DIRECTION('',(0.896872742,0.44228869,0.));
#4631=VECTOR('',#4630,7.689142604);
#4632=LINE('',#4629,#4631);
#4633=EDGE_CURVE('',#4582,#4619,#4632,.T.);
#4634=ORIENTED_EDGE('',*,*,#4633,.T.);
#4635=EDGE_LOOP('',(#4626,#4627,#4628,#4634));
#4636=FACE_BOUND('',#4635,.T.);
#4637=ADVANCED_FACE('',(#4636),#4617,.T.);
#4638=CARTESIAN_POINT('',(76.248326937,39.702834885,92.128025968));
#4639=DIRECTION('',(0.896872742,0.44228869,0.));
#4640=DIRECTION('',(0.,0.,-1.));
#4641=AXIS2_PLACEMENT_3D('',#4638,#4639,#4640);
#4642=PLANE('',#4641);
#4643=CARTESIAN_POINT('',(76.248326937,39.702834885,92.128025968));
#4644=DIRECTION('',(0.44228869,-0.896872742,0.));
#4645=VECTOR('',#4644,3.769235435);
#4646=LINE('',#4643,#4645);
#4647=EDGE_CURVE('',#4206,#4126,#4646,.T.);
#4648=ORIENTED_EDGE('',*,*,#4647,.F.);
#4649=ORIENTED_EDGE('',*,*,#4625,.T.);
#4650=CARTESIAN_POINT('',(77.91541714,36.322310367,96.354145194));
#4651=VERTEX_POINT('',#4650);
#4652=CARTESIAN_POINT('',(77.91541714,36.322310367,96.354145194));
#4653=DIRECTION('',(-0.394473065,0.799912245,-0.45225148));
#4654=VECTOR('',#4653,1.911268674);
#4655=LINE('',#4652,#4654);
#4656=EDGE_CURVE('',#4651,#4619,#4655,.T.);
#4657=ORIENTED_EDGE('',*,*,#4656,.F.);
#4658=CARTESIAN_POINT('',(77.91541714,36.322310367,96.354145194));
#4659=DIRECTION('',(0.,0.,-1.));
#4660=VECTOR('',#4659,4.226119225);
#4661=LINE('',#4658,#4660);
#4662=EDGE_CURVE('',#4651,#4126,#4661,.T.);
#4663=ORIENTED_EDGE('',*,*,#4662,.T.);
#4664=EDGE_LOOP('',(#4648,#4649,#4657,#4663));
#4665=FACE_BOUND('',#4664,.T.);
#4666=ADVANCED_FACE('',(#4665),#4642,.T.);
#4667=CARTESIAN_POINT('',(-0.583457864,1.183135508,94.729594));
#4668=DIRECTION('',(-0.200025715,0.405612025,0.891890463));
#4669=DIRECTION('',(-0.394473065,0.799912245,-0.45225148));
#4670=AXIS2_PLACEMENT_3D('',#4667,#4668,#4669);
#4671=PLANE('',#4670);
#4672=ORIENTED_EDGE('',*,*,#4633,.F.);
#4673=ORIENTED_EDGE('',*,*,#4608,.F.);
#4674=CARTESIAN_POINT('',(71.019234733,32.921489556,96.354145194));
#4675=DIRECTION('',(0.896872742,0.44228869,0.));
#4676=VECTOR('',#4675,7.689142604);
#4677=LINE('',#4674,#4676);
#4678=EDGE_CURVE('',#4597,#4651,#4677,.T.);
#4679=ORIENTED_EDGE('',*,*,#4678,.T.);
#4680=ORIENTED_EDGE('',*,*,#4656,.T.);
#4681=EDGE_LOOP('',(#4672,#4673,#4679,#4680));
#4682=FACE_BOUND('',#4681,.T.);
#4683=ADVANCED_FACE('',(#4682),#4671,.T.);
#4684=CARTESIAN_POINT('',(-0.566205105,1.148150374,94.884164647));
#4685=DIRECTION('',(-0.186316831,0.377813158,0.906941705));
#4686=DIRECTION('',(-0.401130059,0.813411293,-0.42125615));
#4687=AXIS2_PLACEMENT_3D('',#4684,#4685,#4686);
#4688=PLANE('',#4687);
#4689=ORIENTED_EDGE('',*,*,#4678,.F.);
#4690=CARTESIAN_POINT('',(79.423937925,32.898472266,98.090347078));
#4691=VERTEX_POINT('',#4690);
#4692=CARTESIAN_POINT('',(71.019234733,32.921489556,96.354145194));
#4693=DIRECTION('',(0.979319321,-0.002681984,0.202302926));
#4694=VECTOR('',#4693,8.582188679);
#4695=LINE('',#4692,#4694);
#4696=EDGE_CURVE('',#4597,#4691,#4695,.T.);
#4697=ORIENTED_EDGE('',*,*,#4696,.T.);
#4698=CARTESIAN_POINT('',(79.423937925,32.898472266,98.090347078));
#4699=DIRECTION('',(-0.365733452,0.830092725,-0.420933616));
#4700=VECTOR('',#4699,4.124645353);
#4701=LINE('',#4698,#4700);
#4702=EDGE_CURVE('',#4691,#4651,#4701,.T.);
#4703=ORIENTED_EDGE('',*,*,#4702,.T.);
#4704=EDGE_LOOP('',(#4689,#4697,#4703));
#4705=FACE_BOUND('',#4704,.T.);
#4706=ADVANCED_FACE('',(#4705),#4688,.T.);
#4707=CARTESIAN_POINT('',(71.669665592,31.438727169,92.128025968));
#4708=DIRECTION('',(0.91576629,0.401711467,0.));
#4709=DIRECTION('',(0.401711467,-0.91576629,0.));
#4710=AXIS2_PLACEMENT_3D('',#4707,#4708,#4709);
#4711=PLANE('',#4710);
#4712=ORIENTED_EDGE('',*,*,#4602,.F.);
#4713=CARTESIAN_POINT('',(72.320096451,29.955964782,93.864227852));
#4714=VERTEX_POINT('',#4713);
#4715=CARTESIAN_POINT('',(71.019234733,32.921489556,92.128025968));
#4716=DIRECTION('',(0.354036926,-0.807084457,0.472517231));
#4717=VECTOR('',#4716,3.674367343);
#4718=LINE('',#4715,#4717);
#4719=EDGE_CURVE('',#4135,#4714,#4718,.T.);
#4720=ORIENTED_EDGE('',*,*,#4719,.T.);
#4721=CARTESIAN_POINT('',(72.320096451,29.955964782,98.090347078));
#4722=VERTEX_POINT('',#4721);
#4723=CARTESIAN_POINT('',(72.320096451,29.955964782,93.864227852));
#4724=DIRECTION('',(0.,0.,1.));
#4725=VECTOR('',#4724,4.226119225);
#4726=LINE('',#4723,#4725);
#4727=EDGE_CURVE('',#4714,#4722,#4726,.T.);
#4728=ORIENTED_EDGE('',*,*,#4727,.T.);
#4729=CARTESIAN_POINT('',(71.019234733,32.921489556,96.354145194));
#4730=DIRECTION('',(0.354036926,-0.807084457,0.472517231));
#4731=VECTOR('',#4730,3.674367343);
#4732=LINE('',#4729,#4731);
#4733=EDGE_CURVE('',#4597,#4722,#4732,.T.);
#4734=ORIENTED_EDGE('',*,*,#4733,.F.);
#4735=EDGE_LOOP('',(#4712,#4720,#4728,#4734));
#4736=FACE_BOUND('',#4735,.T.);
#4737=ADVANCED_FACE('',(#4736),#4711,.F.);
#4738=CARTESIAN_POINT('',(-0.276721746,0.668065391,93.476452793));
#4739=DIRECTION('',(0.180854569,-0.436621554,-0.881279322));
#4740=DIRECTION('',(0.389966205,-0.790773237,0.471809333));
#4741=AXIS2_PLACEMENT_3D('',#4738,#4739,#4740);
#4742=PLANE('',#4741);
#4743=ORIENTED_EDGE('',*,*,#4719,.F.);
#4744=CARTESIAN_POINT('',(79.423937925,32.898472266,93.864227852));
#4745=VERTEX_POINT('',#4744);
#4746=CARTESIAN_POINT('',(79.423937925,32.898472266,93.864227852));
#4747=DIRECTION('',(-0.979319321,0.002681984,-0.202302926));
#4748=VECTOR('',#4747,8.582188679);
#4749=LINE('',#4746,#4748);
#4750=EDGE_CURVE('',#4745,#4135,#4749,.T.);
#4751=ORIENTED_EDGE('',*,*,#4750,.F.);
#4752=CARTESIAN_POINT('',(79.423937925,32.898472266,93.864227852));
#4753=DIRECTION('',(-0.923879533,-0.382683432,0.));
#4754=VECTOR('',#4753,7.689142604);
#4755=LINE('',#4752,#4754);
#4756=EDGE_CURVE('',#4745,#4714,#4755,.T.);
#4757=ORIENTED_EDGE('',*,*,#4756,.T.);
#4758=EDGE_LOOP('',(#4743,#4751,#4757));
#4759=FACE_BOUND('',#4758,.T.);
#4760=ADVANCED_FACE('',(#4759),#4742,.T.);
#4761=CARTESIAN_POINT('',(0.1479182,-0.299948437,91.407998778));
#4762=DIRECTION('',(-0.186316831,0.377813158,0.906941705));
#4763=DIRECTION('',(-0.401130059,0.813411293,-0.42125615));
#4764=AXIS2_PLACEMENT_3D('',#4761,#4762,#4763);
#4765=PLANE('',#4764);
#4766=ORIENTED_EDGE('',*,*,#4140,.F.);
#4767=CARTESIAN_POINT('',(77.91541714,36.322310367,92.128025968));
#4768=DIRECTION('',(0.365733452,-0.830092725,0.420933616));
#4769=VECTOR('',#4768,4.124645353);
#4770=LINE('',#4767,#4769);
#4771=EDGE_CURVE('',#4126,#4745,#4770,.T.);
#4772=ORIENTED_EDGE('',*,*,#4771,.T.);
#4773=ORIENTED_EDGE('',*,*,#4750,.T.);
#4774=EDGE_LOOP('',(#4766,#4772,#4773));
#4775=FACE_BOUND('',#4774,.T.);
#4776=ADVANCED_FACE('',(#4775),#4765,.F.);
#4777=CARTESIAN_POINT('',(-0.950294963,2.294214989,96.758681998));
#4778=DIRECTION('',(0.180854569,-0.436621554,-0.881279322));
#4779=DIRECTION('',(0.389966205,-0.790773237,0.471809333));
#4780=AXIS2_PLACEMENT_3D('',#4777,#4778,#4779);
#4781=PLANE('',#4780);
#4782=ORIENTED_EDGE('',*,*,#4733,.T.);
#4783=CARTESIAN_POINT('',(72.320096451,29.955964782,98.090347078));
#4784=DIRECTION('',(0.923879533,0.382683432,0.));
#4785=VECTOR('',#4784,7.689142604);
#4786=LINE('',#4783,#4785);
#4787=EDGE_CURVE('',#4722,#4691,#4786,.T.);
#4788=ORIENTED_EDGE('',*,*,#4787,.T.);
#4789=ORIENTED_EDGE('',*,*,#4696,.F.);
#4790=EDGE_LOOP('',(#4782,#4788,#4789));
#4791=FACE_BOUND('',#4790,.T.);
#4792=ADVANCED_FACE('',(#4791),#4781,.F.);
#4793=CARTESIAN_POINT('',(78.650876154,34.653064162,92.128025968));
#4794=DIRECTION('',(0.91511471,0.403193586,0.));
#4795=DIRECTION('',(0.403193586,-0.91511471,0.));
#4796=AXIS2_PLACEMENT_3D('',#4793,#4794,#4795);
#4797=PLANE('',#4796);
#4798=ORIENTED_EDGE('',*,*,#4662,.F.);
#4799=ORIENTED_EDGE('',*,*,#4702,.F.);
#4800=CARTESIAN_POINT('',(79.423937925,32.898472266,98.090347078));
#4801=DIRECTION('',(0.,0.,-1.));
#4802=VECTOR('',#4801,4.226119225);
#4803=LINE('',#4800,#4802);
#4804=EDGE_CURVE('',#4691,#4745,#4803,.T.);
#4805=ORIENTED_EDGE('',*,*,#4804,.T.);
#4806=ORIENTED_EDGE('',*,*,#4771,.F.);
#4807=EDGE_LOOP('',(#4798,#4799,#4805,#4806));
#4808=FACE_BOUND('',#4807,.T.);
#4809=ADVANCED_FACE('',(#4808),#4797,.T.);
#4810=CARTESIAN_POINT('',(81.231252683,27.574294676,92.128025968));
#4811=DIRECTION('',(-0.946930129,-0.321439465,0.));
#4812=DIRECTION('',(-0.321439465,0.946930129,0.));
#4813=AXIS2_PLACEMENT_3D('',#4810,#4811,#4812);
#4814=PLANE('',#4813);
#4815=ORIENTED_EDGE('',*,*,#4804,.F.);
#4816=CARTESIAN_POINT('',(83.03856744,22.250117086,103.583663652));
#4817=VERTEX_POINT('',#4816);
#4818=CARTESIAN_POINT('',(79.423937925,32.898472266,98.090347078));
#4819=DIRECTION('',(0.288819793,-0.850835673,0.438932551));
#4820=VECTOR('',#4819,12.515172454);
#4821=LINE('',#4818,#4820);
#4822=EDGE_CURVE('',#4691,#4817,#4821,.T.);
#4823=ORIENTED_EDGE('',*,*,#4822,.T.);
#4824=CARTESIAN_POINT('',(83.03856744,22.250117086,99.357544427));
#4825=VERTEX_POINT('',#4824);
#4826=CARTESIAN_POINT('',(83.03856744,22.250117086,103.583663652));
#4827=DIRECTION('',(0.,0.,-1.));
#4828=VECTOR('',#4827,4.226119225);
#4829=LINE('',#4826,#4828);
#4830=EDGE_CURVE('',#4817,#4825,#4829,.T.);
#4831=ORIENTED_EDGE('',*,*,#4830,.T.);
#4832=CARTESIAN_POINT('',(83.03856744,22.250117086,99.357544427));
#4833=DIRECTION('',(-0.288819793,0.850835673,-0.438932551));
#4834=VECTOR('',#4833,12.515172454);
#4835=LINE('',#4832,#4834);
#4836=EDGE_CURVE('',#4825,#4745,#4835,.T.);
#4837=ORIENTED_EDGE('',*,*,#4836,.T.);
#4838=EDGE_LOOP('',(#4815,#4823,#4831,#4837));
#4839=FACE_BOUND('',#4838,.T.);
#4840=ADVANCED_FACE('',(#4839),#4814,.F.);
#4841=CARTESIAN_POINT('',(-0.951646179,2.297477112,96.753354008));
#4842=DIRECTION('',(0.181216007,-0.437494143,-0.88077218));
#4843=DIRECTION('',(0.38974254,-0.79031969,0.472753149));
#4844=AXIS2_PLACEMENT_3D('',#4841,#4842,#4843);
#4845=PLANE('',#4844);
#4846=ORIENTED_EDGE('',*,*,#4787,.F.);
#4847=CARTESIAN_POINT('',(75.611426017,20.26002054,103.583663652));
#4848=VERTEX_POINT('',#4847);
#4849=CARTESIAN_POINT('',(72.320096451,29.955964782,98.090347078));
#4850=DIRECTION('',(0.283250819,-0.834430005,0.472753149));
#4851=VECTOR('',#4850,11.619841309);
#4852=LINE('',#4849,#4851);
#4853=EDGE_CURVE('',#4722,#4848,#4852,.T.);
#4854=ORIENTED_EDGE('',*,*,#4853,.T.);
#4855=CARTESIAN_POINT('',(75.611426017,20.26002054,103.583663652));
#4856=DIRECTION('',(0.266640367,0.883911049,-0.384192884));
#4857=VECTOR('',#4856,14.298329835);
#4858=LINE('',#4855,#4857);
#4859=EDGE_CURVE('',#4848,#4691,#4858,.T.);
#4860=ORIENTED_EDGE('',*,*,#4859,.T.);
#4861=EDGE_LOOP('',(#4846,#4854,#4860));
#4862=FACE_BOUND('',#4861,.T.);
#4863=ADVANCED_FACE('',(#4862),#4845,.F.);
#4864=CARTESIAN_POINT('',(-1.170880566,4.369785762,101.368951666));
#4865=DIRECTION('',(-0.113800776,0.424710278,0.898148408));
#4866=DIRECTION('',(-0.39871048,0.808504873,-0.432839259));
#4867=AXIS2_PLACEMENT_3D('',#4864,#4865,#4866);
#4868=PLANE('',#4867);
#4869=ORIENTED_EDGE('',*,*,#4822,.F.);
#4870=ORIENTED_EDGE('',*,*,#4859,.F.);
#4871=CARTESIAN_POINT('',(75.611426017,20.26002054,103.583663652));
#4872=DIRECTION('',(0.965925826,0.258819045,0.));
#4873=VECTOR('',#4872,7.689142604);
#4874=LINE('',#4871,#4873);
#4875=EDGE_CURVE('',#4848,#4817,#4874,.T.);
#4876=ORIENTED_EDGE('',*,*,#4875,.T.);
#4877=EDGE_LOOP('',(#4869,#4870,#4876));
#4878=FACE_BOUND('',#4877,.T.);
#4879=ADVANCED_FACE('',(#4878),#4868,.T.);
#4880=CARTESIAN_POINT('',(-0.73892898,2.757720495,97.959865692));
#4881=DIRECTION('',(-0.113800776,0.424710278,0.898148408));
#4882=DIRECTION('',(-0.39871048,0.808504873,-0.432839259));
#4883=AXIS2_PLACEMENT_3D('',#4880,#4881,#4882);
#4884=PLANE('',#4883);
#4885=ORIENTED_EDGE('',*,*,#4836,.F.);
#4886=CARTESIAN_POINT('',(75.611426017,20.26002054,99.357544427));
#4887=VERTEX_POINT('',#4886);
#4888=CARTESIAN_POINT('',(83.03856744,22.250117086,99.357544427));
#4889=DIRECTION('',(-0.965925826,-0.258819045,0.));
#4890=VECTOR('',#4889,7.689142604);
#4891=LINE('',#4888,#4890);
#4892=EDGE_CURVE('',#4825,#4887,#4891,.T.);
#4893=ORIENTED_EDGE('',*,*,#4892,.T.);
#4894=CARTESIAN_POINT('',(79.423937925,32.898472266,93.864227852));
#4895=DIRECTION('',(-0.266640367,-0.883911049,0.384192884));
#4896=VECTOR('',#4895,14.298329835);
#4897=LINE('',#4894,#4896);
#4898=EDGE_CURVE('',#4745,#4887,#4897,.T.);
#4899=ORIENTED_EDGE('',*,*,#4898,.F.);
#4900=EDGE_LOOP('',(#4885,#4893,#4899));
#4901=FACE_BOUND('',#4900,.T.);
#4902=ADVANCED_FACE('',(#4901),#4884,.F.);
#4903=CARTESIAN_POINT('',(-0.277115214,0.669015308,93.474901306));
#4904=DIRECTION('',(0.181216007,-0.437494143,-0.88077218));
#4905=DIRECTION('',(0.38974254,-0.79031969,0.472753149));
#4906=AXIS2_PLACEMENT_3D('',#4903,#4904,#4905);
#4907=PLANE('',#4906);
#4908=ORIENTED_EDGE('',*,*,#4756,.F.);
#4909=ORIENTED_EDGE('',*,*,#4898,.T.);
#4910=CARTESIAN_POINT('',(75.611426017,20.26002054,99.357544427));
#4911=DIRECTION('',(-0.283250819,0.834430005,-0.472753149));
#4912=VECTOR('',#4911,11.619841309);
#4913=LINE('',#4910,#4912);
#4914=EDGE_CURVE('',#4887,#4714,#4913,.T.);
#4915=ORIENTED_EDGE('',*,*,#4914,.T.);
#4916=EDGE_LOOP('',(#4908,#4909,#4915));
#4917=FACE_BOUND('',#4916,.T.);
#4918=ADVANCED_FACE('',(#4917),#4907,.T.);
#4919=CARTESIAN_POINT('',(73.965761234,25.107992661,92.128025968));
#4920=DIRECTION('',(-0.946930129,-0.321439465,0.));
#4921=DIRECTION('',(-0.321439465,0.946930129,0.));
#4922=AXIS2_PLACEMENT_3D('',#4919,#4920,#4921);
#4923=PLANE('',#4922);
#4924=ORIENTED_EDGE('',*,*,#4727,.F.);
#4925=ORIENTED_EDGE('',*,*,#4914,.F.);
#4926=CARTESIAN_POINT('',(75.611426017,20.26002054,99.357544427));
#4927=DIRECTION('',(0.,0.,1.));
#4928=VECTOR('',#4927,4.226119225);
#4929=LINE('',#4926,#4928);
#4930=EDGE_CURVE('',#4887,#4848,#4929,.T.);
#4931=ORIENTED_EDGE('',*,*,#4930,.T.);
#4932=ORIENTED_EDGE('',*,*,#4853,.F.);
#4933=EDGE_LOOP('',(#4924,#4925,#4931,#4932));
#4934=FACE_BOUND('',#4933,.T.);
#4935=ADVANCED_FACE('',(#4934),#4923,.T.);
#4936=CARTESIAN_POINT('',(84.005062956,17.650118769,92.128025968));
#4937=DIRECTION('',(-0.978632273,-0.205618272,0.));
#4938=DIRECTION('',(-0.205618272,0.978632273,0.));
#4939=AXIS2_PLACEMENT_3D('',#4936,#4937,#4938);
#4940=PLANE('',#4939);
#4941=ORIENTED_EDGE('',*,*,#4830,.F.);
#4942=CARTESIAN_POINT('',(83.03856744,22.250117086,103.583663652));
#4943=DIRECTION('',(0.185459699,-0.882688319,0.431817127));
#4944=VECTOR('',#4943,10.38138576);
#4945=LINE('',#4942,#4944);
#4946=EDGE_CURVE('',#4817,#4540,#4945,.T.);
#4947=ORIENTED_EDGE('',*,*,#4946,.T.);
#4948=CARTESIAN_POINT('',(84.963896116,13.086589138,103.840404599));
#4949=VERTEX_POINT('',#4948);
#4950=CARTESIAN_POINT('',(84.963896116,13.086589138,103.840404599));
#4951=DIRECTION('',(0.,-0.,1.));
#4952=VECTOR('',#4951,4.226119225);
#4953=LINE('',#4950,#4952);
#4954=EDGE_CURVE('',#4949,#4540,#4953,.T.);
#4955=ORIENTED_EDGE('',*,*,#4954,.F.);
#4956=CARTESIAN_POINT('',(84.963896116,13.086589138,103.840404599));
#4957=DIRECTION('',(-0.185459699,0.882688319,-0.431817127));
#4958=VECTOR('',#4957,10.38138576);
#4959=LINE('',#4956,#4958);
#4960=EDGE_CURVE('',#4949,#4825,#4959,.T.);
#4961=ORIENTED_EDGE('',*,*,#4960,.T.);
#4962=EDGE_LOOP('',(#4941,#4947,#4955,#4961));
#4963=FACE_BOUND('',#4962,.T.);
#4964=ADVANCED_FACE('',(#4963),#4940,.F.);
#4965=CARTESIAN_POINT('',(-1.23596773,4.612694364,101.018651026));
#4966=DIRECTION('',(0.12247046,-0.45706598,-0.880960656));
#4967=DIRECTION('',(0.391309874,-0.793497929,0.466087567));
#4968=AXIS2_PLACEMENT_3D('',#4965,#4966,#4967);
#4969=PLANE('',#4968);
#4970=ORIENTED_EDGE('',*,*,#4875,.F.);
#4971=CARTESIAN_POINT('',(75.611426017,20.26002054,103.583663652));
#4972=DIRECTION('',(0.182314496,-0.862176706,0.472665582));
#4973=VECTOR('',#4972,9.484211128);
#4974=LINE('',#4971,#4973);
#4975=EDGE_CURVE('',#4848,#4492,#4974,.T.);
#4976=ORIENTED_EDGE('',*,*,#4975,.T.);
#4977=CARTESIAN_POINT('',(77.340535193,12.082954632,108.066523824));
#4978=DIRECTION('',(0.456303059,0.814194642,-0.35899109));
#4979=VECTOR('',#4978,12.487385602);
#4980=LINE('',#4977,#4979);
#4981=EDGE_CURVE('',#4492,#4817,#4980,.T.);
#4982=ORIENTED_EDGE('',*,*,#4981,.T.);
#4983=EDGE_LOOP('',(#4970,#4976,#4982));
#4984=FACE_BOUND('',#4983,.T.);
#4985=ADVANCED_FACE('',(#4984),#4969,.F.);
#4986=CARTESIAN_POINT('',(-0.85783766,6.515923934,105.815820853));
#4987=DIRECTION('',(-0.056496768,0.429135555,0.901471459));
#4988=DIRECTION('',(-0.402626605,0.81644599,-0.413893419));
#4989=AXIS2_PLACEMENT_3D('',#4986,#4987,#4988);
#4990=PLANE('',#4989);
#4991=ORIENTED_EDGE('',*,*,#4946,.F.);
#4992=ORIENTED_EDGE('',*,*,#4981,.F.);
#4993=ORIENTED_EDGE('',*,*,#4570,.F.);
#4994=EDGE_LOOP('',(#4991,#4992,#4993));
#4995=FACE_BOUND('',#4994,.T.);
#4996=ADVANCED_FACE('',(#4995),#4990,.T.);
#4997=CARTESIAN_POINT('',(-0.642600463,4.881035112,102.381461722));
#4998=DIRECTION('',(-0.056496768,0.429135555,0.901471459));
#4999=DIRECTION('',(-0.402626605,0.81644599,-0.413893419));
#5000=AXIS2_PLACEMENT_3D('',#4997,#4998,#4999);
#5001=PLANE('',#5000);
#5002=ORIENTED_EDGE('',*,*,#4960,.F.);
#5003=CARTESIAN_POINT('',(77.340535193,12.082954632,103.840404599));
#5004=VERTEX_POINT('',#5003);
#5005=CARTESIAN_POINT('',(77.340535193,12.082954632,103.840404599));
#5006=DIRECTION('',(0.991444861,0.130526192,0.));
#5007=VECTOR('',#5006,7.689142604);
#5008=LINE('',#5005,#5007);
#5009=EDGE_CURVE('',#5004,#4949,#5008,.T.);
#5010=ORIENTED_EDGE('',*,*,#5009,.F.);
#5011=CARTESIAN_POINT('',(83.03856744,22.250117086,99.357544427));
#5012=DIRECTION('',(-0.456303059,-0.814194642,0.35899109));
#5013=VECTOR('',#5012,12.487385602);
#5014=LINE('',#5011,#5013);
#5015=EDGE_CURVE('',#4825,#5004,#5014,.T.);
#5016=ORIENTED_EDGE('',*,*,#5015,.F.);
#5017=EDGE_LOOP('',(#5002,#5010,#5016));
#5018=FACE_BOUND('',#5017,.T.);
#5019=ADVANCED_FACE('',(#5018),#5001,.F.);
#5020=CARTESIAN_POINT('',(-0.780004725,2.911017263,97.738795071));
#5021=DIRECTION('',(0.12247046,-0.45706598,-0.880960656));
#5022=DIRECTION('',(0.391309874,-0.793497929,0.466087567));
#5023=AXIS2_PLACEMENT_3D('',#5020,#5021,#5022);
#5024=PLANE('',#5023);
#5025=ORIENTED_EDGE('',*,*,#4892,.F.);
#5026=ORIENTED_EDGE('',*,*,#5015,.T.);
#5027=CARTESIAN_POINT('',(77.340535193,12.082954632,103.840404599));
#5028=DIRECTION('',(-0.182314496,0.862176706,-0.472665582));
#5029=VECTOR('',#5028,9.484211128);
#5030=LINE('',#5027,#5029);
#5031=EDGE_CURVE('',#5004,#4887,#5030,.T.);
#5032=ORIENTED_EDGE('',*,*,#5031,.T.);
#5033=EDGE_LOOP('',(#5025,#5026,#5032));
#5034=FACE_BOUND('',#5033,.T.);
#5035=ADVANCED_FACE('',(#5034),#5024,.T.);
#5036=CARTESIAN_POINT('',(76.475980605,16.171487586,92.128025968));
#5037=DIRECTION('',(-0.978365563,-0.206883605,0.));
#5038=DIRECTION('',(-0.206883605,0.978365563,0.));
#5039=AXIS2_PLACEMENT_3D('',#5036,#5037,#5038);
#5040=PLANE('',#5039);
#5041=ORIENTED_EDGE('',*,*,#4930,.F.);
#5042=ORIENTED_EDGE('',*,*,#5031,.F.);
#5043=CARTESIAN_POINT('',(77.340535193,12.082954632,108.066523824));
#5044=DIRECTION('',(-0.,0.,-1.));
#5045=VECTOR('',#5044,4.226119225);
#5046=LINE('',#5043,#5045);
#5047=EDGE_CURVE('',#4492,#5004,#5046,.T.);
#5048=ORIENTED_EDGE('',*,*,#5047,.F.);
#5049=ORIENTED_EDGE('',*,*,#4975,.F.);
#5050=EDGE_LOOP('',(#5041,#5042,#5048,#5049));
#5051=FACE_BOUND('',#5050,.T.);
#5052=ADVANCED_FACE('',(#5051),#5040,.T.);
#5053=CARTESIAN_POINT('',(77.340535193,12.082954632,108.066523824));
#5054=DIRECTION('',(-0.991444861,-0.130526192,-0.));
#5055=DIRECTION('',(-0.,0.,-1.));
#5056=AXIS2_PLACEMENT_3D('',#5053,#5054,#5055);
#5057=PLANE('',#5056);
#5058=CARTESIAN_POINT('',(77.563035662,10.39289578,104.704778685));
#5059=VERTEX_POINT('',#5058);
#5060=CARTESIAN_POINT('',(77.340535193,12.082954632,108.066523824));
#5061=DIRECTION('',(0.991444861,0.130526192,0.));
#5062=DIRECTION('',(0.130526192,-0.991444861,-0.));
#5063=AXIS2_PLACEMENT_3D('',#5060,#5061,#5062);
#5064=CIRCLE('',#5063,3.769235435);
#5065=EDGE_CURVE('',#4482,#5059,#5064,.T.);
#5066=ORIENTED_EDGE('',*,*,#5065,.F.);
#5067=ORIENTED_EDGE('',*,*,#4504,.F.);
#5068=ORIENTED_EDGE('',*,*,#5047,.T.);
#5069=CARTESIAN_POINT('',(77.340535193,12.082954632,103.840404599));
#5070=DIRECTION('',(0.116415066,-0.884260217,0.45225148));
#5071=VECTOR('',#5070,1.911268674);
#5072=LINE('',#5069,#5071);
#5073=EDGE_CURVE('',#5004,#5059,#5072,.T.);
#5074=ORIENTED_EDGE('',*,*,#5073,.T.);
#5075=EDGE_LOOP('',(#5066,#5067,#5068,#5074));
#5076=FACE_BOUND('',#5075,.T.);
#5077=ADVANCED_FACE('',(#5076),#5057,.T.);
#5078=CARTESIAN_POINT('',(81.152215655,12.584771885,108.066523824));
#5079=DIRECTION('',(-0.991444861,-0.130526192,-0.));
#5080=DIRECTION('',(-0.,0.,-1.));
#5081=AXIS2_PLACEMENT_3D('',#5078,#5079,#5080);
#5082=CYLINDRICAL_SURFACE('',#5081,3.769235435);
#5083=CARTESIAN_POINT('',(85.186396585,11.396530285,104.704778685));
#5084=VERTEX_POINT('',#5083);
#5085=CARTESIAN_POINT('',(84.963896116,13.086589138,108.066523824));
#5086=DIRECTION('',(0.991444861,0.130526192,0.));
#5087=DIRECTION('',(0.130526192,-0.991444861,-0.));
#5088=AXIS2_PLACEMENT_3D('',#5085,#5086,#5087);
#5089=CIRCLE('',#5088,3.769235435);
#5090=EDGE_CURVE('',#4515,#5084,#5089,.T.);
#5091=ORIENTED_EDGE('',*,*,#5090,.F.);
#5092=ORIENTED_EDGE('',*,*,#4529,.F.);
#5093=ORIENTED_EDGE('',*,*,#5065,.T.);
#5094=CARTESIAN_POINT('',(77.563035662,10.39289578,104.704778685));
#5095=DIRECTION('',(0.991444861,0.130526192,0.));
#5096=VECTOR('',#5095,7.689142604);
#5097=LINE('',#5094,#5096);
#5098=EDGE_CURVE('',#5059,#5084,#5097,.T.);
#5099=ORIENTED_EDGE('',*,*,#5098,.T.);
#5100=EDGE_LOOP('',(#5091,#5092,#5093,#5099));
#5101=FACE_BOUND('',#5100,.T.);
#5102=ADVANCED_FACE('',(#5101),#5082,.T.);
#5103=CARTESIAN_POINT('',(85.455880065,9.349600035,108.066523824));
#5104=DIRECTION('',(0.991444861,0.130526192,0.));
#5105=DIRECTION('',(0.,-0.,1.));
#5106=AXIS2_PLACEMENT_3D('',#5103,#5104,#5105);
#5107=PLANE('',#5106);
#5108=ORIENTED_EDGE('',*,*,#4554,.F.);
#5109=ORIENTED_EDGE('',*,*,#5090,.T.);
#5110=CARTESIAN_POINT('',(84.963896116,13.086589138,103.840404599));
#5111=DIRECTION('',(0.116415066,-0.884260217,0.45225148));
#5112=VECTOR('',#5111,1.911268674);
#5113=LINE('',#5110,#5112);
#5114=EDGE_CURVE('',#4949,#5084,#5113,.T.);
#5115=ORIENTED_EDGE('',*,*,#5114,.F.);
#5116=ORIENTED_EDGE('',*,*,#4954,.T.);
#5117=EDGE_LOOP('',(#5108,#5109,#5115,#5116));
#5118=FACE_BOUND('',#5117,.T.);
#5119=ADVANCED_FACE('',(#5118),#5107,.T.);
#5120=CARTESIAN_POINT('',(0.172187386,-1.307893044,105.464955792));
#5121=DIRECTION('',(0.059030664,-0.448382406,-0.891890463));
#5122=DIRECTION('',(0.116415066,-0.884260217,0.45225148));
#5123=AXIS2_PLACEMENT_3D('',#5120,#5121,#5122);
#5124=PLANE('',#5123);
#5125=ORIENTED_EDGE('',*,*,#5098,.F.);
#5126=ORIENTED_EDGE('',*,*,#5073,.F.);
#5127=ORIENTED_EDGE('',*,*,#5009,.T.);
#5128=ORIENTED_EDGE('',*,*,#5114,.T.);
#5129=EDGE_LOOP('',(#5125,#5126,#5127,#5128));
#5130=FACE_BOUND('',#5129,.T.);
#5131=ADVANCED_FACE('',(#5130),#5124,.T.);
#5132=CARTESIAN_POINT('',(72.771758034,35.887059619,85.));
#5133=DIRECTION('',(-0.44228869,0.896872742,0.));
#5134=DIRECTION('',(0.,0.,1.));
#5135=AXIS2_PLACEMENT_3D('',#5132,#5133,#5134);
#5136=CYLINDRICAL_SURFACE('',#5135,7.689142604);
#5137=ORIENTED_EDGE('',*,*,#4147,.T.);
#5138=ORIENTED_EDGE('',*,*,#4594,.T.);
#5139=ORIENTED_EDGE('',*,*,#4203,.F.);
#5140=ORIENTED_EDGE('',*,*,#4093,.T.);
#5141=EDGE_LOOP('',(#5137,#5138,#5139,#5140));
#5142=FACE_BOUND('',#5141,.T.);
#5143=ADVANCED_FACE('',(#5142),#5136,.T.);
#5144=CARTESIAN_POINT('',(70.185689631,34.611751815,92.128025968));
#5145=DIRECTION('',(-0.44228869,0.896872742,0.));
#5146=DIRECTION('',(0.,0.,1.));
#5147=AXIS2_PLACEMENT_3D('',#5144,#5145,#5146);
#5148=CYLINDRICAL_SURFACE('',#5147,7.689142604);
#5149=ORIENTED_EDGE('',*,*,#4218,.F.);
#5150=ORIENTED_EDGE('',*,*,#4647,.T.);
#5151=ORIENTED_EDGE('',*,*,#4132,.T.);
#5152=ORIENTED_EDGE('',*,*,#4178,.T.);
#5153=EDGE_LOOP('',(#5149,#5150,#5151,#5152));
#5154=FACE_BOUND('',#5153,.T.);
#5155=ADVANCED_FACE('',(#5154),#5148,.T.);
#5156=CARTESIAN_POINT('',(0.,0.,0.));
#5157=DIRECTION('',(0.,-1.,0.));
#5158=DIRECTION('',(1.,0.,0.));
#5159=AXIS2_PLACEMENT_3D('',#5156,#5157,#5158);
#5160=PLANE('',#5159);
#5161=ORIENTED_EDGE('',*,*,#4237,.F.);
#5162=ORIENTED_EDGE('',*,*,#4275,.F.);
#5163=ORIENTED_EDGE('',*,*,#4365,.F.);
#5164=ORIENTED_EDGE('',*,*,#4344,.F.);
#5165=EDGE_LOOP('',(#5161,#5162,#5163,#5164));
#5166=FACE_BOUND('',#5165,.T.);
#5167=ADVANCED_FACE('',(#5166),#5160,.T.);
#5168=CARTESIAN_POINT('',(0.,0.,0.));
#5169=DIRECTION('',(0.,0.,1.));
#5170=DIRECTION('',(0.923879533,0.382683432,0.));
#5171=AXIS2_PLACEMENT_3D('',#5168,#5169,#5170);
#5172=PLANE('',#5171);
#5173=ORIENTED_EDGE('',*,*,#4077,.T.);
#5174=ORIENTED_EDGE('',*,*,#4193,.T.);
#5175=ORIENTED_EDGE('',*,*,#4164,.T.);
#5176=ORIENTED_EDGE('',*,*,#4115,.T.);
#5177=EDGE_LOOP('',(#5173,#5174,#5175,#5176));
#5178=FACE_BOUND('',#5177,.T.);
#5179=ADVANCED_FACE('',(#5178),#5172,.F.);
#5180=CLOSED_SHELL('',(#4103,#4152,#4183,#4223,#4263,#4293,#4309,#4332,#4355,#4377,#4409,#4441,#4463,#4475,#4508,#4533,#4558,#4575,#4612,#4637,#4666,#4683,#4706,#4737,#4760,#4776,
#4792,#4809,#4840,#4863,#4879,#4902,#4918,#4935,#4964,#4985,#4996,#5019,#5035,#5052,#5077,#5102,#5119,#5131,#5143,#5155,#5167,#5179));
#5181=MANIFOLD_SOLID_BREP('Ph3_P1_C2',#5180);
#4063=STYLED_ITEM('',(#4032),#5181);
#5182=REAL_REPRESENTATION_ITEM('AEDT_Translucency_V1',0.8);
#5183=ID_ATTRIBUTE('SA #5184',#5184);
#5184=SHAPE_ASPECT('properties','',#23,.F.);
#5185=GEOMETRIC_ITEM_SPECIFIC_USAGE('','properties',#5184,#17,#5181);
#5186=PROPERTY_DEFINITION('AEDT_Translucency_V1','',#5184);
#5187=REPRESENTATION('',(#5182),#10);
#5188=PROPERTY_DEFINITION_REPRESENTATION(#5186,#5187);
#5189=GENERAL_PROPERTY('','AEDT_Translucency_V1','');
#5190=GENERAL_PROPERTY_ASSOCIATION('','',#5189,#5186);
#5191=DESCRIPTIVE_REPRESENTATION_ITEM('AEDT_MaterialName_V1','Copper (Pure)_40C');
#5192=PROPERTY_DEFINITION('AEDT_MaterialName_V1','',#5184);
#5193=REPRESENTATION('',(#5191),#10);
#5194=PROPERTY_DEFINITION_REPRESENTATION(#5192,#5193);
#5195=GENERAL_PROPERTY('','AEDT_MaterialName_V1','');
#5196=GENERAL_PROPERTY_ASSOCIATION('','',#5195,#5192);
#5197=DESCRIPTIVE_REPRESENTATION_ITEM('AEDT_EntityName_V1','Ph3_P1_C2');
#5198=PROPERTY_DEFINITION('AEDT_EntityName_V1','',#5184);
#5199=REPRESENTATION('',(#5197),#10);
#5200=PROPERTY_DEFINITION_REPRESENTATION(#5198,#5199);
#5201=GENERAL_PROPERTY('','AEDT_EntityName_V1','');
#5202=GENERAL_PROPERTY_ASSOCIATION('','',#5201,#5198);
#5203=INTEGER_REPRESENTATION_ITEM('AEDT_BODYFlagGroupColor_V1',0);
#5204=INTEGER_REPRESENTATION_ITEM('AEDT_BODYFlagGroupColor_V1',-1);
#5205=INTEGER_REPRESENTATION_ITEM('AEDT_BODYFlagGroupColor_V1',-2147483393);
#5206=INTEGER_REPRESENTATION_ITEM('AEDT_BODYFlagGroupColor_V1',5);
#5207=PROPERTY_DEFINITION('AEDT_BODYFlagGroupColor_V1','',#5184);
#5208=REPRESENTATION('',(#5203,#5204,#5205,#5206),#10);
#5209=PROPERTY_DEFINITION_REPRESENTATION(#5207,#5208);
#5210=GENERAL_PROPERTY('','AEDT_BODYFlagGroupColor_V1','');
#5211=GENERAL_PROPERTY_ASSOCIATION('','',#5210,#5207);
#16=SHAPE_REPRESENTATION('coils_intermediate',(#15),#10);
#17=ADVANCED_BREP_SHAPE_REPRESENTATION('coils_intermediate',(#1660,#2816,#3424,#4025,#5181),#10);
#5219=SHAPE_REPRESENTATION_RELATIONSHIP('','',#16,#17);
#5220=CARTESIAN_POINT('',(0.,0.,0.));
#5221=DIRECTION('',(0.,0.,1.));
#5222=DIRECTION('',(1.,0.,0.));
#5223=AXIS2_PLACEMENT_3D('',#5220,#5221,#5222);
#5225=MAPPED_ITEM('',#5224,#5223);
#5224=REPRESENTATION_MAP(#5223,#16);
#5226=APPLICATION_CONTEXT('Managed model based 3d engineering');
#5227=APPLICATION_PROTOCOL_DEFINITION('international standard','ap242_managed_model_based_3d_engineering',2014,#5226);
#5228=PRODUCT_CONTEXT('',#5226,'mechanical');
#5229=PRODUCT_DEFINITION_CONTEXT('part definition',#5226,'design');
#24=PRODUCT('coils_intermediate','coils_intermediate','',(#5228));
#5230=PRODUCT_RELATED_PRODUCT_CATEGORY('part','',(#24));
#5231=PRODUCT_DEFINITION_FORMATION_WITH_SPECIFIED_SOURCE('','',#24,.NOT_KNOWN.);
#25=PRODUCT_DEFINITION('design','',#5231,#5229);
#23=PRODUCT_DEFINITION_SHAPE('','',#25);
#5232=SHAPE_DEFINITION_REPRESENTATION(#23,#16);
#11=DRAUGHTING_MODEL('',(#5225),#10);
#5233=DESCRIPTIVE_REPRESENTATION_ITEM('KEY','C:/Users/moa/AppData/Local/Temp/coils_intermediate.x_b');
#5234=PROPERTY_DEFINITION('KEY','',#25);
#5235=REPRESENTATION('',(#5233),#10);
#5236=PROPERTY_DEFINITION_REPRESENTATION(#5234,#5235);
#5237=GENERAL_PROPERTY('','KEY','');
#5238=GENERAL_PROPERTY_ASSOCIATION('','',#5237,#5234);
#1=MECHANICAL_DESIGN_GEOMETRIC_PRESENTATION_REPRESENTATION('',(#26,#1698,#2854,#3455,#4063),#10);
ENDSEC;
END-ISO-10303-21;
