ISO-10303-21;
HEADER;

/* File generated by HOOPS Exchange Version 25.7.0 */

FILE_DESCRIPTION(('HOOPS Exchange Step'),'2;1');

FILE_NAME('D:/KDH/simVary/Ansys_Thermal/step_export_icepakfea/magnets.step',
'2026-07-16T17:51:26+09:00',
('moa'),
('Unknown organisation'),
'HOOPS Exchange 2025.7',
'HOOPS Exchange',
'Unknown authorisation');

FILE_SCHEMA( ('AP242_MANAGED_MODEL_BASED_3D_ENGINEERING_MIM_LF {1 0 10303 442 1 1 4}') );

ENDSEC;

DATA;
#3=(NAMED_UNIT(*)PLANE_ANGLE_UNIT()SI_UNIT($,.RADIAN.));
#4=PLANE_ANGLE_MEASURE_WITH_UNIT(PLANE_ANGLE_MEASURE(0.0174532925),#3);
#5=(CONVERSION_BASED_UNIT('DEGREE',#4)NAMED_UNIT(#6)PLANE_ANGLE_UNIT());
#6=DIMENSIONAL_EXPONENTS(0.,0.,0.,0.,0.,0.,0.);
#7=(NAMED_UNIT(*)SI_UNIT($,.STERADIAN.)SOLID_ANGLE_UNIT());
#8=(LENGTH_UNIT()NAMED_UNIT(*)SI_UNIT(.MILLI.,.METRE.));
#9=UNCERTAINTY_MEASURE_WITH_UNIT(LENGTH_MEASURE(1.000000E-05),#8,'DISTANCE_ACCURACY_VALUE','Maximum Tolerance applied to model');
#10=(GEOMETRIC_REPRESENTATION_CONTEXT(3)GLOBAL_UNCERTAINTY_ASSIGNED_CONTEXT((#9))GLOBAL_UNIT_ASSIGNED_CONTEXT((#8,#5,#7))REPRESENTATION_CONTEXT('','magnets_intermediate'));
#12=CARTESIAN_POINT('',(0.,0.,0.));
#13=DIRECTION('',(0.,0.,1.));
#14=DIRECTION('',(1.,0.,0.));
#15=AXIS2_PLACEMENT_3D('',#12,#13,#14);
#27=CARTESIAN_POINT('',(0.,0.,75.));
#28=DIRECTION('',(0.,0.,-1.));
#29=DIRECTION('',(-1.,0.,0.));
#30=AXIS2_PLACEMENT_3D('',#27,#28,#29);
#31=PLANE('',#30);
#32=CARTESIAN_POINT('',(39.707178538,38.153434892,75.));
#33=VERTEX_POINT('',#32);
#34=CARTESIAN_POINT('',(42.295208654,37.904235935,75.));
#35=VERTEX_POINT('',#34);
#36=CARTESIAN_POINT('',(39.707178538,38.153434892,75.));
#37=DIRECTION('',(0.995396198,-0.095845752,0.));
#38=VECTOR('',#37,2.6);
#39=LINE('',#36,#38);
#40=EDGE_CURVE('',#33,#35,#39,.T.);
#41=ORIENTED_EDGE('',*,*,#40,.F.);
#42=CARTESIAN_POINT('',(37.662788637,16.921633981,75.));
#43=VERTEX_POINT('',#42);
#44=CARTESIAN_POINT('',(37.662788637,16.921633981,75.));
#45=DIRECTION('',(0.095845753,0.995396198,0.));
#46=VECTOR('',#45,21.33);
#47=LINE('',#44,#46);
#48=EDGE_CURVE('',#43,#33,#47,.T.);
#49=ORIENTED_EDGE('',*,*,#48,.F.);
#50=CARTESIAN_POINT('',(40.250818753,16.672435024,75.));
#51=VERTEX_POINT('',#50);
#52=CARTESIAN_POINT('',(40.250818753,16.672435024,75.));
#53=DIRECTION('',(-0.995396198,0.095845753,0.));
#54=VECTOR('',#53,2.6);
#55=LINE('',#52,#54);
#56=EDGE_CURVE('',#51,#43,#55,.T.);
#57=ORIENTED_EDGE('',*,*,#56,.F.);
#58=CARTESIAN_POINT('',(42.295208654,37.904235935,75.));
#59=DIRECTION('',(-0.095845753,-0.995396198,0.));
#60=VECTOR('',#59,21.33);
#61=LINE('',#58,#60);
#62=EDGE_CURVE('',#35,#51,#61,.T.);
#63=ORIENTED_EDGE('',*,*,#62,.F.);
#64=EDGE_LOOP('',(#41,#49,#57,#63));
#65=FACE_BOUND('',#64,.T.);
#66=ADVANCED_FACE('',(#65),#31,.F.);
#67=CARTESIAN_POINT('',(0.,0.,66.666666667));
#68=DIRECTION('',(0.,0.,-1.));
#69=DIRECTION('',(-1.,0.,0.));
#70=AXIS2_PLACEMENT_3D('',#67,#68,#69);
#71=PLANE('',#70);
#72=CARTESIAN_POINT('',(39.707178538,38.153434892,66.666666667));
#73=VERTEX_POINT('',#72);
#74=CARTESIAN_POINT('',(42.295208654,37.904235935,66.666666667));
#75=VERTEX_POINT('',#74);
#76=CARTESIAN_POINT('',(39.707178538,38.153434892,66.666666667));
#77=DIRECTION('',(0.995396198,-0.095845752,0.));
#78=VECTOR('',#77,2.6);
#79=LINE('',#76,#78);
#80=EDGE_CURVE('',#73,#75,#79,.T.);
#81=ORIENTED_EDGE('',*,*,#80,.T.);
#82=CARTESIAN_POINT('',(40.250818753,16.672435024,66.666666667));
#83=VERTEX_POINT('',#82);
#84=CARTESIAN_POINT('',(42.295208654,37.904235935,66.666666667));
#85=DIRECTION('',(-0.095845753,-0.995396198,0.));
#86=VECTOR('',#85,21.33);
#87=LINE('',#84,#86);
#88=EDGE_CURVE('',#75,#83,#87,.T.);
#89=ORIENTED_EDGE('',*,*,#88,.T.);
#90=CARTESIAN_POINT('',(37.662788637,16.921633981,66.666666667));
#91=VERTEX_POINT('',#90);
#92=CARTESIAN_POINT('',(40.250818753,16.672435024,66.666666667));
#93=DIRECTION('',(-0.995396198,0.095845753,0.));
#94=VECTOR('',#93,2.6);
#95=LINE('',#92,#94);
#96=EDGE_CURVE('',#83,#91,#95,.T.);
#97=ORIENTED_EDGE('',*,*,#96,.T.);
#98=CARTESIAN_POINT('',(37.662788637,16.921633981,66.666666667));
#99=DIRECTION('',(0.095845753,0.995396198,0.));
#100=VECTOR('',#99,21.33);
#101=LINE('',#98,#100);
#102=EDGE_CURVE('',#91,#73,#101,.T.);
#103=ORIENTED_EDGE('',*,*,#102,.T.);
#104=EDGE_LOOP('',(#81,#89,#97,#103));
#105=FACE_BOUND('',#104,.T.);
#106=ADVANCED_FACE('',(#105),#71,.T.);
#107=CARTESIAN_POINT('',(39.707178538,38.153434892,75.));
#108=DIRECTION('',(0.095845752,0.995396198,0.));
#109=DIRECTION('',(-0.995396198,0.095845752,0.));
#110=AXIS2_PLACEMENT_3D('',#107,#108,#109);
#111=PLANE('',#110);
#112=CARTESIAN_POINT('',(42.295208654,37.904235935,75.));
#113=DIRECTION('',(0.,0.,-1.));
#114=VECTOR('',#113,8.333333333);
#115=LINE('',#112,#114);
#116=EDGE_CURVE('',#35,#75,#115,.T.);
#117=ORIENTED_EDGE('',*,*,#116,.T.);
#118=ORIENTED_EDGE('',*,*,#80,.F.);
#119=CARTESIAN_POINT('',(39.707178538,38.153434892,75.));
#120=DIRECTION('',(0.,0.,-1.));
#121=VECTOR('',#120,8.333333333);
#122=LINE('',#119,#121);
#123=EDGE_CURVE('',#33,#73,#122,.T.);
#124=ORIENTED_EDGE('',*,*,#123,.F.);
#125=ORIENTED_EDGE('',*,*,#40,.T.);
#126=EDGE_LOOP('',(#117,#118,#124,#125));
#127=FACE_BOUND('',#126,.T.);
#128=ADVANCED_FACE('',(#127),#111,.T.);
#129=CARTESIAN_POINT('',(42.295208654,37.904235935,75.));
#130=DIRECTION('',(0.995396198,-0.095845753,0.));
#131=DIRECTION('',(0.095845753,0.995396198,0.));
#132=AXIS2_PLACEMENT_3D('',#129,#130,#131);
#133=PLANE('',#132);
#134=CARTESIAN_POINT('',(40.250818753,16.672435024,75.));
#135=DIRECTION('',(0.,0.,-1.));
#136=VECTOR('',#135,8.333333333);
#137=LINE('',#134,#136);
#138=EDGE_CURVE('',#51,#83,#137,.T.);
#139=ORIENTED_EDGE('',*,*,#138,.T.);
#140=ORIENTED_EDGE('',*,*,#88,.F.);
#141=ORIENTED_EDGE('',*,*,#116,.F.);
#142=ORIENTED_EDGE('',*,*,#62,.T.);
#143=EDGE_LOOP('',(#139,#140,#141,#142));
#144=FACE_BOUND('',#143,.T.);
#145=ADVANCED_FACE('',(#144),#133,.T.);
#146=CARTESIAN_POINT('',(40.250818753,16.672435024,75.));
#147=DIRECTION('',(-0.095845753,-0.995396198,0.));
#148=DIRECTION('',(0.995396198,-0.095845753,0.));
#149=AXIS2_PLACEMENT_3D('',#146,#147,#148);
#150=PLANE('',#149);
#151=CARTESIAN_POINT('',(37.662788637,16.921633981,75.));
#152=DIRECTION('',(0.,0.,-1.));
#153=VECTOR('',#152,8.333333333);
#154=LINE('',#151,#153);
#155=EDGE_CURVE('',#43,#91,#154,.T.);
#156=ORIENTED_EDGE('',*,*,#155,.T.);
#157=ORIENTED_EDGE('',*,*,#96,.F.);
#158=ORIENTED_EDGE('',*,*,#138,.F.);
#159=ORIENTED_EDGE('',*,*,#56,.T.);
#160=EDGE_LOOP('',(#156,#157,#158,#159));
#161=FACE_BOUND('',#160,.T.);
#162=ADVANCED_FACE('',(#161),#150,.T.);
#163=CARTESIAN_POINT('',(37.662788637,16.921633981,75.));
#164=DIRECTION('',(-0.995396198,0.095845753,0.));
#165=DIRECTION('',(-0.095845753,-0.995396198,0.));
#166=AXIS2_PLACEMENT_3D('',#163,#164,#165);
#167=PLANE('',#166);
#168=ORIENTED_EDGE('',*,*,#102,.F.);
#169=ORIENTED_EDGE('',*,*,#155,.F.);
#170=ORIENTED_EDGE('',*,*,#48,.T.);
#171=ORIENTED_EDGE('',*,*,#123,.T.);
#172=EDGE_LOOP('',(#168,#169,#170,#171));
#173=FACE_BOUND('',#172,.T.);
#174=ADVANCED_FACE('',(#173),#167,.T.);
#175=CLOSED_SHELL('',(#66,#106,#128,#145,#162,#174));
#176=MANIFOLD_SOLID_BREP('Magnet_P1_L1_M1_S1_1_Slice1',#175);
#177=COLOUR_RGB('',0.498039216,0.913725495,0.498039216);
#178=FILL_AREA_STYLE_COLOUR('',#177);
#179=FILL_AREA_STYLE('',(#178));
#180=SURFACE_STYLE_FILL_AREA(#179);
#181=SURFACE_SIDE_STYLE('',(#180));
#182=SURFACE_STYLE_USAGE(.BOTH.,#181);
#183=PRESENTATION_STYLE_ASSIGNMENT((#182));
#26=STYLED_ITEM('',(#183),#176);
#184=REAL_REPRESENTATION_ITEM('AEDT_Translucency_V1',0.8);
#185=ID_ATTRIBUTE('SA #186',#186);
#186=SHAPE_ASPECT('properties','',#23,.F.);
#187=GEOMETRIC_ITEM_SPECIFIC_USAGE('','properties',#186,#17,#176);
#188=PROPERTY_DEFINITION('AEDT_Translucency_V1','',#186);
#189=REPRESENTATION('',(#184),#10);
#190=PROPERTY_DEFINITION_REPRESENTATION(#188,#189);
#191=GENERAL_PROPERTY('','AEDT_Translucency_V1','');
#192=GENERAL_PROPERTY_ASSOCIATION('','',#191,#188);
#193=DESCRIPTIVE_REPRESENTATION_ITEM('AEDT_MaterialName_V1','NGYC - N50');
#194=PROPERTY_DEFINITION('AEDT_MaterialName_V1','',#186);
#195=REPRESENTATION('',(#193),#10);
#196=PROPERTY_DEFINITION_REPRESENTATION(#194,#195);
#197=GENERAL_PROPERTY('','AEDT_MaterialName_V1','');
#198=GENERAL_PROPERTY_ASSOCIATION('','',#197,#194);
#199=INTEGER_REPRESENTATION_ITEM('AEDT_BODYFlagGroupColor_V1',0);
#200=INTEGER_REPRESENTATION_ITEM('AEDT_BODYFlagGroupColor_V1',-1);
#201=INTEGER_REPRESENTATION_ITEM('AEDT_BODYFlagGroupColor_V1',-2139100801);
#202=INTEGER_REPRESENTATION_ITEM('AEDT_BODYFlagGroupColor_V1',5);
#203=PROPERTY_DEFINITION('AEDT_BODYFlagGroupColor_V1','',#186);
#204=REPRESENTATION('',(#199,#200,#201,#202),#10);
#205=PROPERTY_DEFINITION_REPRESENTATION(#203,#204);
#206=GENERAL_PROPERTY('','AEDT_BODYFlagGroupColor_V1','');
#207=GENERAL_PROPERTY_ASSOCIATION('','',#206,#203);
#208=DESCRIPTIVE_REPRESENTATION_ITEM('AEDT_EntityName_V1','Magnet_P1_L1_M1_S1_1_Slice1');
#209=PROPERTY_DEFINITION('AEDT_EntityName_V1','',#186);
#210=REPRESENTATION('',(#208),#10);
#211=PROPERTY_DEFINITION_REPRESENTATION(#209,#210);
#212=GENERAL_PROPERTY('','AEDT_EntityName_V1','');
#213=GENERAL_PROPERTY_ASSOCIATION('','',#212,#209);
#215=CARTESIAN_POINT('',(0.,0.,75.));
#216=DIRECTION('',(0.,0.,-1.));
#217=DIRECTION('',(-1.,0.,0.));
#218=AXIS2_PLACEMENT_3D('',#215,#216,#217);
#219=PLANE('',#218);
#220=CARTESIAN_POINT('',(56.709571116,3.104886585,75.));
#221=VERTEX_POINT('',#220);
#222=CARTESIAN_POINT('',(55.055767744,1.098662669,75.));
#223=VERTEX_POINT('',#222);
#224=CARTESIAN_POINT('',(56.709571116,3.104886585,75.));
#225=DIRECTION('',(-0.63607822,-0.771624583,0.));
#226=VECTOR('',#225,2.6);
#227=LINE('',#224,#226);
#228=EDGE_CURVE('',#221,#223,#227,.T.);
#229=ORIENTED_EDGE('',*,*,#228,.F.);
#230=CARTESIAN_POINT('',(40.250818753,16.672435024,75.));
#231=VERTEX_POINT('',#230);
#232=CARTESIAN_POINT('',(40.250818753,16.672435024,75.));
#233=DIRECTION('',(0.771624583,-0.63607822,0.));
#234=VECTOR('',#233,21.33);
#235=LINE('',#232,#234);
#236=EDGE_CURVE('',#231,#221,#235,.T.);
#237=ORIENTED_EDGE('',*,*,#236,.F.);
#238=CARTESIAN_POINT('',(38.59701538,14.666211107,75.));
#239=VERTEX_POINT('',#238);
#240=CARTESIAN_POINT('',(38.59701538,14.666211107,75.));
#241=DIRECTION('',(0.63607822,0.771624583,0.));
#242=VECTOR('',#241,2.6);
#243=LINE('',#240,#242);
#244=EDGE_CURVE('',#239,#231,#243,.T.);
#245=ORIENTED_EDGE('',*,*,#244,.F.);
#246=CARTESIAN_POINT('',(55.055767744,1.098662669,75.));
#247=DIRECTION('',(-0.771624583,0.63607822,0.));
#248=VECTOR('',#247,21.33);
#249=LINE('',#246,#248);
#250=EDGE_CURVE('',#223,#239,#249,.T.);
#251=ORIENTED_EDGE('',*,*,#250,.F.);
#252=EDGE_LOOP('',(#229,#237,#245,#251));
#253=FACE_BOUND('',#252,.T.);
#254=ADVANCED_FACE('',(#253),#219,.F.);
#255=CARTESIAN_POINT('',(0.,0.,66.666666667));
#256=DIRECTION('',(0.,0.,-1.));
#257=DIRECTION('',(-1.,0.,0.));
#258=AXIS2_PLACEMENT_3D('',#255,#256,#257);
#259=PLANE('',#258);
#260=CARTESIAN_POINT('',(56.709571116,3.104886585,66.666666667));
#261=VERTEX_POINT('',#260);
#262=CARTESIAN_POINT('',(55.055767744,1.098662669,66.666666667));
#263=VERTEX_POINT('',#262);
#264=CARTESIAN_POINT('',(56.709571116,3.104886585,66.666666667));
#265=DIRECTION('',(-0.63607822,-0.771624583,0.));
#266=VECTOR('',#265,2.6);
#267=LINE('',#264,#266);
#268=EDGE_CURVE('',#261,#263,#267,.T.);
#269=ORIENTED_EDGE('',*,*,#268,.T.);
#270=CARTESIAN_POINT('',(38.59701538,14.666211107,66.666666667));
#271=VERTEX_POINT('',#270);
#272=CARTESIAN_POINT('',(55.055767744,1.098662669,66.666666667));
#273=DIRECTION('',(-0.771624583,0.63607822,0.));
#274=VECTOR('',#273,21.33);
#275=LINE('',#272,#274);
#276=EDGE_CURVE('',#263,#271,#275,.T.);
#277=ORIENTED_EDGE('',*,*,#276,.T.);
#278=CARTESIAN_POINT('',(40.250818753,16.672435024,66.666666667));
#279=VERTEX_POINT('',#278);
#280=CARTESIAN_POINT('',(38.59701538,14.666211107,66.666666667));
#281=DIRECTION('',(0.63607822,0.771624583,0.));
#282=VECTOR('',#281,2.6);
#283=LINE('',#280,#282);
#284=EDGE_CURVE('',#271,#279,#283,.T.);
#285=ORIENTED_EDGE('',*,*,#284,.T.);
#286=CARTESIAN_POINT('',(40.250818753,16.672435024,66.666666667));
#287=DIRECTION('',(0.771624583,-0.63607822,0.));
#288=VECTOR('',#287,21.33);
#289=LINE('',#286,#288);
#290=EDGE_CURVE('',#279,#261,#289,.T.);
#291=ORIENTED_EDGE('',*,*,#290,.T.);
#292=EDGE_LOOP('',(#269,#277,#285,#291));
#293=FACE_BOUND('',#292,.T.);
#294=ADVANCED_FACE('',(#293),#259,.T.);
#295=CARTESIAN_POINT('',(56.709571116,3.104886585,75.));
#296=DIRECTION('',(0.771624583,-0.63607822,0.));
#297=DIRECTION('',(0.63607822,0.771624583,0.));
#298=AXIS2_PLACEMENT_3D('',#295,#296,#297);
#299=PLANE('',#298);
#300=CARTESIAN_POINT('',(55.055767744,1.098662669,75.));
#301=DIRECTION('',(0.,0.,-1.));
#302=VECTOR('',#301,8.333333333);
#303=LINE('',#300,#302);
#304=EDGE_CURVE('',#223,#263,#303,.T.);
#305=ORIENTED_EDGE('',*,*,#304,.T.);
#306=ORIENTED_EDGE('',*,*,#268,.F.);
#307=CARTESIAN_POINT('',(56.709571116,3.104886585,75.));
#308=DIRECTION('',(0.,0.,-1.));
#309=VECTOR('',#308,8.333333333);
#310=LINE('',#307,#309);
#311=EDGE_CURVE('',#221,#261,#310,.T.);
#312=ORIENTED_EDGE('',*,*,#311,.F.);
#313=ORIENTED_EDGE('',*,*,#228,.T.);
#314=EDGE_LOOP('',(#305,#306,#312,#313));
#315=FACE_BOUND('',#314,.T.);
#316=ADVANCED_FACE('',(#315),#299,.T.);
#317=CARTESIAN_POINT('',(55.055767744,1.098662669,75.));
#318=DIRECTION('',(-0.63607822,-0.771624583,0.));
#319=DIRECTION('',(0.771624583,-0.63607822,0.));
#320=AXIS2_PLACEMENT_3D('',#317,#318,#319);
#321=PLANE('',#320);
#322=CARTESIAN_POINT('',(38.59701538,14.666211107,75.));
#323=DIRECTION('',(0.,0.,-1.));
#324=VECTOR('',#323,8.333333333);
#325=LINE('',#322,#324);
#326=EDGE_CURVE('',#239,#271,#325,.T.);
#327=ORIENTED_EDGE('',*,*,#326,.T.);
#328=ORIENTED_EDGE('',*,*,#276,.F.);
#329=ORIENTED_EDGE('',*,*,#304,.F.);
#330=ORIENTED_EDGE('',*,*,#250,.T.);
#331=EDGE_LOOP('',(#327,#328,#329,#330));
#332=FACE_BOUND('',#331,.T.);
#333=ADVANCED_FACE('',(#332),#321,.T.);
#334=CARTESIAN_POINT('',(38.59701538,14.666211107,75.));
#335=DIRECTION('',(-0.771624583,0.63607822,0.));
#336=DIRECTION('',(-0.63607822,-0.771624583,0.));
#337=AXIS2_PLACEMENT_3D('',#334,#335,#336);
#338=PLANE('',#337);
#339=CARTESIAN_POINT('',(40.250818753,16.672435024,75.));
#340=DIRECTION('',(0.,0.,-1.));
#341=VECTOR('',#340,8.333333333);
#342=LINE('',#339,#341);
#343=EDGE_CURVE('',#231,#279,#342,.T.);
#344=ORIENTED_EDGE('',*,*,#343,.T.);
#345=ORIENTED_EDGE('',*,*,#284,.F.);
#346=ORIENTED_EDGE('',*,*,#326,.F.);
#347=ORIENTED_EDGE('',*,*,#244,.T.);
#348=EDGE_LOOP('',(#344,#345,#346,#347));
#349=FACE_BOUND('',#348,.T.);
#350=ADVANCED_FACE('',(#349),#338,.T.);
#351=CARTESIAN_POINT('',(40.250818753,16.672435024,75.));
#352=DIRECTION('',(0.63607822,0.771624583,0.));
#353=DIRECTION('',(-0.771624583,0.63607822,0.));
#354=AXIS2_PLACEMENT_3D('',#351,#352,#353);
#355=PLANE('',#354);
#356=ORIENTED_EDGE('',*,*,#290,.F.);
#357=ORIENTED_EDGE('',*,*,#343,.F.);
#358=ORIENTED_EDGE('',*,*,#236,.T.);
#359=ORIENTED_EDGE('',*,*,#311,.T.);
#360=EDGE_LOOP('',(#356,#357,#358,#359));
#361=FACE_BOUND('',#360,.T.);
#362=ADVANCED_FACE('',(#361),#355,.T.);
#363=CLOSED_SHELL('',(#254,#294,#316,#333,#350,#362));
#364=MANIFOLD_SOLID_BREP('Magnet_P1_L1_M2_S1_1_Slice1',#363);
#214=STYLED_ITEM('',(#183),#364);
#365=REAL_REPRESENTATION_ITEM('AEDT_Translucency_V1',0.8);
#366=ID_ATTRIBUTE('SA #367',#367);
#367=SHAPE_ASPECT('properties','',#23,.F.);
#368=GEOMETRIC_ITEM_SPECIFIC_USAGE('','properties',#367,#17,#364);
#369=PROPERTY_DEFINITION('AEDT_Translucency_V1','',#367);
#370=REPRESENTATION('',(#365),#10);
#371=PROPERTY_DEFINITION_REPRESENTATION(#369,#370);
#372=GENERAL_PROPERTY('','AEDT_Translucency_V1','');
#373=GENERAL_PROPERTY_ASSOCIATION('','',#372,#369);
#374=DESCRIPTIVE_REPRESENTATION_ITEM('AEDT_MaterialName_V1','NGYC - N50');
#375=PROPERTY_DEFINITION('AEDT_MaterialName_V1','',#367);
#376=REPRESENTATION('',(#374),#10);
#377=PROPERTY_DEFINITION_REPRESENTATION(#375,#376);
#378=GENERAL_PROPERTY('','AEDT_MaterialName_V1','');
#379=GENERAL_PROPERTY_ASSOCIATION('','',#378,#375);
#380=INTEGER_REPRESENTATION_ITEM('AEDT_BODYFlagGroupColor_V1',0);
#381=INTEGER_REPRESENTATION_ITEM('AEDT_BODYFlagGroupColor_V1',-1);
#382=INTEGER_REPRESENTATION_ITEM('AEDT_BODYFlagGroupColor_V1',-2139100801);
#383=INTEGER_REPRESENTATION_ITEM('AEDT_BODYFlagGroupColor_V1',5);
#384=PROPERTY_DEFINITION('AEDT_BODYFlagGroupColor_V1','',#367);
#385=REPRESENTATION('',(#380,#381,#382,#383),#10);
#386=PROPERTY_DEFINITION_REPRESENTATION(#384,#385);
#387=GENERAL_PROPERTY('','AEDT_BODYFlagGroupColor_V1','');
#388=GENERAL_PROPERTY_ASSOCIATION('','',#387,#384);
#389=DESCRIPTIVE_REPRESENTATION_ITEM('AEDT_EntityName_V1','Magnet_P1_L1_M2_S1_1_Slice1');
#390=PROPERTY_DEFINITION('AEDT_EntityName_V1','',#367);
#391=REPRESENTATION('',(#389),#10);
#392=PROPERTY_DEFINITION_REPRESENTATION(#390,#391);
#393=GENERAL_PROPERTY('','AEDT_EntityName_V1','');
#394=GENERAL_PROPERTY_ASSOCIATION('','',#393,#390);
#396=CARTESIAN_POINT('',(0.,0.,75.));
#397=DIRECTION('',(0.,0.,-1.));
#398=DIRECTION('',(-1.,0.,0.));
#399=AXIS2_PLACEMENT_3D('',#396,#397,#398);
#400=PLANE('',#399);
#401=CARTESIAN_POINT('',(49.058282142,35.365857394,75.));
#402=VERTEX_POINT('',#401);
#403=CARTESIAN_POINT('',(52.626304897,36.84378081,75.));
#404=VERTEX_POINT('',#403);
#405=CARTESIAN_POINT('',(49.058282142,35.365857394,75.));
#406=DIRECTION('',(0.923879533,0.382683432,0.));
#407=VECTOR('',#406,3.862);
#408=LINE('',#405,#407);
#409=EDGE_CURVE('',#402,#404,#408,.T.);
#410=ORIENTED_EDGE('',*,*,#409,.F.);
#411=CARTESIAN_POINT('',(54.377581852,22.523931892,75.));
#412=VERTEX_POINT('',#411);
#413=CARTESIAN_POINT('',(54.377581852,22.523931892,75.));
#414=DIRECTION('',(-0.382683432,0.923879533,0.));
#415=VECTOR('',#414,13.9);
#416=LINE('',#413,#415);
#417=EDGE_CURVE('',#412,#402,#416,.T.);
#418=ORIENTED_EDGE('',*,*,#417,.F.);
#419=CARTESIAN_POINT('',(57.945604607,24.001855308,75.));
#420=VERTEX_POINT('',#419);
#421=CARTESIAN_POINT('',(57.945604607,24.001855308,75.));
#422=DIRECTION('',(-0.923879533,-0.382683432,0.));
#423=VECTOR('',#422,3.862);
#424=LINE('',#421,#423);
#425=EDGE_CURVE('',#420,#412,#424,.T.);
#426=ORIENTED_EDGE('',*,*,#425,.F.);
#427=CARTESIAN_POINT('',(52.626304897,36.84378081,75.));
#428=DIRECTION('',(0.382683432,-0.923879533,0.));
#429=VECTOR('',#428,13.9);
#430=LINE('',#427,#429);
#431=EDGE_CURVE('',#404,#420,#430,.T.);
#432=ORIENTED_EDGE('',*,*,#431,.F.);
#433=EDGE_LOOP('',(#410,#418,#426,#432));
#434=FACE_BOUND('',#433,.T.);
#435=ADVANCED_FACE('',(#434),#400,.F.);
#436=CARTESIAN_POINT('',(0.,0.,66.666666667));
#437=DIRECTION('',(0.,0.,-1.));
#438=DIRECTION('',(-1.,0.,0.));
#439=AXIS2_PLACEMENT_3D('',#436,#437,#438);
#440=PLANE('',#439);
#441=CARTESIAN_POINT('',(49.058282142,35.365857394,66.666666667));
#442=VERTEX_POINT('',#441);
#443=CARTESIAN_POINT('',(52.626304897,36.84378081,66.666666667));
#444=VERTEX_POINT('',#443);
#445=CARTESIAN_POINT('',(49.058282142,35.365857394,66.666666667));
#446=DIRECTION('',(0.923879533,0.382683432,0.));
#447=VECTOR('',#446,3.862);
#448=LINE('',#445,#447);
#449=EDGE_CURVE('',#442,#444,#448,.T.);
#450=ORIENTED_EDGE('',*,*,#449,.T.);
#451=CARTESIAN_POINT('',(57.945604607,24.001855308,66.666666667));
#452=VERTEX_POINT('',#451);
#453=CARTESIAN_POINT('',(52.626304897,36.84378081,66.666666667));
#454=DIRECTION('',(0.382683432,-0.923879533,0.));
#455=VECTOR('',#454,13.9);
#456=LINE('',#453,#455);
#457=EDGE_CURVE('',#444,#452,#456,.T.);
#458=ORIENTED_EDGE('',*,*,#457,.T.);
#459=CARTESIAN_POINT('',(54.377581852,22.523931892,66.666666667));
#460=VERTEX_POINT('',#459);
#461=CARTESIAN_POINT('',(57.945604607,24.001855308,66.666666667));
#462=DIRECTION('',(-0.923879533,-0.382683432,0.));
#463=VECTOR('',#462,3.862);
#464=LINE('',#461,#463);
#465=EDGE_CURVE('',#452,#460,#464,.T.);
#466=ORIENTED_EDGE('',*,*,#465,.T.);
#467=CARTESIAN_POINT('',(54.377581852,22.523931892,66.666666667));
#468=DIRECTION('',(-0.382683432,0.923879533,0.));
#469=VECTOR('',#468,13.9);
#470=LINE('',#467,#469);
#471=EDGE_CURVE('',#460,#442,#470,.T.);
#472=ORIENTED_EDGE('',*,*,#471,.T.);
#473=EDGE_LOOP('',(#450,#458,#466,#472));
#474=FACE_BOUND('',#473,.T.);
#475=ADVANCED_FACE('',(#474),#440,.T.);
#476=CARTESIAN_POINT('',(49.058282142,35.365857394,75.));
#477=DIRECTION('',(-0.382683432,0.923879533,0.));
#478=DIRECTION('',(-0.923879533,-0.382683432,0.));
#479=AXIS2_PLACEMENT_3D('',#476,#477,#478);
#480=PLANE('',#479);
#481=CARTESIAN_POINT('',(52.626304897,36.84378081,75.));
#482=DIRECTION('',(0.,0.,-1.));
#483=VECTOR('',#482,8.333333333);
#484=LINE('',#481,#483);
#485=EDGE_CURVE('',#404,#444,#484,.T.);
#486=ORIENTED_EDGE('',*,*,#485,.T.);
#487=ORIENTED_EDGE('',*,*,#449,.F.);
#488=CARTESIAN_POINT('',(49.058282142,35.365857394,75.));
#489=DIRECTION('',(0.,0.,-1.));
#490=VECTOR('',#489,8.333333333);
#491=LINE('',#488,#490);
#492=EDGE_CURVE('',#402,#442,#491,.T.);
#493=ORIENTED_EDGE('',*,*,#492,.F.);
#494=ORIENTED_EDGE('',*,*,#409,.T.);
#495=EDGE_LOOP('',(#486,#487,#493,#494));
#496=FACE_BOUND('',#495,.T.);
#497=ADVANCED_FACE('',(#496),#480,.T.);
#498=CARTESIAN_POINT('',(52.626304897,36.84378081,75.));
#499=DIRECTION('',(0.923879533,0.382683432,0.));
#500=DIRECTION('',(-0.382683432,0.923879533,0.));
#501=AXIS2_PLACEMENT_3D('',#498,#499,#500);
#502=PLANE('',#501);
#503=CARTESIAN_POINT('',(57.945604607,24.001855308,75.));
#504=DIRECTION('',(0.,0.,-1.));
#505=VECTOR('',#504,8.333333333);
#506=LINE('',#503,#505);
#507=EDGE_CURVE('',#420,#452,#506,.T.);
#508=ORIENTED_EDGE('',*,*,#507,.T.);
#509=ORIENTED_EDGE('',*,*,#457,.F.);
#510=ORIENTED_EDGE('',*,*,#485,.F.);
#511=ORIENTED_EDGE('',*,*,#431,.T.);
#512=EDGE_LOOP('',(#508,#509,#510,#511));
#513=FACE_BOUND('',#512,.T.);
#514=ADVANCED_FACE('',(#513),#502,.T.);
#515=CARTESIAN_POINT('',(57.945604607,24.001855308,75.));
#516=DIRECTION('',(0.382683432,-0.923879533,0.));
#517=DIRECTION('',(0.923879533,0.382683432,0.));
#518=AXIS2_PLACEMENT_3D('',#515,#516,#517);
#519=PLANE('',#518);
#520=CARTESIAN_POINT('',(54.377581852,22.523931892,75.));
#521=DIRECTION('',(0.,0.,-1.));
#522=VECTOR('',#521,8.333333333);
#523=LINE('',#520,#522);
#524=EDGE_CURVE('',#412,#460,#523,.T.);
#525=ORIENTED_EDGE('',*,*,#524,.T.);
#526=ORIENTED_EDGE('',*,*,#465,.F.);
#527=ORIENTED_EDGE('',*,*,#507,.F.);
#528=ORIENTED_EDGE('',*,*,#425,.T.);
#529=EDGE_LOOP('',(#525,#526,#527,#528));
#530=FACE_BOUND('',#529,.T.);
#531=ADVANCED_FACE('',(#530),#519,.T.);
#532=CARTESIAN_POINT('',(54.377581852,22.523931892,75.));
#533=DIRECTION('',(-0.923879533,-0.382683432,0.));
#534=DIRECTION('',(0.382683432,-0.923879533,0.));
#535=AXIS2_PLACEMENT_3D('',#532,#533,#534);
#536=PLANE('',#535);
#537=ORIENTED_EDGE('',*,*,#471,.F.);
#538=ORIENTED_EDGE('',*,*,#524,.F.);
#539=ORIENTED_EDGE('',*,*,#417,.T.);
#540=ORIENTED_EDGE('',*,*,#492,.T.);
#541=EDGE_LOOP('',(#537,#538,#539,#540));
#542=FACE_BOUND('',#541,.T.);
#543=ADVANCED_FACE('',(#542),#536,.T.);
#544=CLOSED_SHELL('',(#435,#475,#497,#514,#531,#543));
#545=MANIFOLD_SOLID_BREP('Magnet_P1_L2_M1_S1_1_Slice1',#544);
#395=STYLED_ITEM('',(#183),#545);
#546=REAL_REPRESENTATION_ITEM('AEDT_Translucency_V1',0.8);
#547=ID_ATTRIBUTE('SA #548',#548);
#548=SHAPE_ASPECT('properties','',#23,.F.);
#549=GEOMETRIC_ITEM_SPECIFIC_USAGE('','properties',#548,#17,#545);
#550=PROPERTY_DEFINITION('AEDT_Translucency_V1','',#548);
#551=REPRESENTATION('',(#546),#10);
#552=PROPERTY_DEFINITION_REPRESENTATION(#550,#551);
#553=GENERAL_PROPERTY('','AEDT_Translucency_V1','');
#554=GENERAL_PROPERTY_ASSOCIATION('','',#553,#550);
#555=DESCRIPTIVE_REPRESENTATION_ITEM('AEDT_MaterialName_V1','NGYC - N50');
#556=PROPERTY_DEFINITION('AEDT_MaterialName_V1','',#548);
#557=REPRESENTATION('',(#555),#10);
#558=PROPERTY_DEFINITION_REPRESENTATION(#556,#557);
#559=GENERAL_PROPERTY('','AEDT_MaterialName_V1','');
#560=GENERAL_PROPERTY_ASSOCIATION('','',#559,#556);
#561=INTEGER_REPRESENTATION_ITEM('AEDT_BODYFlagGroupColor_V1',0);
#562=INTEGER_REPRESENTATION_ITEM('AEDT_BODYFlagGroupColor_V1',-1);
#563=INTEGER_REPRESENTATION_ITEM('AEDT_BODYFlagGroupColor_V1',-2139100801);
#564=INTEGER_REPRESENTATION_ITEM('AEDT_BODYFlagGroupColor_V1',5);
#565=PROPERTY_DEFINITION('AEDT_BODYFlagGroupColor_V1','',#548);
#566=REPRESENTATION('',(#561,#562,#563,#564),#10);
#567=PROPERTY_DEFINITION_REPRESENTATION(#565,#566);
#568=GENERAL_PROPERTY('','AEDT_BODYFlagGroupColor_V1','');
#569=GENERAL_PROPERTY_ASSOCIATION('','',#568,#565);
#570=DESCRIPTIVE_REPRESENTATION_ITEM('AEDT_EntityName_V1','Magnet_P1_L2_M1_S1_1_Slice1');
#571=PROPERTY_DEFINITION('AEDT_EntityName_V1','',#548);
#572=REPRESENTATION('',(#570),#10);
#573=PROPERTY_DEFINITION_REPRESENTATION(#571,#572);
#574=GENERAL_PROPERTY('','AEDT_EntityName_V1','');
#575=GENERAL_PROPERTY_ASSOCIATION('','',#574,#571);
#577=CARTESIAN_POINT('',(0.,0.,75.));
#578=DIRECTION('',(0.,0.,-1.));
#579=DIRECTION('',(-1.,0.,0.));
#580=AXIS2_PLACEMENT_3D('',#577,#578,#579);
#581=PLANE('',#580);
#582=CARTESIAN_POINT('',(63.264904317,11.159929806,75.));
#583=VERTEX_POINT('',#582);
#584=CARTESIAN_POINT('',(59.696881562,9.68200639,75.));
#585=VERTEX_POINT('',#584);
#586=CARTESIAN_POINT('',(63.264904317,11.159929806,75.));
#587=DIRECTION('',(-0.923879533,-0.382683432,0.));
#588=VECTOR('',#587,3.862);
#589=LINE('',#586,#588);
#590=EDGE_CURVE('',#583,#585,#589,.T.);
#591=ORIENTED_EDGE('',*,*,#590,.F.);
#592=CARTESIAN_POINT('',(57.945604607,24.001855308,75.));
#593=VERTEX_POINT('',#592);
#594=CARTESIAN_POINT('',(57.945604607,24.001855308,75.));
#595=DIRECTION('',(0.382683432,-0.923879533,0.));
#596=VECTOR('',#595,13.9);
#597=LINE('',#594,#596);
#598=EDGE_CURVE('',#593,#583,#597,.T.);
#599=ORIENTED_EDGE('',*,*,#598,.F.);
#600=CARTESIAN_POINT('',(54.377581852,22.523931892,75.));
#601=VERTEX_POINT('',#600);
#602=CARTESIAN_POINT('',(54.377581852,22.523931892,75.));
#603=DIRECTION('',(0.923879533,0.382683432,0.));
#604=VECTOR('',#603,3.862);
#605=LINE('',#602,#604);
#606=EDGE_CURVE('',#601,#593,#605,.T.);
#607=ORIENTED_EDGE('',*,*,#606,.F.);
#608=CARTESIAN_POINT('',(59.696881562,9.68200639,75.));
#609=DIRECTION('',(-0.382683432,0.923879533,0.));
#610=VECTOR('',#609,13.9);
#611=LINE('',#608,#610);
#612=EDGE_CURVE('',#585,#601,#611,.T.);
#613=ORIENTED_EDGE('',*,*,#612,.F.);
#614=EDGE_LOOP('',(#591,#599,#607,#613));
#615=FACE_BOUND('',#614,.T.);
#616=ADVANCED_FACE('',(#615),#581,.F.);
#617=CARTESIAN_POINT('',(0.,0.,66.666666667));
#618=DIRECTION('',(0.,0.,-1.));
#619=DIRECTION('',(-1.,0.,0.));
#620=AXIS2_PLACEMENT_3D('',#617,#618,#619);
#621=PLANE('',#620);
#622=CARTESIAN_POINT('',(63.264904317,11.159929806,66.666666667));
#623=VERTEX_POINT('',#622);
#624=CARTESIAN_POINT('',(59.696881562,9.68200639,66.666666667));
#625=VERTEX_POINT('',#624);
#626=CARTESIAN_POINT('',(63.264904317,11.159929806,66.666666667));
#627=DIRECTION('',(-0.923879533,-0.382683432,0.));
#628=VECTOR('',#627,3.862);
#629=LINE('',#626,#628);
#630=EDGE_CURVE('',#623,#625,#629,.T.);
#631=ORIENTED_EDGE('',*,*,#630,.T.);
#632=CARTESIAN_POINT('',(54.377581852,22.523931892,66.666666667));
#633=VERTEX_POINT('',#632);
#634=CARTESIAN_POINT('',(59.696881562,9.68200639,66.666666667));
#635=DIRECTION('',(-0.382683432,0.923879533,0.));
#636=VECTOR('',#635,13.9);
#637=LINE('',#634,#636);
#638=EDGE_CURVE('',#625,#633,#637,.T.);
#639=ORIENTED_EDGE('',*,*,#638,.T.);
#640=CARTESIAN_POINT('',(57.945604607,24.001855308,66.666666667));
#641=VERTEX_POINT('',#640);
#642=CARTESIAN_POINT('',(54.377581852,22.523931892,66.666666667));
#643=DIRECTION('',(0.923879533,0.382683432,0.));
#644=VECTOR('',#643,3.862);
#645=LINE('',#642,#644);
#646=EDGE_CURVE('',#633,#641,#645,.T.);
#647=ORIENTED_EDGE('',*,*,#646,.T.);
#648=CARTESIAN_POINT('',(57.945604607,24.001855308,66.666666667));
#649=DIRECTION('',(0.382683432,-0.923879533,0.));
#650=VECTOR('',#649,13.9);
#651=LINE('',#648,#650);
#652=EDGE_CURVE('',#641,#623,#651,.T.);
#653=ORIENTED_EDGE('',*,*,#652,.T.);
#654=EDGE_LOOP('',(#631,#639,#647,#653));
#655=FACE_BOUND('',#654,.T.);
#656=ADVANCED_FACE('',(#655),#621,.T.);
#657=CARTESIAN_POINT('',(63.264904317,11.159929806,75.));
#658=DIRECTION('',(0.382683432,-0.923879533,0.));
#659=DIRECTION('',(0.923879533,0.382683432,0.));
#660=AXIS2_PLACEMENT_3D('',#657,#658,#659);
#661=PLANE('',#660);
#662=CARTESIAN_POINT('',(59.696881562,9.68200639,75.));
#663=DIRECTION('',(0.,0.,-1.));
#664=VECTOR('',#663,8.333333333);
#665=LINE('',#662,#664);
#666=EDGE_CURVE('',#585,#625,#665,.T.);
#667=ORIENTED_EDGE('',*,*,#666,.T.);
#668=ORIENTED_EDGE('',*,*,#630,.F.);
#669=CARTESIAN_POINT('',(63.264904317,11.159929806,75.));
#670=DIRECTION('',(0.,0.,-1.));
#671=VECTOR('',#670,8.333333333);
#672=LINE('',#669,#671);
#673=EDGE_CURVE('',#583,#623,#672,.T.);
#674=ORIENTED_EDGE('',*,*,#673,.F.);
#675=ORIENTED_EDGE('',*,*,#590,.T.);
#676=EDGE_LOOP('',(#667,#668,#674,#675));
#677=FACE_BOUND('',#676,.T.);
#678=ADVANCED_FACE('',(#677),#661,.T.);
#679=CARTESIAN_POINT('',(59.696881562,9.68200639,75.));
#680=DIRECTION('',(-0.923879533,-0.382683432,0.));
#681=DIRECTION('',(0.382683432,-0.923879533,0.));
#682=AXIS2_PLACEMENT_3D('',#679,#680,#681);
#683=PLANE('',#682);
#684=CARTESIAN_POINT('',(54.377581852,22.523931892,75.));
#685=DIRECTION('',(0.,0.,-1.));
#686=VECTOR('',#685,8.333333333);
#687=LINE('',#684,#686);
#688=EDGE_CURVE('',#601,#633,#687,.T.);
#689=ORIENTED_EDGE('',*,*,#688,.T.);
#690=ORIENTED_EDGE('',*,*,#638,.F.);
#691=ORIENTED_EDGE('',*,*,#666,.F.);
#692=ORIENTED_EDGE('',*,*,#612,.T.);
#693=EDGE_LOOP('',(#689,#690,#691,#692));
#694=FACE_BOUND('',#693,.T.);
#695=ADVANCED_FACE('',(#694),#683,.T.);
#696=CARTESIAN_POINT('',(54.377581852,22.523931892,75.));
#697=DIRECTION('',(-0.382683432,0.923879533,0.));
#698=DIRECTION('',(-0.923879533,-0.382683432,0.));
#699=AXIS2_PLACEMENT_3D('',#696,#697,#698);
#700=PLANE('',#699);
#701=CARTESIAN_POINT('',(57.945604607,24.001855308,75.));
#702=DIRECTION('',(0.,0.,-1.));
#703=VECTOR('',#702,8.333333333);
#704=LINE('',#701,#703);
#705=EDGE_CURVE('',#593,#641,#704,.T.);
#706=ORIENTED_EDGE('',*,*,#705,.T.);
#707=ORIENTED_EDGE('',*,*,#646,.F.);
#708=ORIENTED_EDGE('',*,*,#688,.F.);
#709=ORIENTED_EDGE('',*,*,#606,.T.);
#710=EDGE_LOOP('',(#706,#707,#708,#709));
#711=FACE_BOUND('',#710,.T.);
#712=ADVANCED_FACE('',(#711),#700,.T.);
#713=CARTESIAN_POINT('',(57.945604607,24.001855308,75.));
#714=DIRECTION('',(0.923879533,0.382683432,0.));
#715=DIRECTION('',(-0.382683432,0.923879533,0.));
#716=AXIS2_PLACEMENT_3D('',#713,#714,#715);
#717=PLANE('',#716);
#718=ORIENTED_EDGE('',*,*,#652,.F.);
#719=ORIENTED_EDGE('',*,*,#705,.F.);
#720=ORIENTED_EDGE('',*,*,#598,.T.);
#721=ORIENTED_EDGE('',*,*,#673,.T.);
#722=EDGE_LOOP('',(#718,#719,#720,#721));
#723=FACE_BOUND('',#722,.T.);
#724=ADVANCED_FACE('',(#723),#717,.T.);
#725=CLOSED_SHELL('',(#616,#656,#678,#695,#712,#724));
#726=MANIFOLD_SOLID_BREP('Magnet_P1_L2_M2_S1_1_Slice1',#725);
#576=STYLED_ITEM('',(#183),#726);
#727=REAL_REPRESENTATION_ITEM('AEDT_Translucency_V1',0.8);
#728=ID_ATTRIBUTE('SA #729',#729);
#729=SHAPE_ASPECT('properties','',#23,.F.);
#730=GEOMETRIC_ITEM_SPECIFIC_USAGE('','properties',#729,#17,#726);
#731=PROPERTY_DEFINITION('AEDT_Translucency_V1','',#729);
#732=REPRESENTATION('',(#727),#10);
#733=PROPERTY_DEFINITION_REPRESENTATION(#731,#732);
#734=GENERAL_PROPERTY('','AEDT_Translucency_V1','');
#735=GENERAL_PROPERTY_ASSOCIATION('','',#734,#731);
#736=DESCRIPTIVE_REPRESENTATION_ITEM('AEDT_MaterialName_V1','NGYC - N50');
#737=PROPERTY_DEFINITION('AEDT_MaterialName_V1','',#729);
#738=REPRESENTATION('',(#736),#10);
#739=PROPERTY_DEFINITION_REPRESENTATION(#737,#738);
#740=GENERAL_PROPERTY('','AEDT_MaterialName_V1','');
#741=GENERAL_PROPERTY_ASSOCIATION('','',#740,#737);
#742=INTEGER_REPRESENTATION_ITEM('AEDT_BODYFlagGroupColor_V1',0);
#743=INTEGER_REPRESENTATION_ITEM('AEDT_BODYFlagGroupColor_V1',-1);
#744=INTEGER_REPRESENTATION_ITEM('AEDT_BODYFlagGroupColor_V1',-2139100801);
#745=INTEGER_REPRESENTATION_ITEM('AEDT_BODYFlagGroupColor_V1',5);
#746=PROPERTY_DEFINITION('AEDT_BODYFlagGroupColor_V1','',#729);
#747=REPRESENTATION('',(#742,#743,#744,#745),#10);
#748=PROPERTY_DEFINITION_REPRESENTATION(#746,#747);
#749=GENERAL_PROPERTY('','AEDT_BODYFlagGroupColor_V1','');
#750=GENERAL_PROPERTY_ASSOCIATION('','',#749,#746);
#751=DESCRIPTIVE_REPRESENTATION_ITEM('AEDT_EntityName_V1','Magnet_P1_L2_M2_S1_1_Slice1');
#752=PROPERTY_DEFINITION('AEDT_EntityName_V1','',#729);
#753=REPRESENTATION('',(#751),#10);
#754=PROPERTY_DEFINITION_REPRESENTATION(#752,#753);
#755=GENERAL_PROPERTY('','AEDT_EntityName_V1','');
#756=GENERAL_PROPERTY_ASSOCIATION('','',#755,#752);
#758=CARTESIAN_POINT('',(0.,0.,66.666666667));
#759=DIRECTION('',(0.,0.,-1.));
#760=DIRECTION('',(-1.,0.,0.));
#761=AXIS2_PLACEMENT_3D('',#758,#759,#760);
#762=PLANE('',#761);
#763=CARTESIAN_POINT('',(39.707178538,38.153434892,66.666666667));
#764=VERTEX_POINT('',#763);
#765=CARTESIAN_POINT('',(42.295208654,37.904235935,66.666666667));
#766=VERTEX_POINT('',#765);
#767=CARTESIAN_POINT('',(39.707178538,38.153434892,66.666666667));
#768=DIRECTION('',(0.995396198,-0.095845752,0.));
#769=VECTOR('',#768,2.6);
#770=LINE('',#767,#769);
#771=EDGE_CURVE('',#764,#766,#770,.T.);
#772=ORIENTED_EDGE('',*,*,#771,.F.);
#773=CARTESIAN_POINT('',(37.662788637,16.921633981,66.666666667));
#774=VERTEX_POINT('',#773);
#775=CARTESIAN_POINT('',(37.662788637,16.921633981,66.666666667));
#776=DIRECTION('',(0.095845753,0.995396198,0.));
#777=VECTOR('',#776,21.33);
#778=LINE('',#775,#777);
#779=EDGE_CURVE('',#774,#764,#778,.T.);
#780=ORIENTED_EDGE('',*,*,#779,.F.);
#781=CARTESIAN_POINT('',(40.250818753,16.672435024,66.666666667));
#782=VERTEX_POINT('',#781);
#783=CARTESIAN_POINT('',(40.250818753,16.672435024,66.666666667));
#784=DIRECTION('',(-0.995396198,0.095845753,0.));
#785=VECTOR('',#784,2.6);
#786=LINE('',#783,#785);
#787=EDGE_CURVE('',#782,#774,#786,.T.);
#788=ORIENTED_EDGE('',*,*,#787,.F.);
#789=CARTESIAN_POINT('',(42.295208654,37.904235935,66.666666667));
#790=DIRECTION('',(-0.095845753,-0.995396198,0.));
#791=VECTOR('',#790,21.33);
#792=LINE('',#789,#791);
#793=EDGE_CURVE('',#766,#782,#792,.T.);
#794=ORIENTED_EDGE('',*,*,#793,.F.);
#795=EDGE_LOOP('',(#772,#780,#788,#794));
#796=FACE_BOUND('',#795,.T.);
#797=ADVANCED_FACE('',(#796),#762,.F.);
#798=CARTESIAN_POINT('',(0.,0.,58.333333333));
#799=DIRECTION('',(0.,0.,-1.));
#800=DIRECTION('',(-1.,0.,0.));
#801=AXIS2_PLACEMENT_3D('',#798,#799,#800);
#802=PLANE('',#801);
#803=CARTESIAN_POINT('',(39.707178538,38.153434892,58.333333333));
#804=VERTEX_POINT('',#803);
#805=CARTESIAN_POINT('',(42.295208654,37.904235935,58.333333333));
#806=VERTEX_POINT('',#805);
#807=CARTESIAN_POINT('',(39.707178538,38.153434892,58.333333333));
#808=DIRECTION('',(0.995396198,-0.095845752,0.));
#809=VECTOR('',#808,2.6);
#810=LINE('',#807,#809);
#811=EDGE_CURVE('',#804,#806,#810,.T.);
#812=ORIENTED_EDGE('',*,*,#811,.T.);
#813=CARTESIAN_POINT('',(40.250818753,16.672435024,58.333333333));
#814=VERTEX_POINT('',#813);
#815=CARTESIAN_POINT('',(42.295208654,37.904235935,58.333333333));
#816=DIRECTION('',(-0.095845753,-0.995396198,0.));
#817=VECTOR('',#816,21.33);
#818=LINE('',#815,#817);
#819=EDGE_CURVE('',#806,#814,#818,.T.);
#820=ORIENTED_EDGE('',*,*,#819,.T.);
#821=CARTESIAN_POINT('',(37.662788637,16.921633981,58.333333333));
#822=VERTEX_POINT('',#821);
#823=CARTESIAN_POINT('',(40.250818753,16.672435024,58.333333333));
#824=DIRECTION('',(-0.995396198,0.095845753,0.));
#825=VECTOR('',#824,2.6);
#826=LINE('',#823,#825);
#827=EDGE_CURVE('',#814,#822,#826,.T.);
#828=ORIENTED_EDGE('',*,*,#827,.T.);
#829=CARTESIAN_POINT('',(37.662788637,16.921633981,58.333333333));
#830=DIRECTION('',(0.095845753,0.995396198,0.));
#831=VECTOR('',#830,21.33);
#832=LINE('',#829,#831);
#833=EDGE_CURVE('',#822,#804,#832,.T.);
#834=ORIENTED_EDGE('',*,*,#833,.T.);
#835=EDGE_LOOP('',(#812,#820,#828,#834));
#836=FACE_BOUND('',#835,.T.);
#837=ADVANCED_FACE('',(#836),#802,.T.);
#838=CARTESIAN_POINT('',(39.707178538,38.153434892,66.666666667));
#839=DIRECTION('',(0.095845752,0.995396198,0.));
#840=DIRECTION('',(-0.995396198,0.095845752,0.));
#841=AXIS2_PLACEMENT_3D('',#838,#839,#840);
#842=PLANE('',#841);
#843=CARTESIAN_POINT('',(42.295208654,37.904235935,66.666666667));
#844=DIRECTION('',(0.,0.,-1.));
#845=VECTOR('',#844,8.333333333);
#846=LINE('',#843,#845);
#847=EDGE_CURVE('',#766,#806,#846,.T.);
#848=ORIENTED_EDGE('',*,*,#847,.T.);
#849=ORIENTED_EDGE('',*,*,#811,.F.);
#850=CARTESIAN_POINT('',(39.707178538,38.153434892,66.666666667));
#851=DIRECTION('',(0.,0.,-1.));
#852=VECTOR('',#851,8.333333333);
#853=LINE('',#850,#852);
#854=EDGE_CURVE('',#764,#804,#853,.T.);
#855=ORIENTED_EDGE('',*,*,#854,.F.);
#856=ORIENTED_EDGE('',*,*,#771,.T.);
#857=EDGE_LOOP('',(#848,#849,#855,#856));
#858=FACE_BOUND('',#857,.T.);
#859=ADVANCED_FACE('',(#858),#842,.T.);
#860=CARTESIAN_POINT('',(42.295208654,37.904235935,66.666666667));
#861=DIRECTION('',(0.995396198,-0.095845753,0.));
#862=DIRECTION('',(0.095845753,0.995396198,0.));
#863=AXIS2_PLACEMENT_3D('',#860,#861,#862);
#864=PLANE('',#863);
#865=CARTESIAN_POINT('',(40.250818753,16.672435024,66.666666667));
#866=DIRECTION('',(0.,0.,-1.));
#867=VECTOR('',#866,8.333333333);
#868=LINE('',#865,#867);
#869=EDGE_CURVE('',#782,#814,#868,.T.);
#870=ORIENTED_EDGE('',*,*,#869,.T.);
#871=ORIENTED_EDGE('',*,*,#819,.F.);
#872=ORIENTED_EDGE('',*,*,#847,.F.);
#873=ORIENTED_EDGE('',*,*,#793,.T.);
#874=EDGE_LOOP('',(#870,#871,#872,#873));
#875=FACE_BOUND('',#874,.T.);
#876=ADVANCED_FACE('',(#875),#864,.T.);
#877=CARTESIAN_POINT('',(40.250818753,16.672435024,66.666666667));
#878=DIRECTION('',(-0.095845753,-0.995396198,0.));
#879=DIRECTION('',(0.995396198,-0.095845753,0.));
#880=AXIS2_PLACEMENT_3D('',#877,#878,#879);
#881=PLANE('',#880);
#882=CARTESIAN_POINT('',(37.662788637,16.921633981,66.666666667));
#883=DIRECTION('',(0.,0.,-1.));
#884=VECTOR('',#883,8.333333333);
#885=LINE('',#882,#884);
#886=EDGE_CURVE('',#774,#822,#885,.T.);
#887=ORIENTED_EDGE('',*,*,#886,.T.);
#888=ORIENTED_EDGE('',*,*,#827,.F.);
#889=ORIENTED_EDGE('',*,*,#869,.F.);
#890=ORIENTED_EDGE('',*,*,#787,.T.);
#891=EDGE_LOOP('',(#887,#888,#889,#890));
#892=FACE_BOUND('',#891,.T.);
#893=ADVANCED_FACE('',(#892),#881,.T.);
#894=CARTESIAN_POINT('',(37.662788637,16.921633981,66.666666667));
#895=DIRECTION('',(-0.995396198,0.095845753,0.));
#896=DIRECTION('',(-0.095845753,-0.995396198,0.));
#897=AXIS2_PLACEMENT_3D('',#894,#895,#896);
#898=PLANE('',#897);
#899=ORIENTED_EDGE('',*,*,#833,.F.);
#900=ORIENTED_EDGE('',*,*,#886,.F.);
#901=ORIENTED_EDGE('',*,*,#779,.T.);
#902=ORIENTED_EDGE('',*,*,#854,.T.);
#903=EDGE_LOOP('',(#899,#900,#901,#902));
#904=FACE_BOUND('',#903,.T.);
#905=ADVANCED_FACE('',(#904),#898,.T.);
#906=CLOSED_SHELL('',(#797,#837,#859,#876,#893,#905));
#907=MANIFOLD_SOLID_BREP('Magnet_P1_L1_M1_S1_2_Slice1',#906);
#757=STYLED_ITEM('',(#183),#907);
#908=REAL_REPRESENTATION_ITEM('AEDT_Translucency_V1',0.8);
#909=ID_ATTRIBUTE('SA #910',#910);
#910=SHAPE_ASPECT('properties','',#23,.F.);
#911=GEOMETRIC_ITEM_SPECIFIC_USAGE('','properties',#910,#17,#907);
#912=PROPERTY_DEFINITION('AEDT_Translucency_V1','',#910);
#913=REPRESENTATION('',(#908),#10);
#914=PROPERTY_DEFINITION_REPRESENTATION(#912,#913);
#915=GENERAL_PROPERTY('','AEDT_Translucency_V1','');
#916=GENERAL_PROPERTY_ASSOCIATION('','',#915,#912);
#917=DESCRIPTIVE_REPRESENTATION_ITEM('AEDT_MaterialName_V1','NGYC - N50');
#918=PROPERTY_DEFINITION('AEDT_MaterialName_V1','',#910);
#919=REPRESENTATION('',(#917),#10);
#920=PROPERTY_DEFINITION_REPRESENTATION(#918,#919);
#921=GENERAL_PROPERTY('','AEDT_MaterialName_V1','');
#922=GENERAL_PROPERTY_ASSOCIATION('','',#921,#918);
#923=INTEGER_REPRESENTATION_ITEM('AEDT_BODYFlagGroupColor_V1',0);
#924=INTEGER_REPRESENTATION_ITEM('AEDT_BODYFlagGroupColor_V1',-1);
#925=INTEGER_REPRESENTATION_ITEM('AEDT_BODYFlagGroupColor_V1',-2139100801);
#926=INTEGER_REPRESENTATION_ITEM('AEDT_BODYFlagGroupColor_V1',5);
#927=PROPERTY_DEFINITION('AEDT_BODYFlagGroupColor_V1','',#910);
#928=REPRESENTATION('',(#923,#924,#925,#926),#10);
#929=PROPERTY_DEFINITION_REPRESENTATION(#927,#928);
#930=GENERAL_PROPERTY('','AEDT_BODYFlagGroupColor_V1','');
#931=GENERAL_PROPERTY_ASSOCIATION('','',#930,#927);
#932=DESCRIPTIVE_REPRESENTATION_ITEM('AEDT_EntityName_V1','Magnet_P1_L1_M1_S1_2_Slice1');
#933=PROPERTY_DEFINITION('AEDT_EntityName_V1','',#910);
#934=REPRESENTATION('',(#932),#10);
#935=PROPERTY_DEFINITION_REPRESENTATION(#933,#934);
#936=GENERAL_PROPERTY('','AEDT_EntityName_V1','');
#937=GENERAL_PROPERTY_ASSOCIATION('','',#936,#933);
#939=CARTESIAN_POINT('',(0.,0.,58.333333333));
#940=DIRECTION('',(0.,0.,-1.));
#941=DIRECTION('',(-1.,0.,0.));
#942=AXIS2_PLACEMENT_3D('',#939,#940,#941);
#943=PLANE('',#942);
#944=CARTESIAN_POINT('',(39.707178538,38.153434892,58.333333333));
#945=VERTEX_POINT('',#944);
#946=CARTESIAN_POINT('',(42.295208654,37.904235935,58.333333333));
#947=VERTEX_POINT('',#946);
#948=CARTESIAN_POINT('',(39.707178538,38.153434892,58.333333333));
#949=DIRECTION('',(0.995396198,-0.095845752,0.));
#950=VECTOR('',#949,2.6);
#951=LINE('',#948,#950);
#952=EDGE_CURVE('',#945,#947,#951,.T.);
#953=ORIENTED_EDGE('',*,*,#952,.F.);
#954=CARTESIAN_POINT('',(37.662788637,16.921633981,58.333333333));
#955=VERTEX_POINT('',#954);
#956=CARTESIAN_POINT('',(37.662788637,16.921633981,58.333333333));
#957=DIRECTION('',(0.095845753,0.995396198,0.));
#958=VECTOR('',#957,21.33);
#959=LINE('',#956,#958);
#960=EDGE_CURVE('',#955,#945,#959,.T.);
#961=ORIENTED_EDGE('',*,*,#960,.F.);
#962=CARTESIAN_POINT('',(40.250818753,16.672435024,58.333333333));
#963=VERTEX_POINT('',#962);
#964=CARTESIAN_POINT('',(40.250818753,16.672435024,58.333333333));
#965=DIRECTION('',(-0.995396198,0.095845753,0.));
#966=VECTOR('',#965,2.6);
#967=LINE('',#964,#966);
#968=EDGE_CURVE('',#963,#955,#967,.T.);
#969=ORIENTED_EDGE('',*,*,#968,.F.);
#970=CARTESIAN_POINT('',(42.295208654,37.904235935,58.333333333));
#971=DIRECTION('',(-0.095845753,-0.995396198,0.));
#972=VECTOR('',#971,21.33);
#973=LINE('',#970,#972);
#974=EDGE_CURVE('',#947,#963,#973,.T.);
#975=ORIENTED_EDGE('',*,*,#974,.F.);
#976=EDGE_LOOP('',(#953,#961,#969,#975));
#977=FACE_BOUND('',#976,.T.);
#978=ADVANCED_FACE('',(#977),#943,.F.);
#979=CARTESIAN_POINT('',(0.,0.,50.));
#980=DIRECTION('',(0.,0.,-1.));
#981=DIRECTION('',(-1.,0.,0.));
#982=AXIS2_PLACEMENT_3D('',#979,#980,#981);
#983=PLANE('',#982);
#984=CARTESIAN_POINT('',(39.707178538,38.153434892,50.));
#985=VERTEX_POINT('',#984);
#986=CARTESIAN_POINT('',(42.295208654,37.904235935,50.));
#987=VERTEX_POINT('',#986);
#988=CARTESIAN_POINT('',(39.707178538,38.153434892,50.));
#989=DIRECTION('',(0.995396198,-0.095845752,0.));
#990=VECTOR('',#989,2.6);
#991=LINE('',#988,#990);
#992=EDGE_CURVE('',#985,#987,#991,.T.);
#993=ORIENTED_EDGE('',*,*,#992,.T.);
#994=CARTESIAN_POINT('',(40.250818753,16.672435024,50.));
#995=VERTEX_POINT('',#994);
#996=CARTESIAN_POINT('',(42.295208654,37.904235935,50.));
#997=DIRECTION('',(-0.095845753,-0.995396198,0.));
#998=VECTOR('',#997,21.33);
#999=LINE('',#996,#998);
#1000=EDGE_CURVE('',#987,#995,#999,.T.);
#1001=ORIENTED_EDGE('',*,*,#1000,.T.);
#1002=CARTESIAN_POINT('',(37.662788637,16.921633981,50.));
#1003=VERTEX_POINT('',#1002);
#1004=CARTESIAN_POINT('',(40.250818753,16.672435024,50.));
#1005=DIRECTION('',(-0.995396198,0.095845753,0.));
#1006=VECTOR('',#1005,2.6);
#1007=LINE('',#1004,#1006);
#1008=EDGE_CURVE('',#995,#1003,#1007,.T.);
#1009=ORIENTED_EDGE('',*,*,#1008,.T.);
#1010=CARTESIAN_POINT('',(37.662788637,16.921633981,50.));
#1011=DIRECTION('',(0.095845753,0.995396198,0.));
#1012=VECTOR('',#1011,21.33);
#1013=LINE('',#1010,#1012);
#1014=EDGE_CURVE('',#1003,#985,#1013,.T.);
#1015=ORIENTED_EDGE('',*,*,#1014,.T.);
#1016=EDGE_LOOP('',(#993,#1001,#1009,#1015));
#1017=FACE_BOUND('',#1016,.T.);
#1018=ADVANCED_FACE('',(#1017),#983,.T.);
#1019=CARTESIAN_POINT('',(39.707178538,38.153434892,58.333333333));
#1020=DIRECTION('',(0.095845752,0.995396198,0.));
#1021=DIRECTION('',(-0.995396198,0.095845752,0.));
#1022=AXIS2_PLACEMENT_3D('',#1019,#1020,#1021);
#1023=PLANE('',#1022);
#1024=CARTESIAN_POINT('',(42.295208654,37.904235935,58.333333333));
#1025=DIRECTION('',(0.,0.,-1.));
#1026=VECTOR('',#1025,8.333333333);
#1027=LINE('',#1024,#1026);
#1028=EDGE_CURVE('',#947,#987,#1027,.T.);
#1029=ORIENTED_EDGE('',*,*,#1028,.T.);
#1030=ORIENTED_EDGE('',*,*,#992,.F.);
#1031=CARTESIAN_POINT('',(39.707178538,38.153434892,58.333333333));
#1032=DIRECTION('',(0.,0.,-1.));
#1033=VECTOR('',#1032,8.333333333);
#1034=LINE('',#1031,#1033);
#1035=EDGE_CURVE('',#945,#985,#1034,.T.);
#1036=ORIENTED_EDGE('',*,*,#1035,.F.);
#1037=ORIENTED_EDGE('',*,*,#952,.T.);
#1038=EDGE_LOOP('',(#1029,#1030,#1036,#1037));
#1039=FACE_BOUND('',#1038,.T.);
#1040=ADVANCED_FACE('',(#1039),#1023,.T.);
#1041=CARTESIAN_POINT('',(42.295208654,37.904235935,58.333333333));
#1042=DIRECTION('',(0.995396198,-0.095845753,0.));
#1043=DIRECTION('',(0.095845753,0.995396198,0.));
#1044=AXIS2_PLACEMENT_3D('',#1041,#1042,#1043);
#1045=PLANE('',#1044);
#1046=CARTESIAN_POINT('',(40.250818753,16.672435024,58.333333333));
#1047=DIRECTION('',(0.,0.,-1.));
#1048=VECTOR('',#1047,8.333333333);
#1049=LINE('',#1046,#1048);
#1050=EDGE_CURVE('',#963,#995,#1049,.T.);
#1051=ORIENTED_EDGE('',*,*,#1050,.T.);
#1052=ORIENTED_EDGE('',*,*,#1000,.F.);
#1053=ORIENTED_EDGE('',*,*,#1028,.F.);
#1054=ORIENTED_EDGE('',*,*,#974,.T.);
#1055=EDGE_LOOP('',(#1051,#1052,#1053,#1054));
#1056=FACE_BOUND('',#1055,.T.);
#1057=ADVANCED_FACE('',(#1056),#1045,.T.);
#1058=CARTESIAN_POINT('',(40.250818753,16.672435024,58.333333333));
#1059=DIRECTION('',(-0.095845753,-0.995396198,0.));
#1060=DIRECTION('',(0.995396198,-0.095845753,0.));
#1061=AXIS2_PLACEMENT_3D('',#1058,#1059,#1060);
#1062=PLANE('',#1061);
#1063=CARTESIAN_POINT('',(37.662788637,16.921633981,58.333333333));
#1064=DIRECTION('',(0.,0.,-1.));
#1065=VECTOR('',#1064,8.333333333);
#1066=LINE('',#1063,#1065);
#1067=EDGE_CURVE('',#955,#1003,#1066,.T.);
#1068=ORIENTED_EDGE('',*,*,#1067,.T.);
#1069=ORIENTED_EDGE('',*,*,#1008,.F.);
#1070=ORIENTED_EDGE('',*,*,#1050,.F.);
#1071=ORIENTED_EDGE('',*,*,#968,.T.);
#1072=EDGE_LOOP('',(#1068,#1069,#1070,#1071));
#1073=FACE_BOUND('',#1072,.T.);
#1074=ADVANCED_FACE('',(#1073),#1062,.T.);
#1075=CARTESIAN_POINT('',(37.662788637,16.921633981,58.333333333));
#1076=DIRECTION('',(-0.995396198,0.095845753,0.));
#1077=DIRECTION('',(-0.095845753,-0.995396198,0.));
#1078=AXIS2_PLACEMENT_3D('',#1075,#1076,#1077);
#1079=PLANE('',#1078);
#1080=ORIENTED_EDGE('',*,*,#1014,.F.);
#1081=ORIENTED_EDGE('',*,*,#1067,.F.);
#1082=ORIENTED_EDGE('',*,*,#960,.T.);
#1083=ORIENTED_EDGE('',*,*,#1035,.T.);
#1084=EDGE_LOOP('',(#1080,#1081,#1082,#1083));
#1085=FACE_BOUND('',#1084,.T.);
#1086=ADVANCED_FACE('',(#1085),#1079,.T.);
#1087=CLOSED_SHELL('',(#978,#1018,#1040,#1057,#1074,#1086));
#1088=MANIFOLD_SOLID_BREP('Magnet_P1_L1_M1_S1_3_Slice1',#1087);
#938=STYLED_ITEM('',(#183),#1088);
#1089=REAL_REPRESENTATION_ITEM('AEDT_Translucency_V1',0.8);
#1090=ID_ATTRIBUTE('SA #1091',#1091);
#1091=SHAPE_ASPECT('properties','',#23,.F.);
#1092=GEOMETRIC_ITEM_SPECIFIC_USAGE('','properties',#1091,#17,#1088);
#1093=PROPERTY_DEFINITION('AEDT_Translucency_V1','',#1091);
#1094=REPRESENTATION('',(#1089),#10);
#1095=PROPERTY_DEFINITION_REPRESENTATION(#1093,#1094);
#1096=GENERAL_PROPERTY('','AEDT_Translucency_V1','');
#1097=GENERAL_PROPERTY_ASSOCIATION('','',#1096,#1093);
#1098=DESCRIPTIVE_REPRESENTATION_ITEM('AEDT_MaterialName_V1','NGYC - N50');
#1099=PROPERTY_DEFINITION('AEDT_MaterialName_V1','',#1091);
#1100=REPRESENTATION('',(#1098),#10);
#1101=PROPERTY_DEFINITION_REPRESENTATION(#1099,#1100);
#1102=GENERAL_PROPERTY('','AEDT_MaterialName_V1','');
#1103=GENERAL_PROPERTY_ASSOCIATION('','',#1102,#1099);
#1104=INTEGER_REPRESENTATION_ITEM('AEDT_BODYFlagGroupColor_V1',0);
#1105=INTEGER_REPRESENTATION_ITEM('AEDT_BODYFlagGroupColor_V1',-1);
#1106=INTEGER_REPRESENTATION_ITEM('AEDT_BODYFlagGroupColor_V1',-2139100801);
#1107=INTEGER_REPRESENTATION_ITEM('AEDT_BODYFlagGroupColor_V1',5);
#1108=PROPERTY_DEFINITION('AEDT_BODYFlagGroupColor_V1','',#1091);
#1109=REPRESENTATION('',(#1104,#1105,#1106,#1107),#10);
#1110=PROPERTY_DEFINITION_REPRESENTATION(#1108,#1109);
#1111=GENERAL_PROPERTY('','AEDT_BODYFlagGroupColor_V1','');
#1112=GENERAL_PROPERTY_ASSOCIATION('','',#1111,#1108);
#1113=DESCRIPTIVE_REPRESENTATION_ITEM('AEDT_EntityName_V1','Magnet_P1_L1_M1_S1_3_Slice1');
#1114=PROPERTY_DEFINITION('AEDT_EntityName_V1','',#1091);
#1115=REPRESENTATION('',(#1113),#10);
#1116=PROPERTY_DEFINITION_REPRESENTATION(#1114,#1115);
#1117=GENERAL_PROPERTY('','AEDT_EntityName_V1','');
#1118=GENERAL_PROPERTY_ASSOCIATION('','',#1117,#1114);
#1120=CARTESIAN_POINT('',(0.,0.,50.));
#1121=DIRECTION('',(0.,0.,-1.));
#1122=DIRECTION('',(-1.,0.,0.));
#1123=AXIS2_PLACEMENT_3D('',#1120,#1121,#1122);
#1124=PLANE('',#1123);
#1125=CARTESIAN_POINT('',(39.707178538,38.153434892,50.));
#1126=VERTEX_POINT('',#1125);
#1127=CARTESIAN_POINT('',(42.295208654,37.904235935,50.));
#1128=VERTEX_POINT('',#1127);
#1129=CARTESIAN_POINT('',(39.707178538,38.153434892,50.));
#1130=DIRECTION('',(0.995396198,-0.095845752,0.));
#1131=VECTOR('',#1130,2.6);
#1132=LINE('',#1129,#1131);
#1133=EDGE_CURVE('',#1126,#1128,#1132,.T.);
#1134=ORIENTED_EDGE('',*,*,#1133,.F.);
#1135=CARTESIAN_POINT('',(37.662788637,16.921633981,50.));
#1136=VERTEX_POINT('',#1135);
#1137=CARTESIAN_POINT('',(37.662788637,16.921633981,50.));
#1138=DIRECTION('',(0.095845753,0.995396198,0.));
#1139=VECTOR('',#1138,21.33);
#1140=LINE('',#1137,#1139);
#1141=EDGE_CURVE('',#1136,#1126,#1140,.T.);
#1142=ORIENTED_EDGE('',*,*,#1141,.F.);
#1143=CARTESIAN_POINT('',(40.250818753,16.672435024,50.));
#1144=VERTEX_POINT('',#1143);
#1145=CARTESIAN_POINT('',(40.250818753,16.672435024,50.));
#1146=DIRECTION('',(-0.995396198,0.095845753,0.));
#1147=VECTOR('',#1146,2.6);
#1148=LINE('',#1145,#1147);
#1149=EDGE_CURVE('',#1144,#1136,#1148,.T.);
#1150=ORIENTED_EDGE('',*,*,#1149,.F.);
#1151=CARTESIAN_POINT('',(42.295208654,37.904235935,50.));
#1152=DIRECTION('',(-0.095845753,-0.995396198,0.));
#1153=VECTOR('',#1152,21.33);
#1154=LINE('',#1151,#1153);
#1155=EDGE_CURVE('',#1128,#1144,#1154,.T.);
#1156=ORIENTED_EDGE('',*,*,#1155,.F.);
#1157=EDGE_LOOP('',(#1134,#1142,#1150,#1156));
#1158=FACE_BOUND('',#1157,.T.);
#1159=ADVANCED_FACE('',(#1158),#1124,.F.);
#1160=CARTESIAN_POINT('',(0.,0.,41.666666667));
#1161=DIRECTION('',(0.,0.,-1.));
#1162=DIRECTION('',(-1.,0.,0.));
#1163=AXIS2_PLACEMENT_3D('',#1160,#1161,#1162);
#1164=PLANE('',#1163);
#1165=CARTESIAN_POINT('',(39.707178538,38.153434892,41.666666667));
#1166=VERTEX_POINT('',#1165);
#1167=CARTESIAN_POINT('',(42.295208654,37.904235935,41.666666667));
#1168=VERTEX_POINT('',#1167);
#1169=CARTESIAN_POINT('',(39.707178538,38.153434892,41.666666667));
#1170=DIRECTION('',(0.995396198,-0.095845752,0.));
#1171=VECTOR('',#1170,2.6);
#1172=LINE('',#1169,#1171);
#1173=EDGE_CURVE('',#1166,#1168,#1172,.T.);
#1174=ORIENTED_EDGE('',*,*,#1173,.T.);
#1175=CARTESIAN_POINT('',(40.250818753,16.672435024,41.666666667));
#1176=VERTEX_POINT('',#1175);
#1177=CARTESIAN_POINT('',(42.295208654,37.904235935,41.666666667));
#1178=DIRECTION('',(-0.095845753,-0.995396198,0.));
#1179=VECTOR('',#1178,21.33);
#1180=LINE('',#1177,#1179);
#1181=EDGE_CURVE('',#1168,#1176,#1180,.T.);
#1182=ORIENTED_EDGE('',*,*,#1181,.T.);
#1183=CARTESIAN_POINT('',(37.662788637,16.921633981,41.666666667));
#1184=VERTEX_POINT('',#1183);
#1185=CARTESIAN_POINT('',(40.250818753,16.672435024,41.666666667));
#1186=DIRECTION('',(-0.995396198,0.095845753,0.));
#1187=VECTOR('',#1186,2.6);
#1188=LINE('',#1185,#1187);
#1189=EDGE_CURVE('',#1176,#1184,#1188,.T.);
#1190=ORIENTED_EDGE('',*,*,#1189,.T.);
#1191=CARTESIAN_POINT('',(37.662788637,16.921633981,41.666666667));
#1192=DIRECTION('',(0.095845753,0.995396198,0.));
#1193=VECTOR('',#1192,21.33);
#1194=LINE('',#1191,#1193);
#1195=EDGE_CURVE('',#1184,#1166,#1194,.T.);
#1196=ORIENTED_EDGE('',*,*,#1195,.T.);
#1197=EDGE_LOOP('',(#1174,#1182,#1190,#1196));
#1198=FACE_BOUND('',#1197,.T.);
#1199=ADVANCED_FACE('',(#1198),#1164,.T.);
#1200=CARTESIAN_POINT('',(39.707178538,38.153434892,50.));
#1201=DIRECTION('',(0.095845752,0.995396198,0.));
#1202=DIRECTION('',(-0.995396198,0.095845752,0.));
#1203=AXIS2_PLACEMENT_3D('',#1200,#1201,#1202);
#1204=PLANE('',#1203);
#1205=CARTESIAN_POINT('',(42.295208654,37.904235935,50.));
#1206=DIRECTION('',(0.,0.,-1.));
#1207=VECTOR('',#1206,8.333333333);
#1208=LINE('',#1205,#1207);
#1209=EDGE_CURVE('',#1128,#1168,#1208,.T.);
#1210=ORIENTED_EDGE('',*,*,#1209,.T.);
#1211=ORIENTED_EDGE('',*,*,#1173,.F.);
#1212=CARTESIAN_POINT('',(39.707178538,38.153434892,50.));
#1213=DIRECTION('',(0.,0.,-1.));
#1214=VECTOR('',#1213,8.333333333);
#1215=LINE('',#1212,#1214);
#1216=EDGE_CURVE('',#1126,#1166,#1215,.T.);
#1217=ORIENTED_EDGE('',*,*,#1216,.F.);
#1218=ORIENTED_EDGE('',*,*,#1133,.T.);
#1219=EDGE_LOOP('',(#1210,#1211,#1217,#1218));
#1220=FACE_BOUND('',#1219,.T.);
#1221=ADVANCED_FACE('',(#1220),#1204,.T.);
#1222=CARTESIAN_POINT('',(42.295208654,37.904235935,50.));
#1223=DIRECTION('',(0.995396198,-0.095845753,0.));
#1224=DIRECTION('',(0.095845753,0.995396198,0.));
#1225=AXIS2_PLACEMENT_3D('',#1222,#1223,#1224);
#1226=PLANE('',#1225);
#1227=CARTESIAN_POINT('',(40.250818753,16.672435024,50.));
#1228=DIRECTION('',(0.,0.,-1.));
#1229=VECTOR('',#1228,8.333333333);
#1230=LINE('',#1227,#1229);
#1231=EDGE_CURVE('',#1144,#1176,#1230,.T.);
#1232=ORIENTED_EDGE('',*,*,#1231,.T.);
#1233=ORIENTED_EDGE('',*,*,#1181,.F.);
#1234=ORIENTED_EDGE('',*,*,#1209,.F.);
#1235=ORIENTED_EDGE('',*,*,#1155,.T.);
#1236=EDGE_LOOP('',(#1232,#1233,#1234,#1235));
#1237=FACE_BOUND('',#1236,.T.);
#1238=ADVANCED_FACE('',(#1237),#1226,.T.);
#1239=CARTESIAN_POINT('',(40.250818753,16.672435024,50.));
#1240=DIRECTION('',(-0.095845753,-0.995396198,0.));
#1241=DIRECTION('',(0.995396198,-0.095845753,0.));
#1242=AXIS2_PLACEMENT_3D('',#1239,#1240,#1241);
#1243=PLANE('',#1242);
#1244=CARTESIAN_POINT('',(37.662788637,16.921633981,50.));
#1245=DIRECTION('',(0.,0.,-1.));
#1246=VECTOR('',#1245,8.333333333);
#1247=LINE('',#1244,#1246);
#1248=EDGE_CURVE('',#1136,#1184,#1247,.T.);
#1249=ORIENTED_EDGE('',*,*,#1248,.T.);
#1250=ORIENTED_EDGE('',*,*,#1189,.F.);
#1251=ORIENTED_EDGE('',*,*,#1231,.F.);
#1252=ORIENTED_EDGE('',*,*,#1149,.T.);
#1253=EDGE_LOOP('',(#1249,#1250,#1251,#1252));
#1254=FACE_BOUND('',#1253,.T.);
#1255=ADVANCED_FACE('',(#1254),#1243,.T.);
#1256=CARTESIAN_POINT('',(37.662788637,16.921633981,50.));
#1257=DIRECTION('',(-0.995396198,0.095845753,0.));
#1258=DIRECTION('',(-0.095845753,-0.995396198,0.));
#1259=AXIS2_PLACEMENT_3D('',#1256,#1257,#1258);
#1260=PLANE('',#1259);
#1261=ORIENTED_EDGE('',*,*,#1195,.F.);
#1262=ORIENTED_EDGE('',*,*,#1248,.F.);
#1263=ORIENTED_EDGE('',*,*,#1141,.T.);
#1264=ORIENTED_EDGE('',*,*,#1216,.T.);
#1265=EDGE_LOOP('',(#1261,#1262,#1263,#1264));
#1266=FACE_BOUND('',#1265,.T.);
#1267=ADVANCED_FACE('',(#1266),#1260,.T.);
#1268=CLOSED_SHELL('',(#1159,#1199,#1221,#1238,#1255,#1267));
#1269=MANIFOLD_SOLID_BREP('Magnet_P1_L1_M1_S1_4_Slice1',#1268);
#1119=STYLED_ITEM('',(#183),#1269);
#1270=REAL_REPRESENTATION_ITEM('AEDT_Translucency_V1',0.8);
#1271=ID_ATTRIBUTE('SA #1272',#1272);
#1272=SHAPE_ASPECT('properties','',#23,.F.);
#1273=GEOMETRIC_ITEM_SPECIFIC_USAGE('','properties',#1272,#17,#1269);
#1274=PROPERTY_DEFINITION('AEDT_Translucency_V1','',#1272);
#1275=REPRESENTATION('',(#1270),#10);
#1276=PROPERTY_DEFINITION_REPRESENTATION(#1274,#1275);
#1277=GENERAL_PROPERTY('','AEDT_Translucency_V1','');
#1278=GENERAL_PROPERTY_ASSOCIATION('','',#1277,#1274);
#1279=DESCRIPTIVE_REPRESENTATION_ITEM('AEDT_MaterialName_V1','NGYC - N50');
#1280=PROPERTY_DEFINITION('AEDT_MaterialName_V1','',#1272);
#1281=REPRESENTATION('',(#1279),#10);
#1282=PROPERTY_DEFINITION_REPRESENTATION(#1280,#1281);
#1283=GENERAL_PROPERTY('','AEDT_MaterialName_V1','');
#1284=GENERAL_PROPERTY_ASSOCIATION('','',#1283,#1280);
#1285=INTEGER_REPRESENTATION_ITEM('AEDT_BODYFlagGroupColor_V1',0);
#1286=INTEGER_REPRESENTATION_ITEM('AEDT_BODYFlagGroupColor_V1',-1);
#1287=INTEGER_REPRESENTATION_ITEM('AEDT_BODYFlagGroupColor_V1',-2139100801);
#1288=INTEGER_REPRESENTATION_ITEM('AEDT_BODYFlagGroupColor_V1',5);
#1289=PROPERTY_DEFINITION('AEDT_BODYFlagGroupColor_V1','',#1272);
#1290=REPRESENTATION('',(#1285,#1286,#1287,#1288),#10);
#1291=PROPERTY_DEFINITION_REPRESENTATION(#1289,#1290);
#1292=GENERAL_PROPERTY('','AEDT_BODYFlagGroupColor_V1','');
#1293=GENERAL_PROPERTY_ASSOCIATION('','',#1292,#1289);
#1294=DESCRIPTIVE_REPRESENTATION_ITEM('AEDT_EntityName_V1','Magnet_P1_L1_M1_S1_4_Slice1');
#1295=PROPERTY_DEFINITION('AEDT_EntityName_V1','',#1272);
#1296=REPRESENTATION('',(#1294),#10);
#1297=PROPERTY_DEFINITION_REPRESENTATION(#1295,#1296);
#1298=GENERAL_PROPERTY('','AEDT_EntityName_V1','');
#1299=GENERAL_PROPERTY_ASSOCIATION('','',#1298,#1295);
#1301=CARTESIAN_POINT('',(0.,0.,41.666666667));
#1302=DIRECTION('',(0.,0.,-1.));
#1303=DIRECTION('',(-1.,0.,0.));
#1304=AXIS2_PLACEMENT_3D('',#1301,#1302,#1303);
#1305=PLANE('',#1304);
#1306=CARTESIAN_POINT('',(39.707178538,38.153434892,41.666666667));
#1307=VERTEX_POINT('',#1306);
#1308=CARTESIAN_POINT('',(42.295208654,37.904235935,41.666666667));
#1309=VERTEX_POINT('',#1308);
#1310=CARTESIAN_POINT('',(39.707178538,38.153434892,41.666666667));
#1311=DIRECTION('',(0.995396198,-0.095845752,0.));
#1312=VECTOR('',#1311,2.6);
#1313=LINE('',#1310,#1312);
#1314=EDGE_CURVE('',#1307,#1309,#1313,.T.);
#1315=ORIENTED_EDGE('',*,*,#1314,.F.);
#1316=CARTESIAN_POINT('',(37.662788637,16.921633981,41.666666667));
#1317=VERTEX_POINT('',#1316);
#1318=CARTESIAN_POINT('',(37.662788637,16.921633981,41.666666667));
#1319=DIRECTION('',(0.095845753,0.995396198,0.));
#1320=VECTOR('',#1319,21.33);
#1321=LINE('',#1318,#1320);
#1322=EDGE_CURVE('',#1317,#1307,#1321,.T.);
#1323=ORIENTED_EDGE('',*,*,#1322,.F.);
#1324=CARTESIAN_POINT('',(40.250818753,16.672435024,41.666666667));
#1325=VERTEX_POINT('',#1324);
#1326=CARTESIAN_POINT('',(40.250818753,16.672435024,41.666666667));
#1327=DIRECTION('',(-0.995396198,0.095845753,0.));
#1328=VECTOR('',#1327,2.6);
#1329=LINE('',#1326,#1328);
#1330=EDGE_CURVE('',#1325,#1317,#1329,.T.);
#1331=ORIENTED_EDGE('',*,*,#1330,.F.);
#1332=CARTESIAN_POINT('',(42.295208654,37.904235935,41.666666667));
#1333=DIRECTION('',(-0.095845753,-0.995396198,0.));
#1334=VECTOR('',#1333,21.33);
#1335=LINE('',#1332,#1334);
#1336=EDGE_CURVE('',#1309,#1325,#1335,.T.);
#1337=ORIENTED_EDGE('',*,*,#1336,.F.);
#1338=EDGE_LOOP('',(#1315,#1323,#1331,#1337));
#1339=FACE_BOUND('',#1338,.T.);
#1340=ADVANCED_FACE('',(#1339),#1305,.F.);
#1341=CARTESIAN_POINT('',(0.,0.,33.333333333));
#1342=DIRECTION('',(0.,0.,-1.));
#1343=DIRECTION('',(-1.,0.,0.));
#1344=AXIS2_PLACEMENT_3D('',#1341,#1342,#1343);
#1345=PLANE('',#1344);
#1346=CARTESIAN_POINT('',(39.707178538,38.153434892,33.333333333));
#1347=VERTEX_POINT('',#1346);
#1348=CARTESIAN_POINT('',(42.295208654,37.904235935,33.333333333));
#1349=VERTEX_POINT('',#1348);
#1350=CARTESIAN_POINT('',(39.707178538,38.153434892,33.333333333));
#1351=DIRECTION('',(0.995396198,-0.095845752,0.));
#1352=VECTOR('',#1351,2.6);
#1353=LINE('',#1350,#1352);
#1354=EDGE_CURVE('',#1347,#1349,#1353,.T.);
#1355=ORIENTED_EDGE('',*,*,#1354,.T.);
#1356=CARTESIAN_POINT('',(40.250818753,16.672435024,33.333333333));
#1357=VERTEX_POINT('',#1356);
#1358=CARTESIAN_POINT('',(42.295208654,37.904235935,33.333333333));
#1359=DIRECTION('',(-0.095845753,-0.995396198,0.));
#1360=VECTOR('',#1359,21.33);
#1361=LINE('',#1358,#1360);
#1362=EDGE_CURVE('',#1349,#1357,#1361,.T.);
#1363=ORIENTED_EDGE('',*,*,#1362,.T.);
#1364=CARTESIAN_POINT('',(37.662788637,16.921633981,33.333333333));
#1365=VERTEX_POINT('',#1364);
#1366=CARTESIAN_POINT('',(40.250818753,16.672435024,33.333333333));
#1367=DIRECTION('',(-0.995396198,0.095845753,0.));
#1368=VECTOR('',#1367,2.6);
#1369=LINE('',#1366,#1368);
#1370=EDGE_CURVE('',#1357,#1365,#1369,.T.);
#1371=ORIENTED_EDGE('',*,*,#1370,.T.);
#1372=CARTESIAN_POINT('',(37.662788637,16.921633981,33.333333333));
#1373=DIRECTION('',(0.095845753,0.995396198,0.));
#1374=VECTOR('',#1373,21.33);
#1375=LINE('',#1372,#1374);
#1376=EDGE_CURVE('',#1365,#1347,#1375,.T.);
#1377=ORIENTED_EDGE('',*,*,#1376,.T.);
#1378=EDGE_LOOP('',(#1355,#1363,#1371,#1377));
#1379=FACE_BOUND('',#1378,.T.);
#1380=ADVANCED_FACE('',(#1379),#1345,.T.);
#1381=CARTESIAN_POINT('',(39.707178538,38.153434892,41.666666667));
#1382=DIRECTION('',(0.095845752,0.995396198,0.));
#1383=DIRECTION('',(-0.995396198,0.095845752,0.));
#1384=AXIS2_PLACEMENT_3D('',#1381,#1382,#1383);
#1385=PLANE('',#1384);
#1386=CARTESIAN_POINT('',(42.295208654,37.904235935,41.666666667));
#1387=DIRECTION('',(0.,0.,-1.));
#1388=VECTOR('',#1387,8.333333333);
#1389=LINE('',#1386,#1388);
#1390=EDGE_CURVE('',#1309,#1349,#1389,.T.);
#1391=ORIENTED_EDGE('',*,*,#1390,.T.);
#1392=ORIENTED_EDGE('',*,*,#1354,.F.);
#1393=CARTESIAN_POINT('',(39.707178538,38.153434892,41.666666667));
#1394=DIRECTION('',(0.,0.,-1.));
#1395=VECTOR('',#1394,8.333333333);
#1396=LINE('',#1393,#1395);
#1397=EDGE_CURVE('',#1307,#1347,#1396,.T.);
#1398=ORIENTED_EDGE('',*,*,#1397,.F.);
#1399=ORIENTED_EDGE('',*,*,#1314,.T.);
#1400=EDGE_LOOP('',(#1391,#1392,#1398,#1399));
#1401=FACE_BOUND('',#1400,.T.);
#1402=ADVANCED_FACE('',(#1401),#1385,.T.);
#1403=CARTESIAN_POINT('',(42.295208654,37.904235935,41.666666667));
#1404=DIRECTION('',(0.995396198,-0.095845753,0.));
#1405=DIRECTION('',(0.095845753,0.995396198,0.));
#1406=AXIS2_PLACEMENT_3D('',#1403,#1404,#1405);
#1407=PLANE('',#1406);
#1408=CARTESIAN_POINT('',(40.250818753,16.672435024,41.666666667));
#1409=DIRECTION('',(0.,0.,-1.));
#1410=VECTOR('',#1409,8.333333333);
#1411=LINE('',#1408,#1410);
#1412=EDGE_CURVE('',#1325,#1357,#1411,.T.);
#1413=ORIENTED_EDGE('',*,*,#1412,.T.);
#1414=ORIENTED_EDGE('',*,*,#1362,.F.);
#1415=ORIENTED_EDGE('',*,*,#1390,.F.);
#1416=ORIENTED_EDGE('',*,*,#1336,.T.);
#1417=EDGE_LOOP('',(#1413,#1414,#1415,#1416));
#1418=FACE_BOUND('',#1417,.T.);
#1419=ADVANCED_FACE('',(#1418),#1407,.T.);
#1420=CARTESIAN_POINT('',(40.250818753,16.672435024,41.666666667));
#1421=DIRECTION('',(-0.095845753,-0.995396198,0.));
#1422=DIRECTION('',(0.995396198,-0.095845753,0.));
#1423=AXIS2_PLACEMENT_3D('',#1420,#1421,#1422);
#1424=PLANE('',#1423);
#1425=CARTESIAN_POINT('',(37.662788637,16.921633981,41.666666667));
#1426=DIRECTION('',(0.,0.,-1.));
#1427=VECTOR('',#1426,8.333333333);
#1428=LINE('',#1425,#1427);
#1429=EDGE_CURVE('',#1317,#1365,#1428,.T.);
#1430=ORIENTED_EDGE('',*,*,#1429,.T.);
#1431=ORIENTED_EDGE('',*,*,#1370,.F.);
#1432=ORIENTED_EDGE('',*,*,#1412,.F.);
#1433=ORIENTED_EDGE('',*,*,#1330,.T.);
#1434=EDGE_LOOP('',(#1430,#1431,#1432,#1433));
#1435=FACE_BOUND('',#1434,.T.);
#1436=ADVANCED_FACE('',(#1435),#1424,.T.);
#1437=CARTESIAN_POINT('',(37.662788637,16.921633981,41.666666667));
#1438=DIRECTION('',(-0.995396198,0.095845753,0.));
#1439=DIRECTION('',(-0.095845753,-0.995396198,0.));
#1440=AXIS2_PLACEMENT_3D('',#1437,#1438,#1439);
#1441=PLANE('',#1440);
#1442=ORIENTED_EDGE('',*,*,#1376,.F.);
#1443=ORIENTED_EDGE('',*,*,#1429,.F.);
#1444=ORIENTED_EDGE('',*,*,#1322,.T.);
#1445=ORIENTED_EDGE('',*,*,#1397,.T.);
#1446=EDGE_LOOP('',(#1442,#1443,#1444,#1445));
#1447=FACE_BOUND('',#1446,.T.);
#1448=ADVANCED_FACE('',(#1447),#1441,.T.);
#1449=CLOSED_SHELL('',(#1340,#1380,#1402,#1419,#1436,#1448));
#1450=MANIFOLD_SOLID_BREP('Magnet_P1_L1_M1_S1_5_Slice1',#1449);
#1300=STYLED_ITEM('',(#183),#1450);
#1451=REAL_REPRESENTATION_ITEM('AEDT_Translucency_V1',0.8);
#1452=ID_ATTRIBUTE('SA #1453',#1453);
#1453=SHAPE_ASPECT('properties','',#23,.F.);
#1454=GEOMETRIC_ITEM_SPECIFIC_USAGE('','properties',#1453,#17,#1450);
#1455=PROPERTY_DEFINITION('AEDT_Translucency_V1','',#1453);
#1456=REPRESENTATION('',(#1451),#10);
#1457=PROPERTY_DEFINITION_REPRESENTATION(#1455,#1456);
#1458=GENERAL_PROPERTY('','AEDT_Translucency_V1','');
#1459=GENERAL_PROPERTY_ASSOCIATION('','',#1458,#1455);
#1460=DESCRIPTIVE_REPRESENTATION_ITEM('AEDT_MaterialName_V1','NGYC - N50');
#1461=PROPERTY_DEFINITION('AEDT_MaterialName_V1','',#1453);
#1462=REPRESENTATION('',(#1460),#10);
#1463=PROPERTY_DEFINITION_REPRESENTATION(#1461,#1462);
#1464=GENERAL_PROPERTY('','AEDT_MaterialName_V1','');
#1465=GENERAL_PROPERTY_ASSOCIATION('','',#1464,#1461);
#1466=INTEGER_REPRESENTATION_ITEM('AEDT_BODYFlagGroupColor_V1',0);
#1467=INTEGER_REPRESENTATION_ITEM('AEDT_BODYFlagGroupColor_V1',-1);
#1468=INTEGER_REPRESENTATION_ITEM('AEDT_BODYFlagGroupColor_V1',-2139100801);
#1469=INTEGER_REPRESENTATION_ITEM('AEDT_BODYFlagGroupColor_V1',5);
#1470=PROPERTY_DEFINITION('AEDT_BODYFlagGroupColor_V1','',#1453);
#1471=REPRESENTATION('',(#1466,#1467,#1468,#1469),#10);
#1472=PROPERTY_DEFINITION_REPRESENTATION(#1470,#1471);
#1473=GENERAL_PROPERTY('','AEDT_BODYFlagGroupColor_V1','');
#1474=GENERAL_PROPERTY_ASSOCIATION('','',#1473,#1470);
#1475=DESCRIPTIVE_REPRESENTATION_ITEM('AEDT_EntityName_V1','Magnet_P1_L1_M1_S1_5_Slice1');
#1476=PROPERTY_DEFINITION('AEDT_EntityName_V1','',#1453);
#1477=REPRESENTATION('',(#1475),#10);
#1478=PROPERTY_DEFINITION_REPRESENTATION(#1476,#1477);
#1479=GENERAL_PROPERTY('','AEDT_EntityName_V1','');
#1480=GENERAL_PROPERTY_ASSOCIATION('','',#1479,#1476);
#1482=CARTESIAN_POINT('',(0.,0.,33.333333333));
#1483=DIRECTION('',(0.,0.,-1.));
#1484=DIRECTION('',(-1.,0.,0.));
#1485=AXIS2_PLACEMENT_3D('',#1482,#1483,#1484);
#1486=PLANE('',#1485);
#1487=CARTESIAN_POINT('',(39.707178538,38.153434892,33.333333333));
#1488=VERTEX_POINT('',#1487);
#1489=CARTESIAN_POINT('',(42.295208654,37.904235935,33.333333333));
#1490=VERTEX_POINT('',#1489);
#1491=CARTESIAN_POINT('',(39.707178538,38.153434892,33.333333333));
#1492=DIRECTION('',(0.995396198,-0.095845752,0.));
#1493=VECTOR('',#1492,2.6);
#1494=LINE('',#1491,#1493);
#1495=EDGE_CURVE('',#1488,#1490,#1494,.T.);
#1496=ORIENTED_EDGE('',*,*,#1495,.F.);
#1497=CARTESIAN_POINT('',(37.662788637,16.921633981,33.333333333));
#1498=VERTEX_POINT('',#1497);
#1499=CARTESIAN_POINT('',(37.662788637,16.921633981,33.333333333));
#1500=DIRECTION('',(0.095845753,0.995396198,0.));
#1501=VECTOR('',#1500,21.33);
#1502=LINE('',#1499,#1501);
#1503=EDGE_CURVE('',#1498,#1488,#1502,.T.);
#1504=ORIENTED_EDGE('',*,*,#1503,.F.);
#1505=CARTESIAN_POINT('',(40.250818753,16.672435024,33.333333333));
#1506=VERTEX_POINT('',#1505);
#1507=CARTESIAN_POINT('',(40.250818753,16.672435024,33.333333333));
#1508=DIRECTION('',(-0.995396198,0.095845753,0.));
#1509=VECTOR('',#1508,2.6);
#1510=LINE('',#1507,#1509);
#1511=EDGE_CURVE('',#1506,#1498,#1510,.T.);
#1512=ORIENTED_EDGE('',*,*,#1511,.F.);
#1513=CARTESIAN_POINT('',(42.295208654,37.904235935,33.333333333));
#1514=DIRECTION('',(-0.095845753,-0.995396198,0.));
#1515=VECTOR('',#1514,21.33);
#1516=LINE('',#1513,#1515);
#1517=EDGE_CURVE('',#1490,#1506,#1516,.T.);
#1518=ORIENTED_EDGE('',*,*,#1517,.F.);
#1519=EDGE_LOOP('',(#1496,#1504,#1512,#1518));
#1520=FACE_BOUND('',#1519,.T.);
#1521=ADVANCED_FACE('',(#1520),#1486,.F.);
#1522=CARTESIAN_POINT('',(0.,0.,25.));
#1523=DIRECTION('',(0.,0.,-1.));
#1524=DIRECTION('',(-1.,0.,0.));
#1525=AXIS2_PLACEMENT_3D('',#1522,#1523,#1524);
#1526=PLANE('',#1525);
#1527=CARTESIAN_POINT('',(39.707178538,38.153434892,25.));
#1528=VERTEX_POINT('',#1527);
#1529=CARTESIAN_POINT('',(42.295208654,37.904235935,25.));
#1530=VERTEX_POINT('',#1529);
#1531=CARTESIAN_POINT('',(39.707178538,38.153434892,25.));
#1532=DIRECTION('',(0.995396198,-0.095845752,0.));
#1533=VECTOR('',#1532,2.6);
#1534=LINE('',#1531,#1533);
#1535=EDGE_CURVE('',#1528,#1530,#1534,.T.);
#1536=ORIENTED_EDGE('',*,*,#1535,.T.);
#1537=CARTESIAN_POINT('',(40.250818753,16.672435024,25.));
#1538=VERTEX_POINT('',#1537);
#1539=CARTESIAN_POINT('',(42.295208654,37.904235935,25.));
#1540=DIRECTION('',(-0.095845753,-0.995396198,0.));
#1541=VECTOR('',#1540,21.33);
#1542=LINE('',#1539,#1541);
#1543=EDGE_CURVE('',#1530,#1538,#1542,.T.);
#1544=ORIENTED_EDGE('',*,*,#1543,.T.);
#1545=CARTESIAN_POINT('',(37.662788637,16.921633981,25.));
#1546=VERTEX_POINT('',#1545);
#1547=CARTESIAN_POINT('',(40.250818753,16.672435024,25.));
#1548=DIRECTION('',(-0.995396198,0.095845753,0.));
#1549=VECTOR('',#1548,2.6);
#1550=LINE('',#1547,#1549);
#1551=EDGE_CURVE('',#1538,#1546,#1550,.T.);
#1552=ORIENTED_EDGE('',*,*,#1551,.T.);
#1553=CARTESIAN_POINT('',(37.662788637,16.921633981,25.));
#1554=DIRECTION('',(0.095845753,0.995396198,0.));
#1555=VECTOR('',#1554,21.33);
#1556=LINE('',#1553,#1555);
#1557=EDGE_CURVE('',#1546,#1528,#1556,.T.);
#1558=ORIENTED_EDGE('',*,*,#1557,.T.);
#1559=EDGE_LOOP('',(#1536,#1544,#1552,#1558));
#1560=FACE_BOUND('',#1559,.T.);
#1561=ADVANCED_FACE('',(#1560),#1526,.T.);
#1562=CARTESIAN_POINT('',(39.707178538,38.153434892,33.333333333));
#1563=DIRECTION('',(0.095845752,0.995396198,0.));
#1564=DIRECTION('',(-0.995396198,0.095845752,0.));
#1565=AXIS2_PLACEMENT_3D('',#1562,#1563,#1564);
#1566=PLANE('',#1565);
#1567=CARTESIAN_POINT('',(42.295208654,37.904235935,33.333333333));
#1568=DIRECTION('',(0.,0.,-1.));
#1569=VECTOR('',#1568,8.333333333);
#1570=LINE('',#1567,#1569);
#1571=EDGE_CURVE('',#1490,#1530,#1570,.T.);
#1572=ORIENTED_EDGE('',*,*,#1571,.T.);
#1573=ORIENTED_EDGE('',*,*,#1535,.F.);
#1574=CARTESIAN_POINT('',(39.707178538,38.153434892,33.333333333));
#1575=DIRECTION('',(0.,0.,-1.));
#1576=VECTOR('',#1575,8.333333333);
#1577=LINE('',#1574,#1576);
#1578=EDGE_CURVE('',#1488,#1528,#1577,.T.);
#1579=ORIENTED_EDGE('',*,*,#1578,.F.);
#1580=ORIENTED_EDGE('',*,*,#1495,.T.);
#1581=EDGE_LOOP('',(#1572,#1573,#1579,#1580));
#1582=FACE_BOUND('',#1581,.T.);
#1583=ADVANCED_FACE('',(#1582),#1566,.T.);
#1584=CARTESIAN_POINT('',(42.295208654,37.904235935,33.333333333));
#1585=DIRECTION('',(0.995396198,-0.095845753,0.));
#1586=DIRECTION('',(0.095845753,0.995396198,0.));
#1587=AXIS2_PLACEMENT_3D('',#1584,#1585,#1586);
#1588=PLANE('',#1587);
#1589=CARTESIAN_POINT('',(40.250818753,16.672435024,33.333333333));
#1590=DIRECTION('',(0.,0.,-1.));
#1591=VECTOR('',#1590,8.333333333);
#1592=LINE('',#1589,#1591);
#1593=EDGE_CURVE('',#1506,#1538,#1592,.T.);
#1594=ORIENTED_EDGE('',*,*,#1593,.T.);
#1595=ORIENTED_EDGE('',*,*,#1543,.F.);
#1596=ORIENTED_EDGE('',*,*,#1571,.F.);
#1597=ORIENTED_EDGE('',*,*,#1517,.T.);
#1598=EDGE_LOOP('',(#1594,#1595,#1596,#1597));
#1599=FACE_BOUND('',#1598,.T.);
#1600=ADVANCED_FACE('',(#1599),#1588,.T.);
#1601=CARTESIAN_POINT('',(40.250818753,16.672435024,33.333333333));
#1602=DIRECTION('',(-0.095845753,-0.995396198,0.));
#1603=DIRECTION('',(0.995396198,-0.095845753,0.));
#1604=AXIS2_PLACEMENT_3D('',#1601,#1602,#1603);
#1605=PLANE('',#1604);
#1606=CARTESIAN_POINT('',(37.662788637,16.921633981,33.333333333));
#1607=DIRECTION('',(0.,0.,-1.));
#1608=VECTOR('',#1607,8.333333333);
#1609=LINE('',#1606,#1608);
#1610=EDGE_CURVE('',#1498,#1546,#1609,.T.);
#1611=ORIENTED_EDGE('',*,*,#1610,.T.);
#1612=ORIENTED_EDGE('',*,*,#1551,.F.);
#1613=ORIENTED_EDGE('',*,*,#1593,.F.);
#1614=ORIENTED_EDGE('',*,*,#1511,.T.);
#1615=EDGE_LOOP('',(#1611,#1612,#1613,#1614));
#1616=FACE_BOUND('',#1615,.T.);
#1617=ADVANCED_FACE('',(#1616),#1605,.T.);
#1618=CARTESIAN_POINT('',(37.662788637,16.921633981,33.333333333));
#1619=DIRECTION('',(-0.995396198,0.095845753,0.));
#1620=DIRECTION('',(-0.095845753,-0.995396198,0.));
#1621=AXIS2_PLACEMENT_3D('',#1618,#1619,#1620);
#1622=PLANE('',#1621);
#1623=ORIENTED_EDGE('',*,*,#1557,.F.);
#1624=ORIENTED_EDGE('',*,*,#1610,.F.);
#1625=ORIENTED_EDGE('',*,*,#1503,.T.);
#1626=ORIENTED_EDGE('',*,*,#1578,.T.);
#1627=EDGE_LOOP('',(#1623,#1624,#1625,#1626));
#1628=FACE_BOUND('',#1627,.T.);
#1629=ADVANCED_FACE('',(#1628),#1622,.T.);
#1630=CLOSED_SHELL('',(#1521,#1561,#1583,#1600,#1617,#1629));
#1631=MANIFOLD_SOLID_BREP('Magnet_P1_L1_M1_S1_6_Slice1',#1630);
#1481=STYLED_ITEM('',(#183),#1631);
#1632=REAL_REPRESENTATION_ITEM('AEDT_Translucency_V1',0.8);
#1633=ID_ATTRIBUTE('SA #1634',#1634);
#1634=SHAPE_ASPECT('properties','',#23,.F.);
#1635=GEOMETRIC_ITEM_SPECIFIC_USAGE('','properties',#1634,#17,#1631);
#1636=PROPERTY_DEFINITION('AEDT_Translucency_V1','',#1634);
#1637=REPRESENTATION('',(#1632),#10);
#1638=PROPERTY_DEFINITION_REPRESENTATION(#1636,#1637);
#1639=GENERAL_PROPERTY('','AEDT_Translucency_V1','');
#1640=GENERAL_PROPERTY_ASSOCIATION('','',#1639,#1636);
#1641=DESCRIPTIVE_REPRESENTATION_ITEM('AEDT_MaterialName_V1','NGYC - N50');
#1642=PROPERTY_DEFINITION('AEDT_MaterialName_V1','',#1634);
#1643=REPRESENTATION('',(#1641),#10);
#1644=PROPERTY_DEFINITION_REPRESENTATION(#1642,#1643);
#1645=GENERAL_PROPERTY('','AEDT_MaterialName_V1','');
#1646=GENERAL_PROPERTY_ASSOCIATION('','',#1645,#1642);
#1647=INTEGER_REPRESENTATION_ITEM('AEDT_BODYFlagGroupColor_V1',0);
#1648=INTEGER_REPRESENTATION_ITEM('AEDT_BODYFlagGroupColor_V1',-1);
#1649=INTEGER_REPRESENTATION_ITEM('AEDT_BODYFlagGroupColor_V1',-2139100801);
#1650=INTEGER_REPRESENTATION_ITEM('AEDT_BODYFlagGroupColor_V1',5);
#1651=PROPERTY_DEFINITION('AEDT_BODYFlagGroupColor_V1','',#1634);
#1652=REPRESENTATION('',(#1647,#1648,#1649,#1650),#10);
#1653=PROPERTY_DEFINITION_REPRESENTATION(#1651,#1652);
#1654=GENERAL_PROPERTY('','AEDT_BODYFlagGroupColor_V1','');
#1655=GENERAL_PROPERTY_ASSOCIATION('','',#1654,#1651);
#1656=DESCRIPTIVE_REPRESENTATION_ITEM('AEDT_EntityName_V1','Magnet_P1_L1_M1_S1_6_Slice1');
#1657=PROPERTY_DEFINITION('AEDT_EntityName_V1','',#1634);
#1658=REPRESENTATION('',(#1656),#10);
#1659=PROPERTY_DEFINITION_REPRESENTATION(#1657,#1658);
#1660=GENERAL_PROPERTY('','AEDT_EntityName_V1','');
#1661=GENERAL_PROPERTY_ASSOCIATION('','',#1660,#1657);
#1663=CARTESIAN_POINT('',(0.,0.,25.));
#1664=DIRECTION('',(0.,0.,-1.));
#1665=DIRECTION('',(-1.,0.,0.));
#1666=AXIS2_PLACEMENT_3D('',#1663,#1664,#1665);
#1667=PLANE('',#1666);
#1668=CARTESIAN_POINT('',(39.707178538,38.153434892,25.));
#1669=VERTEX_POINT('',#1668);
#1670=CARTESIAN_POINT('',(42.295208654,37.904235935,25.));
#1671=VERTEX_POINT('',#1670);
#1672=CARTESIAN_POINT('',(39.707178538,38.153434892,25.));
#1673=DIRECTION('',(0.995396198,-0.095845752,0.));
#1674=VECTOR('',#1673,2.6);
#1675=LINE('',#1672,#1674);
#1676=EDGE_CURVE('',#1669,#1671,#1675,.T.);
#1677=ORIENTED_EDGE('',*,*,#1676,.F.);
#1678=CARTESIAN_POINT('',(37.662788637,16.921633981,25.));
#1679=VERTEX_POINT('',#1678);
#1680=CARTESIAN_POINT('',(37.662788637,16.921633981,25.));
#1681=DIRECTION('',(0.095845753,0.995396198,0.));
#1682=VECTOR('',#1681,21.33);
#1683=LINE('',#1680,#1682);
#1684=EDGE_CURVE('',#1679,#1669,#1683,.T.);
#1685=ORIENTED_EDGE('',*,*,#1684,.F.);
#1686=CARTESIAN_POINT('',(40.250818753,16.672435024,25.));
#1687=VERTEX_POINT('',#1686);
#1688=CARTESIAN_POINT('',(40.250818753,16.672435024,25.));
#1689=DIRECTION('',(-0.995396198,0.095845753,0.));
#1690=VECTOR('',#1689,2.6);
#1691=LINE('',#1688,#1690);
#1692=EDGE_CURVE('',#1687,#1679,#1691,.T.);
#1693=ORIENTED_EDGE('',*,*,#1692,.F.);
#1694=CARTESIAN_POINT('',(42.295208654,37.904235935,25.));
#1695=DIRECTION('',(-0.095845753,-0.995396198,0.));
#1696=VECTOR('',#1695,21.33);
#1697=LINE('',#1694,#1696);
#1698=EDGE_CURVE('',#1671,#1687,#1697,.T.);
#1699=ORIENTED_EDGE('',*,*,#1698,.F.);
#1700=EDGE_LOOP('',(#1677,#1685,#1693,#1699));
#1701=FACE_BOUND('',#1700,.T.);
#1702=ADVANCED_FACE('',(#1701),#1667,.F.);
#1703=CARTESIAN_POINT('',(0.,0.,16.666666667));
#1704=DIRECTION('',(0.,0.,-1.));
#1705=DIRECTION('',(-1.,0.,0.));
#1706=AXIS2_PLACEMENT_3D('',#1703,#1704,#1705);
#1707=PLANE('',#1706);
#1708=CARTESIAN_POINT('',(39.707178538,38.153434892,16.666666667));
#1709=VERTEX_POINT('',#1708);
#1710=CARTESIAN_POINT('',(42.295208654,37.904235935,16.666666667));
#1711=VERTEX_POINT('',#1710);
#1712=CARTESIAN_POINT('',(39.707178538,38.153434892,16.666666667));
#1713=DIRECTION('',(0.995396198,-0.095845752,0.));
#1714=VECTOR('',#1713,2.6);
#1715=LINE('',#1712,#1714);
#1716=EDGE_CURVE('',#1709,#1711,#1715,.T.);
#1717=ORIENTED_EDGE('',*,*,#1716,.T.);
#1718=CARTESIAN_POINT('',(40.250818753,16.672435024,16.666666667));
#1719=VERTEX_POINT('',#1718);
#1720=CARTESIAN_POINT('',(42.295208654,37.904235935,16.666666667));
#1721=DIRECTION('',(-0.095845753,-0.995396198,0.));
#1722=VECTOR('',#1721,21.33);
#1723=LINE('',#1720,#1722);
#1724=EDGE_CURVE('',#1711,#1719,#1723,.T.);
#1725=ORIENTED_EDGE('',*,*,#1724,.T.);
#1726=CARTESIAN_POINT('',(37.662788637,16.921633981,16.666666667));
#1727=VERTEX_POINT('',#1726);
#1728=CARTESIAN_POINT('',(40.250818753,16.672435024,16.666666667));
#1729=DIRECTION('',(-0.995396198,0.095845753,0.));
#1730=VECTOR('',#1729,2.6);
#1731=LINE('',#1728,#1730);
#1732=EDGE_CURVE('',#1719,#1727,#1731,.T.);
#1733=ORIENTED_EDGE('',*,*,#1732,.T.);
#1734=CARTESIAN_POINT('',(37.662788637,16.921633981,16.666666667));
#1735=DIRECTION('',(0.095845753,0.995396198,0.));
#1736=VECTOR('',#1735,21.33);
#1737=LINE('',#1734,#1736);
#1738=EDGE_CURVE('',#1727,#1709,#1737,.T.);
#1739=ORIENTED_EDGE('',*,*,#1738,.T.);
#1740=EDGE_LOOP('',(#1717,#1725,#1733,#1739));
#1741=FACE_BOUND('',#1740,.T.);
#1742=ADVANCED_FACE('',(#1741),#1707,.T.);
#1743=CARTESIAN_POINT('',(39.707178538,38.153434892,25.));
#1744=DIRECTION('',(0.095845752,0.995396198,0.));
#1745=DIRECTION('',(-0.995396198,0.095845752,0.));
#1746=AXIS2_PLACEMENT_3D('',#1743,#1744,#1745);
#1747=PLANE('',#1746);
#1748=CARTESIAN_POINT('',(42.295208654,37.904235935,25.));
#1749=DIRECTION('',(0.,0.,-1.));
#1750=VECTOR('',#1749,8.333333333);
#1751=LINE('',#1748,#1750);
#1752=EDGE_CURVE('',#1671,#1711,#1751,.T.);
#1753=ORIENTED_EDGE('',*,*,#1752,.T.);
#1754=ORIENTED_EDGE('',*,*,#1716,.F.);
#1755=CARTESIAN_POINT('',(39.707178538,38.153434892,25.));
#1756=DIRECTION('',(0.,0.,-1.));
#1757=VECTOR('',#1756,8.333333333);
#1758=LINE('',#1755,#1757);
#1759=EDGE_CURVE('',#1669,#1709,#1758,.T.);
#1760=ORIENTED_EDGE('',*,*,#1759,.F.);
#1761=ORIENTED_EDGE('',*,*,#1676,.T.);
#1762=EDGE_LOOP('',(#1753,#1754,#1760,#1761));
#1763=FACE_BOUND('',#1762,.T.);
#1764=ADVANCED_FACE('',(#1763),#1747,.T.);
#1765=CARTESIAN_POINT('',(42.295208654,37.904235935,25.));
#1766=DIRECTION('',(0.995396198,-0.095845753,0.));
#1767=DIRECTION('',(0.095845753,0.995396198,0.));
#1768=AXIS2_PLACEMENT_3D('',#1765,#1766,#1767);
#1769=PLANE('',#1768);
#1770=CARTESIAN_POINT('',(40.250818753,16.672435024,25.));
#1771=DIRECTION('',(0.,0.,-1.));
#1772=VECTOR('',#1771,8.333333333);
#1773=LINE('',#1770,#1772);
#1774=EDGE_CURVE('',#1687,#1719,#1773,.T.);
#1775=ORIENTED_EDGE('',*,*,#1774,.T.);
#1776=ORIENTED_EDGE('',*,*,#1724,.F.);
#1777=ORIENTED_EDGE('',*,*,#1752,.F.);
#1778=ORIENTED_EDGE('',*,*,#1698,.T.);
#1779=EDGE_LOOP('',(#1775,#1776,#1777,#1778));
#1780=FACE_BOUND('',#1779,.T.);
#1781=ADVANCED_FACE('',(#1780),#1769,.T.);
#1782=CARTESIAN_POINT('',(40.250818753,16.672435024,25.));
#1783=DIRECTION('',(-0.095845753,-0.995396198,0.));
#1784=DIRECTION('',(0.995396198,-0.095845753,0.));
#1785=AXIS2_PLACEMENT_3D('',#1782,#1783,#1784);
#1786=PLANE('',#1785);
#1787=CARTESIAN_POINT('',(37.662788637,16.921633981,25.));
#1788=DIRECTION('',(0.,0.,-1.));
#1789=VECTOR('',#1788,8.333333333);
#1790=LINE('',#1787,#1789);
#1791=EDGE_CURVE('',#1679,#1727,#1790,.T.);
#1792=ORIENTED_EDGE('',*,*,#1791,.T.);
#1793=ORIENTED_EDGE('',*,*,#1732,.F.);
#1794=ORIENTED_EDGE('',*,*,#1774,.F.);
#1795=ORIENTED_EDGE('',*,*,#1692,.T.);
#1796=EDGE_LOOP('',(#1792,#1793,#1794,#1795));
#1797=FACE_BOUND('',#1796,.T.);
#1798=ADVANCED_FACE('',(#1797),#1786,.T.);
#1799=CARTESIAN_POINT('',(37.662788637,16.921633981,25.));
#1800=DIRECTION('',(-0.995396198,0.095845753,0.));
#1801=DIRECTION('',(-0.095845753,-0.995396198,0.));
#1802=AXIS2_PLACEMENT_3D('',#1799,#1800,#1801);
#1803=PLANE('',#1802);
#1804=ORIENTED_EDGE('',*,*,#1738,.F.);
#1805=ORIENTED_EDGE('',*,*,#1791,.F.);
#1806=ORIENTED_EDGE('',*,*,#1684,.T.);
#1807=ORIENTED_EDGE('',*,*,#1759,.T.);
#1808=EDGE_LOOP('',(#1804,#1805,#1806,#1807));
#1809=FACE_BOUND('',#1808,.T.);
#1810=ADVANCED_FACE('',(#1809),#1803,.T.);
#1811=CLOSED_SHELL('',(#1702,#1742,#1764,#1781,#1798,#1810));
#1812=MANIFOLD_SOLID_BREP('Magnet_P1_L1_M1_S1_7_Slice1',#1811);
#1662=STYLED_ITEM('',(#183),#1812);
#1813=REAL_REPRESENTATION_ITEM('AEDT_Translucency_V1',0.8);
#1814=ID_ATTRIBUTE('SA #1815',#1815);
#1815=SHAPE_ASPECT('properties','',#23,.F.);
#1816=GEOMETRIC_ITEM_SPECIFIC_USAGE('','properties',#1815,#17,#1812);
#1817=PROPERTY_DEFINITION('AEDT_Translucency_V1','',#1815);
#1818=REPRESENTATION('',(#1813),#10);
#1819=PROPERTY_DEFINITION_REPRESENTATION(#1817,#1818);
#1820=GENERAL_PROPERTY('','AEDT_Translucency_V1','');
#1821=GENERAL_PROPERTY_ASSOCIATION('','',#1820,#1817);
#1822=DESCRIPTIVE_REPRESENTATION_ITEM('AEDT_MaterialName_V1','NGYC - N50');
#1823=PROPERTY_DEFINITION('AEDT_MaterialName_V1','',#1815);
#1824=REPRESENTATION('',(#1822),#10);
#1825=PROPERTY_DEFINITION_REPRESENTATION(#1823,#1824);
#1826=GENERAL_PROPERTY('','AEDT_MaterialName_V1','');
#1827=GENERAL_PROPERTY_ASSOCIATION('','',#1826,#1823);
#1828=INTEGER_REPRESENTATION_ITEM('AEDT_BODYFlagGroupColor_V1',0);
#1829=INTEGER_REPRESENTATION_ITEM('AEDT_BODYFlagGroupColor_V1',-1);
#1830=INTEGER_REPRESENTATION_ITEM('AEDT_BODYFlagGroupColor_V1',-2139100801);
#1831=INTEGER_REPRESENTATION_ITEM('AEDT_BODYFlagGroupColor_V1',5);
#1832=PROPERTY_DEFINITION('AEDT_BODYFlagGroupColor_V1','',#1815);
#1833=REPRESENTATION('',(#1828,#1829,#1830,#1831),#10);
#1834=PROPERTY_DEFINITION_REPRESENTATION(#1832,#1833);
#1835=GENERAL_PROPERTY('','AEDT_BODYFlagGroupColor_V1','');
#1836=GENERAL_PROPERTY_ASSOCIATION('','',#1835,#1832);
#1837=DESCRIPTIVE_REPRESENTATION_ITEM('AEDT_EntityName_V1','Magnet_P1_L1_M1_S1_7_Slice1');
#1838=PROPERTY_DEFINITION('AEDT_EntityName_V1','',#1815);
#1839=REPRESENTATION('',(#1837),#10);
#1840=PROPERTY_DEFINITION_REPRESENTATION(#1838,#1839);
#1841=GENERAL_PROPERTY('','AEDT_EntityName_V1','');
#1842=GENERAL_PROPERTY_ASSOCIATION('','',#1841,#1838);
#1844=CARTESIAN_POINT('',(0.,0.,16.666666667));
#1845=DIRECTION('',(0.,0.,-1.));
#1846=DIRECTION('',(-1.,0.,0.));
#1847=AXIS2_PLACEMENT_3D('',#1844,#1845,#1846);
#1848=PLANE('',#1847);
#1849=CARTESIAN_POINT('',(39.707178538,38.153434892,16.666666667));
#1850=VERTEX_POINT('',#1849);
#1851=CARTESIAN_POINT('',(42.295208654,37.904235935,16.666666667));
#1852=VERTEX_POINT('',#1851);
#1853=CARTESIAN_POINT('',(39.707178538,38.153434892,16.666666667));
#1854=DIRECTION('',(0.995396198,-0.095845752,0.));
#1855=VECTOR('',#1854,2.6);
#1856=LINE('',#1853,#1855);
#1857=EDGE_CURVE('',#1850,#1852,#1856,.T.);
#1858=ORIENTED_EDGE('',*,*,#1857,.F.);
#1859=CARTESIAN_POINT('',(37.662788637,16.921633981,16.666666667));
#1860=VERTEX_POINT('',#1859);
#1861=CARTESIAN_POINT('',(37.662788637,16.921633981,16.666666667));
#1862=DIRECTION('',(0.095845753,0.995396198,0.));
#1863=VECTOR('',#1862,21.33);
#1864=LINE('',#1861,#1863);
#1865=EDGE_CURVE('',#1860,#1850,#1864,.T.);
#1866=ORIENTED_EDGE('',*,*,#1865,.F.);
#1867=CARTESIAN_POINT('',(40.250818753,16.672435024,16.666666667));
#1868=VERTEX_POINT('',#1867);
#1869=CARTESIAN_POINT('',(40.250818753,16.672435024,16.666666667));
#1870=DIRECTION('',(-0.995396198,0.095845753,0.));
#1871=VECTOR('',#1870,2.6);
#1872=LINE('',#1869,#1871);
#1873=EDGE_CURVE('',#1868,#1860,#1872,.T.);
#1874=ORIENTED_EDGE('',*,*,#1873,.F.);
#1875=CARTESIAN_POINT('',(42.295208654,37.904235935,16.666666667));
#1876=DIRECTION('',(-0.095845753,-0.995396198,0.));
#1877=VECTOR('',#1876,21.33);
#1878=LINE('',#1875,#1877);
#1879=EDGE_CURVE('',#1852,#1868,#1878,.T.);
#1880=ORIENTED_EDGE('',*,*,#1879,.F.);
#1881=EDGE_LOOP('',(#1858,#1866,#1874,#1880));
#1882=FACE_BOUND('',#1881,.T.);
#1883=ADVANCED_FACE('',(#1882),#1848,.F.);
#1884=CARTESIAN_POINT('',(0.,0.,8.333333333));
#1885=DIRECTION('',(0.,0.,-1.));
#1886=DIRECTION('',(-1.,0.,0.));
#1887=AXIS2_PLACEMENT_3D('',#1884,#1885,#1886);
#1888=PLANE('',#1887);
#1889=CARTESIAN_POINT('',(39.707178538,38.153434892,8.333333333));
#1890=VERTEX_POINT('',#1889);
#1891=CARTESIAN_POINT('',(42.295208654,37.904235935,8.333333333));
#1892=VERTEX_POINT('',#1891);
#1893=CARTESIAN_POINT('',(39.707178538,38.153434892,8.333333333));
#1894=DIRECTION('',(0.995396198,-0.095845752,0.));
#1895=VECTOR('',#1894,2.6);
#1896=LINE('',#1893,#1895);
#1897=EDGE_CURVE('',#1890,#1892,#1896,.T.);
#1898=ORIENTED_EDGE('',*,*,#1897,.T.);
#1899=CARTESIAN_POINT('',(40.250818753,16.672435024,8.333333333));
#1900=VERTEX_POINT('',#1899);
#1901=CARTESIAN_POINT('',(42.295208654,37.904235935,8.333333333));
#1902=DIRECTION('',(-0.095845753,-0.995396198,0.));
#1903=VECTOR('',#1902,21.33);
#1904=LINE('',#1901,#1903);
#1905=EDGE_CURVE('',#1892,#1900,#1904,.T.);
#1906=ORIENTED_EDGE('',*,*,#1905,.T.);
#1907=CARTESIAN_POINT('',(37.662788637,16.921633981,8.333333333));
#1908=VERTEX_POINT('',#1907);
#1909=CARTESIAN_POINT('',(40.250818753,16.672435024,8.333333333));
#1910=DIRECTION('',(-0.995396198,0.095845753,0.));
#1911=VECTOR('',#1910,2.6);
#1912=LINE('',#1909,#1911);
#1913=EDGE_CURVE('',#1900,#1908,#1912,.T.);
#1914=ORIENTED_EDGE('',*,*,#1913,.T.);
#1915=CARTESIAN_POINT('',(37.662788637,16.921633981,8.333333333));
#1916=DIRECTION('',(0.095845753,0.995396198,0.));
#1917=VECTOR('',#1916,21.33);
#1918=LINE('',#1915,#1917);
#1919=EDGE_CURVE('',#1908,#1890,#1918,.T.);
#1920=ORIENTED_EDGE('',*,*,#1919,.T.);
#1921=EDGE_LOOP('',(#1898,#1906,#1914,#1920));
#1922=FACE_BOUND('',#1921,.T.);
#1923=ADVANCED_FACE('',(#1922),#1888,.T.);
#1924=CARTESIAN_POINT('',(39.707178538,38.153434892,16.666666667));
#1925=DIRECTION('',(0.095845752,0.995396198,0.));
#1926=DIRECTION('',(-0.995396198,0.095845752,0.));
#1927=AXIS2_PLACEMENT_3D('',#1924,#1925,#1926);
#1928=PLANE('',#1927);
#1929=CARTESIAN_POINT('',(42.295208654,37.904235935,16.666666667));
#1930=DIRECTION('',(0.,0.,-1.));
#1931=VECTOR('',#1930,8.333333333);
#1932=LINE('',#1929,#1931);
#1933=EDGE_CURVE('',#1852,#1892,#1932,.T.);
#1934=ORIENTED_EDGE('',*,*,#1933,.T.);
#1935=ORIENTED_EDGE('',*,*,#1897,.F.);
#1936=CARTESIAN_POINT('',(39.707178538,38.153434892,16.666666667));
#1937=DIRECTION('',(0.,0.,-1.));
#1938=VECTOR('',#1937,8.333333333);
#1939=LINE('',#1936,#1938);
#1940=EDGE_CURVE('',#1850,#1890,#1939,.T.);
#1941=ORIENTED_EDGE('',*,*,#1940,.F.);
#1942=ORIENTED_EDGE('',*,*,#1857,.T.);
#1943=EDGE_LOOP('',(#1934,#1935,#1941,#1942));
#1944=FACE_BOUND('',#1943,.T.);
#1945=ADVANCED_FACE('',(#1944),#1928,.T.);
#1946=CARTESIAN_POINT('',(42.295208654,37.904235935,16.666666667));
#1947=DIRECTION('',(0.995396198,-0.095845753,0.));
#1948=DIRECTION('',(0.095845753,0.995396198,0.));
#1949=AXIS2_PLACEMENT_3D('',#1946,#1947,#1948);
#1950=PLANE('',#1949);
#1951=CARTESIAN_POINT('',(40.250818753,16.672435024,16.666666667));
#1952=DIRECTION('',(0.,0.,-1.));
#1953=VECTOR('',#1952,8.333333333);
#1954=LINE('',#1951,#1953);
#1955=EDGE_CURVE('',#1868,#1900,#1954,.T.);
#1956=ORIENTED_EDGE('',*,*,#1955,.T.);
#1957=ORIENTED_EDGE('',*,*,#1905,.F.);
#1958=ORIENTED_EDGE('',*,*,#1933,.F.);
#1959=ORIENTED_EDGE('',*,*,#1879,.T.);
#1960=EDGE_LOOP('',(#1956,#1957,#1958,#1959));
#1961=FACE_BOUND('',#1960,.T.);
#1962=ADVANCED_FACE('',(#1961),#1950,.T.);
#1963=CARTESIAN_POINT('',(40.250818753,16.672435024,16.666666667));
#1964=DIRECTION('',(-0.095845753,-0.995396198,0.));
#1965=DIRECTION('',(0.995396198,-0.095845753,0.));
#1966=AXIS2_PLACEMENT_3D('',#1963,#1964,#1965);
#1967=PLANE('',#1966);
#1968=CARTESIAN_POINT('',(37.662788637,16.921633981,16.666666667));
#1969=DIRECTION('',(0.,0.,-1.));
#1970=VECTOR('',#1969,8.333333333);
#1971=LINE('',#1968,#1970);
#1972=EDGE_CURVE('',#1860,#1908,#1971,.T.);
#1973=ORIENTED_EDGE('',*,*,#1972,.T.);
#1974=ORIENTED_EDGE('',*,*,#1913,.F.);
#1975=ORIENTED_EDGE('',*,*,#1955,.F.);
#1976=ORIENTED_EDGE('',*,*,#1873,.T.);
#1977=EDGE_LOOP('',(#1973,#1974,#1975,#1976));
#1978=FACE_BOUND('',#1977,.T.);
#1979=ADVANCED_FACE('',(#1978),#1967,.T.);
#1980=CARTESIAN_POINT('',(37.662788637,16.921633981,16.666666667));
#1981=DIRECTION('',(-0.995396198,0.095845753,0.));
#1982=DIRECTION('',(-0.095845753,-0.995396198,0.));
#1983=AXIS2_PLACEMENT_3D('',#1980,#1981,#1982);
#1984=PLANE('',#1983);
#1985=ORIENTED_EDGE('',*,*,#1919,.F.);
#1986=ORIENTED_EDGE('',*,*,#1972,.F.);
#1987=ORIENTED_EDGE('',*,*,#1865,.T.);
#1988=ORIENTED_EDGE('',*,*,#1940,.T.);
#1989=EDGE_LOOP('',(#1985,#1986,#1987,#1988));
#1990=FACE_BOUND('',#1989,.T.);
#1991=ADVANCED_FACE('',(#1990),#1984,.T.);
#1992=CLOSED_SHELL('',(#1883,#1923,#1945,#1962,#1979,#1991));
#1993=MANIFOLD_SOLID_BREP('Magnet_P1_L1_M1_S1_8_Slice1',#1992);
#1843=STYLED_ITEM('',(#183),#1993);
#1994=REAL_REPRESENTATION_ITEM('AEDT_Translucency_V1',0.8);
#1995=ID_ATTRIBUTE('SA #1996',#1996);
#1996=SHAPE_ASPECT('properties','',#23,.F.);
#1997=GEOMETRIC_ITEM_SPECIFIC_USAGE('','properties',#1996,#17,#1993);
#1998=PROPERTY_DEFINITION('AEDT_Translucency_V1','',#1996);
#1999=REPRESENTATION('',(#1994),#10);
#2000=PROPERTY_DEFINITION_REPRESENTATION(#1998,#1999);
#2001=GENERAL_PROPERTY('','AEDT_Translucency_V1','');
#2002=GENERAL_PROPERTY_ASSOCIATION('','',#2001,#1998);
#2003=DESCRIPTIVE_REPRESENTATION_ITEM('AEDT_MaterialName_V1','NGYC - N50');
#2004=PROPERTY_DEFINITION('AEDT_MaterialName_V1','',#1996);
#2005=REPRESENTATION('',(#2003),#10);
#2006=PROPERTY_DEFINITION_REPRESENTATION(#2004,#2005);
#2007=GENERAL_PROPERTY('','AEDT_MaterialName_V1','');
#2008=GENERAL_PROPERTY_ASSOCIATION('','',#2007,#2004);
#2009=INTEGER_REPRESENTATION_ITEM('AEDT_BODYFlagGroupColor_V1',0);
#2010=INTEGER_REPRESENTATION_ITEM('AEDT_BODYFlagGroupColor_V1',-1);
#2011=INTEGER_REPRESENTATION_ITEM('AEDT_BODYFlagGroupColor_V1',-2139100801);
#2012=INTEGER_REPRESENTATION_ITEM('AEDT_BODYFlagGroupColor_V1',5);
#2013=PROPERTY_DEFINITION('AEDT_BODYFlagGroupColor_V1','',#1996);
#2014=REPRESENTATION('',(#2009,#2010,#2011,#2012),#10);
#2015=PROPERTY_DEFINITION_REPRESENTATION(#2013,#2014);
#2016=GENERAL_PROPERTY('','AEDT_BODYFlagGroupColor_V1','');
#2017=GENERAL_PROPERTY_ASSOCIATION('','',#2016,#2013);
#2018=DESCRIPTIVE_REPRESENTATION_ITEM('AEDT_EntityName_V1','Magnet_P1_L1_M1_S1_8_Slice1');
#2019=PROPERTY_DEFINITION('AEDT_EntityName_V1','',#1996);
#2020=REPRESENTATION('',(#2018),#10);
#2021=PROPERTY_DEFINITION_REPRESENTATION(#2019,#2020);
#2022=GENERAL_PROPERTY('','AEDT_EntityName_V1','');
#2023=GENERAL_PROPERTY_ASSOCIATION('','',#2022,#2019);
#2025=CARTESIAN_POINT('',(0.,0.,8.333333333));
#2026=DIRECTION('',(0.,0.,-1.));
#2027=DIRECTION('',(-1.,0.,0.));
#2028=AXIS2_PLACEMENT_3D('',#2025,#2026,#2027);
#2029=PLANE('',#2028);
#2030=CARTESIAN_POINT('',(39.707178538,38.153434892,8.333333333));
#2031=VERTEX_POINT('',#2030);
#2032=CARTESIAN_POINT('',(42.295208654,37.904235935,8.333333333));
#2033=VERTEX_POINT('',#2032);
#2034=CARTESIAN_POINT('',(39.707178538,38.153434892,8.333333333));
#2035=DIRECTION('',(0.995396198,-0.095845752,0.));
#2036=VECTOR('',#2035,2.6);
#2037=LINE('',#2034,#2036);
#2038=EDGE_CURVE('',#2031,#2033,#2037,.T.);
#2039=ORIENTED_EDGE('',*,*,#2038,.F.);
#2040=CARTESIAN_POINT('',(37.662788637,16.921633981,8.333333333));
#2041=VERTEX_POINT('',#2040);
#2042=CARTESIAN_POINT('',(37.662788637,16.921633981,8.333333333));
#2043=DIRECTION('',(0.095845753,0.995396198,0.));
#2044=VECTOR('',#2043,21.33);
#2045=LINE('',#2042,#2044);
#2046=EDGE_CURVE('',#2041,#2031,#2045,.T.);
#2047=ORIENTED_EDGE('',*,*,#2046,.F.);
#2048=CARTESIAN_POINT('',(40.250818753,16.672435024,8.333333333));
#2049=VERTEX_POINT('',#2048);
#2050=CARTESIAN_POINT('',(40.250818753,16.672435024,8.333333333));
#2051=DIRECTION('',(-0.995396198,0.095845753,0.));
#2052=VECTOR('',#2051,2.6);
#2053=LINE('',#2050,#2052);
#2054=EDGE_CURVE('',#2049,#2041,#2053,.T.);
#2055=ORIENTED_EDGE('',*,*,#2054,.F.);
#2056=CARTESIAN_POINT('',(42.295208654,37.904235935,8.333333333));
#2057=DIRECTION('',(-0.095845753,-0.995396198,0.));
#2058=VECTOR('',#2057,21.33);
#2059=LINE('',#2056,#2058);
#2060=EDGE_CURVE('',#2033,#2049,#2059,.T.);
#2061=ORIENTED_EDGE('',*,*,#2060,.F.);
#2062=EDGE_LOOP('',(#2039,#2047,#2055,#2061));
#2063=FACE_BOUND('',#2062,.T.);
#2064=ADVANCED_FACE('',(#2063),#2029,.F.);
#2065=CARTESIAN_POINT('',(0.,0.,0.));
#2066=DIRECTION('',(0.,0.,-1.));
#2067=DIRECTION('',(-1.,0.,0.));
#2068=AXIS2_PLACEMENT_3D('',#2065,#2066,#2067);
#2069=PLANE('',#2068);
#2070=CARTESIAN_POINT('',(39.707178538,38.153434892,0.));
#2071=VERTEX_POINT('',#2070);
#2072=CARTESIAN_POINT('',(42.295208654,37.904235935,0.));
#2073=VERTEX_POINT('',#2072);
#2074=CARTESIAN_POINT('',(39.707178538,38.153434892,0.));
#2075=DIRECTION('',(0.995396198,-0.095845752,0.));
#2076=VECTOR('',#2075,2.6);
#2077=LINE('',#2074,#2076);
#2078=EDGE_CURVE('',#2071,#2073,#2077,.T.);
#2079=ORIENTED_EDGE('',*,*,#2078,.T.);
#2080=CARTESIAN_POINT('',(40.250818753,16.672435024,0.));
#2081=VERTEX_POINT('',#2080);
#2082=CARTESIAN_POINT('',(42.295208654,37.904235935,0.));
#2083=DIRECTION('',(-0.095845753,-0.995396198,0.));
#2084=VECTOR('',#2083,21.33);
#2085=LINE('',#2082,#2084);
#2086=EDGE_CURVE('',#2073,#2081,#2085,.T.);
#2087=ORIENTED_EDGE('',*,*,#2086,.T.);
#2088=CARTESIAN_POINT('',(37.662788637,16.921633981,0.));
#2089=VERTEX_POINT('',#2088);
#2090=CARTESIAN_POINT('',(40.250818753,16.672435024,0.));
#2091=DIRECTION('',(-0.995396198,0.095845753,0.));
#2092=VECTOR('',#2091,2.6);
#2093=LINE('',#2090,#2092);
#2094=EDGE_CURVE('',#2081,#2089,#2093,.T.);
#2095=ORIENTED_EDGE('',*,*,#2094,.T.);
#2096=CARTESIAN_POINT('',(37.662788637,16.921633981,0.));
#2097=DIRECTION('',(0.095845753,0.995396198,0.));
#2098=VECTOR('',#2097,21.33);
#2099=LINE('',#2096,#2098);
#2100=EDGE_CURVE('',#2089,#2071,#2099,.T.);
#2101=ORIENTED_EDGE('',*,*,#2100,.T.);
#2102=EDGE_LOOP('',(#2079,#2087,#2095,#2101));
#2103=FACE_BOUND('',#2102,.T.);
#2104=ADVANCED_FACE('',(#2103),#2069,.T.);
#2105=CARTESIAN_POINT('',(39.707178538,38.153434892,8.333333333));
#2106=DIRECTION('',(0.095845752,0.995396198,0.));
#2107=DIRECTION('',(-0.995396198,0.095845752,0.));
#2108=AXIS2_PLACEMENT_3D('',#2105,#2106,#2107);
#2109=PLANE('',#2108);
#2110=CARTESIAN_POINT('',(42.295208654,37.904235935,8.333333333));
#2111=DIRECTION('',(0.,0.,-1.));
#2112=VECTOR('',#2111,8.333333333);
#2113=LINE('',#2110,#2112);
#2114=EDGE_CURVE('',#2033,#2073,#2113,.T.);
#2115=ORIENTED_EDGE('',*,*,#2114,.T.);
#2116=ORIENTED_EDGE('',*,*,#2078,.F.);
#2117=CARTESIAN_POINT('',(39.707178538,38.153434892,8.333333333));
#2118=DIRECTION('',(0.,0.,-1.));
#2119=VECTOR('',#2118,8.333333333);
#2120=LINE('',#2117,#2119);
#2121=EDGE_CURVE('',#2031,#2071,#2120,.T.);
#2122=ORIENTED_EDGE('',*,*,#2121,.F.);
#2123=ORIENTED_EDGE('',*,*,#2038,.T.);
#2124=EDGE_LOOP('',(#2115,#2116,#2122,#2123));
#2125=FACE_BOUND('',#2124,.T.);
#2126=ADVANCED_FACE('',(#2125),#2109,.T.);
#2127=CARTESIAN_POINT('',(42.295208654,37.904235935,8.333333333));
#2128=DIRECTION('',(0.995396198,-0.095845753,0.));
#2129=DIRECTION('',(0.095845753,0.995396198,0.));
#2130=AXIS2_PLACEMENT_3D('',#2127,#2128,#2129);
#2131=PLANE('',#2130);
#2132=CARTESIAN_POINT('',(40.250818753,16.672435024,8.333333333));
#2133=DIRECTION('',(0.,0.,-1.));
#2134=VECTOR('',#2133,8.333333333);
#2135=LINE('',#2132,#2134);
#2136=EDGE_CURVE('',#2049,#2081,#2135,.T.);
#2137=ORIENTED_EDGE('',*,*,#2136,.T.);
#2138=ORIENTED_EDGE('',*,*,#2086,.F.);
#2139=ORIENTED_EDGE('',*,*,#2114,.F.);
#2140=ORIENTED_EDGE('',*,*,#2060,.T.);
#2141=EDGE_LOOP('',(#2137,#2138,#2139,#2140));
#2142=FACE_BOUND('',#2141,.T.);
#2143=ADVANCED_FACE('',(#2142),#2131,.T.);
#2144=CARTESIAN_POINT('',(40.250818753,16.672435024,8.333333333));
#2145=DIRECTION('',(-0.095845753,-0.995396198,0.));
#2146=DIRECTION('',(0.995396198,-0.095845753,0.));
#2147=AXIS2_PLACEMENT_3D('',#2144,#2145,#2146);
#2148=PLANE('',#2147);
#2149=CARTESIAN_POINT('',(37.662788637,16.921633981,8.333333333));
#2150=DIRECTION('',(0.,0.,-1.));
#2151=VECTOR('',#2150,8.333333333);
#2152=LINE('',#2149,#2151);
#2153=EDGE_CURVE('',#2041,#2089,#2152,.T.);
#2154=ORIENTED_EDGE('',*,*,#2153,.T.);
#2155=ORIENTED_EDGE('',*,*,#2094,.F.);
#2156=ORIENTED_EDGE('',*,*,#2136,.F.);
#2157=ORIENTED_EDGE('',*,*,#2054,.T.);
#2158=EDGE_LOOP('',(#2154,#2155,#2156,#2157));
#2159=FACE_BOUND('',#2158,.T.);
#2160=ADVANCED_FACE('',(#2159),#2148,.T.);
#2161=CARTESIAN_POINT('',(37.662788637,16.921633981,8.333333333));
#2162=DIRECTION('',(-0.995396198,0.095845753,0.));
#2163=DIRECTION('',(-0.095845753,-0.995396198,0.));
#2164=AXIS2_PLACEMENT_3D('',#2161,#2162,#2163);
#2165=PLANE('',#2164);
#2166=ORIENTED_EDGE('',*,*,#2100,.F.);
#2167=ORIENTED_EDGE('',*,*,#2153,.F.);
#2168=ORIENTED_EDGE('',*,*,#2046,.T.);
#2169=ORIENTED_EDGE('',*,*,#2121,.T.);
#2170=EDGE_LOOP('',(#2166,#2167,#2168,#2169));
#2171=FACE_BOUND('',#2170,.T.);
#2172=ADVANCED_FACE('',(#2171),#2165,.T.);
#2173=CLOSED_SHELL('',(#2064,#2104,#2126,#2143,#2160,#2172));
#2174=MANIFOLD_SOLID_BREP('Magnet_P1_L1_M1_S1_9_Slice1',#2173);
#2024=STYLED_ITEM('',(#183),#2174);
#2175=REAL_REPRESENTATION_ITEM('AEDT_Translucency_V1',0.8);
#2176=ID_ATTRIBUTE('SA #2177',#2177);
#2177=SHAPE_ASPECT('properties','',#23,.F.);
#2178=GEOMETRIC_ITEM_SPECIFIC_USAGE('','properties',#2177,#17,#2174);
#2179=PROPERTY_DEFINITION('AEDT_Translucency_V1','',#2177);
#2180=REPRESENTATION('',(#2175),#10);
#2181=PROPERTY_DEFINITION_REPRESENTATION(#2179,#2180);
#2182=GENERAL_PROPERTY('','AEDT_Translucency_V1','');
#2183=GENERAL_PROPERTY_ASSOCIATION('','',#2182,#2179);
#2184=DESCRIPTIVE_REPRESENTATION_ITEM('AEDT_MaterialName_V1','NGYC - N50');
#2185=PROPERTY_DEFINITION('AEDT_MaterialName_V1','',#2177);
#2186=REPRESENTATION('',(#2184),#10);
#2187=PROPERTY_DEFINITION_REPRESENTATION(#2185,#2186);
#2188=GENERAL_PROPERTY('','AEDT_MaterialName_V1','');
#2189=GENERAL_PROPERTY_ASSOCIATION('','',#2188,#2185);
#2190=INTEGER_REPRESENTATION_ITEM('AEDT_BODYFlagGroupColor_V1',0);
#2191=INTEGER_REPRESENTATION_ITEM('AEDT_BODYFlagGroupColor_V1',-1);
#2192=INTEGER_REPRESENTATION_ITEM('AEDT_BODYFlagGroupColor_V1',-2139100801);
#2193=INTEGER_REPRESENTATION_ITEM('AEDT_BODYFlagGroupColor_V1',5);
#2194=PROPERTY_DEFINITION('AEDT_BODYFlagGroupColor_V1','',#2177);
#2195=REPRESENTATION('',(#2190,#2191,#2192,#2193),#10);
#2196=PROPERTY_DEFINITION_REPRESENTATION(#2194,#2195);
#2197=GENERAL_PROPERTY('','AEDT_BODYFlagGroupColor_V1','');
#2198=GENERAL_PROPERTY_ASSOCIATION('','',#2197,#2194);
#2199=DESCRIPTIVE_REPRESENTATION_ITEM('AEDT_EntityName_V1','Magnet_P1_L1_M1_S1_9_Slice1');
#2200=PROPERTY_DEFINITION('AEDT_EntityName_V1','',#2177);
#2201=REPRESENTATION('',(#2199),#10);
#2202=PROPERTY_DEFINITION_REPRESENTATION(#2200,#2201);
#2203=GENERAL_PROPERTY('','AEDT_EntityName_V1','');
#2204=GENERAL_PROPERTY_ASSOCIATION('','',#2203,#2200);
#2206=CARTESIAN_POINT('',(0.,0.,66.666666667));
#2207=DIRECTION('',(0.,0.,-1.));
#2208=DIRECTION('',(-1.,0.,0.));
#2209=AXIS2_PLACEMENT_3D('',#2206,#2207,#2208);
#2210=PLANE('',#2209);
#2211=CARTESIAN_POINT('',(56.709571116,3.104886585,66.666666667));
#2212=VERTEX_POINT('',#2211);
#2213=CARTESIAN_POINT('',(55.055767744,1.098662669,66.666666667));
#2214=VERTEX_POINT('',#2213);
#2215=CARTESIAN_POINT('',(56.709571116,3.104886585,66.666666667));
#2216=DIRECTION('',(-0.63607822,-0.771624583,0.));
#2217=VECTOR('',#2216,2.6);
#2218=LINE('',#2215,#2217);
#2219=EDGE_CURVE('',#2212,#2214,#2218,.T.);
#2220=ORIENTED_EDGE('',*,*,#2219,.F.);
#2221=CARTESIAN_POINT('',(40.250818753,16.672435024,66.666666667));
#2222=VERTEX_POINT('',#2221);
#2223=CARTESIAN_POINT('',(40.250818753,16.672435024,66.666666667));
#2224=DIRECTION('',(0.771624583,-0.63607822,0.));
#2225=VECTOR('',#2224,21.33);
#2226=LINE('',#2223,#2225);
#2227=EDGE_CURVE('',#2222,#2212,#2226,.T.);
#2228=ORIENTED_EDGE('',*,*,#2227,.F.);
#2229=CARTESIAN_POINT('',(38.59701538,14.666211107,66.666666667));
#2230=VERTEX_POINT('',#2229);
#2231=CARTESIAN_POINT('',(38.59701538,14.666211107,66.666666667));
#2232=DIRECTION('',(0.63607822,0.771624583,0.));
#2233=VECTOR('',#2232,2.6);
#2234=LINE('',#2231,#2233);
#2235=EDGE_CURVE('',#2230,#2222,#2234,.T.);
#2236=ORIENTED_EDGE('',*,*,#2235,.F.);
#2237=CARTESIAN_POINT('',(55.055767744,1.098662669,66.666666667));
#2238=DIRECTION('',(-0.771624583,0.63607822,0.));
#2239=VECTOR('',#2238,21.33);
#2240=LINE('',#2237,#2239);
#2241=EDGE_CURVE('',#2214,#2230,#2240,.T.);
#2242=ORIENTED_EDGE('',*,*,#2241,.F.);
#2243=EDGE_LOOP('',(#2220,#2228,#2236,#2242));
#2244=FACE_BOUND('',#2243,.T.);
#2245=ADVANCED_FACE('',(#2244),#2210,.F.);
#2246=CARTESIAN_POINT('',(0.,0.,58.333333333));
#2247=DIRECTION('',(0.,0.,-1.));
#2248=DIRECTION('',(-1.,0.,0.));
#2249=AXIS2_PLACEMENT_3D('',#2246,#2247,#2248);
#2250=PLANE('',#2249);
#2251=CARTESIAN_POINT('',(56.709571116,3.104886585,58.333333333));
#2252=VERTEX_POINT('',#2251);
#2253=CARTESIAN_POINT('',(55.055767744,1.098662669,58.333333333));
#2254=VERTEX_POINT('',#2253);
#2255=CARTESIAN_POINT('',(56.709571116,3.104886585,58.333333333));
#2256=DIRECTION('',(-0.63607822,-0.771624583,0.));
#2257=VECTOR('',#2256,2.6);
#2258=LINE('',#2255,#2257);
#2259=EDGE_CURVE('',#2252,#2254,#2258,.T.);
#2260=ORIENTED_EDGE('',*,*,#2259,.T.);
#2261=CARTESIAN_POINT('',(38.59701538,14.666211107,58.333333333));
#2262=VERTEX_POINT('',#2261);
#2263=CARTESIAN_POINT('',(55.055767744,1.098662669,58.333333333));
#2264=DIRECTION('',(-0.771624583,0.63607822,0.));
#2265=VECTOR('',#2264,21.33);
#2266=LINE('',#2263,#2265);
#2267=EDGE_CURVE('',#2254,#2262,#2266,.T.);
#2268=ORIENTED_EDGE('',*,*,#2267,.T.);
#2269=CARTESIAN_POINT('',(40.250818753,16.672435024,58.333333333));
#2270=VERTEX_POINT('',#2269);
#2271=CARTESIAN_POINT('',(38.59701538,14.666211107,58.333333333));
#2272=DIRECTION('',(0.63607822,0.771624583,0.));
#2273=VECTOR('',#2272,2.6);
#2274=LINE('',#2271,#2273);
#2275=EDGE_CURVE('',#2262,#2270,#2274,.T.);
#2276=ORIENTED_EDGE('',*,*,#2275,.T.);
#2277=CARTESIAN_POINT('',(40.250818753,16.672435024,58.333333333));
#2278=DIRECTION('',(0.771624583,-0.63607822,0.));
#2279=VECTOR('',#2278,21.33);
#2280=LINE('',#2277,#2279);
#2281=EDGE_CURVE('',#2270,#2252,#2280,.T.);
#2282=ORIENTED_EDGE('',*,*,#2281,.T.);
#2283=EDGE_LOOP('',(#2260,#2268,#2276,#2282));
#2284=FACE_BOUND('',#2283,.T.);
#2285=ADVANCED_FACE('',(#2284),#2250,.T.);
#2286=CARTESIAN_POINT('',(56.709571116,3.104886585,66.666666667));
#2287=DIRECTION('',(0.771624583,-0.63607822,0.));
#2288=DIRECTION('',(0.63607822,0.771624583,0.));
#2289=AXIS2_PLACEMENT_3D('',#2286,#2287,#2288);
#2290=PLANE('',#2289);
#2291=CARTESIAN_POINT('',(55.055767744,1.098662669,66.666666667));
#2292=DIRECTION('',(0.,0.,-1.));
#2293=VECTOR('',#2292,8.333333333);
#2294=LINE('',#2291,#2293);
#2295=EDGE_CURVE('',#2214,#2254,#2294,.T.);
#2296=ORIENTED_EDGE('',*,*,#2295,.T.);
#2297=ORIENTED_EDGE('',*,*,#2259,.F.);
#2298=CARTESIAN_POINT('',(56.709571116,3.104886585,66.666666667));
#2299=DIRECTION('',(0.,0.,-1.));
#2300=VECTOR('',#2299,8.333333333);
#2301=LINE('',#2298,#2300);
#2302=EDGE_CURVE('',#2212,#2252,#2301,.T.);
#2303=ORIENTED_EDGE('',*,*,#2302,.F.);
#2304=ORIENTED_EDGE('',*,*,#2219,.T.);
#2305=EDGE_LOOP('',(#2296,#2297,#2303,#2304));
#2306=FACE_BOUND('',#2305,.T.);
#2307=ADVANCED_FACE('',(#2306),#2290,.T.);
#2308=CARTESIAN_POINT('',(55.055767744,1.098662669,66.666666667));
#2309=DIRECTION('',(-0.63607822,-0.771624583,0.));
#2310=DIRECTION('',(0.771624583,-0.63607822,0.));
#2311=AXIS2_PLACEMENT_3D('',#2308,#2309,#2310);
#2312=PLANE('',#2311);
#2313=CARTESIAN_POINT('',(38.59701538,14.666211107,66.666666667));
#2314=DIRECTION('',(0.,0.,-1.));
#2315=VECTOR('',#2314,8.333333333);
#2316=LINE('',#2313,#2315);
#2317=EDGE_CURVE('',#2230,#2262,#2316,.T.);
#2318=ORIENTED_EDGE('',*,*,#2317,.T.);
#2319=ORIENTED_EDGE('',*,*,#2267,.F.);
#2320=ORIENTED_EDGE('',*,*,#2295,.F.);
#2321=ORIENTED_EDGE('',*,*,#2241,.T.);
#2322=EDGE_LOOP('',(#2318,#2319,#2320,#2321));
#2323=FACE_BOUND('',#2322,.T.);
#2324=ADVANCED_FACE('',(#2323),#2312,.T.);
#2325=CARTESIAN_POINT('',(38.59701538,14.666211107,66.666666667));
#2326=DIRECTION('',(-0.771624583,0.63607822,0.));
#2327=DIRECTION('',(-0.63607822,-0.771624583,0.));
#2328=AXIS2_PLACEMENT_3D('',#2325,#2326,#2327);
#2329=PLANE('',#2328);
#2330=CARTESIAN_POINT('',(40.250818753,16.672435024,66.666666667));
#2331=DIRECTION('',(0.,0.,-1.));
#2332=VECTOR('',#2331,8.333333333);
#2333=LINE('',#2330,#2332);
#2334=EDGE_CURVE('',#2222,#2270,#2333,.T.);
#2335=ORIENTED_EDGE('',*,*,#2334,.T.);
#2336=ORIENTED_EDGE('',*,*,#2275,.F.);
#2337=ORIENTED_EDGE('',*,*,#2317,.F.);
#2338=ORIENTED_EDGE('',*,*,#2235,.T.);
#2339=EDGE_LOOP('',(#2335,#2336,#2337,#2338));
#2340=FACE_BOUND('',#2339,.T.);
#2341=ADVANCED_FACE('',(#2340),#2329,.T.);
#2342=CARTESIAN_POINT('',(40.250818753,16.672435024,66.666666667));
#2343=DIRECTION('',(0.63607822,0.771624583,0.));
#2344=DIRECTION('',(-0.771624583,0.63607822,0.));
#2345=AXIS2_PLACEMENT_3D('',#2342,#2343,#2344);
#2346=PLANE('',#2345);
#2347=ORIENTED_EDGE('',*,*,#2281,.F.);
#2348=ORIENTED_EDGE('',*,*,#2334,.F.);
#2349=ORIENTED_EDGE('',*,*,#2227,.T.);
#2350=ORIENTED_EDGE('',*,*,#2302,.T.);
#2351=EDGE_LOOP('',(#2347,#2348,#2349,#2350));
#2352=FACE_BOUND('',#2351,.T.);
#2353=ADVANCED_FACE('',(#2352),#2346,.T.);
#2354=CLOSED_SHELL('',(#2245,#2285,#2307,#2324,#2341,#2353));
#2355=MANIFOLD_SOLID_BREP('Magnet_P1_L1_M2_S1_2_Slice1',#2354);
#2205=STYLED_ITEM('',(#183),#2355);
#2356=REAL_REPRESENTATION_ITEM('AEDT_Translucency_V1',0.8);
#2357=ID_ATTRIBUTE('SA #2358',#2358);
#2358=SHAPE_ASPECT('properties','',#23,.F.);
#2359=GEOMETRIC_ITEM_SPECIFIC_USAGE('','properties',#2358,#17,#2355);
#2360=PROPERTY_DEFINITION('AEDT_Translucency_V1','',#2358);
#2361=REPRESENTATION('',(#2356),#10);
#2362=PROPERTY_DEFINITION_REPRESENTATION(#2360,#2361);
#2363=GENERAL_PROPERTY('','AEDT_Translucency_V1','');
#2364=GENERAL_PROPERTY_ASSOCIATION('','',#2363,#2360);
#2365=DESCRIPTIVE_REPRESENTATION_ITEM('AEDT_MaterialName_V1','NGYC - N50');
#2366=PROPERTY_DEFINITION('AEDT_MaterialName_V1','',#2358);
#2367=REPRESENTATION('',(#2365),#10);
#2368=PROPERTY_DEFINITION_REPRESENTATION(#2366,#2367);
#2369=GENERAL_PROPERTY('','AEDT_MaterialName_V1','');
#2370=GENERAL_PROPERTY_ASSOCIATION('','',#2369,#2366);
#2371=INTEGER_REPRESENTATION_ITEM('AEDT_BODYFlagGroupColor_V1',0);
#2372=INTEGER_REPRESENTATION_ITEM('AEDT_BODYFlagGroupColor_V1',-1);
#2373=INTEGER_REPRESENTATION_ITEM('AEDT_BODYFlagGroupColor_V1',-2139100801);
#2374=INTEGER_REPRESENTATION_ITEM('AEDT_BODYFlagGroupColor_V1',5);
#2375=PROPERTY_DEFINITION('AEDT_BODYFlagGroupColor_V1','',#2358);
#2376=REPRESENTATION('',(#2371,#2372,#2373,#2374),#10);
#2377=PROPERTY_DEFINITION_REPRESENTATION(#2375,#2376);
#2378=GENERAL_PROPERTY('','AEDT_BODYFlagGroupColor_V1','');
#2379=GENERAL_PROPERTY_ASSOCIATION('','',#2378,#2375);
#2380=DESCRIPTIVE_REPRESENTATION_ITEM('AEDT_EntityName_V1','Magnet_P1_L1_M2_S1_2_Slice1');
#2381=PROPERTY_DEFINITION('AEDT_EntityName_V1','',#2358);
#2382=REPRESENTATION('',(#2380),#10);
#2383=PROPERTY_DEFINITION_REPRESENTATION(#2381,#2382);
#2384=GENERAL_PROPERTY('','AEDT_EntityName_V1','');
#2385=GENERAL_PROPERTY_ASSOCIATION('','',#2384,#2381);
#2387=CARTESIAN_POINT('',(0.,0.,58.333333333));
#2388=DIRECTION('',(0.,0.,-1.));
#2389=DIRECTION('',(-1.,0.,0.));
#2390=AXIS2_PLACEMENT_3D('',#2387,#2388,#2389);
#2391=PLANE('',#2390);
#2392=CARTESIAN_POINT('',(56.709571116,3.104886585,58.333333333));
#2393=VERTEX_POINT('',#2392);
#2394=CARTESIAN_POINT('',(55.055767744,1.098662669,58.333333333));
#2395=VERTEX_POINT('',#2394);
#2396=CARTESIAN_POINT('',(56.709571116,3.104886585,58.333333333));
#2397=DIRECTION('',(-0.63607822,-0.771624583,0.));
#2398=VECTOR('',#2397,2.6);
#2399=LINE('',#2396,#2398);
#2400=EDGE_CURVE('',#2393,#2395,#2399,.T.);
#2401=ORIENTED_EDGE('',*,*,#2400,.F.);
#2402=CARTESIAN_POINT('',(40.250818753,16.672435024,58.333333333));
#2403=VERTEX_POINT('',#2402);
#2404=CARTESIAN_POINT('',(40.250818753,16.672435024,58.333333333));
#2405=DIRECTION('',(0.771624583,-0.63607822,0.));
#2406=VECTOR('',#2405,21.33);
#2407=LINE('',#2404,#2406);
#2408=EDGE_CURVE('',#2403,#2393,#2407,.T.);
#2409=ORIENTED_EDGE('',*,*,#2408,.F.);
#2410=CARTESIAN_POINT('',(38.59701538,14.666211107,58.333333333));
#2411=VERTEX_POINT('',#2410);
#2412=CARTESIAN_POINT('',(38.59701538,14.666211107,58.333333333));
#2413=DIRECTION('',(0.63607822,0.771624583,0.));
#2414=VECTOR('',#2413,2.6);
#2415=LINE('',#2412,#2414);
#2416=EDGE_CURVE('',#2411,#2403,#2415,.T.);
#2417=ORIENTED_EDGE('',*,*,#2416,.F.);
#2418=CARTESIAN_POINT('',(55.055767744,1.098662669,58.333333333));
#2419=DIRECTION('',(-0.771624583,0.63607822,0.));
#2420=VECTOR('',#2419,21.33);
#2421=LINE('',#2418,#2420);
#2422=EDGE_CURVE('',#2395,#2411,#2421,.T.);
#2423=ORIENTED_EDGE('',*,*,#2422,.F.);
#2424=EDGE_LOOP('',(#2401,#2409,#2417,#2423));
#2425=FACE_BOUND('',#2424,.T.);
#2426=ADVANCED_FACE('',(#2425),#2391,.F.);
#2427=CARTESIAN_POINT('',(0.,0.,50.));
#2428=DIRECTION('',(0.,0.,-1.));
#2429=DIRECTION('',(-1.,0.,0.));
#2430=AXIS2_PLACEMENT_3D('',#2427,#2428,#2429);
#2431=PLANE('',#2430);
#2432=CARTESIAN_POINT('',(56.709571116,3.104886585,50.));
#2433=VERTEX_POINT('',#2432);
#2434=CARTESIAN_POINT('',(55.055767744,1.098662669,50.));
#2435=VERTEX_POINT('',#2434);
#2436=CARTESIAN_POINT('',(56.709571116,3.104886585,50.));
#2437=DIRECTION('',(-0.63607822,-0.771624583,0.));
#2438=VECTOR('',#2437,2.6);
#2439=LINE('',#2436,#2438);
#2440=EDGE_CURVE('',#2433,#2435,#2439,.T.);
#2441=ORIENTED_EDGE('',*,*,#2440,.T.);
#2442=CARTESIAN_POINT('',(38.59701538,14.666211107,50.));
#2443=VERTEX_POINT('',#2442);
#2444=CARTESIAN_POINT('',(55.055767744,1.098662669,50.));
#2445=DIRECTION('',(-0.771624583,0.63607822,0.));
#2446=VECTOR('',#2445,21.33);
#2447=LINE('',#2444,#2446);
#2448=EDGE_CURVE('',#2435,#2443,#2447,.T.);
#2449=ORIENTED_EDGE('',*,*,#2448,.T.);
#2450=CARTESIAN_POINT('',(40.250818753,16.672435024,50.));
#2451=VERTEX_POINT('',#2450);
#2452=CARTESIAN_POINT('',(38.59701538,14.666211107,50.));
#2453=DIRECTION('',(0.63607822,0.771624583,0.));
#2454=VECTOR('',#2453,2.6);
#2455=LINE('',#2452,#2454);
#2456=EDGE_CURVE('',#2443,#2451,#2455,.T.);
#2457=ORIENTED_EDGE('',*,*,#2456,.T.);
#2458=CARTESIAN_POINT('',(40.250818753,16.672435024,50.));
#2459=DIRECTION('',(0.771624583,-0.63607822,0.));
#2460=VECTOR('',#2459,21.33);
#2461=LINE('',#2458,#2460);
#2462=EDGE_CURVE('',#2451,#2433,#2461,.T.);
#2463=ORIENTED_EDGE('',*,*,#2462,.T.);
#2464=EDGE_LOOP('',(#2441,#2449,#2457,#2463));
#2465=FACE_BOUND('',#2464,.T.);
#2466=ADVANCED_FACE('',(#2465),#2431,.T.);
#2467=CARTESIAN_POINT('',(56.709571116,3.104886585,58.333333333));
#2468=DIRECTION('',(0.771624583,-0.63607822,0.));
#2469=DIRECTION('',(0.63607822,0.771624583,0.));
#2470=AXIS2_PLACEMENT_3D('',#2467,#2468,#2469);
#2471=PLANE('',#2470);
#2472=CARTESIAN_POINT('',(55.055767744,1.098662669,58.333333333));
#2473=DIRECTION('',(0.,0.,-1.));
#2474=VECTOR('',#2473,8.333333333);
#2475=LINE('',#2472,#2474);
#2476=EDGE_CURVE('',#2395,#2435,#2475,.T.);
#2477=ORIENTED_EDGE('',*,*,#2476,.T.);
#2478=ORIENTED_EDGE('',*,*,#2440,.F.);
#2479=CARTESIAN_POINT('',(56.709571116,3.104886585,58.333333333));
#2480=DIRECTION('',(0.,0.,-1.));
#2481=VECTOR('',#2480,8.333333333);
#2482=LINE('',#2479,#2481);
#2483=EDGE_CURVE('',#2393,#2433,#2482,.T.);
#2484=ORIENTED_EDGE('',*,*,#2483,.F.);
#2485=ORIENTED_EDGE('',*,*,#2400,.T.);
#2486=EDGE_LOOP('',(#2477,#2478,#2484,#2485));
#2487=FACE_BOUND('',#2486,.T.);
#2488=ADVANCED_FACE('',(#2487),#2471,.T.);
#2489=CARTESIAN_POINT('',(55.055767744,1.098662669,58.333333333));
#2490=DIRECTION('',(-0.63607822,-0.771624583,0.));
#2491=DIRECTION('',(0.771624583,-0.63607822,0.));
#2492=AXIS2_PLACEMENT_3D('',#2489,#2490,#2491);
#2493=PLANE('',#2492);
#2494=CARTESIAN_POINT('',(38.59701538,14.666211107,58.333333333));
#2495=DIRECTION('',(0.,0.,-1.));
#2496=VECTOR('',#2495,8.333333333);
#2497=LINE('',#2494,#2496);
#2498=EDGE_CURVE('',#2411,#2443,#2497,.T.);
#2499=ORIENTED_EDGE('',*,*,#2498,.T.);
#2500=ORIENTED_EDGE('',*,*,#2448,.F.);
#2501=ORIENTED_EDGE('',*,*,#2476,.F.);
#2502=ORIENTED_EDGE('',*,*,#2422,.T.);
#2503=EDGE_LOOP('',(#2499,#2500,#2501,#2502));
#2504=FACE_BOUND('',#2503,.T.);
#2505=ADVANCED_FACE('',(#2504),#2493,.T.);
#2506=CARTESIAN_POINT('',(38.59701538,14.666211107,58.333333333));
#2507=DIRECTION('',(-0.771624583,0.63607822,0.));
#2508=DIRECTION('',(-0.63607822,-0.771624583,0.));
#2509=AXIS2_PLACEMENT_3D('',#2506,#2507,#2508);
#2510=PLANE('',#2509);
#2511=CARTESIAN_POINT('',(40.250818753,16.672435024,58.333333333));
#2512=DIRECTION('',(0.,0.,-1.));
#2513=VECTOR('',#2512,8.333333333);
#2514=LINE('',#2511,#2513);
#2515=EDGE_CURVE('',#2403,#2451,#2514,.T.);
#2516=ORIENTED_EDGE('',*,*,#2515,.T.);
#2517=ORIENTED_EDGE('',*,*,#2456,.F.);
#2518=ORIENTED_EDGE('',*,*,#2498,.F.);
#2519=ORIENTED_EDGE('',*,*,#2416,.T.);
#2520=EDGE_LOOP('',(#2516,#2517,#2518,#2519));
#2521=FACE_BOUND('',#2520,.T.);
#2522=ADVANCED_FACE('',(#2521),#2510,.T.);
#2523=CARTESIAN_POINT('',(40.250818753,16.672435024,58.333333333));
#2524=DIRECTION('',(0.63607822,0.771624583,0.));
#2525=DIRECTION('',(-0.771624583,0.63607822,0.));
#2526=AXIS2_PLACEMENT_3D('',#2523,#2524,#2525);
#2527=PLANE('',#2526);
#2528=ORIENTED_EDGE('',*,*,#2462,.F.);
#2529=ORIENTED_EDGE('',*,*,#2515,.F.);
#2530=ORIENTED_EDGE('',*,*,#2408,.T.);
#2531=ORIENTED_EDGE('',*,*,#2483,.T.);
#2532=EDGE_LOOP('',(#2528,#2529,#2530,#2531));
#2533=FACE_BOUND('',#2532,.T.);
#2534=ADVANCED_FACE('',(#2533),#2527,.T.);
#2535=CLOSED_SHELL('',(#2426,#2466,#2488,#2505,#2522,#2534));
#2536=MANIFOLD_SOLID_BREP('Magnet_P1_L1_M2_S1_3_Slice1',#2535);
#2386=STYLED_ITEM('',(#183),#2536);
#2537=REAL_REPRESENTATION_ITEM('AEDT_Translucency_V1',0.8);
#2538=ID_ATTRIBUTE('SA #2539',#2539);
#2539=SHAPE_ASPECT('properties','',#23,.F.);
#2540=GEOMETRIC_ITEM_SPECIFIC_USAGE('','properties',#2539,#17,#2536);
#2541=PROPERTY_DEFINITION('AEDT_Translucency_V1','',#2539);
#2542=REPRESENTATION('',(#2537),#10);
#2543=PROPERTY_DEFINITION_REPRESENTATION(#2541,#2542);
#2544=GENERAL_PROPERTY('','AEDT_Translucency_V1','');
#2545=GENERAL_PROPERTY_ASSOCIATION('','',#2544,#2541);
#2546=DESCRIPTIVE_REPRESENTATION_ITEM('AEDT_MaterialName_V1','NGYC - N50');
#2547=PROPERTY_DEFINITION('AEDT_MaterialName_V1','',#2539);
#2548=REPRESENTATION('',(#2546),#10);
#2549=PROPERTY_DEFINITION_REPRESENTATION(#2547,#2548);
#2550=GENERAL_PROPERTY('','AEDT_MaterialName_V1','');
#2551=GENERAL_PROPERTY_ASSOCIATION('','',#2550,#2547);
#2552=INTEGER_REPRESENTATION_ITEM('AEDT_BODYFlagGroupColor_V1',0);
#2553=INTEGER_REPRESENTATION_ITEM('AEDT_BODYFlagGroupColor_V1',-1);
#2554=INTEGER_REPRESENTATION_ITEM('AEDT_BODYFlagGroupColor_V1',-2139100801);
#2555=INTEGER_REPRESENTATION_ITEM('AEDT_BODYFlagGroupColor_V1',5);
#2556=PROPERTY_DEFINITION('AEDT_BODYFlagGroupColor_V1','',#2539);
#2557=REPRESENTATION('',(#2552,#2553,#2554,#2555),#10);
#2558=PROPERTY_DEFINITION_REPRESENTATION(#2556,#2557);
#2559=GENERAL_PROPERTY('','AEDT_BODYFlagGroupColor_V1','');
#2560=GENERAL_PROPERTY_ASSOCIATION('','',#2559,#2556);
#2561=DESCRIPTIVE_REPRESENTATION_ITEM('AEDT_EntityName_V1','Magnet_P1_L1_M2_S1_3_Slice1');
#2562=PROPERTY_DEFINITION('AEDT_EntityName_V1','',#2539);
#2563=REPRESENTATION('',(#2561),#10);
#2564=PROPERTY_DEFINITION_REPRESENTATION(#2562,#2563);
#2565=GENERAL_PROPERTY('','AEDT_EntityName_V1','');
#2566=GENERAL_PROPERTY_ASSOCIATION('','',#2565,#2562);
#2568=CARTESIAN_POINT('',(0.,0.,50.));
#2569=DIRECTION('',(0.,0.,-1.));
#2570=DIRECTION('',(-1.,0.,0.));
#2571=AXIS2_PLACEMENT_3D('',#2568,#2569,#2570);
#2572=PLANE('',#2571);
#2573=CARTESIAN_POINT('',(56.709571116,3.104886585,50.));
#2574=VERTEX_POINT('',#2573);
#2575=CARTESIAN_POINT('',(55.055767744,1.098662669,50.));
#2576=VERTEX_POINT('',#2575);
#2577=CARTESIAN_POINT('',(56.709571116,3.104886585,50.));
#2578=DIRECTION('',(-0.63607822,-0.771624583,0.));
#2579=VECTOR('',#2578,2.6);
#2580=LINE('',#2577,#2579);
#2581=EDGE_CURVE('',#2574,#2576,#2580,.T.);
#2582=ORIENTED_EDGE('',*,*,#2581,.F.);
#2583=CARTESIAN_POINT('',(40.250818753,16.672435024,50.));
#2584=VERTEX_POINT('',#2583);
#2585=CARTESIAN_POINT('',(40.250818753,16.672435024,50.));
#2586=DIRECTION('',(0.771624583,-0.63607822,0.));
#2587=VECTOR('',#2586,21.33);
#2588=LINE('',#2585,#2587);
#2589=EDGE_CURVE('',#2584,#2574,#2588,.T.);
#2590=ORIENTED_EDGE('',*,*,#2589,.F.);
#2591=CARTESIAN_POINT('',(38.59701538,14.666211107,50.));
#2592=VERTEX_POINT('',#2591);
#2593=CARTESIAN_POINT('',(38.59701538,14.666211107,50.));
#2594=DIRECTION('',(0.63607822,0.771624583,0.));
#2595=VECTOR('',#2594,2.6);
#2596=LINE('',#2593,#2595);
#2597=EDGE_CURVE('',#2592,#2584,#2596,.T.);
#2598=ORIENTED_EDGE('',*,*,#2597,.F.);
#2599=CARTESIAN_POINT('',(55.055767744,1.098662669,50.));
#2600=DIRECTION('',(-0.771624583,0.63607822,0.));
#2601=VECTOR('',#2600,21.33);
#2602=LINE('',#2599,#2601);
#2603=EDGE_CURVE('',#2576,#2592,#2602,.T.);
#2604=ORIENTED_EDGE('',*,*,#2603,.F.);
#2605=EDGE_LOOP('',(#2582,#2590,#2598,#2604));
#2606=FACE_BOUND('',#2605,.T.);
#2607=ADVANCED_FACE('',(#2606),#2572,.F.);
#2608=CARTESIAN_POINT('',(0.,0.,41.666666667));
#2609=DIRECTION('',(0.,0.,-1.));
#2610=DIRECTION('',(-1.,0.,0.));
#2611=AXIS2_PLACEMENT_3D('',#2608,#2609,#2610);
#2612=PLANE('',#2611);
#2613=CARTESIAN_POINT('',(56.709571116,3.104886585,41.666666667));
#2614=VERTEX_POINT('',#2613);
#2615=CARTESIAN_POINT('',(55.055767744,1.098662669,41.666666667));
#2616=VERTEX_POINT('',#2615);
#2617=CARTESIAN_POINT('',(56.709571116,3.104886585,41.666666667));
#2618=DIRECTION('',(-0.63607822,-0.771624583,0.));
#2619=VECTOR('',#2618,2.6);
#2620=LINE('',#2617,#2619);
#2621=EDGE_CURVE('',#2614,#2616,#2620,.T.);
#2622=ORIENTED_EDGE('',*,*,#2621,.T.);
#2623=CARTESIAN_POINT('',(38.59701538,14.666211107,41.666666667));
#2624=VERTEX_POINT('',#2623);
#2625=CARTESIAN_POINT('',(55.055767744,1.098662669,41.666666667));
#2626=DIRECTION('',(-0.771624583,0.63607822,0.));
#2627=VECTOR('',#2626,21.33);
#2628=LINE('',#2625,#2627);
#2629=EDGE_CURVE('',#2616,#2624,#2628,.T.);
#2630=ORIENTED_EDGE('',*,*,#2629,.T.);
#2631=CARTESIAN_POINT('',(40.250818753,16.672435024,41.666666667));
#2632=VERTEX_POINT('',#2631);
#2633=CARTESIAN_POINT('',(38.59701538,14.666211107,41.666666667));
#2634=DIRECTION('',(0.63607822,0.771624583,0.));
#2635=VECTOR('',#2634,2.6);
#2636=LINE('',#2633,#2635);
#2637=EDGE_CURVE('',#2624,#2632,#2636,.T.);
#2638=ORIENTED_EDGE('',*,*,#2637,.T.);
#2639=CARTESIAN_POINT('',(40.250818753,16.672435024,41.666666667));
#2640=DIRECTION('',(0.771624583,-0.63607822,0.));
#2641=VECTOR('',#2640,21.33);
#2642=LINE('',#2639,#2641);
#2643=EDGE_CURVE('',#2632,#2614,#2642,.T.);
#2644=ORIENTED_EDGE('',*,*,#2643,.T.);
#2645=EDGE_LOOP('',(#2622,#2630,#2638,#2644));
#2646=FACE_BOUND('',#2645,.T.);
#2647=ADVANCED_FACE('',(#2646),#2612,.T.);
#2648=CARTESIAN_POINT('',(56.709571116,3.104886585,50.));
#2649=DIRECTION('',(0.771624583,-0.63607822,0.));
#2650=DIRECTION('',(0.63607822,0.771624583,0.));
#2651=AXIS2_PLACEMENT_3D('',#2648,#2649,#2650);
#2652=PLANE('',#2651);
#2653=CARTESIAN_POINT('',(55.055767744,1.098662669,50.));
#2654=DIRECTION('',(0.,0.,-1.));
#2655=VECTOR('',#2654,8.333333333);
#2656=LINE('',#2653,#2655);
#2657=EDGE_CURVE('',#2576,#2616,#2656,.T.);
#2658=ORIENTED_EDGE('',*,*,#2657,.T.);
#2659=ORIENTED_EDGE('',*,*,#2621,.F.);
#2660=CARTESIAN_POINT('',(56.709571116,3.104886585,50.));
#2661=DIRECTION('',(0.,0.,-1.));
#2662=VECTOR('',#2661,8.333333333);
#2663=LINE('',#2660,#2662);
#2664=EDGE_CURVE('',#2574,#2614,#2663,.T.);
#2665=ORIENTED_EDGE('',*,*,#2664,.F.);
#2666=ORIENTED_EDGE('',*,*,#2581,.T.);
#2667=EDGE_LOOP('',(#2658,#2659,#2665,#2666));
#2668=FACE_BOUND('',#2667,.T.);
#2669=ADVANCED_FACE('',(#2668),#2652,.T.);
#2670=CARTESIAN_POINT('',(55.055767744,1.098662669,50.));
#2671=DIRECTION('',(-0.63607822,-0.771624583,0.));
#2672=DIRECTION('',(0.771624583,-0.63607822,0.));
#2673=AXIS2_PLACEMENT_3D('',#2670,#2671,#2672);
#2674=PLANE('',#2673);
#2675=CARTESIAN_POINT('',(38.59701538,14.666211107,50.));
#2676=DIRECTION('',(0.,0.,-1.));
#2677=VECTOR('',#2676,8.333333333);
#2678=LINE('',#2675,#2677);
#2679=EDGE_CURVE('',#2592,#2624,#2678,.T.);
#2680=ORIENTED_EDGE('',*,*,#2679,.T.);
#2681=ORIENTED_EDGE('',*,*,#2629,.F.);
#2682=ORIENTED_EDGE('',*,*,#2657,.F.);
#2683=ORIENTED_EDGE('',*,*,#2603,.T.);
#2684=EDGE_LOOP('',(#2680,#2681,#2682,#2683));
#2685=FACE_BOUND('',#2684,.T.);
#2686=ADVANCED_FACE('',(#2685),#2674,.T.);
#2687=CARTESIAN_POINT('',(38.59701538,14.666211107,50.));
#2688=DIRECTION('',(-0.771624583,0.63607822,0.));
#2689=DIRECTION('',(-0.63607822,-0.771624583,0.));
#2690=AXIS2_PLACEMENT_3D('',#2687,#2688,#2689);
#2691=PLANE('',#2690);
#2692=CARTESIAN_POINT('',(40.250818753,16.672435024,50.));
#2693=DIRECTION('',(0.,0.,-1.));
#2694=VECTOR('',#2693,8.333333333);
#2695=LINE('',#2692,#2694);
#2696=EDGE_CURVE('',#2584,#2632,#2695,.T.);
#2697=ORIENTED_EDGE('',*,*,#2696,.T.);
#2698=ORIENTED_EDGE('',*,*,#2637,.F.);
#2699=ORIENTED_EDGE('',*,*,#2679,.F.);
#2700=ORIENTED_EDGE('',*,*,#2597,.T.);
#2701=EDGE_LOOP('',(#2697,#2698,#2699,#2700));
#2702=FACE_BOUND('',#2701,.T.);
#2703=ADVANCED_FACE('',(#2702),#2691,.T.);
#2704=CARTESIAN_POINT('',(40.250818753,16.672435024,50.));
#2705=DIRECTION('',(0.63607822,0.771624583,0.));
#2706=DIRECTION('',(-0.771624583,0.63607822,0.));
#2707=AXIS2_PLACEMENT_3D('',#2704,#2705,#2706);
#2708=PLANE('',#2707);
#2709=ORIENTED_EDGE('',*,*,#2643,.F.);
#2710=ORIENTED_EDGE('',*,*,#2696,.F.);
#2711=ORIENTED_EDGE('',*,*,#2589,.T.);
#2712=ORIENTED_EDGE('',*,*,#2664,.T.);
#2713=EDGE_LOOP('',(#2709,#2710,#2711,#2712));
#2714=FACE_BOUND('',#2713,.T.);
#2715=ADVANCED_FACE('',(#2714),#2708,.T.);
#2716=CLOSED_SHELL('',(#2607,#2647,#2669,#2686,#2703,#2715));
#2717=MANIFOLD_SOLID_BREP('Magnet_P1_L1_M2_S1_4_Slice1',#2716);
#2567=STYLED_ITEM('',(#183),#2717);
#2718=REAL_REPRESENTATION_ITEM('AEDT_Translucency_V1',0.8);
#2719=ID_ATTRIBUTE('SA #2720',#2720);
#2720=SHAPE_ASPECT('properties','',#23,.F.);
#2721=GEOMETRIC_ITEM_SPECIFIC_USAGE('','properties',#2720,#17,#2717);
#2722=PROPERTY_DEFINITION('AEDT_Translucency_V1','',#2720);
#2723=REPRESENTATION('',(#2718),#10);
#2724=PROPERTY_DEFINITION_REPRESENTATION(#2722,#2723);
#2725=GENERAL_PROPERTY('','AEDT_Translucency_V1','');
#2726=GENERAL_PROPERTY_ASSOCIATION('','',#2725,#2722);
#2727=DESCRIPTIVE_REPRESENTATION_ITEM('AEDT_MaterialName_V1','NGYC - N50');
#2728=PROPERTY_DEFINITION('AEDT_MaterialName_V1','',#2720);
#2729=REPRESENTATION('',(#2727),#10);
#2730=PROPERTY_DEFINITION_REPRESENTATION(#2728,#2729);
#2731=GENERAL_PROPERTY('','AEDT_MaterialName_V1','');
#2732=GENERAL_PROPERTY_ASSOCIATION('','',#2731,#2728);
#2733=INTEGER_REPRESENTATION_ITEM('AEDT_BODYFlagGroupColor_V1',0);
#2734=INTEGER_REPRESENTATION_ITEM('AEDT_BODYFlagGroupColor_V1',-1);
#2735=INTEGER_REPRESENTATION_ITEM('AEDT_BODYFlagGroupColor_V1',-2139100801);
#2736=INTEGER_REPRESENTATION_ITEM('AEDT_BODYFlagGroupColor_V1',5);
#2737=PROPERTY_DEFINITION('AEDT_BODYFlagGroupColor_V1','',#2720);
#2738=REPRESENTATION('',(#2733,#2734,#2735,#2736),#10);
#2739=PROPERTY_DEFINITION_REPRESENTATION(#2737,#2738);
#2740=GENERAL_PROPERTY('','AEDT_BODYFlagGroupColor_V1','');
#2741=GENERAL_PROPERTY_ASSOCIATION('','',#2740,#2737);
#2742=DESCRIPTIVE_REPRESENTATION_ITEM('AEDT_EntityName_V1','Magnet_P1_L1_M2_S1_4_Slice1');
#2743=PROPERTY_DEFINITION('AEDT_EntityName_V1','',#2720);
#2744=REPRESENTATION('',(#2742),#10);
#2745=PROPERTY_DEFINITION_REPRESENTATION(#2743,#2744);
#2746=GENERAL_PROPERTY('','AEDT_EntityName_V1','');
#2747=GENERAL_PROPERTY_ASSOCIATION('','',#2746,#2743);
#2749=CARTESIAN_POINT('',(0.,0.,41.666666667));
#2750=DIRECTION('',(0.,0.,-1.));
#2751=DIRECTION('',(-1.,0.,0.));
#2752=AXIS2_PLACEMENT_3D('',#2749,#2750,#2751);
#2753=PLANE('',#2752);
#2754=CARTESIAN_POINT('',(56.709571116,3.104886585,41.666666667));
#2755=VERTEX_POINT('',#2754);
#2756=CARTESIAN_POINT('',(55.055767744,1.098662669,41.666666667));
#2757=VERTEX_POINT('',#2756);
#2758=CARTESIAN_POINT('',(56.709571116,3.104886585,41.666666667));
#2759=DIRECTION('',(-0.63607822,-0.771624583,0.));
#2760=VECTOR('',#2759,2.6);
#2761=LINE('',#2758,#2760);
#2762=EDGE_CURVE('',#2755,#2757,#2761,.T.);
#2763=ORIENTED_EDGE('',*,*,#2762,.F.);
#2764=CARTESIAN_POINT('',(40.250818753,16.672435024,41.666666667));
#2765=VERTEX_POINT('',#2764);
#2766=CARTESIAN_POINT('',(40.250818753,16.672435024,41.666666667));
#2767=DIRECTION('',(0.771624583,-0.63607822,0.));
#2768=VECTOR('',#2767,21.33);
#2769=LINE('',#2766,#2768);
#2770=EDGE_CURVE('',#2765,#2755,#2769,.T.);
#2771=ORIENTED_EDGE('',*,*,#2770,.F.);
#2772=CARTESIAN_POINT('',(38.59701538,14.666211107,41.666666667));
#2773=VERTEX_POINT('',#2772);
#2774=CARTESIAN_POINT('',(38.59701538,14.666211107,41.666666667));
#2775=DIRECTION('',(0.63607822,0.771624583,0.));
#2776=VECTOR('',#2775,2.6);
#2777=LINE('',#2774,#2776);
#2778=EDGE_CURVE('',#2773,#2765,#2777,.T.);
#2779=ORIENTED_EDGE('',*,*,#2778,.F.);
#2780=CARTESIAN_POINT('',(55.055767744,1.098662669,41.666666667));
#2781=DIRECTION('',(-0.771624583,0.63607822,0.));
#2782=VECTOR('',#2781,21.33);
#2783=LINE('',#2780,#2782);
#2784=EDGE_CURVE('',#2757,#2773,#2783,.T.);
#2785=ORIENTED_EDGE('',*,*,#2784,.F.);
#2786=EDGE_LOOP('',(#2763,#2771,#2779,#2785));
#2787=FACE_BOUND('',#2786,.T.);
#2788=ADVANCED_FACE('',(#2787),#2753,.F.);
#2789=CARTESIAN_POINT('',(0.,0.,33.333333333));
#2790=DIRECTION('',(0.,0.,-1.));
#2791=DIRECTION('',(-1.,0.,0.));
#2792=AXIS2_PLACEMENT_3D('',#2789,#2790,#2791);
#2793=PLANE('',#2792);
#2794=CARTESIAN_POINT('',(56.709571116,3.104886585,33.333333333));
#2795=VERTEX_POINT('',#2794);
#2796=CARTESIAN_POINT('',(55.055767744,1.098662669,33.333333333));
#2797=VERTEX_POINT('',#2796);
#2798=CARTESIAN_POINT('',(56.709571116,3.104886585,33.333333333));
#2799=DIRECTION('',(-0.63607822,-0.771624583,0.));
#2800=VECTOR('',#2799,2.6);
#2801=LINE('',#2798,#2800);
#2802=EDGE_CURVE('',#2795,#2797,#2801,.T.);
#2803=ORIENTED_EDGE('',*,*,#2802,.T.);
#2804=CARTESIAN_POINT('',(38.59701538,14.666211107,33.333333333));
#2805=VERTEX_POINT('',#2804);
#2806=CARTESIAN_POINT('',(55.055767744,1.098662669,33.333333333));
#2807=DIRECTION('',(-0.771624583,0.63607822,0.));
#2808=VECTOR('',#2807,21.33);
#2809=LINE('',#2806,#2808);
#2810=EDGE_CURVE('',#2797,#2805,#2809,.T.);
#2811=ORIENTED_EDGE('',*,*,#2810,.T.);
#2812=CARTESIAN_POINT('',(40.250818753,16.672435024,33.333333333));
#2813=VERTEX_POINT('',#2812);
#2814=CARTESIAN_POINT('',(38.59701538,14.666211107,33.333333333));
#2815=DIRECTION('',(0.63607822,0.771624583,0.));
#2816=VECTOR('',#2815,2.6);
#2817=LINE('',#2814,#2816);
#2818=EDGE_CURVE('',#2805,#2813,#2817,.T.);
#2819=ORIENTED_EDGE('',*,*,#2818,.T.);
#2820=CARTESIAN_POINT('',(40.250818753,16.672435024,33.333333333));
#2821=DIRECTION('',(0.771624583,-0.63607822,0.));
#2822=VECTOR('',#2821,21.33);
#2823=LINE('',#2820,#2822);
#2824=EDGE_CURVE('',#2813,#2795,#2823,.T.);
#2825=ORIENTED_EDGE('',*,*,#2824,.T.);
#2826=EDGE_LOOP('',(#2803,#2811,#2819,#2825));
#2827=FACE_BOUND('',#2826,.T.);
#2828=ADVANCED_FACE('',(#2827),#2793,.T.);
#2829=CARTESIAN_POINT('',(56.709571116,3.104886585,41.666666667));
#2830=DIRECTION('',(0.771624583,-0.63607822,0.));
#2831=DIRECTION('',(0.63607822,0.771624583,0.));
#2832=AXIS2_PLACEMENT_3D('',#2829,#2830,#2831);
#2833=PLANE('',#2832);
#2834=CARTESIAN_POINT('',(55.055767744,1.098662669,41.666666667));
#2835=DIRECTION('',(0.,0.,-1.));
#2836=VECTOR('',#2835,8.333333333);
#2837=LINE('',#2834,#2836);
#2838=EDGE_CURVE('',#2757,#2797,#2837,.T.);
#2839=ORIENTED_EDGE('',*,*,#2838,.T.);
#2840=ORIENTED_EDGE('',*,*,#2802,.F.);
#2841=CARTESIAN_POINT('',(56.709571116,3.104886585,41.666666667));
#2842=DIRECTION('',(0.,0.,-1.));
#2843=VECTOR('',#2842,8.333333333);
#2844=LINE('',#2841,#2843);
#2845=EDGE_CURVE('',#2755,#2795,#2844,.T.);
#2846=ORIENTED_EDGE('',*,*,#2845,.F.);
#2847=ORIENTED_EDGE('',*,*,#2762,.T.);
#2848=EDGE_LOOP('',(#2839,#2840,#2846,#2847));
#2849=FACE_BOUND('',#2848,.T.);
#2850=ADVANCED_FACE('',(#2849),#2833,.T.);
#2851=CARTESIAN_POINT('',(55.055767744,1.098662669,41.666666667));
#2852=DIRECTION('',(-0.63607822,-0.771624583,0.));
#2853=DIRECTION('',(0.771624583,-0.63607822,0.));
#2854=AXIS2_PLACEMENT_3D('',#2851,#2852,#2853);
#2855=PLANE('',#2854);
#2856=CARTESIAN_POINT('',(38.59701538,14.666211107,41.666666667));
#2857=DIRECTION('',(0.,0.,-1.));
#2858=VECTOR('',#2857,8.333333333);
#2859=LINE('',#2856,#2858);
#2860=EDGE_CURVE('',#2773,#2805,#2859,.T.);
#2861=ORIENTED_EDGE('',*,*,#2860,.T.);
#2862=ORIENTED_EDGE('',*,*,#2810,.F.);
#2863=ORIENTED_EDGE('',*,*,#2838,.F.);
#2864=ORIENTED_EDGE('',*,*,#2784,.T.);
#2865=EDGE_LOOP('',(#2861,#2862,#2863,#2864));
#2866=FACE_BOUND('',#2865,.T.);
#2867=ADVANCED_FACE('',(#2866),#2855,.T.);
#2868=CARTESIAN_POINT('',(38.59701538,14.666211107,41.666666667));
#2869=DIRECTION('',(-0.771624583,0.63607822,0.));
#2870=DIRECTION('',(-0.63607822,-0.771624583,0.));
#2871=AXIS2_PLACEMENT_3D('',#2868,#2869,#2870);
#2872=PLANE('',#2871);
#2873=CARTESIAN_POINT('',(40.250818753,16.672435024,41.666666667));
#2874=DIRECTION('',(0.,0.,-1.));
#2875=VECTOR('',#2874,8.333333333);
#2876=LINE('',#2873,#2875);
#2877=EDGE_CURVE('',#2765,#2813,#2876,.T.);
#2878=ORIENTED_EDGE('',*,*,#2877,.T.);
#2879=ORIENTED_EDGE('',*,*,#2818,.F.);
#2880=ORIENTED_EDGE('',*,*,#2860,.F.);
#2881=ORIENTED_EDGE('',*,*,#2778,.T.);
#2882=EDGE_LOOP('',(#2878,#2879,#2880,#2881));
#2883=FACE_BOUND('',#2882,.T.);
#2884=ADVANCED_FACE('',(#2883),#2872,.T.);
#2885=CARTESIAN_POINT('',(40.250818753,16.672435024,41.666666667));
#2886=DIRECTION('',(0.63607822,0.771624583,0.));
#2887=DIRECTION('',(-0.771624583,0.63607822,0.));
#2888=AXIS2_PLACEMENT_3D('',#2885,#2886,#2887);
#2889=PLANE('',#2888);
#2890=ORIENTED_EDGE('',*,*,#2824,.F.);
#2891=ORIENTED_EDGE('',*,*,#2877,.F.);
#2892=ORIENTED_EDGE('',*,*,#2770,.T.);
#2893=ORIENTED_EDGE('',*,*,#2845,.T.);
#2894=EDGE_LOOP('',(#2890,#2891,#2892,#2893));
#2895=FACE_BOUND('',#2894,.T.);
#2896=ADVANCED_FACE('',(#2895),#2889,.T.);
#2897=CLOSED_SHELL('',(#2788,#2828,#2850,#2867,#2884,#2896));
#2898=MANIFOLD_SOLID_BREP('Magnet_P1_L1_M2_S1_5_Slice1',#2897);
#2748=STYLED_ITEM('',(#183),#2898);
#2899=REAL_REPRESENTATION_ITEM('AEDT_Translucency_V1',0.8);
#2900=ID_ATTRIBUTE('SA #2901',#2901);
#2901=SHAPE_ASPECT('properties','',#23,.F.);
#2902=GEOMETRIC_ITEM_SPECIFIC_USAGE('','properties',#2901,#17,#2898);
#2903=PROPERTY_DEFINITION('AEDT_Translucency_V1','',#2901);
#2904=REPRESENTATION('',(#2899),#10);
#2905=PROPERTY_DEFINITION_REPRESENTATION(#2903,#2904);
#2906=GENERAL_PROPERTY('','AEDT_Translucency_V1','');
#2907=GENERAL_PROPERTY_ASSOCIATION('','',#2906,#2903);
#2908=DESCRIPTIVE_REPRESENTATION_ITEM('AEDT_MaterialName_V1','NGYC - N50');
#2909=PROPERTY_DEFINITION('AEDT_MaterialName_V1','',#2901);
#2910=REPRESENTATION('',(#2908),#10);
#2911=PROPERTY_DEFINITION_REPRESENTATION(#2909,#2910);
#2912=GENERAL_PROPERTY('','AEDT_MaterialName_V1','');
#2913=GENERAL_PROPERTY_ASSOCIATION('','',#2912,#2909);
#2914=INTEGER_REPRESENTATION_ITEM('AEDT_BODYFlagGroupColor_V1',0);
#2915=INTEGER_REPRESENTATION_ITEM('AEDT_BODYFlagGroupColor_V1',-1);
#2916=INTEGER_REPRESENTATION_ITEM('AEDT_BODYFlagGroupColor_V1',-2139100801);
#2917=INTEGER_REPRESENTATION_ITEM('AEDT_BODYFlagGroupColor_V1',5);
#2918=PROPERTY_DEFINITION('AEDT_BODYFlagGroupColor_V1','',#2901);
#2919=REPRESENTATION('',(#2914,#2915,#2916,#2917),#10);
#2920=PROPERTY_DEFINITION_REPRESENTATION(#2918,#2919);
#2921=GENERAL_PROPERTY('','AEDT_BODYFlagGroupColor_V1','');
#2922=GENERAL_PROPERTY_ASSOCIATION('','',#2921,#2918);
#2923=DESCRIPTIVE_REPRESENTATION_ITEM('AEDT_EntityName_V1','Magnet_P1_L1_M2_S1_5_Slice1');
#2924=PROPERTY_DEFINITION('AEDT_EntityName_V1','',#2901);
#2925=REPRESENTATION('',(#2923),#10);
#2926=PROPERTY_DEFINITION_REPRESENTATION(#2924,#2925);
#2927=GENERAL_PROPERTY('','AEDT_EntityName_V1','');
#2928=GENERAL_PROPERTY_ASSOCIATION('','',#2927,#2924);
#2930=CARTESIAN_POINT('',(0.,0.,33.333333333));
#2931=DIRECTION('',(0.,0.,-1.));
#2932=DIRECTION('',(-1.,0.,0.));
#2933=AXIS2_PLACEMENT_3D('',#2930,#2931,#2932);
#2934=PLANE('',#2933);
#2935=CARTESIAN_POINT('',(56.709571116,3.104886585,33.333333333));
#2936=VERTEX_POINT('',#2935);
#2937=CARTESIAN_POINT('',(55.055767744,1.098662669,33.333333333));
#2938=VERTEX_POINT('',#2937);
#2939=CARTESIAN_POINT('',(56.709571116,3.104886585,33.333333333));
#2940=DIRECTION('',(-0.63607822,-0.771624583,0.));
#2941=VECTOR('',#2940,2.6);
#2942=LINE('',#2939,#2941);
#2943=EDGE_CURVE('',#2936,#2938,#2942,.T.);
#2944=ORIENTED_EDGE('',*,*,#2943,.F.);
#2945=CARTESIAN_POINT('',(40.250818753,16.672435024,33.333333333));
#2946=VERTEX_POINT('',#2945);
#2947=CARTESIAN_POINT('',(40.250818753,16.672435024,33.333333333));
#2948=DIRECTION('',(0.771624583,-0.63607822,0.));
#2949=VECTOR('',#2948,21.33);
#2950=LINE('',#2947,#2949);
#2951=EDGE_CURVE('',#2946,#2936,#2950,.T.);
#2952=ORIENTED_EDGE('',*,*,#2951,.F.);
#2953=CARTESIAN_POINT('',(38.59701538,14.666211107,33.333333333));
#2954=VERTEX_POINT('',#2953);
#2955=CARTESIAN_POINT('',(38.59701538,14.666211107,33.333333333));
#2956=DIRECTION('',(0.63607822,0.771624583,0.));
#2957=VECTOR('',#2956,2.6);
#2958=LINE('',#2955,#2957);
#2959=EDGE_CURVE('',#2954,#2946,#2958,.T.);
#2960=ORIENTED_EDGE('',*,*,#2959,.F.);
#2961=CARTESIAN_POINT('',(55.055767744,1.098662669,33.333333333));
#2962=DIRECTION('',(-0.771624583,0.63607822,0.));
#2963=VECTOR('',#2962,21.33);
#2964=LINE('',#2961,#2963);
#2965=EDGE_CURVE('',#2938,#2954,#2964,.T.);
#2966=ORIENTED_EDGE('',*,*,#2965,.F.);
#2967=EDGE_LOOP('',(#2944,#2952,#2960,#2966));
#2968=FACE_BOUND('',#2967,.T.);
#2969=ADVANCED_FACE('',(#2968),#2934,.F.);
#2970=CARTESIAN_POINT('',(0.,0.,25.));
#2971=DIRECTION('',(0.,0.,-1.));
#2972=DIRECTION('',(-1.,0.,0.));
#2973=AXIS2_PLACEMENT_3D('',#2970,#2971,#2972);
#2974=PLANE('',#2973);
#2975=CARTESIAN_POINT('',(56.709571116,3.104886585,25.));
#2976=VERTEX_POINT('',#2975);
#2977=CARTESIAN_POINT('',(55.055767744,1.098662669,25.));
#2978=VERTEX_POINT('',#2977);
#2979=CARTESIAN_POINT('',(56.709571116,3.104886585,25.));
#2980=DIRECTION('',(-0.63607822,-0.771624583,0.));
#2981=VECTOR('',#2980,2.6);
#2982=LINE('',#2979,#2981);
#2983=EDGE_CURVE('',#2976,#2978,#2982,.T.);
#2984=ORIENTED_EDGE('',*,*,#2983,.T.);
#2985=CARTESIAN_POINT('',(38.59701538,14.666211107,25.));
#2986=VERTEX_POINT('',#2985);
#2987=CARTESIAN_POINT('',(55.055767744,1.098662669,25.));
#2988=DIRECTION('',(-0.771624583,0.63607822,0.));
#2989=VECTOR('',#2988,21.33);
#2990=LINE('',#2987,#2989);
#2991=EDGE_CURVE('',#2978,#2986,#2990,.T.);
#2992=ORIENTED_EDGE('',*,*,#2991,.T.);
#2993=CARTESIAN_POINT('',(40.250818753,16.672435024,25.));
#2994=VERTEX_POINT('',#2993);
#2995=CARTESIAN_POINT('',(38.59701538,14.666211107,25.));
#2996=DIRECTION('',(0.63607822,0.771624583,0.));
#2997=VECTOR('',#2996,2.6);
#2998=LINE('',#2995,#2997);
#2999=EDGE_CURVE('',#2986,#2994,#2998,.T.);
#3000=ORIENTED_EDGE('',*,*,#2999,.T.);
#3001=CARTESIAN_POINT('',(40.250818753,16.672435024,25.));
#3002=DIRECTION('',(0.771624583,-0.63607822,0.));
#3003=VECTOR('',#3002,21.33);
#3004=LINE('',#3001,#3003);
#3005=EDGE_CURVE('',#2994,#2976,#3004,.T.);
#3006=ORIENTED_EDGE('',*,*,#3005,.T.);
#3007=EDGE_LOOP('',(#2984,#2992,#3000,#3006));
#3008=FACE_BOUND('',#3007,.T.);
#3009=ADVANCED_FACE('',(#3008),#2974,.T.);
#3010=CARTESIAN_POINT('',(56.709571116,3.104886585,33.333333333));
#3011=DIRECTION('',(0.771624583,-0.63607822,0.));
#3012=DIRECTION('',(0.63607822,0.771624583,0.));
#3013=AXIS2_PLACEMENT_3D('',#3010,#3011,#3012);
#3014=PLANE('',#3013);
#3015=CARTESIAN_POINT('',(55.055767744,1.098662669,33.333333333));
#3016=DIRECTION('',(0.,0.,-1.));
#3017=VECTOR('',#3016,8.333333333);
#3018=LINE('',#3015,#3017);
#3019=EDGE_CURVE('',#2938,#2978,#3018,.T.);
#3020=ORIENTED_EDGE('',*,*,#3019,.T.);
#3021=ORIENTED_EDGE('',*,*,#2983,.F.);
#3022=CARTESIAN_POINT('',(56.709571116,3.104886585,33.333333333));
#3023=DIRECTION('',(0.,0.,-1.));
#3024=VECTOR('',#3023,8.333333333);
#3025=LINE('',#3022,#3024);
#3026=EDGE_CURVE('',#2936,#2976,#3025,.T.);
#3027=ORIENTED_EDGE('',*,*,#3026,.F.);
#3028=ORIENTED_EDGE('',*,*,#2943,.T.);
#3029=EDGE_LOOP('',(#3020,#3021,#3027,#3028));
#3030=FACE_BOUND('',#3029,.T.);
#3031=ADVANCED_FACE('',(#3030),#3014,.T.);
#3032=CARTESIAN_POINT('',(55.055767744,1.098662669,33.333333333));
#3033=DIRECTION('',(-0.63607822,-0.771624583,0.));
#3034=DIRECTION('',(0.771624583,-0.63607822,0.));
#3035=AXIS2_PLACEMENT_3D('',#3032,#3033,#3034);
#3036=PLANE('',#3035);
#3037=CARTESIAN_POINT('',(38.59701538,14.666211107,33.333333333));
#3038=DIRECTION('',(0.,0.,-1.));
#3039=VECTOR('',#3038,8.333333333);
#3040=LINE('',#3037,#3039);
#3041=EDGE_CURVE('',#2954,#2986,#3040,.T.);
#3042=ORIENTED_EDGE('',*,*,#3041,.T.);
#3043=ORIENTED_EDGE('',*,*,#2991,.F.);
#3044=ORIENTED_EDGE('',*,*,#3019,.F.);
#3045=ORIENTED_EDGE('',*,*,#2965,.T.);
#3046=EDGE_LOOP('',(#3042,#3043,#3044,#3045));
#3047=FACE_BOUND('',#3046,.T.);
#3048=ADVANCED_FACE('',(#3047),#3036,.T.);
#3049=CARTESIAN_POINT('',(38.59701538,14.666211107,33.333333333));
#3050=DIRECTION('',(-0.771624583,0.63607822,0.));
#3051=DIRECTION('',(-0.63607822,-0.771624583,0.));
#3052=AXIS2_PLACEMENT_3D('',#3049,#3050,#3051);
#3053=PLANE('',#3052);
#3054=CARTESIAN_POINT('',(40.250818753,16.672435024,33.333333333));
#3055=DIRECTION('',(0.,0.,-1.));
#3056=VECTOR('',#3055,8.333333333);
#3057=LINE('',#3054,#3056);
#3058=EDGE_CURVE('',#2946,#2994,#3057,.T.);
#3059=ORIENTED_EDGE('',*,*,#3058,.T.);
#3060=ORIENTED_EDGE('',*,*,#2999,.F.);
#3061=ORIENTED_EDGE('',*,*,#3041,.F.);
#3062=ORIENTED_EDGE('',*,*,#2959,.T.);
#3063=EDGE_LOOP('',(#3059,#3060,#3061,#3062));
#3064=FACE_BOUND('',#3063,.T.);
#3065=ADVANCED_FACE('',(#3064),#3053,.T.);
#3066=CARTESIAN_POINT('',(40.250818753,16.672435024,33.333333333));
#3067=DIRECTION('',(0.63607822,0.771624583,0.));
#3068=DIRECTION('',(-0.771624583,0.63607822,0.));
#3069=AXIS2_PLACEMENT_3D('',#3066,#3067,#3068);
#3070=PLANE('',#3069);
#3071=ORIENTED_EDGE('',*,*,#3005,.F.);
#3072=ORIENTED_EDGE('',*,*,#3058,.F.);
#3073=ORIENTED_EDGE('',*,*,#2951,.T.);
#3074=ORIENTED_EDGE('',*,*,#3026,.T.);
#3075=EDGE_LOOP('',(#3071,#3072,#3073,#3074));
#3076=FACE_BOUND('',#3075,.T.);
#3077=ADVANCED_FACE('',(#3076),#3070,.T.);
#3078=CLOSED_SHELL('',(#2969,#3009,#3031,#3048,#3065,#3077));
#3079=MANIFOLD_SOLID_BREP('Magnet_P1_L1_M2_S1_6_Slice1',#3078);
#2929=STYLED_ITEM('',(#183),#3079);
#3080=REAL_REPRESENTATION_ITEM('AEDT_Translucency_V1',0.8);
#3081=ID_ATTRIBUTE('SA #3082',#3082);
#3082=SHAPE_ASPECT('properties','',#23,.F.);
#3083=GEOMETRIC_ITEM_SPECIFIC_USAGE('','properties',#3082,#17,#3079);
#3084=PROPERTY_DEFINITION('AEDT_Translucency_V1','',#3082);
#3085=REPRESENTATION('',(#3080),#10);
#3086=PROPERTY_DEFINITION_REPRESENTATION(#3084,#3085);
#3087=GENERAL_PROPERTY('','AEDT_Translucency_V1','');
#3088=GENERAL_PROPERTY_ASSOCIATION('','',#3087,#3084);
#3089=DESCRIPTIVE_REPRESENTATION_ITEM('AEDT_MaterialName_V1','NGYC - N50');
#3090=PROPERTY_DEFINITION('AEDT_MaterialName_V1','',#3082);
#3091=REPRESENTATION('',(#3089),#10);
#3092=PROPERTY_DEFINITION_REPRESENTATION(#3090,#3091);
#3093=GENERAL_PROPERTY('','AEDT_MaterialName_V1','');
#3094=GENERAL_PROPERTY_ASSOCIATION('','',#3093,#3090);
#3095=INTEGER_REPRESENTATION_ITEM('AEDT_BODYFlagGroupColor_V1',0);
#3096=INTEGER_REPRESENTATION_ITEM('AEDT_BODYFlagGroupColor_V1',-1);
#3097=INTEGER_REPRESENTATION_ITEM('AEDT_BODYFlagGroupColor_V1',-2139100801);
#3098=INTEGER_REPRESENTATION_ITEM('AEDT_BODYFlagGroupColor_V1',5);
#3099=PROPERTY_DEFINITION('AEDT_BODYFlagGroupColor_V1','',#3082);
#3100=REPRESENTATION('',(#3095,#3096,#3097,#3098),#10);
#3101=PROPERTY_DEFINITION_REPRESENTATION(#3099,#3100);
#3102=GENERAL_PROPERTY('','AEDT_BODYFlagGroupColor_V1','');
#3103=GENERAL_PROPERTY_ASSOCIATION('','',#3102,#3099);
#3104=DESCRIPTIVE_REPRESENTATION_ITEM('AEDT_EntityName_V1','Magnet_P1_L1_M2_S1_6_Slice1');
#3105=PROPERTY_DEFINITION('AEDT_EntityName_V1','',#3082);
#3106=REPRESENTATION('',(#3104),#10);
#3107=PROPERTY_DEFINITION_REPRESENTATION(#3105,#3106);
#3108=GENERAL_PROPERTY('','AEDT_EntityName_V1','');
#3109=GENERAL_PROPERTY_ASSOCIATION('','',#3108,#3105);
#3111=CARTESIAN_POINT('',(0.,0.,25.));
#3112=DIRECTION('',(0.,0.,-1.));
#3113=DIRECTION('',(-1.,0.,0.));
#3114=AXIS2_PLACEMENT_3D('',#3111,#3112,#3113);
#3115=PLANE('',#3114);
#3116=CARTESIAN_POINT('',(56.709571116,3.104886585,25.));
#3117=VERTEX_POINT('',#3116);
#3118=CARTESIAN_POINT('',(55.055767744,1.098662669,25.));
#3119=VERTEX_POINT('',#3118);
#3120=CARTESIAN_POINT('',(56.709571116,3.104886585,25.));
#3121=DIRECTION('',(-0.63607822,-0.771624583,0.));
#3122=VECTOR('',#3121,2.6);
#3123=LINE('',#3120,#3122);
#3124=EDGE_CURVE('',#3117,#3119,#3123,.T.);
#3125=ORIENTED_EDGE('',*,*,#3124,.F.);
#3126=CARTESIAN_POINT('',(40.250818753,16.672435024,25.));
#3127=VERTEX_POINT('',#3126);
#3128=CARTESIAN_POINT('',(40.250818753,16.672435024,25.));
#3129=DIRECTION('',(0.771624583,-0.63607822,0.));
#3130=VECTOR('',#3129,21.33);
#3131=LINE('',#3128,#3130);
#3132=EDGE_CURVE('',#3127,#3117,#3131,.T.);
#3133=ORIENTED_EDGE('',*,*,#3132,.F.);
#3134=CARTESIAN_POINT('',(38.59701538,14.666211107,25.));
#3135=VERTEX_POINT('',#3134);
#3136=CARTESIAN_POINT('',(38.59701538,14.666211107,25.));
#3137=DIRECTION('',(0.63607822,0.771624583,0.));
#3138=VECTOR('',#3137,2.6);
#3139=LINE('',#3136,#3138);
#3140=EDGE_CURVE('',#3135,#3127,#3139,.T.);
#3141=ORIENTED_EDGE('',*,*,#3140,.F.);
#3142=CARTESIAN_POINT('',(55.055767744,1.098662669,25.));
#3143=DIRECTION('',(-0.771624583,0.63607822,0.));
#3144=VECTOR('',#3143,21.33);
#3145=LINE('',#3142,#3144);
#3146=EDGE_CURVE('',#3119,#3135,#3145,.T.);
#3147=ORIENTED_EDGE('',*,*,#3146,.F.);
#3148=EDGE_LOOP('',(#3125,#3133,#3141,#3147));
#3149=FACE_BOUND('',#3148,.T.);
#3150=ADVANCED_FACE('',(#3149),#3115,.F.);
#3151=CARTESIAN_POINT('',(0.,0.,16.666666667));
#3152=DIRECTION('',(0.,0.,-1.));
#3153=DIRECTION('',(-1.,0.,0.));
#3154=AXIS2_PLACEMENT_3D('',#3151,#3152,#3153);
#3155=PLANE('',#3154);
#3156=CARTESIAN_POINT('',(56.709571116,3.104886585,16.666666667));
#3157=VERTEX_POINT('',#3156);
#3158=CARTESIAN_POINT('',(55.055767744,1.098662669,16.666666667));
#3159=VERTEX_POINT('',#3158);
#3160=CARTESIAN_POINT('',(56.709571116,3.104886585,16.666666667));
#3161=DIRECTION('',(-0.63607822,-0.771624583,0.));
#3162=VECTOR('',#3161,2.6);
#3163=LINE('',#3160,#3162);
#3164=EDGE_CURVE('',#3157,#3159,#3163,.T.);
#3165=ORIENTED_EDGE('',*,*,#3164,.T.);
#3166=CARTESIAN_POINT('',(38.59701538,14.666211107,16.666666667));
#3167=VERTEX_POINT('',#3166);
#3168=CARTESIAN_POINT('',(55.055767744,1.098662669,16.666666667));
#3169=DIRECTION('',(-0.771624583,0.63607822,0.));
#3170=VECTOR('',#3169,21.33);
#3171=LINE('',#3168,#3170);
#3172=EDGE_CURVE('',#3159,#3167,#3171,.T.);
#3173=ORIENTED_EDGE('',*,*,#3172,.T.);
#3174=CARTESIAN_POINT('',(40.250818753,16.672435024,16.666666667));
#3175=VERTEX_POINT('',#3174);
#3176=CARTESIAN_POINT('',(38.59701538,14.666211107,16.666666667));
#3177=DIRECTION('',(0.63607822,0.771624583,0.));
#3178=VECTOR('',#3177,2.6);
#3179=LINE('',#3176,#3178);
#3180=EDGE_CURVE('',#3167,#3175,#3179,.T.);
#3181=ORIENTED_EDGE('',*,*,#3180,.T.);
#3182=CARTESIAN_POINT('',(40.250818753,16.672435024,16.666666667));
#3183=DIRECTION('',(0.771624583,-0.63607822,0.));
#3184=VECTOR('',#3183,21.33);
#3185=LINE('',#3182,#3184);
#3186=EDGE_CURVE('',#3175,#3157,#3185,.T.);
#3187=ORIENTED_EDGE('',*,*,#3186,.T.);
#3188=EDGE_LOOP('',(#3165,#3173,#3181,#3187));
#3189=FACE_BOUND('',#3188,.T.);
#3190=ADVANCED_FACE('',(#3189),#3155,.T.);
#3191=CARTESIAN_POINT('',(56.709571116,3.104886585,25.));
#3192=DIRECTION('',(0.771624583,-0.63607822,0.));
#3193=DIRECTION('',(0.63607822,0.771624583,0.));
#3194=AXIS2_PLACEMENT_3D('',#3191,#3192,#3193);
#3195=PLANE('',#3194);
#3196=CARTESIAN_POINT('',(55.055767744,1.098662669,25.));
#3197=DIRECTION('',(0.,0.,-1.));
#3198=VECTOR('',#3197,8.333333333);
#3199=LINE('',#3196,#3198);
#3200=EDGE_CURVE('',#3119,#3159,#3199,.T.);
#3201=ORIENTED_EDGE('',*,*,#3200,.T.);
#3202=ORIENTED_EDGE('',*,*,#3164,.F.);
#3203=CARTESIAN_POINT('',(56.709571116,3.104886585,25.));
#3204=DIRECTION('',(0.,0.,-1.));
#3205=VECTOR('',#3204,8.333333333);
#3206=LINE('',#3203,#3205);
#3207=EDGE_CURVE('',#3117,#3157,#3206,.T.);
#3208=ORIENTED_EDGE('',*,*,#3207,.F.);
#3209=ORIENTED_EDGE('',*,*,#3124,.T.);
#3210=EDGE_LOOP('',(#3201,#3202,#3208,#3209));
#3211=FACE_BOUND('',#3210,.T.);
#3212=ADVANCED_FACE('',(#3211),#3195,.T.);
#3213=CARTESIAN_POINT('',(55.055767744,1.098662669,25.));
#3214=DIRECTION('',(-0.63607822,-0.771624583,0.));
#3215=DIRECTION('',(0.771624583,-0.63607822,0.));
#3216=AXIS2_PLACEMENT_3D('',#3213,#3214,#3215);
#3217=PLANE('',#3216);
#3218=CARTESIAN_POINT('',(38.59701538,14.666211107,25.));
#3219=DIRECTION('',(0.,0.,-1.));
#3220=VECTOR('',#3219,8.333333333);
#3221=LINE('',#3218,#3220);
#3222=EDGE_CURVE('',#3135,#3167,#3221,.T.);
#3223=ORIENTED_EDGE('',*,*,#3222,.T.);
#3224=ORIENTED_EDGE('',*,*,#3172,.F.);
#3225=ORIENTED_EDGE('',*,*,#3200,.F.);
#3226=ORIENTED_EDGE('',*,*,#3146,.T.);
#3227=EDGE_LOOP('',(#3223,#3224,#3225,#3226));
#3228=FACE_BOUND('',#3227,.T.);
#3229=ADVANCED_FACE('',(#3228),#3217,.T.);
#3230=CARTESIAN_POINT('',(38.59701538,14.666211107,25.));
#3231=DIRECTION('',(-0.771624583,0.63607822,0.));
#3232=DIRECTION('',(-0.63607822,-0.771624583,0.));
#3233=AXIS2_PLACEMENT_3D('',#3230,#3231,#3232);
#3234=PLANE('',#3233);
#3235=CARTESIAN_POINT('',(40.250818753,16.672435024,25.));
#3236=DIRECTION('',(0.,0.,-1.));
#3237=VECTOR('',#3236,8.333333333);
#3238=LINE('',#3235,#3237);
#3239=EDGE_CURVE('',#3127,#3175,#3238,.T.);
#3240=ORIENTED_EDGE('',*,*,#3239,.T.);
#3241=ORIENTED_EDGE('',*,*,#3180,.F.);
#3242=ORIENTED_EDGE('',*,*,#3222,.F.);
#3243=ORIENTED_EDGE('',*,*,#3140,.T.);
#3244=EDGE_LOOP('',(#3240,#3241,#3242,#3243));
#3245=FACE_BOUND('',#3244,.T.);
#3246=ADVANCED_FACE('',(#3245),#3234,.T.);
#3247=CARTESIAN_POINT('',(40.250818753,16.672435024,25.));
#3248=DIRECTION('',(0.63607822,0.771624583,0.));
#3249=DIRECTION('',(-0.771624583,0.63607822,0.));
#3250=AXIS2_PLACEMENT_3D('',#3247,#3248,#3249);
#3251=PLANE('',#3250);
#3252=ORIENTED_EDGE('',*,*,#3186,.F.);
#3253=ORIENTED_EDGE('',*,*,#3239,.F.);
#3254=ORIENTED_EDGE('',*,*,#3132,.T.);
#3255=ORIENTED_EDGE('',*,*,#3207,.T.);
#3256=EDGE_LOOP('',(#3252,#3253,#3254,#3255));
#3257=FACE_BOUND('',#3256,.T.);
#3258=ADVANCED_FACE('',(#3257),#3251,.T.);
#3259=CLOSED_SHELL('',(#3150,#3190,#3212,#3229,#3246,#3258));
#3260=MANIFOLD_SOLID_BREP('Magnet_P1_L1_M2_S1_7_Slice1',#3259);
#3110=STYLED_ITEM('',(#183),#3260);
#3261=REAL_REPRESENTATION_ITEM('AEDT_Translucency_V1',0.8);
#3262=ID_ATTRIBUTE('SA #3263',#3263);
#3263=SHAPE_ASPECT('properties','',#23,.F.);
#3264=GEOMETRIC_ITEM_SPECIFIC_USAGE('','properties',#3263,#17,#3260);
#3265=PROPERTY_DEFINITION('AEDT_Translucency_V1','',#3263);
#3266=REPRESENTATION('',(#3261),#10);
#3267=PROPERTY_DEFINITION_REPRESENTATION(#3265,#3266);
#3268=GENERAL_PROPERTY('','AEDT_Translucency_V1','');
#3269=GENERAL_PROPERTY_ASSOCIATION('','',#3268,#3265);
#3270=DESCRIPTIVE_REPRESENTATION_ITEM('AEDT_MaterialName_V1','NGYC - N50');
#3271=PROPERTY_DEFINITION('AEDT_MaterialName_V1','',#3263);
#3272=REPRESENTATION('',(#3270),#10);
#3273=PROPERTY_DEFINITION_REPRESENTATION(#3271,#3272);
#3274=GENERAL_PROPERTY('','AEDT_MaterialName_V1','');
#3275=GENERAL_PROPERTY_ASSOCIATION('','',#3274,#3271);
#3276=INTEGER_REPRESENTATION_ITEM('AEDT_BODYFlagGroupColor_V1',0);
#3277=INTEGER_REPRESENTATION_ITEM('AEDT_BODYFlagGroupColor_V1',-1);
#3278=INTEGER_REPRESENTATION_ITEM('AEDT_BODYFlagGroupColor_V1',-2139100801);
#3279=INTEGER_REPRESENTATION_ITEM('AEDT_BODYFlagGroupColor_V1',5);
#3280=PROPERTY_DEFINITION('AEDT_BODYFlagGroupColor_V1','',#3263);
#3281=REPRESENTATION('',(#3276,#3277,#3278,#3279),#10);
#3282=PROPERTY_DEFINITION_REPRESENTATION(#3280,#3281);
#3283=GENERAL_PROPERTY('','AEDT_BODYFlagGroupColor_V1','');
#3284=GENERAL_PROPERTY_ASSOCIATION('','',#3283,#3280);
#3285=DESCRIPTIVE_REPRESENTATION_ITEM('AEDT_EntityName_V1','Magnet_P1_L1_M2_S1_7_Slice1');
#3286=PROPERTY_DEFINITION('AEDT_EntityName_V1','',#3263);
#3287=REPRESENTATION('',(#3285),#10);
#3288=PROPERTY_DEFINITION_REPRESENTATION(#3286,#3287);
#3289=GENERAL_PROPERTY('','AEDT_EntityName_V1','');
#3290=GENERAL_PROPERTY_ASSOCIATION('','',#3289,#3286);
#3292=CARTESIAN_POINT('',(0.,0.,16.666666667));
#3293=DIRECTION('',(0.,0.,-1.));
#3294=DIRECTION('',(-1.,0.,0.));
#3295=AXIS2_PLACEMENT_3D('',#3292,#3293,#3294);
#3296=PLANE('',#3295);
#3297=CARTESIAN_POINT('',(56.709571116,3.104886585,16.666666667));
#3298=VERTEX_POINT('',#3297);
#3299=CARTESIAN_POINT('',(55.055767744,1.098662669,16.666666667));
#3300=VERTEX_POINT('',#3299);
#3301=CARTESIAN_POINT('',(56.709571116,3.104886585,16.666666667));
#3302=DIRECTION('',(-0.63607822,-0.771624583,0.));
#3303=VECTOR('',#3302,2.6);
#3304=LINE('',#3301,#3303);
#3305=EDGE_CURVE('',#3298,#3300,#3304,.T.);
#3306=ORIENTED_EDGE('',*,*,#3305,.F.);
#3307=CARTESIAN_POINT('',(40.250818753,16.672435024,16.666666667));
#3308=VERTEX_POINT('',#3307);
#3309=CARTESIAN_POINT('',(40.250818753,16.672435024,16.666666667));
#3310=DIRECTION('',(0.771624583,-0.63607822,0.));
#3311=VECTOR('',#3310,21.33);
#3312=LINE('',#3309,#3311);
#3313=EDGE_CURVE('',#3308,#3298,#3312,.T.);
#3314=ORIENTED_EDGE('',*,*,#3313,.F.);
#3315=CARTESIAN_POINT('',(38.59701538,14.666211107,16.666666667));
#3316=VERTEX_POINT('',#3315);
#3317=CARTESIAN_POINT('',(38.59701538,14.666211107,16.666666667));
#3318=DIRECTION('',(0.63607822,0.771624583,0.));
#3319=VECTOR('',#3318,2.6);
#3320=LINE('',#3317,#3319);
#3321=EDGE_CURVE('',#3316,#3308,#3320,.T.);
#3322=ORIENTED_EDGE('',*,*,#3321,.F.);
#3323=CARTESIAN_POINT('',(55.055767744,1.098662669,16.666666667));
#3324=DIRECTION('',(-0.771624583,0.63607822,0.));
#3325=VECTOR('',#3324,21.33);
#3326=LINE('',#3323,#3325);
#3327=EDGE_CURVE('',#3300,#3316,#3326,.T.);
#3328=ORIENTED_EDGE('',*,*,#3327,.F.);
#3329=EDGE_LOOP('',(#3306,#3314,#3322,#3328));
#3330=FACE_BOUND('',#3329,.T.);
#3331=ADVANCED_FACE('',(#3330),#3296,.F.);
#3332=CARTESIAN_POINT('',(0.,0.,8.333333333));
#3333=DIRECTION('',(0.,0.,-1.));
#3334=DIRECTION('',(-1.,0.,0.));
#3335=AXIS2_PLACEMENT_3D('',#3332,#3333,#3334);
#3336=PLANE('',#3335);
#3337=CARTESIAN_POINT('',(56.709571116,3.104886585,8.333333333));
#3338=VERTEX_POINT('',#3337);
#3339=CARTESIAN_POINT('',(55.055767744,1.098662669,8.333333333));
#3340=VERTEX_POINT('',#3339);
#3341=CARTESIAN_POINT('',(56.709571116,3.104886585,8.333333333));
#3342=DIRECTION('',(-0.63607822,-0.771624583,0.));
#3343=VECTOR('',#3342,2.6);
#3344=LINE('',#3341,#3343);
#3345=EDGE_CURVE('',#3338,#3340,#3344,.T.);
#3346=ORIENTED_EDGE('',*,*,#3345,.T.);
#3347=CARTESIAN_POINT('',(38.59701538,14.666211107,8.333333333));
#3348=VERTEX_POINT('',#3347);
#3349=CARTESIAN_POINT('',(55.055767744,1.098662669,8.333333333));
#3350=DIRECTION('',(-0.771624583,0.63607822,0.));
#3351=VECTOR('',#3350,21.33);
#3352=LINE('',#3349,#3351);
#3353=EDGE_CURVE('',#3340,#3348,#3352,.T.);
#3354=ORIENTED_EDGE('',*,*,#3353,.T.);
#3355=CARTESIAN_POINT('',(40.250818753,16.672435024,8.333333333));
#3356=VERTEX_POINT('',#3355);
#3357=CARTESIAN_POINT('',(38.59701538,14.666211107,8.333333333));
#3358=DIRECTION('',(0.63607822,0.771624583,0.));
#3359=VECTOR('',#3358,2.6);
#3360=LINE('',#3357,#3359);
#3361=EDGE_CURVE('',#3348,#3356,#3360,.T.);
#3362=ORIENTED_EDGE('',*,*,#3361,.T.);
#3363=CARTESIAN_POINT('',(40.250818753,16.672435024,8.333333333));
#3364=DIRECTION('',(0.771624583,-0.63607822,0.));
#3365=VECTOR('',#3364,21.33);
#3366=LINE('',#3363,#3365);
#3367=EDGE_CURVE('',#3356,#3338,#3366,.T.);
#3368=ORIENTED_EDGE('',*,*,#3367,.T.);
#3369=EDGE_LOOP('',(#3346,#3354,#3362,#3368));
#3370=FACE_BOUND('',#3369,.T.);
#3371=ADVANCED_FACE('',(#3370),#3336,.T.);
#3372=CARTESIAN_POINT('',(56.709571116,3.104886585,16.666666667));
#3373=DIRECTION('',(0.771624583,-0.63607822,0.));
#3374=DIRECTION('',(0.63607822,0.771624583,0.));
#3375=AXIS2_PLACEMENT_3D('',#3372,#3373,#3374);
#3376=PLANE('',#3375);
#3377=CARTESIAN_POINT('',(55.055767744,1.098662669,16.666666667));
#3378=DIRECTION('',(0.,0.,-1.));
#3379=VECTOR('',#3378,8.333333333);
#3380=LINE('',#3377,#3379);
#3381=EDGE_CURVE('',#3300,#3340,#3380,.T.);
#3382=ORIENTED_EDGE('',*,*,#3381,.T.);
#3383=ORIENTED_EDGE('',*,*,#3345,.F.);
#3384=CARTESIAN_POINT('',(56.709571116,3.104886585,16.666666667));
#3385=DIRECTION('',(0.,0.,-1.));
#3386=VECTOR('',#3385,8.333333333);
#3387=LINE('',#3384,#3386);
#3388=EDGE_CURVE('',#3298,#3338,#3387,.T.);
#3389=ORIENTED_EDGE('',*,*,#3388,.F.);
#3390=ORIENTED_EDGE('',*,*,#3305,.T.);
#3391=EDGE_LOOP('',(#3382,#3383,#3389,#3390));
#3392=FACE_BOUND('',#3391,.T.);
#3393=ADVANCED_FACE('',(#3392),#3376,.T.);
#3394=CARTESIAN_POINT('',(55.055767744,1.098662669,16.666666667));
#3395=DIRECTION('',(-0.63607822,-0.771624583,0.));
#3396=DIRECTION('',(0.771624583,-0.63607822,0.));
#3397=AXIS2_PLACEMENT_3D('',#3394,#3395,#3396);
#3398=PLANE('',#3397);
#3399=CARTESIAN_POINT('',(38.59701538,14.666211107,16.666666667));
#3400=DIRECTION('',(0.,0.,-1.));
#3401=VECTOR('',#3400,8.333333333);
#3402=LINE('',#3399,#3401);
#3403=EDGE_CURVE('',#3316,#3348,#3402,.T.);
#3404=ORIENTED_EDGE('',*,*,#3403,.T.);
#3405=ORIENTED_EDGE('',*,*,#3353,.F.);
#3406=ORIENTED_EDGE('',*,*,#3381,.F.);
#3407=ORIENTED_EDGE('',*,*,#3327,.T.);
#3408=EDGE_LOOP('',(#3404,#3405,#3406,#3407));
#3409=FACE_BOUND('',#3408,.T.);
#3410=ADVANCED_FACE('',(#3409),#3398,.T.);
#3411=CARTESIAN_POINT('',(38.59701538,14.666211107,16.666666667));
#3412=DIRECTION('',(-0.771624583,0.63607822,0.));
#3413=DIRECTION('',(-0.63607822,-0.771624583,0.));
#3414=AXIS2_PLACEMENT_3D('',#3411,#3412,#3413);
#3415=PLANE('',#3414);
#3416=CARTESIAN_POINT('',(40.250818753,16.672435024,16.666666667));
#3417=DIRECTION('',(0.,0.,-1.));
#3418=VECTOR('',#3417,8.333333333);
#3419=LINE('',#3416,#3418);
#3420=EDGE_CURVE('',#3308,#3356,#3419,.T.);
#3421=ORIENTED_EDGE('',*,*,#3420,.T.);
#3422=ORIENTED_EDGE('',*,*,#3361,.F.);
#3423=ORIENTED_EDGE('',*,*,#3403,.F.);
#3424=ORIENTED_EDGE('',*,*,#3321,.T.);
#3425=EDGE_LOOP('',(#3421,#3422,#3423,#3424));
#3426=FACE_BOUND('',#3425,.T.);
#3427=ADVANCED_FACE('',(#3426),#3415,.T.);
#3428=CARTESIAN_POINT('',(40.250818753,16.672435024,16.666666667));
#3429=DIRECTION('',(0.63607822,0.771624583,0.));
#3430=DIRECTION('',(-0.771624583,0.63607822,0.));
#3431=AXIS2_PLACEMENT_3D('',#3428,#3429,#3430);
#3432=PLANE('',#3431);
#3433=ORIENTED_EDGE('',*,*,#3367,.F.);
#3434=ORIENTED_EDGE('',*,*,#3420,.F.);
#3435=ORIENTED_EDGE('',*,*,#3313,.T.);
#3436=ORIENTED_EDGE('',*,*,#3388,.T.);
#3437=EDGE_LOOP('',(#3433,#3434,#3435,#3436));
#3438=FACE_BOUND('',#3437,.T.);
#3439=ADVANCED_FACE('',(#3438),#3432,.T.);
#3440=CLOSED_SHELL('',(#3331,#3371,#3393,#3410,#3427,#3439));
#3441=MANIFOLD_SOLID_BREP('Magnet_P1_L1_M2_S1_8_Slice1',#3440);
#3291=STYLED_ITEM('',(#183),#3441);
#3442=REAL_REPRESENTATION_ITEM('AEDT_Translucency_V1',0.8);
#3443=ID_ATTRIBUTE('SA #3444',#3444);
#3444=SHAPE_ASPECT('properties','',#23,.F.);
#3445=GEOMETRIC_ITEM_SPECIFIC_USAGE('','properties',#3444,#17,#3441);
#3446=PROPERTY_DEFINITION('AEDT_Translucency_V1','',#3444);
#3447=REPRESENTATION('',(#3442),#10);
#3448=PROPERTY_DEFINITION_REPRESENTATION(#3446,#3447);
#3449=GENERAL_PROPERTY('','AEDT_Translucency_V1','');
#3450=GENERAL_PROPERTY_ASSOCIATION('','',#3449,#3446);
#3451=DESCRIPTIVE_REPRESENTATION_ITEM('AEDT_MaterialName_V1','NGYC - N50');
#3452=PROPERTY_DEFINITION('AEDT_MaterialName_V1','',#3444);
#3453=REPRESENTATION('',(#3451),#10);
#3454=PROPERTY_DEFINITION_REPRESENTATION(#3452,#3453);
#3455=GENERAL_PROPERTY('','AEDT_MaterialName_V1','');
#3456=GENERAL_PROPERTY_ASSOCIATION('','',#3455,#3452);
#3457=INTEGER_REPRESENTATION_ITEM('AEDT_BODYFlagGroupColor_V1',0);
#3458=INTEGER_REPRESENTATION_ITEM('AEDT_BODYFlagGroupColor_V1',-1);
#3459=INTEGER_REPRESENTATION_ITEM('AEDT_BODYFlagGroupColor_V1',-2139100801);
#3460=INTEGER_REPRESENTATION_ITEM('AEDT_BODYFlagGroupColor_V1',5);
#3461=PROPERTY_DEFINITION('AEDT_BODYFlagGroupColor_V1','',#3444);
#3462=REPRESENTATION('',(#3457,#3458,#3459,#3460),#10);
#3463=PROPERTY_DEFINITION_REPRESENTATION(#3461,#3462);
#3464=GENERAL_PROPERTY('','AEDT_BODYFlagGroupColor_V1','');
#3465=GENERAL_PROPERTY_ASSOCIATION('','',#3464,#3461);
#3466=DESCRIPTIVE_REPRESENTATION_ITEM('AEDT_EntityName_V1','Magnet_P1_L1_M2_S1_8_Slice1');
#3467=PROPERTY_DEFINITION('AEDT_EntityName_V1','',#3444);
#3468=REPRESENTATION('',(#3466),#10);
#3469=PROPERTY_DEFINITION_REPRESENTATION(#3467,#3468);
#3470=GENERAL_PROPERTY('','AEDT_EntityName_V1','');
#3471=GENERAL_PROPERTY_ASSOCIATION('','',#3470,#3467);
#3473=CARTESIAN_POINT('',(0.,0.,8.333333333));
#3474=DIRECTION('',(0.,0.,-1.));
#3475=DIRECTION('',(-1.,0.,0.));
#3476=AXIS2_PLACEMENT_3D('',#3473,#3474,#3475);
#3477=PLANE('',#3476);
#3478=CARTESIAN_POINT('',(56.709571116,3.104886585,8.333333333));
#3479=VERTEX_POINT('',#3478);
#3480=CARTESIAN_POINT('',(55.055767744,1.098662669,8.333333333));
#3481=VERTEX_POINT('',#3480);
#3482=CARTESIAN_POINT('',(56.709571116,3.104886585,8.333333333));
#3483=DIRECTION('',(-0.63607822,-0.771624583,0.));
#3484=VECTOR('',#3483,2.6);
#3485=LINE('',#3482,#3484);
#3486=EDGE_CURVE('',#3479,#3481,#3485,.T.);
#3487=ORIENTED_EDGE('',*,*,#3486,.F.);
#3488=CARTESIAN_POINT('',(40.250818753,16.672435024,8.333333333));
#3489=VERTEX_POINT('',#3488);
#3490=CARTESIAN_POINT('',(40.250818753,16.672435024,8.333333333));
#3491=DIRECTION('',(0.771624583,-0.63607822,0.));
#3492=VECTOR('',#3491,21.33);
#3493=LINE('',#3490,#3492);
#3494=EDGE_CURVE('',#3489,#3479,#3493,.T.);
#3495=ORIENTED_EDGE('',*,*,#3494,.F.);
#3496=CARTESIAN_POINT('',(38.59701538,14.666211107,8.333333333));
#3497=VERTEX_POINT('',#3496);
#3498=CARTESIAN_POINT('',(38.59701538,14.666211107,8.333333333));
#3499=DIRECTION('',(0.63607822,0.771624583,0.));
#3500=VECTOR('',#3499,2.6);
#3501=LINE('',#3498,#3500);
#3502=EDGE_CURVE('',#3497,#3489,#3501,.T.);
#3503=ORIENTED_EDGE('',*,*,#3502,.F.);
#3504=CARTESIAN_POINT('',(55.055767744,1.098662669,8.333333333));
#3505=DIRECTION('',(-0.771624583,0.63607822,0.));
#3506=VECTOR('',#3505,21.33);
#3507=LINE('',#3504,#3506);
#3508=EDGE_CURVE('',#3481,#3497,#3507,.T.);
#3509=ORIENTED_EDGE('',*,*,#3508,.F.);
#3510=EDGE_LOOP('',(#3487,#3495,#3503,#3509));
#3511=FACE_BOUND('',#3510,.T.);
#3512=ADVANCED_FACE('',(#3511),#3477,.F.);
#3513=CARTESIAN_POINT('',(0.,0.,0.));
#3514=DIRECTION('',(0.,0.,-1.));
#3515=DIRECTION('',(-1.,0.,0.));
#3516=AXIS2_PLACEMENT_3D('',#3513,#3514,#3515);
#3517=PLANE('',#3516);
#3518=CARTESIAN_POINT('',(56.709571116,3.104886585,0.));
#3519=VERTEX_POINT('',#3518);
#3520=CARTESIAN_POINT('',(55.055767744,1.098662669,0.));
#3521=VERTEX_POINT('',#3520);
#3522=CARTESIAN_POINT('',(56.709571116,3.104886585,0.));
#3523=DIRECTION('',(-0.63607822,-0.771624583,0.));
#3524=VECTOR('',#3523,2.6);
#3525=LINE('',#3522,#3524);
#3526=EDGE_CURVE('',#3519,#3521,#3525,.T.);
#3527=ORIENTED_EDGE('',*,*,#3526,.T.);
#3528=CARTESIAN_POINT('',(38.59701538,14.666211107,0.));
#3529=VERTEX_POINT('',#3528);
#3530=CARTESIAN_POINT('',(55.055767744,1.098662669,0.));
#3531=DIRECTION('',(-0.771624583,0.63607822,0.));
#3532=VECTOR('',#3531,21.33);
#3533=LINE('',#3530,#3532);
#3534=EDGE_CURVE('',#3521,#3529,#3533,.T.);
#3535=ORIENTED_EDGE('',*,*,#3534,.T.);
#3536=CARTESIAN_POINT('',(40.250818753,16.672435024,0.));
#3537=VERTEX_POINT('',#3536);
#3538=CARTESIAN_POINT('',(38.59701538,14.666211107,0.));
#3539=DIRECTION('',(0.63607822,0.771624583,0.));
#3540=VECTOR('',#3539,2.6);
#3541=LINE('',#3538,#3540);
#3542=EDGE_CURVE('',#3529,#3537,#3541,.T.);
#3543=ORIENTED_EDGE('',*,*,#3542,.T.);
#3544=CARTESIAN_POINT('',(40.250818753,16.672435024,0.));
#3545=DIRECTION('',(0.771624583,-0.63607822,0.));
#3546=VECTOR('',#3545,21.33);
#3547=LINE('',#3544,#3546);
#3548=EDGE_CURVE('',#3537,#3519,#3547,.T.);
#3549=ORIENTED_EDGE('',*,*,#3548,.T.);
#3550=EDGE_LOOP('',(#3527,#3535,#3543,#3549));
#3551=FACE_BOUND('',#3550,.T.);
#3552=ADVANCED_FACE('',(#3551),#3517,.T.);
#3553=CARTESIAN_POINT('',(56.709571116,3.104886585,8.333333333));
#3554=DIRECTION('',(0.771624583,-0.63607822,0.));
#3555=DIRECTION('',(0.63607822,0.771624583,0.));
#3556=AXIS2_PLACEMENT_3D('',#3553,#3554,#3555);
#3557=PLANE('',#3556);
#3558=CARTESIAN_POINT('',(55.055767744,1.098662669,8.333333333));
#3559=DIRECTION('',(0.,0.,-1.));
#3560=VECTOR('',#3559,8.333333333);
#3561=LINE('',#3558,#3560);
#3562=EDGE_CURVE('',#3481,#3521,#3561,.T.);
#3563=ORIENTED_EDGE('',*,*,#3562,.T.);
#3564=ORIENTED_EDGE('',*,*,#3526,.F.);
#3565=CARTESIAN_POINT('',(56.709571116,3.104886585,8.333333333));
#3566=DIRECTION('',(0.,0.,-1.));
#3567=VECTOR('',#3566,8.333333333);
#3568=LINE('',#3565,#3567);
#3569=EDGE_CURVE('',#3479,#3519,#3568,.T.);
#3570=ORIENTED_EDGE('',*,*,#3569,.F.);
#3571=ORIENTED_EDGE('',*,*,#3486,.T.);
#3572=EDGE_LOOP('',(#3563,#3564,#3570,#3571));
#3573=FACE_BOUND('',#3572,.T.);
#3574=ADVANCED_FACE('',(#3573),#3557,.T.);
#3575=CARTESIAN_POINT('',(55.055767744,1.098662669,8.333333333));
#3576=DIRECTION('',(-0.63607822,-0.771624583,0.));
#3577=DIRECTION('',(0.771624583,-0.63607822,0.));
#3578=AXIS2_PLACEMENT_3D('',#3575,#3576,#3577);
#3579=PLANE('',#3578);
#3580=CARTESIAN_POINT('',(38.59701538,14.666211107,8.333333333));
#3581=DIRECTION('',(0.,0.,-1.));
#3582=VECTOR('',#3581,8.333333333);
#3583=LINE('',#3580,#3582);
#3584=EDGE_CURVE('',#3497,#3529,#3583,.T.);
#3585=ORIENTED_EDGE('',*,*,#3584,.T.);
#3586=ORIENTED_EDGE('',*,*,#3534,.F.);
#3587=ORIENTED_EDGE('',*,*,#3562,.F.);
#3588=ORIENTED_EDGE('',*,*,#3508,.T.);
#3589=EDGE_LOOP('',(#3585,#3586,#3587,#3588));
#3590=FACE_BOUND('',#3589,.T.);
#3591=ADVANCED_FACE('',(#3590),#3579,.T.);
#3592=CARTESIAN_POINT('',(38.59701538,14.666211107,8.333333333));
#3593=DIRECTION('',(-0.771624583,0.63607822,0.));
#3594=DIRECTION('',(-0.63607822,-0.771624583,0.));
#3595=AXIS2_PLACEMENT_3D('',#3592,#3593,#3594);
#3596=PLANE('',#3595);
#3597=CARTESIAN_POINT('',(40.250818753,16.672435024,8.333333333));
#3598=DIRECTION('',(0.,0.,-1.));
#3599=VECTOR('',#3598,8.333333333);
#3600=LINE('',#3597,#3599);
#3601=EDGE_CURVE('',#3489,#3537,#3600,.T.);
#3602=ORIENTED_EDGE('',*,*,#3601,.T.);
#3603=ORIENTED_EDGE('',*,*,#3542,.F.);
#3604=ORIENTED_EDGE('',*,*,#3584,.F.);
#3605=ORIENTED_EDGE('',*,*,#3502,.T.);
#3606=EDGE_LOOP('',(#3602,#3603,#3604,#3605));
#3607=FACE_BOUND('',#3606,.T.);
#3608=ADVANCED_FACE('',(#3607),#3596,.T.);
#3609=CARTESIAN_POINT('',(40.250818753,16.672435024,8.333333333));
#3610=DIRECTION('',(0.63607822,0.771624583,0.));
#3611=DIRECTION('',(-0.771624583,0.63607822,0.));
#3612=AXIS2_PLACEMENT_3D('',#3609,#3610,#3611);
#3613=PLANE('',#3612);
#3614=ORIENTED_EDGE('',*,*,#3548,.F.);
#3615=ORIENTED_EDGE('',*,*,#3601,.F.);
#3616=ORIENTED_EDGE('',*,*,#3494,.T.);
#3617=ORIENTED_EDGE('',*,*,#3569,.T.);
#3618=EDGE_LOOP('',(#3614,#3615,#3616,#3617));
#3619=FACE_BOUND('',#3618,.T.);
#3620=ADVANCED_FACE('',(#3619),#3613,.T.);
#3621=CLOSED_SHELL('',(#3512,#3552,#3574,#3591,#3608,#3620));
#3622=MANIFOLD_SOLID_BREP('Magnet_P1_L1_M2_S1_9_Slice1',#3621);
#3472=STYLED_ITEM('',(#183),#3622);
#3623=REAL_REPRESENTATION_ITEM('AEDT_Translucency_V1',0.8);
#3624=ID_ATTRIBUTE('SA #3625',#3625);
#3625=SHAPE_ASPECT('properties','',#23,.F.);
#3626=GEOMETRIC_ITEM_SPECIFIC_USAGE('','properties',#3625,#17,#3622);
#3627=PROPERTY_DEFINITION('AEDT_Translucency_V1','',#3625);
#3628=REPRESENTATION('',(#3623),#10);
#3629=PROPERTY_DEFINITION_REPRESENTATION(#3627,#3628);
#3630=GENERAL_PROPERTY('','AEDT_Translucency_V1','');
#3631=GENERAL_PROPERTY_ASSOCIATION('','',#3630,#3627);
#3632=DESCRIPTIVE_REPRESENTATION_ITEM('AEDT_MaterialName_V1','NGYC - N50');
#3633=PROPERTY_DEFINITION('AEDT_MaterialName_V1','',#3625);
#3634=REPRESENTATION('',(#3632),#10);
#3635=PROPERTY_DEFINITION_REPRESENTATION(#3633,#3634);
#3636=GENERAL_PROPERTY('','AEDT_MaterialName_V1','');
#3637=GENERAL_PROPERTY_ASSOCIATION('','',#3636,#3633);
#3638=INTEGER_REPRESENTATION_ITEM('AEDT_BODYFlagGroupColor_V1',0);
#3639=INTEGER_REPRESENTATION_ITEM('AEDT_BODYFlagGroupColor_V1',-1);
#3640=INTEGER_REPRESENTATION_ITEM('AEDT_BODYFlagGroupColor_V1',-2139100801);
#3641=INTEGER_REPRESENTATION_ITEM('AEDT_BODYFlagGroupColor_V1',5);
#3642=PROPERTY_DEFINITION('AEDT_BODYFlagGroupColor_V1','',#3625);
#3643=REPRESENTATION('',(#3638,#3639,#3640,#3641),#10);
#3644=PROPERTY_DEFINITION_REPRESENTATION(#3642,#3643);
#3645=GENERAL_PROPERTY('','AEDT_BODYFlagGroupColor_V1','');
#3646=GENERAL_PROPERTY_ASSOCIATION('','',#3645,#3642);
#3647=DESCRIPTIVE_REPRESENTATION_ITEM('AEDT_EntityName_V1','Magnet_P1_L1_M2_S1_9_Slice1');
#3648=PROPERTY_DEFINITION('AEDT_EntityName_V1','',#3625);
#3649=REPRESENTATION('',(#3647),#10);
#3650=PROPERTY_DEFINITION_REPRESENTATION(#3648,#3649);
#3651=GENERAL_PROPERTY('','AEDT_EntityName_V1','');
#3652=GENERAL_PROPERTY_ASSOCIATION('','',#3651,#3648);
#3654=CARTESIAN_POINT('',(0.,0.,66.666666667));
#3655=DIRECTION('',(0.,0.,-1.));
#3656=DIRECTION('',(-1.,0.,0.));
#3657=AXIS2_PLACEMENT_3D('',#3654,#3655,#3656);
#3658=PLANE('',#3657);
#3659=CARTESIAN_POINT('',(49.058282142,35.365857394,66.666666667));
#3660=VERTEX_POINT('',#3659);
#3661=CARTESIAN_POINT('',(52.626304897,36.84378081,66.666666667));
#3662=VERTEX_POINT('',#3661);
#3663=CARTESIAN_POINT('',(49.058282142,35.365857394,66.666666667));
#3664=DIRECTION('',(0.923879533,0.382683432,0.));
#3665=VECTOR('',#3664,3.862);
#3666=LINE('',#3663,#3665);
#3667=EDGE_CURVE('',#3660,#3662,#3666,.T.);
#3668=ORIENTED_EDGE('',*,*,#3667,.F.);
#3669=CARTESIAN_POINT('',(54.377581852,22.523931892,66.666666667));
#3670=VERTEX_POINT('',#3669);
#3671=CARTESIAN_POINT('',(54.377581852,22.523931892,66.666666667));
#3672=DIRECTION('',(-0.382683432,0.923879533,0.));
#3673=VECTOR('',#3672,13.9);
#3674=LINE('',#3671,#3673);
#3675=EDGE_CURVE('',#3670,#3660,#3674,.T.);
#3676=ORIENTED_EDGE('',*,*,#3675,.F.);
#3677=CARTESIAN_POINT('',(57.945604607,24.001855308,66.666666667));
#3678=VERTEX_POINT('',#3677);
#3679=CARTESIAN_POINT('',(57.945604607,24.001855308,66.666666667));
#3680=DIRECTION('',(-0.923879533,-0.382683432,0.));
#3681=VECTOR('',#3680,3.862);
#3682=LINE('',#3679,#3681);
#3683=EDGE_CURVE('',#3678,#3670,#3682,.T.);
#3684=ORIENTED_EDGE('',*,*,#3683,.F.);
#3685=CARTESIAN_POINT('',(52.626304897,36.84378081,66.666666667));
#3686=DIRECTION('',(0.382683432,-0.923879533,0.));
#3687=VECTOR('',#3686,13.9);
#3688=LINE('',#3685,#3687);
#3689=EDGE_CURVE('',#3662,#3678,#3688,.T.);
#3690=ORIENTED_EDGE('',*,*,#3689,.F.);
#3691=EDGE_LOOP('',(#3668,#3676,#3684,#3690));
#3692=FACE_BOUND('',#3691,.T.);
#3693=ADVANCED_FACE('',(#3692),#3658,.F.);
#3694=CARTESIAN_POINT('',(0.,0.,58.333333333));
#3695=DIRECTION('',(0.,0.,-1.));
#3696=DIRECTION('',(-1.,0.,0.));
#3697=AXIS2_PLACEMENT_3D('',#3694,#3695,#3696);
#3698=PLANE('',#3697);
#3699=CARTESIAN_POINT('',(49.058282142,35.365857394,58.333333333));
#3700=VERTEX_POINT('',#3699);
#3701=CARTESIAN_POINT('',(52.626304897,36.84378081,58.333333333));
#3702=VERTEX_POINT('',#3701);
#3703=CARTESIAN_POINT('',(49.058282142,35.365857394,58.333333333));
#3704=DIRECTION('',(0.923879533,0.382683432,0.));
#3705=VECTOR('',#3704,3.862);
#3706=LINE('',#3703,#3705);
#3707=EDGE_CURVE('',#3700,#3702,#3706,.T.);
#3708=ORIENTED_EDGE('',*,*,#3707,.T.);
#3709=CARTESIAN_POINT('',(57.945604607,24.001855308,58.333333333));
#3710=VERTEX_POINT('',#3709);
#3711=CARTESIAN_POINT('',(52.626304897,36.84378081,58.333333333));
#3712=DIRECTION('',(0.382683432,-0.923879533,0.));
#3713=VECTOR('',#3712,13.9);
#3714=LINE('',#3711,#3713);
#3715=EDGE_CURVE('',#3702,#3710,#3714,.T.);
#3716=ORIENTED_EDGE('',*,*,#3715,.T.);
#3717=CARTESIAN_POINT('',(54.377581852,22.523931892,58.333333333));
#3718=VERTEX_POINT('',#3717);
#3719=CARTESIAN_POINT('',(57.945604607,24.001855308,58.333333333));
#3720=DIRECTION('',(-0.923879533,-0.382683432,0.));
#3721=VECTOR('',#3720,3.862);
#3722=LINE('',#3719,#3721);
#3723=EDGE_CURVE('',#3710,#3718,#3722,.T.);
#3724=ORIENTED_EDGE('',*,*,#3723,.T.);
#3725=CARTESIAN_POINT('',(54.377581852,22.523931892,58.333333333));
#3726=DIRECTION('',(-0.382683432,0.923879533,0.));
#3727=VECTOR('',#3726,13.9);
#3728=LINE('',#3725,#3727);
#3729=EDGE_CURVE('',#3718,#3700,#3728,.T.);
#3730=ORIENTED_EDGE('',*,*,#3729,.T.);
#3731=EDGE_LOOP('',(#3708,#3716,#3724,#3730));
#3732=FACE_BOUND('',#3731,.T.);
#3733=ADVANCED_FACE('',(#3732),#3698,.T.);
#3734=CARTESIAN_POINT('',(49.058282142,35.365857394,66.666666667));
#3735=DIRECTION('',(-0.382683432,0.923879533,0.));
#3736=DIRECTION('',(-0.923879533,-0.382683432,0.));
#3737=AXIS2_PLACEMENT_3D('',#3734,#3735,#3736);
#3738=PLANE('',#3737);
#3739=CARTESIAN_POINT('',(52.626304897,36.84378081,66.666666667));
#3740=DIRECTION('',(0.,0.,-1.));
#3741=VECTOR('',#3740,8.333333333);
#3742=LINE('',#3739,#3741);
#3743=EDGE_CURVE('',#3662,#3702,#3742,.T.);
#3744=ORIENTED_EDGE('',*,*,#3743,.T.);
#3745=ORIENTED_EDGE('',*,*,#3707,.F.);
#3746=CARTESIAN_POINT('',(49.058282142,35.365857394,66.666666667));
#3747=DIRECTION('',(0.,0.,-1.));
#3748=VECTOR('',#3747,8.333333333);
#3749=LINE('',#3746,#3748);
#3750=EDGE_CURVE('',#3660,#3700,#3749,.T.);
#3751=ORIENTED_EDGE('',*,*,#3750,.F.);
#3752=ORIENTED_EDGE('',*,*,#3667,.T.);
#3753=EDGE_LOOP('',(#3744,#3745,#3751,#3752));
#3754=FACE_BOUND('',#3753,.T.);
#3755=ADVANCED_FACE('',(#3754),#3738,.T.);
#3756=CARTESIAN_POINT('',(52.626304897,36.84378081,66.666666667));
#3757=DIRECTION('',(0.923879533,0.382683432,0.));
#3758=DIRECTION('',(-0.382683432,0.923879533,0.));
#3759=AXIS2_PLACEMENT_3D('',#3756,#3757,#3758);
#3760=PLANE('',#3759);
#3761=CARTESIAN_POINT('',(57.945604607,24.001855308,66.666666667));
#3762=DIRECTION('',(0.,0.,-1.));
#3763=VECTOR('',#3762,8.333333333);
#3764=LINE('',#3761,#3763);
#3765=EDGE_CURVE('',#3678,#3710,#3764,.T.);
#3766=ORIENTED_EDGE('',*,*,#3765,.T.);
#3767=ORIENTED_EDGE('',*,*,#3715,.F.);
#3768=ORIENTED_EDGE('',*,*,#3743,.F.);
#3769=ORIENTED_EDGE('',*,*,#3689,.T.);
#3770=EDGE_LOOP('',(#3766,#3767,#3768,#3769));
#3771=FACE_BOUND('',#3770,.T.);
#3772=ADVANCED_FACE('',(#3771),#3760,.T.);
#3773=CARTESIAN_POINT('',(57.945604607,24.001855308,66.666666667));
#3774=DIRECTION('',(0.382683432,-0.923879533,0.));
#3775=DIRECTION('',(0.923879533,0.382683432,0.));
#3776=AXIS2_PLACEMENT_3D('',#3773,#3774,#3775);
#3777=PLANE('',#3776);
#3778=CARTESIAN_POINT('',(54.377581852,22.523931892,66.666666667));
#3779=DIRECTION('',(0.,0.,-1.));
#3780=VECTOR('',#3779,8.333333333);
#3781=LINE('',#3778,#3780);
#3782=EDGE_CURVE('',#3670,#3718,#3781,.T.);
#3783=ORIENTED_EDGE('',*,*,#3782,.T.);
#3784=ORIENTED_EDGE('',*,*,#3723,.F.);
#3785=ORIENTED_EDGE('',*,*,#3765,.F.);
#3786=ORIENTED_EDGE('',*,*,#3683,.T.);
#3787=EDGE_LOOP('',(#3783,#3784,#3785,#3786));
#3788=FACE_BOUND('',#3787,.T.);
#3789=ADVANCED_FACE('',(#3788),#3777,.T.);
#3790=CARTESIAN_POINT('',(54.377581852,22.523931892,66.666666667));
#3791=DIRECTION('',(-0.923879533,-0.382683432,0.));
#3792=DIRECTION('',(0.382683432,-0.923879533,0.));
#3793=AXIS2_PLACEMENT_3D('',#3790,#3791,#3792);
#3794=PLANE('',#3793);
#3795=ORIENTED_EDGE('',*,*,#3729,.F.);
#3796=ORIENTED_EDGE('',*,*,#3782,.F.);
#3797=ORIENTED_EDGE('',*,*,#3675,.T.);
#3798=ORIENTED_EDGE('',*,*,#3750,.T.);
#3799=EDGE_LOOP('',(#3795,#3796,#3797,#3798));
#3800=FACE_BOUND('',#3799,.T.);
#3801=ADVANCED_FACE('',(#3800),#3794,.T.);
#3802=CLOSED_SHELL('',(#3693,#3733,#3755,#3772,#3789,#3801));
#3803=MANIFOLD_SOLID_BREP('Magnet_P1_L2_M1_S1_2_Slice1',#3802);
#3653=STYLED_ITEM('',(#183),#3803);
#3804=REAL_REPRESENTATION_ITEM('AEDT_Translucency_V1',0.8);
#3805=ID_ATTRIBUTE('SA #3806',#3806);
#3806=SHAPE_ASPECT('properties','',#23,.F.);
#3807=GEOMETRIC_ITEM_SPECIFIC_USAGE('','properties',#3806,#17,#3803);
#3808=PROPERTY_DEFINITION('AEDT_Translucency_V1','',#3806);
#3809=REPRESENTATION('',(#3804),#10);
#3810=PROPERTY_DEFINITION_REPRESENTATION(#3808,#3809);
#3811=GENERAL_PROPERTY('','AEDT_Translucency_V1','');
#3812=GENERAL_PROPERTY_ASSOCIATION('','',#3811,#3808);
#3813=DESCRIPTIVE_REPRESENTATION_ITEM('AEDT_MaterialName_V1','NGYC - N50');
#3814=PROPERTY_DEFINITION('AEDT_MaterialName_V1','',#3806);
#3815=REPRESENTATION('',(#3813),#10);
#3816=PROPERTY_DEFINITION_REPRESENTATION(#3814,#3815);
#3817=GENERAL_PROPERTY('','AEDT_MaterialName_V1','');
#3818=GENERAL_PROPERTY_ASSOCIATION('','',#3817,#3814);
#3819=INTEGER_REPRESENTATION_ITEM('AEDT_BODYFlagGroupColor_V1',0);
#3820=INTEGER_REPRESENTATION_ITEM('AEDT_BODYFlagGroupColor_V1',-1);
#3821=INTEGER_REPRESENTATION_ITEM('AEDT_BODYFlagGroupColor_V1',-2139100801);
#3822=INTEGER_REPRESENTATION_ITEM('AEDT_BODYFlagGroupColor_V1',5);
#3823=PROPERTY_DEFINITION('AEDT_BODYFlagGroupColor_V1','',#3806);
#3824=REPRESENTATION('',(#3819,#3820,#3821,#3822),#10);
#3825=PROPERTY_DEFINITION_REPRESENTATION(#3823,#3824);
#3826=GENERAL_PROPERTY('','AEDT_BODYFlagGroupColor_V1','');
#3827=GENERAL_PROPERTY_ASSOCIATION('','',#3826,#3823);
#3828=DESCRIPTIVE_REPRESENTATION_ITEM('AEDT_EntityName_V1','Magnet_P1_L2_M1_S1_2_Slice1');
#3829=PROPERTY_DEFINITION('AEDT_EntityName_V1','',#3806);
#3830=REPRESENTATION('',(#3828),#10);
#3831=PROPERTY_DEFINITION_REPRESENTATION(#3829,#3830);
#3832=GENERAL_PROPERTY('','AEDT_EntityName_V1','');
#3833=GENERAL_PROPERTY_ASSOCIATION('','',#3832,#3829);
#3835=CARTESIAN_POINT('',(0.,0.,58.333333333));
#3836=DIRECTION('',(0.,0.,-1.));
#3837=DIRECTION('',(-1.,0.,0.));
#3838=AXIS2_PLACEMENT_3D('',#3835,#3836,#3837);
#3839=PLANE('',#3838);
#3840=CARTESIAN_POINT('',(49.058282142,35.365857394,58.333333333));
#3841=VERTEX_POINT('',#3840);
#3842=CARTESIAN_POINT('',(52.626304897,36.84378081,58.333333333));
#3843=VERTEX_POINT('',#3842);
#3844=CARTESIAN_POINT('',(49.058282142,35.365857394,58.333333333));
#3845=DIRECTION('',(0.923879533,0.382683432,0.));
#3846=VECTOR('',#3845,3.862);
#3847=LINE('',#3844,#3846);
#3848=EDGE_CURVE('',#3841,#3843,#3847,.T.);
#3849=ORIENTED_EDGE('',*,*,#3848,.F.);
#3850=CARTESIAN_POINT('',(54.377581852,22.523931892,58.333333333));
#3851=VERTEX_POINT('',#3850);
#3852=CARTESIAN_POINT('',(54.377581852,22.523931892,58.333333333));
#3853=DIRECTION('',(-0.382683432,0.923879533,0.));
#3854=VECTOR('',#3853,13.9);
#3855=LINE('',#3852,#3854);
#3856=EDGE_CURVE('',#3851,#3841,#3855,.T.);
#3857=ORIENTED_EDGE('',*,*,#3856,.F.);
#3858=CARTESIAN_POINT('',(57.945604607,24.001855308,58.333333333));
#3859=VERTEX_POINT('',#3858);
#3860=CARTESIAN_POINT('',(57.945604607,24.001855308,58.333333333));
#3861=DIRECTION('',(-0.923879533,-0.382683432,0.));
#3862=VECTOR('',#3861,3.862);
#3863=LINE('',#3860,#3862);
#3864=EDGE_CURVE('',#3859,#3851,#3863,.T.);
#3865=ORIENTED_EDGE('',*,*,#3864,.F.);
#3866=CARTESIAN_POINT('',(52.626304897,36.84378081,58.333333333));
#3867=DIRECTION('',(0.382683432,-0.923879533,0.));
#3868=VECTOR('',#3867,13.9);
#3869=LINE('',#3866,#3868);
#3870=EDGE_CURVE('',#3843,#3859,#3869,.T.);
#3871=ORIENTED_EDGE('',*,*,#3870,.F.);
#3872=EDGE_LOOP('',(#3849,#3857,#3865,#3871));
#3873=FACE_BOUND('',#3872,.T.);
#3874=ADVANCED_FACE('',(#3873),#3839,.F.);
#3875=CARTESIAN_POINT('',(0.,0.,50.));
#3876=DIRECTION('',(0.,0.,-1.));
#3877=DIRECTION('',(-1.,0.,0.));
#3878=AXIS2_PLACEMENT_3D('',#3875,#3876,#3877);
#3879=PLANE('',#3878);
#3880=CARTESIAN_POINT('',(49.058282142,35.365857394,50.));
#3881=VERTEX_POINT('',#3880);
#3882=CARTESIAN_POINT('',(52.626304897,36.84378081,50.));
#3883=VERTEX_POINT('',#3882);
#3884=CARTESIAN_POINT('',(49.058282142,35.365857394,50.));
#3885=DIRECTION('',(0.923879533,0.382683432,0.));
#3886=VECTOR('',#3885,3.862);
#3887=LINE('',#3884,#3886);
#3888=EDGE_CURVE('',#3881,#3883,#3887,.T.);
#3889=ORIENTED_EDGE('',*,*,#3888,.T.);
#3890=CARTESIAN_POINT('',(57.945604607,24.001855308,50.));
#3891=VERTEX_POINT('',#3890);
#3892=CARTESIAN_POINT('',(52.626304897,36.84378081,50.));
#3893=DIRECTION('',(0.382683432,-0.923879533,0.));
#3894=VECTOR('',#3893,13.9);
#3895=LINE('',#3892,#3894);
#3896=EDGE_CURVE('',#3883,#3891,#3895,.T.);
#3897=ORIENTED_EDGE('',*,*,#3896,.T.);
#3898=CARTESIAN_POINT('',(54.377581852,22.523931892,50.));
#3899=VERTEX_POINT('',#3898);
#3900=CARTESIAN_POINT('',(57.945604607,24.001855308,50.));
#3901=DIRECTION('',(-0.923879533,-0.382683432,0.));
#3902=VECTOR('',#3901,3.862);
#3903=LINE('',#3900,#3902);
#3904=EDGE_CURVE('',#3891,#3899,#3903,.T.);
#3905=ORIENTED_EDGE('',*,*,#3904,.T.);
#3906=CARTESIAN_POINT('',(54.377581852,22.523931892,50.));
#3907=DIRECTION('',(-0.382683432,0.923879533,0.));
#3908=VECTOR('',#3907,13.9);
#3909=LINE('',#3906,#3908);
#3910=EDGE_CURVE('',#3899,#3881,#3909,.T.);
#3911=ORIENTED_EDGE('',*,*,#3910,.T.);
#3912=EDGE_LOOP('',(#3889,#3897,#3905,#3911));
#3913=FACE_BOUND('',#3912,.T.);
#3914=ADVANCED_FACE('',(#3913),#3879,.T.);
#3915=CARTESIAN_POINT('',(49.058282142,35.365857394,58.333333333));
#3916=DIRECTION('',(-0.382683432,0.923879533,0.));
#3917=DIRECTION('',(-0.923879533,-0.382683432,0.));
#3918=AXIS2_PLACEMENT_3D('',#3915,#3916,#3917);
#3919=PLANE('',#3918);
#3920=CARTESIAN_POINT('',(52.626304897,36.84378081,58.333333333));
#3921=DIRECTION('',(0.,0.,-1.));
#3922=VECTOR('',#3921,8.333333333);
#3923=LINE('',#3920,#3922);
#3924=EDGE_CURVE('',#3843,#3883,#3923,.T.);
#3925=ORIENTED_EDGE('',*,*,#3924,.T.);
#3926=ORIENTED_EDGE('',*,*,#3888,.F.);
#3927=CARTESIAN_POINT('',(49.058282142,35.365857394,58.333333333));
#3928=DIRECTION('',(0.,0.,-1.));
#3929=VECTOR('',#3928,8.333333333);
#3930=LINE('',#3927,#3929);
#3931=EDGE_CURVE('',#3841,#3881,#3930,.T.);
#3932=ORIENTED_EDGE('',*,*,#3931,.F.);
#3933=ORIENTED_EDGE('',*,*,#3848,.T.);
#3934=EDGE_LOOP('',(#3925,#3926,#3932,#3933));
#3935=FACE_BOUND('',#3934,.T.);
#3936=ADVANCED_FACE('',(#3935),#3919,.T.);
#3937=CARTESIAN_POINT('',(52.626304897,36.84378081,58.333333333));
#3938=DIRECTION('',(0.923879533,0.382683432,0.));
#3939=DIRECTION('',(-0.382683432,0.923879533,0.));
#3940=AXIS2_PLACEMENT_3D('',#3937,#3938,#3939);
#3941=PLANE('',#3940);
#3942=CARTESIAN_POINT('',(57.945604607,24.001855308,58.333333333));
#3943=DIRECTION('',(0.,0.,-1.));
#3944=VECTOR('',#3943,8.333333333);
#3945=LINE('',#3942,#3944);
#3946=EDGE_CURVE('',#3859,#3891,#3945,.T.);
#3947=ORIENTED_EDGE('',*,*,#3946,.T.);
#3948=ORIENTED_EDGE('',*,*,#3896,.F.);
#3949=ORIENTED_EDGE('',*,*,#3924,.F.);
#3950=ORIENTED_EDGE('',*,*,#3870,.T.);
#3951=EDGE_LOOP('',(#3947,#3948,#3949,#3950));
#3952=FACE_BOUND('',#3951,.T.);
#3953=ADVANCED_FACE('',(#3952),#3941,.T.);
#3954=CARTESIAN_POINT('',(57.945604607,24.001855308,58.333333333));
#3955=DIRECTION('',(0.382683432,-0.923879533,0.));
#3956=DIRECTION('',(0.923879533,0.382683432,0.));
#3957=AXIS2_PLACEMENT_3D('',#3954,#3955,#3956);
#3958=PLANE('',#3957);
#3959=CARTESIAN_POINT('',(54.377581852,22.523931892,58.333333333));
#3960=DIRECTION('',(0.,0.,-1.));
#3961=VECTOR('',#3960,8.333333333);
#3962=LINE('',#3959,#3961);
#3963=EDGE_CURVE('',#3851,#3899,#3962,.T.);
#3964=ORIENTED_EDGE('',*,*,#3963,.T.);
#3965=ORIENTED_EDGE('',*,*,#3904,.F.);
#3966=ORIENTED_EDGE('',*,*,#3946,.F.);
#3967=ORIENTED_EDGE('',*,*,#3864,.T.);
#3968=EDGE_LOOP('',(#3964,#3965,#3966,#3967));
#3969=FACE_BOUND('',#3968,.T.);
#3970=ADVANCED_FACE('',(#3969),#3958,.T.);
#3971=CARTESIAN_POINT('',(54.377581852,22.523931892,58.333333333));
#3972=DIRECTION('',(-0.923879533,-0.382683432,0.));
#3973=DIRECTION('',(0.382683432,-0.923879533,0.));
#3974=AXIS2_PLACEMENT_3D('',#3971,#3972,#3973);
#3975=PLANE('',#3974);
#3976=ORIENTED_EDGE('',*,*,#3910,.F.);
#3977=ORIENTED_EDGE('',*,*,#3963,.F.);
#3978=ORIENTED_EDGE('',*,*,#3856,.T.);
#3979=ORIENTED_EDGE('',*,*,#3931,.T.);
#3980=EDGE_LOOP('',(#3976,#3977,#3978,#3979));
#3981=FACE_BOUND('',#3980,.T.);
#3982=ADVANCED_FACE('',(#3981),#3975,.T.);
#3983=CLOSED_SHELL('',(#3874,#3914,#3936,#3953,#3970,#3982));
#3984=MANIFOLD_SOLID_BREP('Magnet_P1_L2_M1_S1_3_Slice1',#3983);
#3834=STYLED_ITEM('',(#183),#3984);
#3985=REAL_REPRESENTATION_ITEM('AEDT_Translucency_V1',0.8);
#3986=ID_ATTRIBUTE('SA #3987',#3987);
#3987=SHAPE_ASPECT('properties','',#23,.F.);
#3988=GEOMETRIC_ITEM_SPECIFIC_USAGE('','properties',#3987,#17,#3984);
#3989=PROPERTY_DEFINITION('AEDT_Translucency_V1','',#3987);
#3990=REPRESENTATION('',(#3985),#10);
#3991=PROPERTY_DEFINITION_REPRESENTATION(#3989,#3990);
#3992=GENERAL_PROPERTY('','AEDT_Translucency_V1','');
#3993=GENERAL_PROPERTY_ASSOCIATION('','',#3992,#3989);
#3994=DESCRIPTIVE_REPRESENTATION_ITEM('AEDT_MaterialName_V1','NGYC - N50');
#3995=PROPERTY_DEFINITION('AEDT_MaterialName_V1','',#3987);
#3996=REPRESENTATION('',(#3994),#10);
#3997=PROPERTY_DEFINITION_REPRESENTATION(#3995,#3996);
#3998=GENERAL_PROPERTY('','AEDT_MaterialName_V1','');
#3999=GENERAL_PROPERTY_ASSOCIATION('','',#3998,#3995);
#4000=INTEGER_REPRESENTATION_ITEM('AEDT_BODYFlagGroupColor_V1',0);
#4001=INTEGER_REPRESENTATION_ITEM('AEDT_BODYFlagGroupColor_V1',-1);
#4002=INTEGER_REPRESENTATION_ITEM('AEDT_BODYFlagGroupColor_V1',-2139100801);
#4003=INTEGER_REPRESENTATION_ITEM('AEDT_BODYFlagGroupColor_V1',5);
#4004=PROPERTY_DEFINITION('AEDT_BODYFlagGroupColor_V1','',#3987);
#4005=REPRESENTATION('',(#4000,#4001,#4002,#4003),#10);
#4006=PROPERTY_DEFINITION_REPRESENTATION(#4004,#4005);
#4007=GENERAL_PROPERTY('','AEDT_BODYFlagGroupColor_V1','');
#4008=GENERAL_PROPERTY_ASSOCIATION('','',#4007,#4004);
#4009=DESCRIPTIVE_REPRESENTATION_ITEM('AEDT_EntityName_V1','Magnet_P1_L2_M1_S1_3_Slice1');
#4010=PROPERTY_DEFINITION('AEDT_EntityName_V1','',#3987);
#4011=REPRESENTATION('',(#4009),#10);
#4012=PROPERTY_DEFINITION_REPRESENTATION(#4010,#4011);
#4013=GENERAL_PROPERTY('','AEDT_EntityName_V1','');
#4014=GENERAL_PROPERTY_ASSOCIATION('','',#4013,#4010);
#4016=CARTESIAN_POINT('',(0.,0.,50.));
#4017=DIRECTION('',(0.,0.,-1.));
#4018=DIRECTION('',(-1.,0.,0.));
#4019=AXIS2_PLACEMENT_3D('',#4016,#4017,#4018);
#4020=PLANE('',#4019);
#4021=CARTESIAN_POINT('',(49.058282142,35.365857394,50.));
#4022=VERTEX_POINT('',#4021);
#4023=CARTESIAN_POINT('',(52.626304897,36.84378081,50.));
#4024=VERTEX_POINT('',#4023);
#4025=CARTESIAN_POINT('',(49.058282142,35.365857394,50.));
#4026=DIRECTION('',(0.923879533,0.382683432,0.));
#4027=VECTOR('',#4026,3.862);
#4028=LINE('',#4025,#4027);
#4029=EDGE_CURVE('',#4022,#4024,#4028,.T.);
#4030=ORIENTED_EDGE('',*,*,#4029,.F.);
#4031=CARTESIAN_POINT('',(54.377581852,22.523931892,50.));
#4032=VERTEX_POINT('',#4031);
#4033=CARTESIAN_POINT('',(54.377581852,22.523931892,50.));
#4034=DIRECTION('',(-0.382683432,0.923879533,0.));
#4035=VECTOR('',#4034,13.9);
#4036=LINE('',#4033,#4035);
#4037=EDGE_CURVE('',#4032,#4022,#4036,.T.);
#4038=ORIENTED_EDGE('',*,*,#4037,.F.);
#4039=CARTESIAN_POINT('',(57.945604607,24.001855308,50.));
#4040=VERTEX_POINT('',#4039);
#4041=CARTESIAN_POINT('',(57.945604607,24.001855308,50.));
#4042=DIRECTION('',(-0.923879533,-0.382683432,0.));
#4043=VECTOR('',#4042,3.862);
#4044=LINE('',#4041,#4043);
#4045=EDGE_CURVE('',#4040,#4032,#4044,.T.);
#4046=ORIENTED_EDGE('',*,*,#4045,.F.);
#4047=CARTESIAN_POINT('',(52.626304897,36.84378081,50.));
#4048=DIRECTION('',(0.382683432,-0.923879533,0.));
#4049=VECTOR('',#4048,13.9);
#4050=LINE('',#4047,#4049);
#4051=EDGE_CURVE('',#4024,#4040,#4050,.T.);
#4052=ORIENTED_EDGE('',*,*,#4051,.F.);
#4053=EDGE_LOOP('',(#4030,#4038,#4046,#4052));
#4054=FACE_BOUND('',#4053,.T.);
#4055=ADVANCED_FACE('',(#4054),#4020,.F.);
#4056=CARTESIAN_POINT('',(0.,0.,41.666666667));
#4057=DIRECTION('',(0.,0.,-1.));
#4058=DIRECTION('',(-1.,0.,0.));
#4059=AXIS2_PLACEMENT_3D('',#4056,#4057,#4058);
#4060=PLANE('',#4059);
#4061=CARTESIAN_POINT('',(49.058282142,35.365857394,41.666666667));
#4062=VERTEX_POINT('',#4061);
#4063=CARTESIAN_POINT('',(52.626304897,36.84378081,41.666666667));
#4064=VERTEX_POINT('',#4063);
#4065=CARTESIAN_POINT('',(49.058282142,35.365857394,41.666666667));
#4066=DIRECTION('',(0.923879533,0.382683432,0.));
#4067=VECTOR('',#4066,3.862);
#4068=LINE('',#4065,#4067);
#4069=EDGE_CURVE('',#4062,#4064,#4068,.T.);
#4070=ORIENTED_EDGE('',*,*,#4069,.T.);
#4071=CARTESIAN_POINT('',(57.945604607,24.001855308,41.666666667));
#4072=VERTEX_POINT('',#4071);
#4073=CARTESIAN_POINT('',(52.626304897,36.84378081,41.666666667));
#4074=DIRECTION('',(0.382683432,-0.923879533,0.));
#4075=VECTOR('',#4074,13.9);
#4076=LINE('',#4073,#4075);
#4077=EDGE_CURVE('',#4064,#4072,#4076,.T.);
#4078=ORIENTED_EDGE('',*,*,#4077,.T.);
#4079=CARTESIAN_POINT('',(54.377581852,22.523931892,41.666666667));
#4080=VERTEX_POINT('',#4079);
#4081=CARTESIAN_POINT('',(57.945604607,24.001855308,41.666666667));
#4082=DIRECTION('',(-0.923879533,-0.382683432,0.));
#4083=VECTOR('',#4082,3.862);
#4084=LINE('',#4081,#4083);
#4085=EDGE_CURVE('',#4072,#4080,#4084,.T.);
#4086=ORIENTED_EDGE('',*,*,#4085,.T.);
#4087=CARTESIAN_POINT('',(54.377581852,22.523931892,41.666666667));
#4088=DIRECTION('',(-0.382683432,0.923879533,0.));
#4089=VECTOR('',#4088,13.9);
#4090=LINE('',#4087,#4089);
#4091=EDGE_CURVE('',#4080,#4062,#4090,.T.);
#4092=ORIENTED_EDGE('',*,*,#4091,.T.);
#4093=EDGE_LOOP('',(#4070,#4078,#4086,#4092));
#4094=FACE_BOUND('',#4093,.T.);
#4095=ADVANCED_FACE('',(#4094),#4060,.T.);
#4096=CARTESIAN_POINT('',(49.058282142,35.365857394,50.));
#4097=DIRECTION('',(-0.382683432,0.923879533,0.));
#4098=DIRECTION('',(-0.923879533,-0.382683432,0.));
#4099=AXIS2_PLACEMENT_3D('',#4096,#4097,#4098);
#4100=PLANE('',#4099);
#4101=CARTESIAN_POINT('',(52.626304897,36.84378081,50.));
#4102=DIRECTION('',(0.,0.,-1.));
#4103=VECTOR('',#4102,8.333333333);
#4104=LINE('',#4101,#4103);
#4105=EDGE_CURVE('',#4024,#4064,#4104,.T.);
#4106=ORIENTED_EDGE('',*,*,#4105,.T.);
#4107=ORIENTED_EDGE('',*,*,#4069,.F.);
#4108=CARTESIAN_POINT('',(49.058282142,35.365857394,50.));
#4109=DIRECTION('',(0.,0.,-1.));
#4110=VECTOR('',#4109,8.333333333);
#4111=LINE('',#4108,#4110);
#4112=EDGE_CURVE('',#4022,#4062,#4111,.T.);
#4113=ORIENTED_EDGE('',*,*,#4112,.F.);
#4114=ORIENTED_EDGE('',*,*,#4029,.T.);
#4115=EDGE_LOOP('',(#4106,#4107,#4113,#4114));
#4116=FACE_BOUND('',#4115,.T.);
#4117=ADVANCED_FACE('',(#4116),#4100,.T.);
#4118=CARTESIAN_POINT('',(52.626304897,36.84378081,50.));
#4119=DIRECTION('',(0.923879533,0.382683432,0.));
#4120=DIRECTION('',(-0.382683432,0.923879533,0.));
#4121=AXIS2_PLACEMENT_3D('',#4118,#4119,#4120);
#4122=PLANE('',#4121);
#4123=CARTESIAN_POINT('',(57.945604607,24.001855308,50.));
#4124=DIRECTION('',(0.,0.,-1.));
#4125=VECTOR('',#4124,8.333333333);
#4126=LINE('',#4123,#4125);
#4127=EDGE_CURVE('',#4040,#4072,#4126,.T.);
#4128=ORIENTED_EDGE('',*,*,#4127,.T.);
#4129=ORIENTED_EDGE('',*,*,#4077,.F.);
#4130=ORIENTED_EDGE('',*,*,#4105,.F.);
#4131=ORIENTED_EDGE('',*,*,#4051,.T.);
#4132=EDGE_LOOP('',(#4128,#4129,#4130,#4131));
#4133=FACE_BOUND('',#4132,.T.);
#4134=ADVANCED_FACE('',(#4133),#4122,.T.);
#4135=CARTESIAN_POINT('',(57.945604607,24.001855308,50.));
#4136=DIRECTION('',(0.382683432,-0.923879533,0.));
#4137=DIRECTION('',(0.923879533,0.382683432,0.));
#4138=AXIS2_PLACEMENT_3D('',#4135,#4136,#4137);
#4139=PLANE('',#4138);
#4140=CARTESIAN_POINT('',(54.377581852,22.523931892,50.));
#4141=DIRECTION('',(0.,0.,-1.));
#4142=VECTOR('',#4141,8.333333333);
#4143=LINE('',#4140,#4142);
#4144=EDGE_CURVE('',#4032,#4080,#4143,.T.);
#4145=ORIENTED_EDGE('',*,*,#4144,.T.);
#4146=ORIENTED_EDGE('',*,*,#4085,.F.);
#4147=ORIENTED_EDGE('',*,*,#4127,.F.);
#4148=ORIENTED_EDGE('',*,*,#4045,.T.);
#4149=EDGE_LOOP('',(#4145,#4146,#4147,#4148));
#4150=FACE_BOUND('',#4149,.T.);
#4151=ADVANCED_FACE('',(#4150),#4139,.T.);
#4152=CARTESIAN_POINT('',(54.377581852,22.523931892,50.));
#4153=DIRECTION('',(-0.923879533,-0.382683432,0.));
#4154=DIRECTION('',(0.382683432,-0.923879533,0.));
#4155=AXIS2_PLACEMENT_3D('',#4152,#4153,#4154);
#4156=PLANE('',#4155);
#4157=ORIENTED_EDGE('',*,*,#4091,.F.);
#4158=ORIENTED_EDGE('',*,*,#4144,.F.);
#4159=ORIENTED_EDGE('',*,*,#4037,.T.);
#4160=ORIENTED_EDGE('',*,*,#4112,.T.);
#4161=EDGE_LOOP('',(#4157,#4158,#4159,#4160));
#4162=FACE_BOUND('',#4161,.T.);
#4163=ADVANCED_FACE('',(#4162),#4156,.T.);
#4164=CLOSED_SHELL('',(#4055,#4095,#4117,#4134,#4151,#4163));
#4165=MANIFOLD_SOLID_BREP('Magnet_P1_L2_M1_S1_4_Slice1',#4164);
#4015=STYLED_ITEM('',(#183),#4165);
#4166=REAL_REPRESENTATION_ITEM('AEDT_Translucency_V1',0.8);
#4167=ID_ATTRIBUTE('SA #4168',#4168);
#4168=SHAPE_ASPECT('properties','',#23,.F.);
#4169=GEOMETRIC_ITEM_SPECIFIC_USAGE('','properties',#4168,#17,#4165);
#4170=PROPERTY_DEFINITION('AEDT_Translucency_V1','',#4168);
#4171=REPRESENTATION('',(#4166),#10);
#4172=PROPERTY_DEFINITION_REPRESENTATION(#4170,#4171);
#4173=GENERAL_PROPERTY('','AEDT_Translucency_V1','');
#4174=GENERAL_PROPERTY_ASSOCIATION('','',#4173,#4170);
#4175=DESCRIPTIVE_REPRESENTATION_ITEM('AEDT_MaterialName_V1','NGYC - N50');
#4176=PROPERTY_DEFINITION('AEDT_MaterialName_V1','',#4168);
#4177=REPRESENTATION('',(#4175),#10);
#4178=PROPERTY_DEFINITION_REPRESENTATION(#4176,#4177);
#4179=GENERAL_PROPERTY('','AEDT_MaterialName_V1','');
#4180=GENERAL_PROPERTY_ASSOCIATION('','',#4179,#4176);
#4181=INTEGER_REPRESENTATION_ITEM('AEDT_BODYFlagGroupColor_V1',0);
#4182=INTEGER_REPRESENTATION_ITEM('AEDT_BODYFlagGroupColor_V1',-1);
#4183=INTEGER_REPRESENTATION_ITEM('AEDT_BODYFlagGroupColor_V1',-2139100801);
#4184=INTEGER_REPRESENTATION_ITEM('AEDT_BODYFlagGroupColor_V1',5);
#4185=PROPERTY_DEFINITION('AEDT_BODYFlagGroupColor_V1','',#4168);
#4186=REPRESENTATION('',(#4181,#4182,#4183,#4184),#10);
#4187=PROPERTY_DEFINITION_REPRESENTATION(#4185,#4186);
#4188=GENERAL_PROPERTY('','AEDT_BODYFlagGroupColor_V1','');
#4189=GENERAL_PROPERTY_ASSOCIATION('','',#4188,#4185);
#4190=DESCRIPTIVE_REPRESENTATION_ITEM('AEDT_EntityName_V1','Magnet_P1_L2_M1_S1_4_Slice1');
#4191=PROPERTY_DEFINITION('AEDT_EntityName_V1','',#4168);
#4192=REPRESENTATION('',(#4190),#10);
#4193=PROPERTY_DEFINITION_REPRESENTATION(#4191,#4192);
#4194=GENERAL_PROPERTY('','AEDT_EntityName_V1','');
#4195=GENERAL_PROPERTY_ASSOCIATION('','',#4194,#4191);
#4197=CARTESIAN_POINT('',(0.,0.,41.666666667));
#4198=DIRECTION('',(0.,0.,-1.));
#4199=DIRECTION('',(-1.,0.,0.));
#4200=AXIS2_PLACEMENT_3D('',#4197,#4198,#4199);
#4201=PLANE('',#4200);
#4202=CARTESIAN_POINT('',(49.058282142,35.365857394,41.666666667));
#4203=VERTEX_POINT('',#4202);
#4204=CARTESIAN_POINT('',(52.626304897,36.84378081,41.666666667));
#4205=VERTEX_POINT('',#4204);
#4206=CARTESIAN_POINT('',(49.058282142,35.365857394,41.666666667));
#4207=DIRECTION('',(0.923879533,0.382683432,0.));
#4208=VECTOR('',#4207,3.862);
#4209=LINE('',#4206,#4208);
#4210=EDGE_CURVE('',#4203,#4205,#4209,.T.);
#4211=ORIENTED_EDGE('',*,*,#4210,.F.);
#4212=CARTESIAN_POINT('',(54.377581852,22.523931892,41.666666667));
#4213=VERTEX_POINT('',#4212);
#4214=CARTESIAN_POINT('',(54.377581852,22.523931892,41.666666667));
#4215=DIRECTION('',(-0.382683432,0.923879533,0.));
#4216=VECTOR('',#4215,13.9);
#4217=LINE('',#4214,#4216);
#4218=EDGE_CURVE('',#4213,#4203,#4217,.T.);
#4219=ORIENTED_EDGE('',*,*,#4218,.F.);
#4220=CARTESIAN_POINT('',(57.945604607,24.001855308,41.666666667));
#4221=VERTEX_POINT('',#4220);
#4222=CARTESIAN_POINT('',(57.945604607,24.001855308,41.666666667));
#4223=DIRECTION('',(-0.923879533,-0.382683432,0.));
#4224=VECTOR('',#4223,3.862);
#4225=LINE('',#4222,#4224);
#4226=EDGE_CURVE('',#4221,#4213,#4225,.T.);
#4227=ORIENTED_EDGE('',*,*,#4226,.F.);
#4228=CARTESIAN_POINT('',(52.626304897,36.84378081,41.666666667));
#4229=DIRECTION('',(0.382683432,-0.923879533,0.));
#4230=VECTOR('',#4229,13.9);
#4231=LINE('',#4228,#4230);
#4232=EDGE_CURVE('',#4205,#4221,#4231,.T.);
#4233=ORIENTED_EDGE('',*,*,#4232,.F.);
#4234=EDGE_LOOP('',(#4211,#4219,#4227,#4233));
#4235=FACE_BOUND('',#4234,.T.);
#4236=ADVANCED_FACE('',(#4235),#4201,.F.);
#4237=CARTESIAN_POINT('',(0.,0.,33.333333333));
#4238=DIRECTION('',(0.,0.,-1.));
#4239=DIRECTION('',(-1.,0.,0.));
#4240=AXIS2_PLACEMENT_3D('',#4237,#4238,#4239);
#4241=PLANE('',#4240);
#4242=CARTESIAN_POINT('',(49.058282142,35.365857394,33.333333333));
#4243=VERTEX_POINT('',#4242);
#4244=CARTESIAN_POINT('',(52.626304897,36.84378081,33.333333333));
#4245=VERTEX_POINT('',#4244);
#4246=CARTESIAN_POINT('',(49.058282142,35.365857394,33.333333333));
#4247=DIRECTION('',(0.923879533,0.382683432,0.));
#4248=VECTOR('',#4247,3.862);
#4249=LINE('',#4246,#4248);
#4250=EDGE_CURVE('',#4243,#4245,#4249,.T.);
#4251=ORIENTED_EDGE('',*,*,#4250,.T.);
#4252=CARTESIAN_POINT('',(57.945604607,24.001855308,33.333333333));
#4253=VERTEX_POINT('',#4252);
#4254=CARTESIAN_POINT('',(52.626304897,36.84378081,33.333333333));
#4255=DIRECTION('',(0.382683432,-0.923879533,0.));
#4256=VECTOR('',#4255,13.9);
#4257=LINE('',#4254,#4256);
#4258=EDGE_CURVE('',#4245,#4253,#4257,.T.);
#4259=ORIENTED_EDGE('',*,*,#4258,.T.);
#4260=CARTESIAN_POINT('',(54.377581852,22.523931892,33.333333333));
#4261=VERTEX_POINT('',#4260);
#4262=CARTESIAN_POINT('',(57.945604607,24.001855308,33.333333333));
#4263=DIRECTION('',(-0.923879533,-0.382683432,0.));
#4264=VECTOR('',#4263,3.862);
#4265=LINE('',#4262,#4264);
#4266=EDGE_CURVE('',#4253,#4261,#4265,.T.);
#4267=ORIENTED_EDGE('',*,*,#4266,.T.);
#4268=CARTESIAN_POINT('',(54.377581852,22.523931892,33.333333333));
#4269=DIRECTION('',(-0.382683432,0.923879533,0.));
#4270=VECTOR('',#4269,13.9);
#4271=LINE('',#4268,#4270);
#4272=EDGE_CURVE('',#4261,#4243,#4271,.T.);
#4273=ORIENTED_EDGE('',*,*,#4272,.T.);
#4274=EDGE_LOOP('',(#4251,#4259,#4267,#4273));
#4275=FACE_BOUND('',#4274,.T.);
#4276=ADVANCED_FACE('',(#4275),#4241,.T.);
#4277=CARTESIAN_POINT('',(49.058282142,35.365857394,41.666666667));
#4278=DIRECTION('',(-0.382683432,0.923879533,0.));
#4279=DIRECTION('',(-0.923879533,-0.382683432,0.));
#4280=AXIS2_PLACEMENT_3D('',#4277,#4278,#4279);
#4281=PLANE('',#4280);
#4282=CARTESIAN_POINT('',(52.626304897,36.84378081,41.666666667));
#4283=DIRECTION('',(0.,0.,-1.));
#4284=VECTOR('',#4283,8.333333333);
#4285=LINE('',#4282,#4284);
#4286=EDGE_CURVE('',#4205,#4245,#4285,.T.);
#4287=ORIENTED_EDGE('',*,*,#4286,.T.);
#4288=ORIENTED_EDGE('',*,*,#4250,.F.);
#4289=CARTESIAN_POINT('',(49.058282142,35.365857394,41.666666667));
#4290=DIRECTION('',(0.,0.,-1.));
#4291=VECTOR('',#4290,8.333333333);
#4292=LINE('',#4289,#4291);
#4293=EDGE_CURVE('',#4203,#4243,#4292,.T.);
#4294=ORIENTED_EDGE('',*,*,#4293,.F.);
#4295=ORIENTED_EDGE('',*,*,#4210,.T.);
#4296=EDGE_LOOP('',(#4287,#4288,#4294,#4295));
#4297=FACE_BOUND('',#4296,.T.);
#4298=ADVANCED_FACE('',(#4297),#4281,.T.);
#4299=CARTESIAN_POINT('',(52.626304897,36.84378081,41.666666667));
#4300=DIRECTION('',(0.923879533,0.382683432,0.));
#4301=DIRECTION('',(-0.382683432,0.923879533,0.));
#4302=AXIS2_PLACEMENT_3D('',#4299,#4300,#4301);
#4303=PLANE('',#4302);
#4304=CARTESIAN_POINT('',(57.945604607,24.001855308,41.666666667));
#4305=DIRECTION('',(0.,0.,-1.));
#4306=VECTOR('',#4305,8.333333333);
#4307=LINE('',#4304,#4306);
#4308=EDGE_CURVE('',#4221,#4253,#4307,.T.);
#4309=ORIENTED_EDGE('',*,*,#4308,.T.);
#4310=ORIENTED_EDGE('',*,*,#4258,.F.);
#4311=ORIENTED_EDGE('',*,*,#4286,.F.);
#4312=ORIENTED_EDGE('',*,*,#4232,.T.);
#4313=EDGE_LOOP('',(#4309,#4310,#4311,#4312));
#4314=FACE_BOUND('',#4313,.T.);
#4315=ADVANCED_FACE('',(#4314),#4303,.T.);
#4316=CARTESIAN_POINT('',(57.945604607,24.001855308,41.666666667));
#4317=DIRECTION('',(0.382683432,-0.923879533,0.));
#4318=DIRECTION('',(0.923879533,0.382683432,0.));
#4319=AXIS2_PLACEMENT_3D('',#4316,#4317,#4318);
#4320=PLANE('',#4319);
#4321=CARTESIAN_POINT('',(54.377581852,22.523931892,41.666666667));
#4322=DIRECTION('',(0.,0.,-1.));
#4323=VECTOR('',#4322,8.333333333);
#4324=LINE('',#4321,#4323);
#4325=EDGE_CURVE('',#4213,#4261,#4324,.T.);
#4326=ORIENTED_EDGE('',*,*,#4325,.T.);
#4327=ORIENTED_EDGE('',*,*,#4266,.F.);
#4328=ORIENTED_EDGE('',*,*,#4308,.F.);
#4329=ORIENTED_EDGE('',*,*,#4226,.T.);
#4330=EDGE_LOOP('',(#4326,#4327,#4328,#4329));
#4331=FACE_BOUND('',#4330,.T.);
#4332=ADVANCED_FACE('',(#4331),#4320,.T.);
#4333=CARTESIAN_POINT('',(54.377581852,22.523931892,41.666666667));
#4334=DIRECTION('',(-0.923879533,-0.382683432,0.));
#4335=DIRECTION('',(0.382683432,-0.923879533,0.));
#4336=AXIS2_PLACEMENT_3D('',#4333,#4334,#4335);
#4337=PLANE('',#4336);
#4338=ORIENTED_EDGE('',*,*,#4272,.F.);
#4339=ORIENTED_EDGE('',*,*,#4325,.F.);
#4340=ORIENTED_EDGE('',*,*,#4218,.T.);
#4341=ORIENTED_EDGE('',*,*,#4293,.T.);
#4342=EDGE_LOOP('',(#4338,#4339,#4340,#4341));
#4343=FACE_BOUND('',#4342,.T.);
#4344=ADVANCED_FACE('',(#4343),#4337,.T.);
#4345=CLOSED_SHELL('',(#4236,#4276,#4298,#4315,#4332,#4344));
#4346=MANIFOLD_SOLID_BREP('Magnet_P1_L2_M1_S1_5_Slice1',#4345);
#4196=STYLED_ITEM('',(#183),#4346);
#4347=REAL_REPRESENTATION_ITEM('AEDT_Translucency_V1',0.8);
#4348=ID_ATTRIBUTE('SA #4349',#4349);
#4349=SHAPE_ASPECT('properties','',#23,.F.);
#4350=GEOMETRIC_ITEM_SPECIFIC_USAGE('','properties',#4349,#17,#4346);
#4351=PROPERTY_DEFINITION('AEDT_Translucency_V1','',#4349);
#4352=REPRESENTATION('',(#4347),#10);
#4353=PROPERTY_DEFINITION_REPRESENTATION(#4351,#4352);
#4354=GENERAL_PROPERTY('','AEDT_Translucency_V1','');
#4355=GENERAL_PROPERTY_ASSOCIATION('','',#4354,#4351);
#4356=DESCRIPTIVE_REPRESENTATION_ITEM('AEDT_MaterialName_V1','NGYC - N50');
#4357=PROPERTY_DEFINITION('AEDT_MaterialName_V1','',#4349);
#4358=REPRESENTATION('',(#4356),#10);
#4359=PROPERTY_DEFINITION_REPRESENTATION(#4357,#4358);
#4360=GENERAL_PROPERTY('','AEDT_MaterialName_V1','');
#4361=GENERAL_PROPERTY_ASSOCIATION('','',#4360,#4357);
#4362=INTEGER_REPRESENTATION_ITEM('AEDT_BODYFlagGroupColor_V1',0);
#4363=INTEGER_REPRESENTATION_ITEM('AEDT_BODYFlagGroupColor_V1',-1);
#4364=INTEGER_REPRESENTATION_ITEM('AEDT_BODYFlagGroupColor_V1',-2139100801);
#4365=INTEGER_REPRESENTATION_ITEM('AEDT_BODYFlagGroupColor_V1',5);
#4366=PROPERTY_DEFINITION('AEDT_BODYFlagGroupColor_V1','',#4349);
#4367=REPRESENTATION('',(#4362,#4363,#4364,#4365),#10);
#4368=PROPERTY_DEFINITION_REPRESENTATION(#4366,#4367);
#4369=GENERAL_PROPERTY('','AEDT_BODYFlagGroupColor_V1','');
#4370=GENERAL_PROPERTY_ASSOCIATION('','',#4369,#4366);
#4371=DESCRIPTIVE_REPRESENTATION_ITEM('AEDT_EntityName_V1','Magnet_P1_L2_M1_S1_5_Slice1');
#4372=PROPERTY_DEFINITION('AEDT_EntityName_V1','',#4349);
#4373=REPRESENTATION('',(#4371),#10);
#4374=PROPERTY_DEFINITION_REPRESENTATION(#4372,#4373);
#4375=GENERAL_PROPERTY('','AEDT_EntityName_V1','');
#4376=GENERAL_PROPERTY_ASSOCIATION('','',#4375,#4372);
#4378=CARTESIAN_POINT('',(0.,0.,33.333333333));
#4379=DIRECTION('',(0.,0.,-1.));
#4380=DIRECTION('',(-1.,0.,0.));
#4381=AXIS2_PLACEMENT_3D('',#4378,#4379,#4380);
#4382=PLANE('',#4381);
#4383=CARTESIAN_POINT('',(49.058282142,35.365857394,33.333333333));
#4384=VERTEX_POINT('',#4383);
#4385=CARTESIAN_POINT('',(52.626304897,36.84378081,33.333333333));
#4386=VERTEX_POINT('',#4385);
#4387=CARTESIAN_POINT('',(49.058282142,35.365857394,33.333333333));
#4388=DIRECTION('',(0.923879533,0.382683432,0.));
#4389=VECTOR('',#4388,3.862);
#4390=LINE('',#4387,#4389);
#4391=EDGE_CURVE('',#4384,#4386,#4390,.T.);
#4392=ORIENTED_EDGE('',*,*,#4391,.F.);
#4393=CARTESIAN_POINT('',(54.377581852,22.523931892,33.333333333));
#4394=VERTEX_POINT('',#4393);
#4395=CARTESIAN_POINT('',(54.377581852,22.523931892,33.333333333));
#4396=DIRECTION('',(-0.382683432,0.923879533,0.));
#4397=VECTOR('',#4396,13.9);
#4398=LINE('',#4395,#4397);
#4399=EDGE_CURVE('',#4394,#4384,#4398,.T.);
#4400=ORIENTED_EDGE('',*,*,#4399,.F.);
#4401=CARTESIAN_POINT('',(57.945604607,24.001855308,33.333333333));
#4402=VERTEX_POINT('',#4401);
#4403=CARTESIAN_POINT('',(57.945604607,24.001855308,33.333333333));
#4404=DIRECTION('',(-0.923879533,-0.382683432,0.));
#4405=VECTOR('',#4404,3.862);
#4406=LINE('',#4403,#4405);
#4407=EDGE_CURVE('',#4402,#4394,#4406,.T.);
#4408=ORIENTED_EDGE('',*,*,#4407,.F.);
#4409=CARTESIAN_POINT('',(52.626304897,36.84378081,33.333333333));
#4410=DIRECTION('',(0.382683432,-0.923879533,0.));
#4411=VECTOR('',#4410,13.9);
#4412=LINE('',#4409,#4411);
#4413=EDGE_CURVE('',#4386,#4402,#4412,.T.);
#4414=ORIENTED_EDGE('',*,*,#4413,.F.);
#4415=EDGE_LOOP('',(#4392,#4400,#4408,#4414));
#4416=FACE_BOUND('',#4415,.T.);
#4417=ADVANCED_FACE('',(#4416),#4382,.F.);
#4418=CARTESIAN_POINT('',(0.,0.,25.));
#4419=DIRECTION('',(0.,0.,-1.));
#4420=DIRECTION('',(-1.,0.,0.));
#4421=AXIS2_PLACEMENT_3D('',#4418,#4419,#4420);
#4422=PLANE('',#4421);
#4423=CARTESIAN_POINT('',(49.058282142,35.365857394,25.));
#4424=VERTEX_POINT('',#4423);
#4425=CARTESIAN_POINT('',(52.626304897,36.84378081,25.));
#4426=VERTEX_POINT('',#4425);
#4427=CARTESIAN_POINT('',(49.058282142,35.365857394,25.));
#4428=DIRECTION('',(0.923879533,0.382683432,0.));
#4429=VECTOR('',#4428,3.862);
#4430=LINE('',#4427,#4429);
#4431=EDGE_CURVE('',#4424,#4426,#4430,.T.);
#4432=ORIENTED_EDGE('',*,*,#4431,.T.);
#4433=CARTESIAN_POINT('',(57.945604607,24.001855308,25.));
#4434=VERTEX_POINT('',#4433);
#4435=CARTESIAN_POINT('',(52.626304897,36.84378081,25.));
#4436=DIRECTION('',(0.382683432,-0.923879533,0.));
#4437=VECTOR('',#4436,13.9);
#4438=LINE('',#4435,#4437);
#4439=EDGE_CURVE('',#4426,#4434,#4438,.T.);
#4440=ORIENTED_EDGE('',*,*,#4439,.T.);
#4441=CARTESIAN_POINT('',(54.377581852,22.523931892,25.));
#4442=VERTEX_POINT('',#4441);
#4443=CARTESIAN_POINT('',(57.945604607,24.001855308,25.));
#4444=DIRECTION('',(-0.923879533,-0.382683432,0.));
#4445=VECTOR('',#4444,3.862);
#4446=LINE('',#4443,#4445);
#4447=EDGE_CURVE('',#4434,#4442,#4446,.T.);
#4448=ORIENTED_EDGE('',*,*,#4447,.T.);
#4449=CARTESIAN_POINT('',(54.377581852,22.523931892,25.));
#4450=DIRECTION('',(-0.382683432,0.923879533,0.));
#4451=VECTOR('',#4450,13.9);
#4452=LINE('',#4449,#4451);
#4453=EDGE_CURVE('',#4442,#4424,#4452,.T.);
#4454=ORIENTED_EDGE('',*,*,#4453,.T.);
#4455=EDGE_LOOP('',(#4432,#4440,#4448,#4454));
#4456=FACE_BOUND('',#4455,.T.);
#4457=ADVANCED_FACE('',(#4456),#4422,.T.);
#4458=CARTESIAN_POINT('',(49.058282142,35.365857394,33.333333333));
#4459=DIRECTION('',(-0.382683432,0.923879533,0.));
#4460=DIRECTION('',(-0.923879533,-0.382683432,0.));
#4461=AXIS2_PLACEMENT_3D('',#4458,#4459,#4460);
#4462=PLANE('',#4461);
#4463=CARTESIAN_POINT('',(52.626304897,36.84378081,33.333333333));
#4464=DIRECTION('',(0.,0.,-1.));
#4465=VECTOR('',#4464,8.333333333);
#4466=LINE('',#4463,#4465);
#4467=EDGE_CURVE('',#4386,#4426,#4466,.T.);
#4468=ORIENTED_EDGE('',*,*,#4467,.T.);
#4469=ORIENTED_EDGE('',*,*,#4431,.F.);
#4470=CARTESIAN_POINT('',(49.058282142,35.365857394,33.333333333));
#4471=DIRECTION('',(0.,0.,-1.));
#4472=VECTOR('',#4471,8.333333333);
#4473=LINE('',#4470,#4472);
#4474=EDGE_CURVE('',#4384,#4424,#4473,.T.);
#4475=ORIENTED_EDGE('',*,*,#4474,.F.);
#4476=ORIENTED_EDGE('',*,*,#4391,.T.);
#4477=EDGE_LOOP('',(#4468,#4469,#4475,#4476));
#4478=FACE_BOUND('',#4477,.T.);
#4479=ADVANCED_FACE('',(#4478),#4462,.T.);
#4480=CARTESIAN_POINT('',(52.626304897,36.84378081,33.333333333));
#4481=DIRECTION('',(0.923879533,0.382683432,0.));
#4482=DIRECTION('',(-0.382683432,0.923879533,0.));
#4483=AXIS2_PLACEMENT_3D('',#4480,#4481,#4482);
#4484=PLANE('',#4483);
#4485=CARTESIAN_POINT('',(57.945604607,24.001855308,33.333333333));
#4486=DIRECTION('',(0.,0.,-1.));
#4487=VECTOR('',#4486,8.333333333);
#4488=LINE('',#4485,#4487);
#4489=EDGE_CURVE('',#4402,#4434,#4488,.T.);
#4490=ORIENTED_EDGE('',*,*,#4489,.T.);
#4491=ORIENTED_EDGE('',*,*,#4439,.F.);
#4492=ORIENTED_EDGE('',*,*,#4467,.F.);
#4493=ORIENTED_EDGE('',*,*,#4413,.T.);
#4494=EDGE_LOOP('',(#4490,#4491,#4492,#4493));
#4495=FACE_BOUND('',#4494,.T.);
#4496=ADVANCED_FACE('',(#4495),#4484,.T.);
#4497=CARTESIAN_POINT('',(57.945604607,24.001855308,33.333333333));
#4498=DIRECTION('',(0.382683432,-0.923879533,0.));
#4499=DIRECTION('',(0.923879533,0.382683432,0.));
#4500=AXIS2_PLACEMENT_3D('',#4497,#4498,#4499);
#4501=PLANE('',#4500);
#4502=CARTESIAN_POINT('',(54.377581852,22.523931892,33.333333333));
#4503=DIRECTION('',(0.,0.,-1.));
#4504=VECTOR('',#4503,8.333333333);
#4505=LINE('',#4502,#4504);
#4506=EDGE_CURVE('',#4394,#4442,#4505,.T.);
#4507=ORIENTED_EDGE('',*,*,#4506,.T.);
#4508=ORIENTED_EDGE('',*,*,#4447,.F.);
#4509=ORIENTED_EDGE('',*,*,#4489,.F.);
#4510=ORIENTED_EDGE('',*,*,#4407,.T.);
#4511=EDGE_LOOP('',(#4507,#4508,#4509,#4510));
#4512=FACE_BOUND('',#4511,.T.);
#4513=ADVANCED_FACE('',(#4512),#4501,.T.);
#4514=CARTESIAN_POINT('',(54.377581852,22.523931892,33.333333333));
#4515=DIRECTION('',(-0.923879533,-0.382683432,0.));
#4516=DIRECTION('',(0.382683432,-0.923879533,0.));
#4517=AXIS2_PLACEMENT_3D('',#4514,#4515,#4516);
#4518=PLANE('',#4517);
#4519=ORIENTED_EDGE('',*,*,#4453,.F.);
#4520=ORIENTED_EDGE('',*,*,#4506,.F.);
#4521=ORIENTED_EDGE('',*,*,#4399,.T.);
#4522=ORIENTED_EDGE('',*,*,#4474,.T.);
#4523=EDGE_LOOP('',(#4519,#4520,#4521,#4522));
#4524=FACE_BOUND('',#4523,.T.);
#4525=ADVANCED_FACE('',(#4524),#4518,.T.);
#4526=CLOSED_SHELL('',(#4417,#4457,#4479,#4496,#4513,#4525));
#4527=MANIFOLD_SOLID_BREP('Magnet_P1_L2_M1_S1_6_Slice1',#4526);
#4377=STYLED_ITEM('',(#183),#4527);
#4528=REAL_REPRESENTATION_ITEM('AEDT_Translucency_V1',0.8);
#4529=ID_ATTRIBUTE('SA #4530',#4530);
#4530=SHAPE_ASPECT('properties','',#23,.F.);
#4531=GEOMETRIC_ITEM_SPECIFIC_USAGE('','properties',#4530,#17,#4527);
#4532=PROPERTY_DEFINITION('AEDT_Translucency_V1','',#4530);
#4533=REPRESENTATION('',(#4528),#10);
#4534=PROPERTY_DEFINITION_REPRESENTATION(#4532,#4533);
#4535=GENERAL_PROPERTY('','AEDT_Translucency_V1','');
#4536=GENERAL_PROPERTY_ASSOCIATION('','',#4535,#4532);
#4537=DESCRIPTIVE_REPRESENTATION_ITEM('AEDT_MaterialName_V1','NGYC - N50');
#4538=PROPERTY_DEFINITION('AEDT_MaterialName_V1','',#4530);
#4539=REPRESENTATION('',(#4537),#10);
#4540=PROPERTY_DEFINITION_REPRESENTATION(#4538,#4539);
#4541=GENERAL_PROPERTY('','AEDT_MaterialName_V1','');
#4542=GENERAL_PROPERTY_ASSOCIATION('','',#4541,#4538);
#4543=INTEGER_REPRESENTATION_ITEM('AEDT_BODYFlagGroupColor_V1',0);
#4544=INTEGER_REPRESENTATION_ITEM('AEDT_BODYFlagGroupColor_V1',-1);
#4545=INTEGER_REPRESENTATION_ITEM('AEDT_BODYFlagGroupColor_V1',-2139100801);
#4546=INTEGER_REPRESENTATION_ITEM('AEDT_BODYFlagGroupColor_V1',5);
#4547=PROPERTY_DEFINITION('AEDT_BODYFlagGroupColor_V1','',#4530);
#4548=REPRESENTATION('',(#4543,#4544,#4545,#4546),#10);
#4549=PROPERTY_DEFINITION_REPRESENTATION(#4547,#4548);
#4550=GENERAL_PROPERTY('','AEDT_BODYFlagGroupColor_V1','');
#4551=GENERAL_PROPERTY_ASSOCIATION('','',#4550,#4547);
#4552=DESCRIPTIVE_REPRESENTATION_ITEM('AEDT_EntityName_V1','Magnet_P1_L2_M1_S1_6_Slice1');
#4553=PROPERTY_DEFINITION('AEDT_EntityName_V1','',#4530);
#4554=REPRESENTATION('',(#4552),#10);
#4555=PROPERTY_DEFINITION_REPRESENTATION(#4553,#4554);
#4556=GENERAL_PROPERTY('','AEDT_EntityName_V1','');
#4557=GENERAL_PROPERTY_ASSOCIATION('','',#4556,#4553);
#4559=CARTESIAN_POINT('',(0.,0.,25.));
#4560=DIRECTION('',(0.,0.,-1.));
#4561=DIRECTION('',(-1.,0.,0.));
#4562=AXIS2_PLACEMENT_3D('',#4559,#4560,#4561);
#4563=PLANE('',#4562);
#4564=CARTESIAN_POINT('',(49.058282142,35.365857394,25.));
#4565=VERTEX_POINT('',#4564);
#4566=CARTESIAN_POINT('',(52.626304897,36.84378081,25.));
#4567=VERTEX_POINT('',#4566);
#4568=CARTESIAN_POINT('',(49.058282142,35.365857394,25.));
#4569=DIRECTION('',(0.923879533,0.382683432,0.));
#4570=VECTOR('',#4569,3.862);
#4571=LINE('',#4568,#4570);
#4572=EDGE_CURVE('',#4565,#4567,#4571,.T.);
#4573=ORIENTED_EDGE('',*,*,#4572,.F.);
#4574=CARTESIAN_POINT('',(54.377581852,22.523931892,25.));
#4575=VERTEX_POINT('',#4574);
#4576=CARTESIAN_POINT('',(54.377581852,22.523931892,25.));
#4577=DIRECTION('',(-0.382683432,0.923879533,0.));
#4578=VECTOR('',#4577,13.9);
#4579=LINE('',#4576,#4578);
#4580=EDGE_CURVE('',#4575,#4565,#4579,.T.);
#4581=ORIENTED_EDGE('',*,*,#4580,.F.);
#4582=CARTESIAN_POINT('',(57.945604607,24.001855308,25.));
#4583=VERTEX_POINT('',#4582);
#4584=CARTESIAN_POINT('',(57.945604607,24.001855308,25.));
#4585=DIRECTION('',(-0.923879533,-0.382683432,0.));
#4586=VECTOR('',#4585,3.862);
#4587=LINE('',#4584,#4586);
#4588=EDGE_CURVE('',#4583,#4575,#4587,.T.);
#4589=ORIENTED_EDGE('',*,*,#4588,.F.);
#4590=CARTESIAN_POINT('',(52.626304897,36.84378081,25.));
#4591=DIRECTION('',(0.382683432,-0.923879533,0.));
#4592=VECTOR('',#4591,13.9);
#4593=LINE('',#4590,#4592);
#4594=EDGE_CURVE('',#4567,#4583,#4593,.T.);
#4595=ORIENTED_EDGE('',*,*,#4594,.F.);
#4596=EDGE_LOOP('',(#4573,#4581,#4589,#4595));
#4597=FACE_BOUND('',#4596,.T.);
#4598=ADVANCED_FACE('',(#4597),#4563,.F.);
#4599=CARTESIAN_POINT('',(0.,0.,16.666666667));
#4600=DIRECTION('',(0.,0.,-1.));
#4601=DIRECTION('',(-1.,0.,0.));
#4602=AXIS2_PLACEMENT_3D('',#4599,#4600,#4601);
#4603=PLANE('',#4602);
#4604=CARTESIAN_POINT('',(49.058282142,35.365857394,16.666666667));
#4605=VERTEX_POINT('',#4604);
#4606=CARTESIAN_POINT('',(52.626304897,36.84378081,16.666666667));
#4607=VERTEX_POINT('',#4606);
#4608=CARTESIAN_POINT('',(49.058282142,35.365857394,16.666666667));
#4609=DIRECTION('',(0.923879533,0.382683432,0.));
#4610=VECTOR('',#4609,3.862);
#4611=LINE('',#4608,#4610);
#4612=EDGE_CURVE('',#4605,#4607,#4611,.T.);
#4613=ORIENTED_EDGE('',*,*,#4612,.T.);
#4614=CARTESIAN_POINT('',(57.945604607,24.001855308,16.666666667));
#4615=VERTEX_POINT('',#4614);
#4616=CARTESIAN_POINT('',(52.626304897,36.84378081,16.666666667));
#4617=DIRECTION('',(0.382683432,-0.923879533,0.));
#4618=VECTOR('',#4617,13.9);
#4619=LINE('',#4616,#4618);
#4620=EDGE_CURVE('',#4607,#4615,#4619,.T.);
#4621=ORIENTED_EDGE('',*,*,#4620,.T.);
#4622=CARTESIAN_POINT('',(54.377581852,22.523931892,16.666666667));
#4623=VERTEX_POINT('',#4622);
#4624=CARTESIAN_POINT('',(57.945604607,24.001855308,16.666666667));
#4625=DIRECTION('',(-0.923879533,-0.382683432,0.));
#4626=VECTOR('',#4625,3.862);
#4627=LINE('',#4624,#4626);
#4628=EDGE_CURVE('',#4615,#4623,#4627,.T.);
#4629=ORIENTED_EDGE('',*,*,#4628,.T.);
#4630=CARTESIAN_POINT('',(54.377581852,22.523931892,16.666666667));
#4631=DIRECTION('',(-0.382683432,0.923879533,0.));
#4632=VECTOR('',#4631,13.9);
#4633=LINE('',#4630,#4632);
#4634=EDGE_CURVE('',#4623,#4605,#4633,.T.);
#4635=ORIENTED_EDGE('',*,*,#4634,.T.);
#4636=EDGE_LOOP('',(#4613,#4621,#4629,#4635));
#4637=FACE_BOUND('',#4636,.T.);
#4638=ADVANCED_FACE('',(#4637),#4603,.T.);
#4639=CARTESIAN_POINT('',(49.058282142,35.365857394,25.));
#4640=DIRECTION('',(-0.382683432,0.923879533,0.));
#4641=DIRECTION('',(-0.923879533,-0.382683432,0.));
#4642=AXIS2_PLACEMENT_3D('',#4639,#4640,#4641);
#4643=PLANE('',#4642);
#4644=CARTESIAN_POINT('',(52.626304897,36.84378081,25.));
#4645=DIRECTION('',(0.,0.,-1.));
#4646=VECTOR('',#4645,8.333333333);
#4647=LINE('',#4644,#4646);
#4648=EDGE_CURVE('',#4567,#4607,#4647,.T.);
#4649=ORIENTED_EDGE('',*,*,#4648,.T.);
#4650=ORIENTED_EDGE('',*,*,#4612,.F.);
#4651=CARTESIAN_POINT('',(49.058282142,35.365857394,25.));
#4652=DIRECTION('',(0.,0.,-1.));
#4653=VECTOR('',#4652,8.333333333);
#4654=LINE('',#4651,#4653);
#4655=EDGE_CURVE('',#4565,#4605,#4654,.T.);
#4656=ORIENTED_EDGE('',*,*,#4655,.F.);
#4657=ORIENTED_EDGE('',*,*,#4572,.T.);
#4658=EDGE_LOOP('',(#4649,#4650,#4656,#4657));
#4659=FACE_BOUND('',#4658,.T.);
#4660=ADVANCED_FACE('',(#4659),#4643,.T.);
#4661=CARTESIAN_POINT('',(52.626304897,36.84378081,25.));
#4662=DIRECTION('',(0.923879533,0.382683432,0.));
#4663=DIRECTION('',(-0.382683432,0.923879533,0.));
#4664=AXIS2_PLACEMENT_3D('',#4661,#4662,#4663);
#4665=PLANE('',#4664);
#4666=CARTESIAN_POINT('',(57.945604607,24.001855308,25.));
#4667=DIRECTION('',(0.,0.,-1.));
#4668=VECTOR('',#4667,8.333333333);
#4669=LINE('',#4666,#4668);
#4670=EDGE_CURVE('',#4583,#4615,#4669,.T.);
#4671=ORIENTED_EDGE('',*,*,#4670,.T.);
#4672=ORIENTED_EDGE('',*,*,#4620,.F.);
#4673=ORIENTED_EDGE('',*,*,#4648,.F.);
#4674=ORIENTED_EDGE('',*,*,#4594,.T.);
#4675=EDGE_LOOP('',(#4671,#4672,#4673,#4674));
#4676=FACE_BOUND('',#4675,.T.);
#4677=ADVANCED_FACE('',(#4676),#4665,.T.);
#4678=CARTESIAN_POINT('',(57.945604607,24.001855308,25.));
#4679=DIRECTION('',(0.382683432,-0.923879533,0.));
#4680=DIRECTION('',(0.923879533,0.382683432,0.));
#4681=AXIS2_PLACEMENT_3D('',#4678,#4679,#4680);
#4682=PLANE('',#4681);
#4683=CARTESIAN_POINT('',(54.377581852,22.523931892,25.));
#4684=DIRECTION('',(0.,0.,-1.));
#4685=VECTOR('',#4684,8.333333333);
#4686=LINE('',#4683,#4685);
#4687=EDGE_CURVE('',#4575,#4623,#4686,.T.);
#4688=ORIENTED_EDGE('',*,*,#4687,.T.);
#4689=ORIENTED_EDGE('',*,*,#4628,.F.);
#4690=ORIENTED_EDGE('',*,*,#4670,.F.);
#4691=ORIENTED_EDGE('',*,*,#4588,.T.);
#4692=EDGE_LOOP('',(#4688,#4689,#4690,#4691));
#4693=FACE_BOUND('',#4692,.T.);
#4694=ADVANCED_FACE('',(#4693),#4682,.T.);
#4695=CARTESIAN_POINT('',(54.377581852,22.523931892,25.));
#4696=DIRECTION('',(-0.923879533,-0.382683432,0.));
#4697=DIRECTION('',(0.382683432,-0.923879533,0.));
#4698=AXIS2_PLACEMENT_3D('',#4695,#4696,#4697);
#4699=PLANE('',#4698);
#4700=ORIENTED_EDGE('',*,*,#4634,.F.);
#4701=ORIENTED_EDGE('',*,*,#4687,.F.);
#4702=ORIENTED_EDGE('',*,*,#4580,.T.);
#4703=ORIENTED_EDGE('',*,*,#4655,.T.);
#4704=EDGE_LOOP('',(#4700,#4701,#4702,#4703));
#4705=FACE_BOUND('',#4704,.T.);
#4706=ADVANCED_FACE('',(#4705),#4699,.T.);
#4707=CLOSED_SHELL('',(#4598,#4638,#4660,#4677,#4694,#4706));
#4708=MANIFOLD_SOLID_BREP('Magnet_P1_L2_M1_S1_7_Slice1',#4707);
#4558=STYLED_ITEM('',(#183),#4708);
#4709=REAL_REPRESENTATION_ITEM('AEDT_Translucency_V1',0.8);
#4710=ID_ATTRIBUTE('SA #4711',#4711);
#4711=SHAPE_ASPECT('properties','',#23,.F.);
#4712=GEOMETRIC_ITEM_SPECIFIC_USAGE('','properties',#4711,#17,#4708);
#4713=PROPERTY_DEFINITION('AEDT_Translucency_V1','',#4711);
#4714=REPRESENTATION('',(#4709),#10);
#4715=PROPERTY_DEFINITION_REPRESENTATION(#4713,#4714);
#4716=GENERAL_PROPERTY('','AEDT_Translucency_V1','');
#4717=GENERAL_PROPERTY_ASSOCIATION('','',#4716,#4713);
#4718=DESCRIPTIVE_REPRESENTATION_ITEM('AEDT_MaterialName_V1','NGYC - N50');
#4719=PROPERTY_DEFINITION('AEDT_MaterialName_V1','',#4711);
#4720=REPRESENTATION('',(#4718),#10);
#4721=PROPERTY_DEFINITION_REPRESENTATION(#4719,#4720);
#4722=GENERAL_PROPERTY('','AEDT_MaterialName_V1','');
#4723=GENERAL_PROPERTY_ASSOCIATION('','',#4722,#4719);
#4724=INTEGER_REPRESENTATION_ITEM('AEDT_BODYFlagGroupColor_V1',0);
#4725=INTEGER_REPRESENTATION_ITEM('AEDT_BODYFlagGroupColor_V1',-1);
#4726=INTEGER_REPRESENTATION_ITEM('AEDT_BODYFlagGroupColor_V1',-2139100801);
#4727=INTEGER_REPRESENTATION_ITEM('AEDT_BODYFlagGroupColor_V1',5);
#4728=PROPERTY_DEFINITION('AEDT_BODYFlagGroupColor_V1','',#4711);
#4729=REPRESENTATION('',(#4724,#4725,#4726,#4727),#10);
#4730=PROPERTY_DEFINITION_REPRESENTATION(#4728,#4729);
#4731=GENERAL_PROPERTY('','AEDT_BODYFlagGroupColor_V1','');
#4732=GENERAL_PROPERTY_ASSOCIATION('','',#4731,#4728);
#4733=DESCRIPTIVE_REPRESENTATION_ITEM('AEDT_EntityName_V1','Magnet_P1_L2_M1_S1_7_Slice1');
#4734=PROPERTY_DEFINITION('AEDT_EntityName_V1','',#4711);
#4735=REPRESENTATION('',(#4733),#10);
#4736=PROPERTY_DEFINITION_REPRESENTATION(#4734,#4735);
#4737=GENERAL_PROPERTY('','AEDT_EntityName_V1','');
#4738=GENERAL_PROPERTY_ASSOCIATION('','',#4737,#4734);
#4740=CARTESIAN_POINT('',(0.,0.,16.666666667));
#4741=DIRECTION('',(0.,0.,-1.));
#4742=DIRECTION('',(-1.,0.,0.));
#4743=AXIS2_PLACEMENT_3D('',#4740,#4741,#4742);
#4744=PLANE('',#4743);
#4745=CARTESIAN_POINT('',(49.058282142,35.365857394,16.666666667));
#4746=VERTEX_POINT('',#4745);
#4747=CARTESIAN_POINT('',(52.626304897,36.84378081,16.666666667));
#4748=VERTEX_POINT('',#4747);
#4749=CARTESIAN_POINT('',(49.058282142,35.365857394,16.666666667));
#4750=DIRECTION('',(0.923879533,0.382683432,0.));
#4751=VECTOR('',#4750,3.862);
#4752=LINE('',#4749,#4751);
#4753=EDGE_CURVE('',#4746,#4748,#4752,.T.);
#4754=ORIENTED_EDGE('',*,*,#4753,.F.);
#4755=CARTESIAN_POINT('',(54.377581852,22.523931892,16.666666667));
#4756=VERTEX_POINT('',#4755);
#4757=CARTESIAN_POINT('',(54.377581852,22.523931892,16.666666667));
#4758=DIRECTION('',(-0.382683432,0.923879533,0.));
#4759=VECTOR('',#4758,13.9);
#4760=LINE('',#4757,#4759);
#4761=EDGE_CURVE('',#4756,#4746,#4760,.T.);
#4762=ORIENTED_EDGE('',*,*,#4761,.F.);
#4763=CARTESIAN_POINT('',(57.945604607,24.001855308,16.666666667));
#4764=VERTEX_POINT('',#4763);
#4765=CARTESIAN_POINT('',(57.945604607,24.001855308,16.666666667));
#4766=DIRECTION('',(-0.923879533,-0.382683432,0.));
#4767=VECTOR('',#4766,3.862);
#4768=LINE('',#4765,#4767);
#4769=EDGE_CURVE('',#4764,#4756,#4768,.T.);
#4770=ORIENTED_EDGE('',*,*,#4769,.F.);
#4771=CARTESIAN_POINT('',(52.626304897,36.84378081,16.666666667));
#4772=DIRECTION('',(0.382683432,-0.923879533,0.));
#4773=VECTOR('',#4772,13.9);
#4774=LINE('',#4771,#4773);
#4775=EDGE_CURVE('',#4748,#4764,#4774,.T.);
#4776=ORIENTED_EDGE('',*,*,#4775,.F.);
#4777=EDGE_LOOP('',(#4754,#4762,#4770,#4776));
#4778=FACE_BOUND('',#4777,.T.);
#4779=ADVANCED_FACE('',(#4778),#4744,.F.);
#4780=CARTESIAN_POINT('',(0.,0.,8.333333333));
#4781=DIRECTION('',(0.,0.,-1.));
#4782=DIRECTION('',(-1.,0.,0.));
#4783=AXIS2_PLACEMENT_3D('',#4780,#4781,#4782);
#4784=PLANE('',#4783);
#4785=CARTESIAN_POINT('',(49.058282142,35.365857394,8.333333333));
#4786=VERTEX_POINT('',#4785);
#4787=CARTESIAN_POINT('',(52.626304897,36.84378081,8.333333333));
#4788=VERTEX_POINT('',#4787);
#4789=CARTESIAN_POINT('',(49.058282142,35.365857394,8.333333333));
#4790=DIRECTION('',(0.923879533,0.382683432,0.));
#4791=VECTOR('',#4790,3.862);
#4792=LINE('',#4789,#4791);
#4793=EDGE_CURVE('',#4786,#4788,#4792,.T.);
#4794=ORIENTED_EDGE('',*,*,#4793,.T.);
#4795=CARTESIAN_POINT('',(57.945604607,24.001855308,8.333333333));
#4796=VERTEX_POINT('',#4795);
#4797=CARTESIAN_POINT('',(52.626304897,36.84378081,8.333333333));
#4798=DIRECTION('',(0.382683432,-0.923879533,0.));
#4799=VECTOR('',#4798,13.9);
#4800=LINE('',#4797,#4799);
#4801=EDGE_CURVE('',#4788,#4796,#4800,.T.);
#4802=ORIENTED_EDGE('',*,*,#4801,.T.);
#4803=CARTESIAN_POINT('',(54.377581852,22.523931892,8.333333333));
#4804=VERTEX_POINT('',#4803);
#4805=CARTESIAN_POINT('',(57.945604607,24.001855308,8.333333333));
#4806=DIRECTION('',(-0.923879533,-0.382683432,0.));
#4807=VECTOR('',#4806,3.862);
#4808=LINE('',#4805,#4807);
#4809=EDGE_CURVE('',#4796,#4804,#4808,.T.);
#4810=ORIENTED_EDGE('',*,*,#4809,.T.);
#4811=CARTESIAN_POINT('',(54.377581852,22.523931892,8.333333333));
#4812=DIRECTION('',(-0.382683432,0.923879533,0.));
#4813=VECTOR('',#4812,13.9);
#4814=LINE('',#4811,#4813);
#4815=EDGE_CURVE('',#4804,#4786,#4814,.T.);
#4816=ORIENTED_EDGE('',*,*,#4815,.T.);
#4817=EDGE_LOOP('',(#4794,#4802,#4810,#4816));
#4818=FACE_BOUND('',#4817,.T.);
#4819=ADVANCED_FACE('',(#4818),#4784,.T.);
#4820=CARTESIAN_POINT('',(49.058282142,35.365857394,16.666666667));
#4821=DIRECTION('',(-0.382683432,0.923879533,0.));
#4822=DIRECTION('',(-0.923879533,-0.382683432,0.));
#4823=AXIS2_PLACEMENT_3D('',#4820,#4821,#4822);
#4824=PLANE('',#4823);
#4825=CARTESIAN_POINT('',(52.626304897,36.84378081,16.666666667));
#4826=DIRECTION('',(0.,0.,-1.));
#4827=VECTOR('',#4826,8.333333333);
#4828=LINE('',#4825,#4827);
#4829=EDGE_CURVE('',#4748,#4788,#4828,.T.);
#4830=ORIENTED_EDGE('',*,*,#4829,.T.);
#4831=ORIENTED_EDGE('',*,*,#4793,.F.);
#4832=CARTESIAN_POINT('',(49.058282142,35.365857394,16.666666667));
#4833=DIRECTION('',(0.,0.,-1.));
#4834=VECTOR('',#4833,8.333333333);
#4835=LINE('',#4832,#4834);
#4836=EDGE_CURVE('',#4746,#4786,#4835,.T.);
#4837=ORIENTED_EDGE('',*,*,#4836,.F.);
#4838=ORIENTED_EDGE('',*,*,#4753,.T.);
#4839=EDGE_LOOP('',(#4830,#4831,#4837,#4838));
#4840=FACE_BOUND('',#4839,.T.);
#4841=ADVANCED_FACE('',(#4840),#4824,.T.);
#4842=CARTESIAN_POINT('',(52.626304897,36.84378081,16.666666667));
#4843=DIRECTION('',(0.923879533,0.382683432,0.));
#4844=DIRECTION('',(-0.382683432,0.923879533,0.));
#4845=AXIS2_PLACEMENT_3D('',#4842,#4843,#4844);
#4846=PLANE('',#4845);
#4847=CARTESIAN_POINT('',(57.945604607,24.001855308,16.666666667));
#4848=DIRECTION('',(0.,0.,-1.));
#4849=VECTOR('',#4848,8.333333333);
#4850=LINE('',#4847,#4849);
#4851=EDGE_CURVE('',#4764,#4796,#4850,.T.);
#4852=ORIENTED_EDGE('',*,*,#4851,.T.);
#4853=ORIENTED_EDGE('',*,*,#4801,.F.);
#4854=ORIENTED_EDGE('',*,*,#4829,.F.);
#4855=ORIENTED_EDGE('',*,*,#4775,.T.);
#4856=EDGE_LOOP('',(#4852,#4853,#4854,#4855));
#4857=FACE_BOUND('',#4856,.T.);
#4858=ADVANCED_FACE('',(#4857),#4846,.T.);
#4859=CARTESIAN_POINT('',(57.945604607,24.001855308,16.666666667));
#4860=DIRECTION('',(0.382683432,-0.923879533,0.));
#4861=DIRECTION('',(0.923879533,0.382683432,0.));
#4862=AXIS2_PLACEMENT_3D('',#4859,#4860,#4861);
#4863=PLANE('',#4862);
#4864=CARTESIAN_POINT('',(54.377581852,22.523931892,16.666666667));
#4865=DIRECTION('',(0.,0.,-1.));
#4866=VECTOR('',#4865,8.333333333);
#4867=LINE('',#4864,#4866);
#4868=EDGE_CURVE('',#4756,#4804,#4867,.T.);
#4869=ORIENTED_EDGE('',*,*,#4868,.T.);
#4870=ORIENTED_EDGE('',*,*,#4809,.F.);
#4871=ORIENTED_EDGE('',*,*,#4851,.F.);
#4872=ORIENTED_EDGE('',*,*,#4769,.T.);
#4873=EDGE_LOOP('',(#4869,#4870,#4871,#4872));
#4874=FACE_BOUND('',#4873,.T.);
#4875=ADVANCED_FACE('',(#4874),#4863,.T.);
#4876=CARTESIAN_POINT('',(54.377581852,22.523931892,16.666666667));
#4877=DIRECTION('',(-0.923879533,-0.382683432,0.));
#4878=DIRECTION('',(0.382683432,-0.923879533,0.));
#4879=AXIS2_PLACEMENT_3D('',#4876,#4877,#4878);
#4880=PLANE('',#4879);
#4881=ORIENTED_EDGE('',*,*,#4815,.F.);
#4882=ORIENTED_EDGE('',*,*,#4868,.F.);
#4883=ORIENTED_EDGE('',*,*,#4761,.T.);
#4884=ORIENTED_EDGE('',*,*,#4836,.T.);
#4885=EDGE_LOOP('',(#4881,#4882,#4883,#4884));
#4886=FACE_BOUND('',#4885,.T.);
#4887=ADVANCED_FACE('',(#4886),#4880,.T.);
#4888=CLOSED_SHELL('',(#4779,#4819,#4841,#4858,#4875,#4887));
#4889=MANIFOLD_SOLID_BREP('Magnet_P1_L2_M1_S1_8_Slice1',#4888);
#4739=STYLED_ITEM('',(#183),#4889);
#4890=REAL_REPRESENTATION_ITEM('AEDT_Translucency_V1',0.8);
#4891=ID_ATTRIBUTE('SA #4892',#4892);
#4892=SHAPE_ASPECT('properties','',#23,.F.);
#4893=GEOMETRIC_ITEM_SPECIFIC_USAGE('','properties',#4892,#17,#4889);
#4894=PROPERTY_DEFINITION('AEDT_Translucency_V1','',#4892);
#4895=REPRESENTATION('',(#4890),#10);
#4896=PROPERTY_DEFINITION_REPRESENTATION(#4894,#4895);
#4897=GENERAL_PROPERTY('','AEDT_Translucency_V1','');
#4898=GENERAL_PROPERTY_ASSOCIATION('','',#4897,#4894);
#4899=DESCRIPTIVE_REPRESENTATION_ITEM('AEDT_MaterialName_V1','NGYC - N50');
#4900=PROPERTY_DEFINITION('AEDT_MaterialName_V1','',#4892);
#4901=REPRESENTATION('',(#4899),#10);
#4902=PROPERTY_DEFINITION_REPRESENTATION(#4900,#4901);
#4903=GENERAL_PROPERTY('','AEDT_MaterialName_V1','');
#4904=GENERAL_PROPERTY_ASSOCIATION('','',#4903,#4900);
#4905=INTEGER_REPRESENTATION_ITEM('AEDT_BODYFlagGroupColor_V1',0);
#4906=INTEGER_REPRESENTATION_ITEM('AEDT_BODYFlagGroupColor_V1',-1);
#4907=INTEGER_REPRESENTATION_ITEM('AEDT_BODYFlagGroupColor_V1',-2139100801);
#4908=INTEGER_REPRESENTATION_ITEM('AEDT_BODYFlagGroupColor_V1',5);
#4909=PROPERTY_DEFINITION('AEDT_BODYFlagGroupColor_V1','',#4892);
#4910=REPRESENTATION('',(#4905,#4906,#4907,#4908),#10);
#4911=PROPERTY_DEFINITION_REPRESENTATION(#4909,#4910);
#4912=GENERAL_PROPERTY('','AEDT_BODYFlagGroupColor_V1','');
#4913=GENERAL_PROPERTY_ASSOCIATION('','',#4912,#4909);
#4914=DESCRIPTIVE_REPRESENTATION_ITEM('AEDT_EntityName_V1','Magnet_P1_L2_M1_S1_8_Slice1');
#4915=PROPERTY_DEFINITION('AEDT_EntityName_V1','',#4892);
#4916=REPRESENTATION('',(#4914),#10);
#4917=PROPERTY_DEFINITION_REPRESENTATION(#4915,#4916);
#4918=GENERAL_PROPERTY('','AEDT_EntityName_V1','');
#4919=GENERAL_PROPERTY_ASSOCIATION('','',#4918,#4915);
#4921=CARTESIAN_POINT('',(0.,0.,8.333333333));
#4922=DIRECTION('',(0.,0.,-1.));
#4923=DIRECTION('',(-1.,0.,0.));
#4924=AXIS2_PLACEMENT_3D('',#4921,#4922,#4923);
#4925=PLANE('',#4924);
#4926=CARTESIAN_POINT('',(49.058282142,35.365857394,8.333333333));
#4927=VERTEX_POINT('',#4926);
#4928=CARTESIAN_POINT('',(52.626304897,36.84378081,8.333333333));
#4929=VERTEX_POINT('',#4928);
#4930=CARTESIAN_POINT('',(49.058282142,35.365857394,8.333333333));
#4931=DIRECTION('',(0.923879533,0.382683432,0.));
#4932=VECTOR('',#4931,3.862);
#4933=LINE('',#4930,#4932);
#4934=EDGE_CURVE('',#4927,#4929,#4933,.T.);
#4935=ORIENTED_EDGE('',*,*,#4934,.F.);
#4936=CARTESIAN_POINT('',(54.377581852,22.523931892,8.333333333));
#4937=VERTEX_POINT('',#4936);
#4938=CARTESIAN_POINT('',(54.377581852,22.523931892,8.333333333));
#4939=DIRECTION('',(-0.382683432,0.923879533,0.));
#4940=VECTOR('',#4939,13.9);
#4941=LINE('',#4938,#4940);
#4942=EDGE_CURVE('',#4937,#4927,#4941,.T.);
#4943=ORIENTED_EDGE('',*,*,#4942,.F.);
#4944=CARTESIAN_POINT('',(57.945604607,24.001855308,8.333333333));
#4945=VERTEX_POINT('',#4944);
#4946=CARTESIAN_POINT('',(57.945604607,24.001855308,8.333333333));
#4947=DIRECTION('',(-0.923879533,-0.382683432,0.));
#4948=VECTOR('',#4947,3.862);
#4949=LINE('',#4946,#4948);
#4950=EDGE_CURVE('',#4945,#4937,#4949,.T.);
#4951=ORIENTED_EDGE('',*,*,#4950,.F.);
#4952=CARTESIAN_POINT('',(52.626304897,36.84378081,8.333333333));
#4953=DIRECTION('',(0.382683432,-0.923879533,0.));
#4954=VECTOR('',#4953,13.9);
#4955=LINE('',#4952,#4954);
#4956=EDGE_CURVE('',#4929,#4945,#4955,.T.);
#4957=ORIENTED_EDGE('',*,*,#4956,.F.);
#4958=EDGE_LOOP('',(#4935,#4943,#4951,#4957));
#4959=FACE_BOUND('',#4958,.T.);
#4960=ADVANCED_FACE('',(#4959),#4925,.F.);
#4961=CARTESIAN_POINT('',(0.,0.,0.));
#4962=DIRECTION('',(0.,0.,-1.));
#4963=DIRECTION('',(-1.,0.,0.));
#4964=AXIS2_PLACEMENT_3D('',#4961,#4962,#4963);
#4965=PLANE('',#4964);
#4966=CARTESIAN_POINT('',(49.058282142,35.365857394,0.));
#4967=VERTEX_POINT('',#4966);
#4968=CARTESIAN_POINT('',(52.626304897,36.84378081,0.));
#4969=VERTEX_POINT('',#4968);
#4970=CARTESIAN_POINT('',(49.058282142,35.365857394,0.));
#4971=DIRECTION('',(0.923879533,0.382683432,0.));
#4972=VECTOR('',#4971,3.862);
#4973=LINE('',#4970,#4972);
#4974=EDGE_CURVE('',#4967,#4969,#4973,.T.);
#4975=ORIENTED_EDGE('',*,*,#4974,.T.);
#4976=CARTESIAN_POINT('',(57.945604607,24.001855308,0.));
#4977=VERTEX_POINT('',#4976);
#4978=CARTESIAN_POINT('',(52.626304897,36.84378081,0.));
#4979=DIRECTION('',(0.382683432,-0.923879533,0.));
#4980=VECTOR('',#4979,13.9);
#4981=LINE('',#4978,#4980);
#4982=EDGE_CURVE('',#4969,#4977,#4981,.T.);
#4983=ORIENTED_EDGE('',*,*,#4982,.T.);
#4984=CARTESIAN_POINT('',(54.377581852,22.523931892,0.));
#4985=VERTEX_POINT('',#4984);
#4986=CARTESIAN_POINT('',(57.945604607,24.001855308,0.));
#4987=DIRECTION('',(-0.923879533,-0.382683432,0.));
#4988=VECTOR('',#4987,3.862);
#4989=LINE('',#4986,#4988);
#4990=EDGE_CURVE('',#4977,#4985,#4989,.T.);
#4991=ORIENTED_EDGE('',*,*,#4990,.T.);
#4992=CARTESIAN_POINT('',(54.377581852,22.523931892,0.));
#4993=DIRECTION('',(-0.382683432,0.923879533,0.));
#4994=VECTOR('',#4993,13.9);
#4995=LINE('',#4992,#4994);
#4996=EDGE_CURVE('',#4985,#4967,#4995,.T.);
#4997=ORIENTED_EDGE('',*,*,#4996,.T.);
#4998=EDGE_LOOP('',(#4975,#4983,#4991,#4997));
#4999=FACE_BOUND('',#4998,.T.);
#5000=ADVANCED_FACE('',(#4999),#4965,.T.);
#5001=CARTESIAN_POINT('',(49.058282142,35.365857394,8.333333333));
#5002=DIRECTION('',(-0.382683432,0.923879533,0.));
#5003=DIRECTION('',(-0.923879533,-0.382683432,0.));
#5004=AXIS2_PLACEMENT_3D('',#5001,#5002,#5003);
#5005=PLANE('',#5004);
#5006=CARTESIAN_POINT('',(52.626304897,36.84378081,8.333333333));
#5007=DIRECTION('',(0.,0.,-1.));
#5008=VECTOR('',#5007,8.333333333);
#5009=LINE('',#5006,#5008);
#5010=EDGE_CURVE('',#4929,#4969,#5009,.T.);
#5011=ORIENTED_EDGE('',*,*,#5010,.T.);
#5012=ORIENTED_EDGE('',*,*,#4974,.F.);
#5013=CARTESIAN_POINT('',(49.058282142,35.365857394,8.333333333));
#5014=DIRECTION('',(0.,0.,-1.));
#5015=VECTOR('',#5014,8.333333333);
#5016=LINE('',#5013,#5015);
#5017=EDGE_CURVE('',#4927,#4967,#5016,.T.);
#5018=ORIENTED_EDGE('',*,*,#5017,.F.);
#5019=ORIENTED_EDGE('',*,*,#4934,.T.);
#5020=EDGE_LOOP('',(#5011,#5012,#5018,#5019));
#5021=FACE_BOUND('',#5020,.T.);
#5022=ADVANCED_FACE('',(#5021),#5005,.T.);
#5023=CARTESIAN_POINT('',(52.626304897,36.84378081,8.333333333));
#5024=DIRECTION('',(0.923879533,0.382683432,0.));
#5025=DIRECTION('',(-0.382683432,0.923879533,0.));
#5026=AXIS2_PLACEMENT_3D('',#5023,#5024,#5025);
#5027=PLANE('',#5026);
#5028=CARTESIAN_POINT('',(57.945604607,24.001855308,8.333333333));
#5029=DIRECTION('',(0.,0.,-1.));
#5030=VECTOR('',#5029,8.333333333);
#5031=LINE('',#5028,#5030);
#5032=EDGE_CURVE('',#4945,#4977,#5031,.T.);
#5033=ORIENTED_EDGE('',*,*,#5032,.T.);
#5034=ORIENTED_EDGE('',*,*,#4982,.F.);
#5035=ORIENTED_EDGE('',*,*,#5010,.F.);
#5036=ORIENTED_EDGE('',*,*,#4956,.T.);
#5037=EDGE_LOOP('',(#5033,#5034,#5035,#5036));
#5038=FACE_BOUND('',#5037,.T.);
#5039=ADVANCED_FACE('',(#5038),#5027,.T.);
#5040=CARTESIAN_POINT('',(57.945604607,24.001855308,8.333333333));
#5041=DIRECTION('',(0.382683432,-0.923879533,0.));
#5042=DIRECTION('',(0.923879533,0.382683432,0.));
#5043=AXIS2_PLACEMENT_3D('',#5040,#5041,#5042);
#5044=PLANE('',#5043);
#5045=CARTESIAN_POINT('',(54.377581852,22.523931892,8.333333333));
#5046=DIRECTION('',(0.,0.,-1.));
#5047=VECTOR('',#5046,8.333333333);
#5048=LINE('',#5045,#5047);
#5049=EDGE_CURVE('',#4937,#4985,#5048,.T.);
#5050=ORIENTED_EDGE('',*,*,#5049,.T.);
#5051=ORIENTED_EDGE('',*,*,#4990,.F.);
#5052=ORIENTED_EDGE('',*,*,#5032,.F.);
#5053=ORIENTED_EDGE('',*,*,#4950,.T.);
#5054=EDGE_LOOP('',(#5050,#5051,#5052,#5053));
#5055=FACE_BOUND('',#5054,.T.);
#5056=ADVANCED_FACE('',(#5055),#5044,.T.);
#5057=CARTESIAN_POINT('',(54.377581852,22.523931892,8.333333333));
#5058=DIRECTION('',(-0.923879533,-0.382683432,0.));
#5059=DIRECTION('',(0.382683432,-0.923879533,0.));
#5060=AXIS2_PLACEMENT_3D('',#5057,#5058,#5059);
#5061=PLANE('',#5060);
#5062=ORIENTED_EDGE('',*,*,#4996,.F.);
#5063=ORIENTED_EDGE('',*,*,#5049,.F.);
#5064=ORIENTED_EDGE('',*,*,#4942,.T.);
#5065=ORIENTED_EDGE('',*,*,#5017,.T.);
#5066=EDGE_LOOP('',(#5062,#5063,#5064,#5065));
#5067=FACE_BOUND('',#5066,.T.);
#5068=ADVANCED_FACE('',(#5067),#5061,.T.);
#5069=CLOSED_SHELL('',(#4960,#5000,#5022,#5039,#5056,#5068));
#5070=MANIFOLD_SOLID_BREP('Magnet_P1_L2_M1_S1_9_Slice1',#5069);
#4920=STYLED_ITEM('',(#183),#5070);
#5071=REAL_REPRESENTATION_ITEM('AEDT_Translucency_V1',0.8);
#5072=ID_ATTRIBUTE('SA #5073',#5073);
#5073=SHAPE_ASPECT('properties','',#23,.F.);
#5074=GEOMETRIC_ITEM_SPECIFIC_USAGE('','properties',#5073,#17,#5070);
#5075=PROPERTY_DEFINITION('AEDT_Translucency_V1','',#5073);
#5076=REPRESENTATION('',(#5071),#10);
#5077=PROPERTY_DEFINITION_REPRESENTATION(#5075,#5076);
#5078=GENERAL_PROPERTY('','AEDT_Translucency_V1','');
#5079=GENERAL_PROPERTY_ASSOCIATION('','',#5078,#5075);
#5080=DESCRIPTIVE_REPRESENTATION_ITEM('AEDT_MaterialName_V1','NGYC - N50');
#5081=PROPERTY_DEFINITION('AEDT_MaterialName_V1','',#5073);
#5082=REPRESENTATION('',(#5080),#10);
#5083=PROPERTY_DEFINITION_REPRESENTATION(#5081,#5082);
#5084=GENERAL_PROPERTY('','AEDT_MaterialName_V1','');
#5085=GENERAL_PROPERTY_ASSOCIATION('','',#5084,#5081);
#5086=INTEGER_REPRESENTATION_ITEM('AEDT_BODYFlagGroupColor_V1',0);
#5087=INTEGER_REPRESENTATION_ITEM('AEDT_BODYFlagGroupColor_V1',-1);
#5088=INTEGER_REPRESENTATION_ITEM('AEDT_BODYFlagGroupColor_V1',-2139100801);
#5089=INTEGER_REPRESENTATION_ITEM('AEDT_BODYFlagGroupColor_V1',5);
#5090=PROPERTY_DEFINITION('AEDT_BODYFlagGroupColor_V1','',#5073);
#5091=REPRESENTATION('',(#5086,#5087,#5088,#5089),#10);
#5092=PROPERTY_DEFINITION_REPRESENTATION(#5090,#5091);
#5093=GENERAL_PROPERTY('','AEDT_BODYFlagGroupColor_V1','');
#5094=GENERAL_PROPERTY_ASSOCIATION('','',#5093,#5090);
#5095=DESCRIPTIVE_REPRESENTATION_ITEM('AEDT_EntityName_V1','Magnet_P1_L2_M1_S1_9_Slice1');
#5096=PROPERTY_DEFINITION('AEDT_EntityName_V1','',#5073);
#5097=REPRESENTATION('',(#5095),#10);
#5098=PROPERTY_DEFINITION_REPRESENTATION(#5096,#5097);
#5099=GENERAL_PROPERTY('','AEDT_EntityName_V1','');
#5100=GENERAL_PROPERTY_ASSOCIATION('','',#5099,#5096);
#5102=CARTESIAN_POINT('',(0.,0.,66.666666667));
#5103=DIRECTION('',(0.,0.,-1.));
#5104=DIRECTION('',(-1.,0.,0.));
#5105=AXIS2_PLACEMENT_3D('',#5102,#5103,#5104);
#5106=PLANE('',#5105);
#5107=CARTESIAN_POINT('',(63.264904317,11.159929806,66.666666667));
#5108=VERTEX_POINT('',#5107);
#5109=CARTESIAN_POINT('',(59.696881562,9.68200639,66.666666667));
#5110=VERTEX_POINT('',#5109);
#5111=CARTESIAN_POINT('',(63.264904317,11.159929806,66.666666667));
#5112=DIRECTION('',(-0.923879533,-0.382683432,0.));
#5113=VECTOR('',#5112,3.862);
#5114=LINE('',#5111,#5113);
#5115=EDGE_CURVE('',#5108,#5110,#5114,.T.);
#5116=ORIENTED_EDGE('',*,*,#5115,.F.);
#5117=CARTESIAN_POINT('',(57.945604607,24.001855308,66.666666667));
#5118=VERTEX_POINT('',#5117);
#5119=CARTESIAN_POINT('',(57.945604607,24.001855308,66.666666667));
#5120=DIRECTION('',(0.382683432,-0.923879533,0.));
#5121=VECTOR('',#5120,13.9);
#5122=LINE('',#5119,#5121);
#5123=EDGE_CURVE('',#5118,#5108,#5122,.T.);
#5124=ORIENTED_EDGE('',*,*,#5123,.F.);
#5125=CARTESIAN_POINT('',(54.377581852,22.523931892,66.666666667));
#5126=VERTEX_POINT('',#5125);
#5127=CARTESIAN_POINT('',(54.377581852,22.523931892,66.666666667));
#5128=DIRECTION('',(0.923879533,0.382683432,0.));
#5129=VECTOR('',#5128,3.862);
#5130=LINE('',#5127,#5129);
#5131=EDGE_CURVE('',#5126,#5118,#5130,.T.);
#5132=ORIENTED_EDGE('',*,*,#5131,.F.);
#5133=CARTESIAN_POINT('',(59.696881562,9.68200639,66.666666667));
#5134=DIRECTION('',(-0.382683432,0.923879533,0.));
#5135=VECTOR('',#5134,13.9);
#5136=LINE('',#5133,#5135);
#5137=EDGE_CURVE('',#5110,#5126,#5136,.T.);
#5138=ORIENTED_EDGE('',*,*,#5137,.F.);
#5139=EDGE_LOOP('',(#5116,#5124,#5132,#5138));
#5140=FACE_BOUND('',#5139,.T.);
#5141=ADVANCED_FACE('',(#5140),#5106,.F.);
#5142=CARTESIAN_POINT('',(0.,0.,58.333333333));
#5143=DIRECTION('',(0.,0.,-1.));
#5144=DIRECTION('',(-1.,0.,0.));
#5145=AXIS2_PLACEMENT_3D('',#5142,#5143,#5144);
#5146=PLANE('',#5145);
#5147=CARTESIAN_POINT('',(63.264904317,11.159929806,58.333333333));
#5148=VERTEX_POINT('',#5147);
#5149=CARTESIAN_POINT('',(59.696881562,9.68200639,58.333333333));
#5150=VERTEX_POINT('',#5149);
#5151=CARTESIAN_POINT('',(63.264904317,11.159929806,58.333333333));
#5152=DIRECTION('',(-0.923879533,-0.382683432,0.));
#5153=VECTOR('',#5152,3.862);
#5154=LINE('',#5151,#5153);
#5155=EDGE_CURVE('',#5148,#5150,#5154,.T.);
#5156=ORIENTED_EDGE('',*,*,#5155,.T.);
#5157=CARTESIAN_POINT('',(54.377581852,22.523931892,58.333333333));
#5158=VERTEX_POINT('',#5157);
#5159=CARTESIAN_POINT('',(59.696881562,9.68200639,58.333333333));
#5160=DIRECTION('',(-0.382683432,0.923879533,0.));
#5161=VECTOR('',#5160,13.9);
#5162=LINE('',#5159,#5161);
#5163=EDGE_CURVE('',#5150,#5158,#5162,.T.);
#5164=ORIENTED_EDGE('',*,*,#5163,.T.);
#5165=CARTESIAN_POINT('',(57.945604607,24.001855308,58.333333333));
#5166=VERTEX_POINT('',#5165);
#5167=CARTESIAN_POINT('',(54.377581852,22.523931892,58.333333333));
#5168=DIRECTION('',(0.923879533,0.382683432,0.));
#5169=VECTOR('',#5168,3.862);
#5170=LINE('',#5167,#5169);
#5171=EDGE_CURVE('',#5158,#5166,#5170,.T.);
#5172=ORIENTED_EDGE('',*,*,#5171,.T.);
#5173=CARTESIAN_POINT('',(57.945604607,24.001855308,58.333333333));
#5174=DIRECTION('',(0.382683432,-0.923879533,0.));
#5175=VECTOR('',#5174,13.9);
#5176=LINE('',#5173,#5175);
#5177=EDGE_CURVE('',#5166,#5148,#5176,.T.);
#5178=ORIENTED_EDGE('',*,*,#5177,.T.);
#5179=EDGE_LOOP('',(#5156,#5164,#5172,#5178));
#5180=FACE_BOUND('',#5179,.T.);
#5181=ADVANCED_FACE('',(#5180),#5146,.T.);
#5182=CARTESIAN_POINT('',(63.264904317,11.159929806,66.666666667));
#5183=DIRECTION('',(0.382683432,-0.923879533,0.));
#5184=DIRECTION('',(0.923879533,0.382683432,0.));
#5185=AXIS2_PLACEMENT_3D('',#5182,#5183,#5184);
#5186=PLANE('',#5185);
#5187=CARTESIAN_POINT('',(59.696881562,9.68200639,66.666666667));
#5188=DIRECTION('',(0.,0.,-1.));
#5189=VECTOR('',#5188,8.333333333);
#5190=LINE('',#5187,#5189);
#5191=EDGE_CURVE('',#5110,#5150,#5190,.T.);
#5192=ORIENTED_EDGE('',*,*,#5191,.T.);
#5193=ORIENTED_EDGE('',*,*,#5155,.F.);
#5194=CARTESIAN_POINT('',(63.264904317,11.159929806,66.666666667));
#5195=DIRECTION('',(0.,0.,-1.));
#5196=VECTOR('',#5195,8.333333333);
#5197=LINE('',#5194,#5196);
#5198=EDGE_CURVE('',#5108,#5148,#5197,.T.);
#5199=ORIENTED_EDGE('',*,*,#5198,.F.);
#5200=ORIENTED_EDGE('',*,*,#5115,.T.);
#5201=EDGE_LOOP('',(#5192,#5193,#5199,#5200));
#5202=FACE_BOUND('',#5201,.T.);
#5203=ADVANCED_FACE('',(#5202),#5186,.T.);
#5204=CARTESIAN_POINT('',(59.696881562,9.68200639,66.666666667));
#5205=DIRECTION('',(-0.923879533,-0.382683432,0.));
#5206=DIRECTION('',(0.382683432,-0.923879533,0.));
#5207=AXIS2_PLACEMENT_3D('',#5204,#5205,#5206);
#5208=PLANE('',#5207);
#5209=CARTESIAN_POINT('',(54.377581852,22.523931892,66.666666667));
#5210=DIRECTION('',(0.,0.,-1.));
#5211=VECTOR('',#5210,8.333333333);
#5212=LINE('',#5209,#5211);
#5213=EDGE_CURVE('',#5126,#5158,#5212,.T.);
#5214=ORIENTED_EDGE('',*,*,#5213,.T.);
#5215=ORIENTED_EDGE('',*,*,#5163,.F.);
#5216=ORIENTED_EDGE('',*,*,#5191,.F.);
#5217=ORIENTED_EDGE('',*,*,#5137,.T.);
#5218=EDGE_LOOP('',(#5214,#5215,#5216,#5217));
#5219=FACE_BOUND('',#5218,.T.);
#5220=ADVANCED_FACE('',(#5219),#5208,.T.);
#5221=CARTESIAN_POINT('',(54.377581852,22.523931892,66.666666667));
#5222=DIRECTION('',(-0.382683432,0.923879533,0.));
#5223=DIRECTION('',(-0.923879533,-0.382683432,0.));
#5224=AXIS2_PLACEMENT_3D('',#5221,#5222,#5223);
#5225=PLANE('',#5224);
#5226=CARTESIAN_POINT('',(57.945604607,24.001855308,66.666666667));
#5227=DIRECTION('',(0.,0.,-1.));
#5228=VECTOR('',#5227,8.333333333);
#5229=LINE('',#5226,#5228);
#5230=EDGE_CURVE('',#5118,#5166,#5229,.T.);
#5231=ORIENTED_EDGE('',*,*,#5230,.T.);
#5232=ORIENTED_EDGE('',*,*,#5171,.F.);
#5233=ORIENTED_EDGE('',*,*,#5213,.F.);
#5234=ORIENTED_EDGE('',*,*,#5131,.T.);
#5235=EDGE_LOOP('',(#5231,#5232,#5233,#5234));
#5236=FACE_BOUND('',#5235,.T.);
#5237=ADVANCED_FACE('',(#5236),#5225,.T.);
#5238=CARTESIAN_POINT('',(57.945604607,24.001855308,66.666666667));
#5239=DIRECTION('',(0.923879533,0.382683432,0.));
#5240=DIRECTION('',(-0.382683432,0.923879533,0.));
#5241=AXIS2_PLACEMENT_3D('',#5238,#5239,#5240);
#5242=PLANE('',#5241);
#5243=ORIENTED_EDGE('',*,*,#5177,.F.);
#5244=ORIENTED_EDGE('',*,*,#5230,.F.);
#5245=ORIENTED_EDGE('',*,*,#5123,.T.);
#5246=ORIENTED_EDGE('',*,*,#5198,.T.);
#5247=EDGE_LOOP('',(#5243,#5244,#5245,#5246));
#5248=FACE_BOUND('',#5247,.T.);
#5249=ADVANCED_FACE('',(#5248),#5242,.T.);
#5250=CLOSED_SHELL('',(#5141,#5181,#5203,#5220,#5237,#5249));
#5251=MANIFOLD_SOLID_BREP('Magnet_P1_L2_M2_S1_2_Slice1',#5250);
#5101=STYLED_ITEM('',(#183),#5251);
#5252=REAL_REPRESENTATION_ITEM('AEDT_Translucency_V1',0.8);
#5253=ID_ATTRIBUTE('SA #5254',#5254);
#5254=SHAPE_ASPECT('properties','',#23,.F.);
#5255=GEOMETRIC_ITEM_SPECIFIC_USAGE('','properties',#5254,#17,#5251);
#5256=PROPERTY_DEFINITION('AEDT_Translucency_V1','',#5254);
#5257=REPRESENTATION('',(#5252),#10);
#5258=PROPERTY_DEFINITION_REPRESENTATION(#5256,#5257);
#5259=GENERAL_PROPERTY('','AEDT_Translucency_V1','');
#5260=GENERAL_PROPERTY_ASSOCIATION('','',#5259,#5256);
#5261=DESCRIPTIVE_REPRESENTATION_ITEM('AEDT_MaterialName_V1','NGYC - N50');
#5262=PROPERTY_DEFINITION('AEDT_MaterialName_V1','',#5254);
#5263=REPRESENTATION('',(#5261),#10);
#5264=PROPERTY_DEFINITION_REPRESENTATION(#5262,#5263);
#5265=GENERAL_PROPERTY('','AEDT_MaterialName_V1','');
#5266=GENERAL_PROPERTY_ASSOCIATION('','',#5265,#5262);
#5267=INTEGER_REPRESENTATION_ITEM('AEDT_BODYFlagGroupColor_V1',0);
#5268=INTEGER_REPRESENTATION_ITEM('AEDT_BODYFlagGroupColor_V1',-1);
#5269=INTEGER_REPRESENTATION_ITEM('AEDT_BODYFlagGroupColor_V1',-2139100801);
#5270=INTEGER_REPRESENTATION_ITEM('AEDT_BODYFlagGroupColor_V1',5);
#5271=PROPERTY_DEFINITION('AEDT_BODYFlagGroupColor_V1','',#5254);
#5272=REPRESENTATION('',(#5267,#5268,#5269,#5270),#10);
#5273=PROPERTY_DEFINITION_REPRESENTATION(#5271,#5272);
#5274=GENERAL_PROPERTY('','AEDT_BODYFlagGroupColor_V1','');
#5275=GENERAL_PROPERTY_ASSOCIATION('','',#5274,#5271);
#5276=DESCRIPTIVE_REPRESENTATION_ITEM('AEDT_EntityName_V1','Magnet_P1_L2_M2_S1_2_Slice1');
#5277=PROPERTY_DEFINITION('AEDT_EntityName_V1','',#5254);
#5278=REPRESENTATION('',(#5276),#10);
#5279=PROPERTY_DEFINITION_REPRESENTATION(#5277,#5278);
#5280=GENERAL_PROPERTY('','AEDT_EntityName_V1','');
#5281=GENERAL_PROPERTY_ASSOCIATION('','',#5280,#5277);
#5283=CARTESIAN_POINT('',(0.,0.,58.333333333));
#5284=DIRECTION('',(0.,0.,-1.));
#5285=DIRECTION('',(-1.,0.,0.));
#5286=AXIS2_PLACEMENT_3D('',#5283,#5284,#5285);
#5287=PLANE('',#5286);
#5288=CARTESIAN_POINT('',(63.264904317,11.159929806,58.333333333));
#5289=VERTEX_POINT('',#5288);
#5290=CARTESIAN_POINT('',(59.696881562,9.68200639,58.333333333));
#5291=VERTEX_POINT('',#5290);
#5292=CARTESIAN_POINT('',(63.264904317,11.159929806,58.333333333));
#5293=DIRECTION('',(-0.923879533,-0.382683432,0.));
#5294=VECTOR('',#5293,3.862);
#5295=LINE('',#5292,#5294);
#5296=EDGE_CURVE('',#5289,#5291,#5295,.T.);
#5297=ORIENTED_EDGE('',*,*,#5296,.F.);
#5298=CARTESIAN_POINT('',(57.945604607,24.001855308,58.333333333));
#5299=VERTEX_POINT('',#5298);
#5300=CARTESIAN_POINT('',(57.945604607,24.001855308,58.333333333));
#5301=DIRECTION('',(0.382683432,-0.923879533,0.));
#5302=VECTOR('',#5301,13.9);
#5303=LINE('',#5300,#5302);
#5304=EDGE_CURVE('',#5299,#5289,#5303,.T.);
#5305=ORIENTED_EDGE('',*,*,#5304,.F.);
#5306=CARTESIAN_POINT('',(54.377581852,22.523931892,58.333333333));
#5307=VERTEX_POINT('',#5306);
#5308=CARTESIAN_POINT('',(54.377581852,22.523931892,58.333333333));
#5309=DIRECTION('',(0.923879533,0.382683432,0.));
#5310=VECTOR('',#5309,3.862);
#5311=LINE('',#5308,#5310);
#5312=EDGE_CURVE('',#5307,#5299,#5311,.T.);
#5313=ORIENTED_EDGE('',*,*,#5312,.F.);
#5314=CARTESIAN_POINT('',(59.696881562,9.68200639,58.333333333));
#5315=DIRECTION('',(-0.382683432,0.923879533,0.));
#5316=VECTOR('',#5315,13.9);
#5317=LINE('',#5314,#5316);
#5318=EDGE_CURVE('',#5291,#5307,#5317,.T.);
#5319=ORIENTED_EDGE('',*,*,#5318,.F.);
#5320=EDGE_LOOP('',(#5297,#5305,#5313,#5319));
#5321=FACE_BOUND('',#5320,.T.);
#5322=ADVANCED_FACE('',(#5321),#5287,.F.);
#5323=CARTESIAN_POINT('',(0.,0.,50.));
#5324=DIRECTION('',(0.,0.,-1.));
#5325=DIRECTION('',(-1.,0.,0.));
#5326=AXIS2_PLACEMENT_3D('',#5323,#5324,#5325);
#5327=PLANE('',#5326);
#5328=CARTESIAN_POINT('',(63.264904317,11.159929806,50.));
#5329=VERTEX_POINT('',#5328);
#5330=CARTESIAN_POINT('',(59.696881562,9.68200639,50.));
#5331=VERTEX_POINT('',#5330);
#5332=CARTESIAN_POINT('',(63.264904317,11.159929806,50.));
#5333=DIRECTION('',(-0.923879533,-0.382683432,0.));
#5334=VECTOR('',#5333,3.862);
#5335=LINE('',#5332,#5334);
#5336=EDGE_CURVE('',#5329,#5331,#5335,.T.);
#5337=ORIENTED_EDGE('',*,*,#5336,.T.);
#5338=CARTESIAN_POINT('',(54.377581852,22.523931892,50.));
#5339=VERTEX_POINT('',#5338);
#5340=CARTESIAN_POINT('',(59.696881562,9.68200639,50.));
#5341=DIRECTION('',(-0.382683432,0.923879533,0.));
#5342=VECTOR('',#5341,13.9);
#5343=LINE('',#5340,#5342);
#5344=EDGE_CURVE('',#5331,#5339,#5343,.T.);
#5345=ORIENTED_EDGE('',*,*,#5344,.T.);
#5346=CARTESIAN_POINT('',(57.945604607,24.001855308,50.));
#5347=VERTEX_POINT('',#5346);
#5348=CARTESIAN_POINT('',(54.377581852,22.523931892,50.));
#5349=DIRECTION('',(0.923879533,0.382683432,0.));
#5350=VECTOR('',#5349,3.862);
#5351=LINE('',#5348,#5350);
#5352=EDGE_CURVE('',#5339,#5347,#5351,.T.);
#5353=ORIENTED_EDGE('',*,*,#5352,.T.);
#5354=CARTESIAN_POINT('',(57.945604607,24.001855308,50.));
#5355=DIRECTION('',(0.382683432,-0.923879533,0.));
#5356=VECTOR('',#5355,13.9);
#5357=LINE('',#5354,#5356);
#5358=EDGE_CURVE('',#5347,#5329,#5357,.T.);
#5359=ORIENTED_EDGE('',*,*,#5358,.T.);
#5360=EDGE_LOOP('',(#5337,#5345,#5353,#5359));
#5361=FACE_BOUND('',#5360,.T.);
#5362=ADVANCED_FACE('',(#5361),#5327,.T.);
#5363=CARTESIAN_POINT('',(63.264904317,11.159929806,58.333333333));
#5364=DIRECTION('',(0.382683432,-0.923879533,0.));
#5365=DIRECTION('',(0.923879533,0.382683432,0.));
#5366=AXIS2_PLACEMENT_3D('',#5363,#5364,#5365);
#5367=PLANE('',#5366);
#5368=CARTESIAN_POINT('',(59.696881562,9.68200639,58.333333333));
#5369=DIRECTION('',(0.,0.,-1.));
#5370=VECTOR('',#5369,8.333333333);
#5371=LINE('',#5368,#5370);
#5372=EDGE_CURVE('',#5291,#5331,#5371,.T.);
#5373=ORIENTED_EDGE('',*,*,#5372,.T.);
#5374=ORIENTED_EDGE('',*,*,#5336,.F.);
#5375=CARTESIAN_POINT('',(63.264904317,11.159929806,58.333333333));
#5376=DIRECTION('',(0.,0.,-1.));
#5377=VECTOR('',#5376,8.333333333);
#5378=LINE('',#5375,#5377);
#5379=EDGE_CURVE('',#5289,#5329,#5378,.T.);
#5380=ORIENTED_EDGE('',*,*,#5379,.F.);
#5381=ORIENTED_EDGE('',*,*,#5296,.T.);
#5382=EDGE_LOOP('',(#5373,#5374,#5380,#5381));
#5383=FACE_BOUND('',#5382,.T.);
#5384=ADVANCED_FACE('',(#5383),#5367,.T.);
#5385=CARTESIAN_POINT('',(59.696881562,9.68200639,58.333333333));
#5386=DIRECTION('',(-0.923879533,-0.382683432,0.));
#5387=DIRECTION('',(0.382683432,-0.923879533,0.));
#5388=AXIS2_PLACEMENT_3D('',#5385,#5386,#5387);
#5389=PLANE('',#5388);
#5390=CARTESIAN_POINT('',(54.377581852,22.523931892,58.333333333));
#5391=DIRECTION('',(0.,0.,-1.));
#5392=VECTOR('',#5391,8.333333333);
#5393=LINE('',#5390,#5392);
#5394=EDGE_CURVE('',#5307,#5339,#5393,.T.);
#5395=ORIENTED_EDGE('',*,*,#5394,.T.);
#5396=ORIENTED_EDGE('',*,*,#5344,.F.);
#5397=ORIENTED_EDGE('',*,*,#5372,.F.);
#5398=ORIENTED_EDGE('',*,*,#5318,.T.);
#5399=EDGE_LOOP('',(#5395,#5396,#5397,#5398));
#5400=FACE_BOUND('',#5399,.T.);
#5401=ADVANCED_FACE('',(#5400),#5389,.T.);
#5402=CARTESIAN_POINT('',(54.377581852,22.523931892,58.333333333));
#5403=DIRECTION('',(-0.382683432,0.923879533,0.));
#5404=DIRECTION('',(-0.923879533,-0.382683432,0.));
#5405=AXIS2_PLACEMENT_3D('',#5402,#5403,#5404);
#5406=PLANE('',#5405);
#5407=CARTESIAN_POINT('',(57.945604607,24.001855308,58.333333333));
#5408=DIRECTION('',(0.,0.,-1.));
#5409=VECTOR('',#5408,8.333333333);
#5410=LINE('',#5407,#5409);
#5411=EDGE_CURVE('',#5299,#5347,#5410,.T.);
#5412=ORIENTED_EDGE('',*,*,#5411,.T.);
#5413=ORIENTED_EDGE('',*,*,#5352,.F.);
#5414=ORIENTED_EDGE('',*,*,#5394,.F.);
#5415=ORIENTED_EDGE('',*,*,#5312,.T.);
#5416=EDGE_LOOP('',(#5412,#5413,#5414,#5415));
#5417=FACE_BOUND('',#5416,.T.);
#5418=ADVANCED_FACE('',(#5417),#5406,.T.);
#5419=CARTESIAN_POINT('',(57.945604607,24.001855308,58.333333333));
#5420=DIRECTION('',(0.923879533,0.382683432,0.));
#5421=DIRECTION('',(-0.382683432,0.923879533,0.));
#5422=AXIS2_PLACEMENT_3D('',#5419,#5420,#5421);
#5423=PLANE('',#5422);
#5424=ORIENTED_EDGE('',*,*,#5358,.F.);
#5425=ORIENTED_EDGE('',*,*,#5411,.F.);
#5426=ORIENTED_EDGE('',*,*,#5304,.T.);
#5427=ORIENTED_EDGE('',*,*,#5379,.T.);
#5428=EDGE_LOOP('',(#5424,#5425,#5426,#5427));
#5429=FACE_BOUND('',#5428,.T.);
#5430=ADVANCED_FACE('',(#5429),#5423,.T.);
#5431=CLOSED_SHELL('',(#5322,#5362,#5384,#5401,#5418,#5430));
#5432=MANIFOLD_SOLID_BREP('Magnet_P1_L2_M2_S1_3_Slice1',#5431);
#5282=STYLED_ITEM('',(#183),#5432);
#5433=REAL_REPRESENTATION_ITEM('AEDT_Translucency_V1',0.8);
#5434=ID_ATTRIBUTE('SA #5435',#5435);
#5435=SHAPE_ASPECT('properties','',#23,.F.);
#5436=GEOMETRIC_ITEM_SPECIFIC_USAGE('','properties',#5435,#17,#5432);
#5437=PROPERTY_DEFINITION('AEDT_Translucency_V1','',#5435);
#5438=REPRESENTATION('',(#5433),#10);
#5439=PROPERTY_DEFINITION_REPRESENTATION(#5437,#5438);
#5440=GENERAL_PROPERTY('','AEDT_Translucency_V1','');
#5441=GENERAL_PROPERTY_ASSOCIATION('','',#5440,#5437);
#5442=DESCRIPTIVE_REPRESENTATION_ITEM('AEDT_MaterialName_V1','NGYC - N50');
#5443=PROPERTY_DEFINITION('AEDT_MaterialName_V1','',#5435);
#5444=REPRESENTATION('',(#5442),#10);
#5445=PROPERTY_DEFINITION_REPRESENTATION(#5443,#5444);
#5446=GENERAL_PROPERTY('','AEDT_MaterialName_V1','');
#5447=GENERAL_PROPERTY_ASSOCIATION('','',#5446,#5443);
#5448=INTEGER_REPRESENTATION_ITEM('AEDT_BODYFlagGroupColor_V1',0);
#5449=INTEGER_REPRESENTATION_ITEM('AEDT_BODYFlagGroupColor_V1',-1);
#5450=INTEGER_REPRESENTATION_ITEM('AEDT_BODYFlagGroupColor_V1',-2139100801);
#5451=INTEGER_REPRESENTATION_ITEM('AEDT_BODYFlagGroupColor_V1',5);
#5452=PROPERTY_DEFINITION('AEDT_BODYFlagGroupColor_V1','',#5435);
#5453=REPRESENTATION('',(#5448,#5449,#5450,#5451),#10);
#5454=PROPERTY_DEFINITION_REPRESENTATION(#5452,#5453);
#5455=GENERAL_PROPERTY('','AEDT_BODYFlagGroupColor_V1','');
#5456=GENERAL_PROPERTY_ASSOCIATION('','',#5455,#5452);
#5457=DESCRIPTIVE_REPRESENTATION_ITEM('AEDT_EntityName_V1','Magnet_P1_L2_M2_S1_3_Slice1');
#5458=PROPERTY_DEFINITION('AEDT_EntityName_V1','',#5435);
#5459=REPRESENTATION('',(#5457),#10);
#5460=PROPERTY_DEFINITION_REPRESENTATION(#5458,#5459);
#5461=GENERAL_PROPERTY('','AEDT_EntityName_V1','');
#5462=GENERAL_PROPERTY_ASSOCIATION('','',#5461,#5458);
#5464=CARTESIAN_POINT('',(0.,0.,50.));
#5465=DIRECTION('',(0.,0.,-1.));
#5466=DIRECTION('',(-1.,0.,0.));
#5467=AXIS2_PLACEMENT_3D('',#5464,#5465,#5466);
#5468=PLANE('',#5467);
#5469=CARTESIAN_POINT('',(63.264904317,11.159929806,50.));
#5470=VERTEX_POINT('',#5469);
#5471=CARTESIAN_POINT('',(59.696881562,9.68200639,50.));
#5472=VERTEX_POINT('',#5471);
#5473=CARTESIAN_POINT('',(63.264904317,11.159929806,50.));
#5474=DIRECTION('',(-0.923879533,-0.382683432,0.));
#5475=VECTOR('',#5474,3.862);
#5476=LINE('',#5473,#5475);
#5477=EDGE_CURVE('',#5470,#5472,#5476,.T.);
#5478=ORIENTED_EDGE('',*,*,#5477,.F.);
#5479=CARTESIAN_POINT('',(57.945604607,24.001855308,50.));
#5480=VERTEX_POINT('',#5479);
#5481=CARTESIAN_POINT('',(57.945604607,24.001855308,50.));
#5482=DIRECTION('',(0.382683432,-0.923879533,0.));
#5483=VECTOR('',#5482,13.9);
#5484=LINE('',#5481,#5483);
#5485=EDGE_CURVE('',#5480,#5470,#5484,.T.);
#5486=ORIENTED_EDGE('',*,*,#5485,.F.);
#5487=CARTESIAN_POINT('',(54.377581852,22.523931892,50.));
#5488=VERTEX_POINT('',#5487);
#5489=CARTESIAN_POINT('',(54.377581852,22.523931892,50.));
#5490=DIRECTION('',(0.923879533,0.382683432,0.));
#5491=VECTOR('',#5490,3.862);
#5492=LINE('',#5489,#5491);
#5493=EDGE_CURVE('',#5488,#5480,#5492,.T.);
#5494=ORIENTED_EDGE('',*,*,#5493,.F.);
#5495=CARTESIAN_POINT('',(59.696881562,9.68200639,50.));
#5496=DIRECTION('',(-0.382683432,0.923879533,0.));
#5497=VECTOR('',#5496,13.9);
#5498=LINE('',#5495,#5497);
#5499=EDGE_CURVE('',#5472,#5488,#5498,.T.);
#5500=ORIENTED_EDGE('',*,*,#5499,.F.);
#5501=EDGE_LOOP('',(#5478,#5486,#5494,#5500));
#5502=FACE_BOUND('',#5501,.T.);
#5503=ADVANCED_FACE('',(#5502),#5468,.F.);
#5504=CARTESIAN_POINT('',(0.,0.,41.666666667));
#5505=DIRECTION('',(0.,0.,-1.));
#5506=DIRECTION('',(-1.,0.,0.));
#5507=AXIS2_PLACEMENT_3D('',#5504,#5505,#5506);
#5508=PLANE('',#5507);
#5509=CARTESIAN_POINT('',(63.264904317,11.159929806,41.666666667));
#5510=VERTEX_POINT('',#5509);
#5511=CARTESIAN_POINT('',(59.696881562,9.68200639,41.666666667));
#5512=VERTEX_POINT('',#5511);
#5513=CARTESIAN_POINT('',(63.264904317,11.159929806,41.666666667));
#5514=DIRECTION('',(-0.923879533,-0.382683432,0.));
#5515=VECTOR('',#5514,3.862);
#5516=LINE('',#5513,#5515);
#5517=EDGE_CURVE('',#5510,#5512,#5516,.T.);
#5518=ORIENTED_EDGE('',*,*,#5517,.T.);
#5519=CARTESIAN_POINT('',(54.377581852,22.523931892,41.666666667));
#5520=VERTEX_POINT('',#5519);
#5521=CARTESIAN_POINT('',(59.696881562,9.68200639,41.666666667));
#5522=DIRECTION('',(-0.382683432,0.923879533,0.));
#5523=VECTOR('',#5522,13.9);
#5524=LINE('',#5521,#5523);
#5525=EDGE_CURVE('',#5512,#5520,#5524,.T.);
#5526=ORIENTED_EDGE('',*,*,#5525,.T.);
#5527=CARTESIAN_POINT('',(57.945604607,24.001855308,41.666666667));
#5528=VERTEX_POINT('',#5527);
#5529=CARTESIAN_POINT('',(54.377581852,22.523931892,41.666666667));
#5530=DIRECTION('',(0.923879533,0.382683432,0.));
#5531=VECTOR('',#5530,3.862);
#5532=LINE('',#5529,#5531);
#5533=EDGE_CURVE('',#5520,#5528,#5532,.T.);
#5534=ORIENTED_EDGE('',*,*,#5533,.T.);
#5535=CARTESIAN_POINT('',(57.945604607,24.001855308,41.666666667));
#5536=DIRECTION('',(0.382683432,-0.923879533,0.));
#5537=VECTOR('',#5536,13.9);
#5538=LINE('',#5535,#5537);
#5539=EDGE_CURVE('',#5528,#5510,#5538,.T.);
#5540=ORIENTED_EDGE('',*,*,#5539,.T.);
#5541=EDGE_LOOP('',(#5518,#5526,#5534,#5540));
#5542=FACE_BOUND('',#5541,.T.);
#5543=ADVANCED_FACE('',(#5542),#5508,.T.);
#5544=CARTESIAN_POINT('',(63.264904317,11.159929806,50.));
#5545=DIRECTION('',(0.382683432,-0.923879533,0.));
#5546=DIRECTION('',(0.923879533,0.382683432,0.));
#5547=AXIS2_PLACEMENT_3D('',#5544,#5545,#5546);
#5548=PLANE('',#5547);
#5549=CARTESIAN_POINT('',(59.696881562,9.68200639,50.));
#5550=DIRECTION('',(0.,0.,-1.));
#5551=VECTOR('',#5550,8.333333333);
#5552=LINE('',#5549,#5551);
#5553=EDGE_CURVE('',#5472,#5512,#5552,.T.);
#5554=ORIENTED_EDGE('',*,*,#5553,.T.);
#5555=ORIENTED_EDGE('',*,*,#5517,.F.);
#5556=CARTESIAN_POINT('',(63.264904317,11.159929806,50.));
#5557=DIRECTION('',(0.,0.,-1.));
#5558=VECTOR('',#5557,8.333333333);
#5559=LINE('',#5556,#5558);
#5560=EDGE_CURVE('',#5470,#5510,#5559,.T.);
#5561=ORIENTED_EDGE('',*,*,#5560,.F.);
#5562=ORIENTED_EDGE('',*,*,#5477,.T.);
#5563=EDGE_LOOP('',(#5554,#5555,#5561,#5562));
#5564=FACE_BOUND('',#5563,.T.);
#5565=ADVANCED_FACE('',(#5564),#5548,.T.);
#5566=CARTESIAN_POINT('',(59.696881562,9.68200639,50.));
#5567=DIRECTION('',(-0.923879533,-0.382683432,0.));
#5568=DIRECTION('',(0.382683432,-0.923879533,0.));
#5569=AXIS2_PLACEMENT_3D('',#5566,#5567,#5568);
#5570=PLANE('',#5569);
#5571=CARTESIAN_POINT('',(54.377581852,22.523931892,50.));
#5572=DIRECTION('',(0.,0.,-1.));
#5573=VECTOR('',#5572,8.333333333);
#5574=LINE('',#5571,#5573);
#5575=EDGE_CURVE('',#5488,#5520,#5574,.T.);
#5576=ORIENTED_EDGE('',*,*,#5575,.T.);
#5577=ORIENTED_EDGE('',*,*,#5525,.F.);
#5578=ORIENTED_EDGE('',*,*,#5553,.F.);
#5579=ORIENTED_EDGE('',*,*,#5499,.T.);
#5580=EDGE_LOOP('',(#5576,#5577,#5578,#5579));
#5581=FACE_BOUND('',#5580,.T.);
#5582=ADVANCED_FACE('',(#5581),#5570,.T.);
#5583=CARTESIAN_POINT('',(54.377581852,22.523931892,50.));
#5584=DIRECTION('',(-0.382683432,0.923879533,0.));
#5585=DIRECTION('',(-0.923879533,-0.382683432,0.));
#5586=AXIS2_PLACEMENT_3D('',#5583,#5584,#5585);
#5587=PLANE('',#5586);
#5588=CARTESIAN_POINT('',(57.945604607,24.001855308,50.));
#5589=DIRECTION('',(0.,0.,-1.));
#5590=VECTOR('',#5589,8.333333333);
#5591=LINE('',#5588,#5590);
#5592=EDGE_CURVE('',#5480,#5528,#5591,.T.);
#5593=ORIENTED_EDGE('',*,*,#5592,.T.);
#5594=ORIENTED_EDGE('',*,*,#5533,.F.);
#5595=ORIENTED_EDGE('',*,*,#5575,.F.);
#5596=ORIENTED_EDGE('',*,*,#5493,.T.);
#5597=EDGE_LOOP('',(#5593,#5594,#5595,#5596));
#5598=FACE_BOUND('',#5597,.T.);
#5599=ADVANCED_FACE('',(#5598),#5587,.T.);
#5600=CARTESIAN_POINT('',(57.945604607,24.001855308,50.));
#5601=DIRECTION('',(0.923879533,0.382683432,0.));
#5602=DIRECTION('',(-0.382683432,0.923879533,0.));
#5603=AXIS2_PLACEMENT_3D('',#5600,#5601,#5602);
#5604=PLANE('',#5603);
#5605=ORIENTED_EDGE('',*,*,#5539,.F.);
#5606=ORIENTED_EDGE('',*,*,#5592,.F.);
#5607=ORIENTED_EDGE('',*,*,#5485,.T.);
#5608=ORIENTED_EDGE('',*,*,#5560,.T.);
#5609=EDGE_LOOP('',(#5605,#5606,#5607,#5608));
#5610=FACE_BOUND('',#5609,.T.);
#5611=ADVANCED_FACE('',(#5610),#5604,.T.);
#5612=CLOSED_SHELL('',(#5503,#5543,#5565,#5582,#5599,#5611));
#5613=MANIFOLD_SOLID_BREP('Magnet_P1_L2_M2_S1_4_Slice1',#5612);
#5463=STYLED_ITEM('',(#183),#5613);
#5614=REAL_REPRESENTATION_ITEM('AEDT_Translucency_V1',0.8);
#5615=ID_ATTRIBUTE('SA #5616',#5616);
#5616=SHAPE_ASPECT('properties','',#23,.F.);
#5617=GEOMETRIC_ITEM_SPECIFIC_USAGE('','properties',#5616,#17,#5613);
#5618=PROPERTY_DEFINITION('AEDT_Translucency_V1','',#5616);
#5619=REPRESENTATION('',(#5614),#10);
#5620=PROPERTY_DEFINITION_REPRESENTATION(#5618,#5619);
#5621=GENERAL_PROPERTY('','AEDT_Translucency_V1','');
#5622=GENERAL_PROPERTY_ASSOCIATION('','',#5621,#5618);
#5623=DESCRIPTIVE_REPRESENTATION_ITEM('AEDT_MaterialName_V1','NGYC - N50');
#5624=PROPERTY_DEFINITION('AEDT_MaterialName_V1','',#5616);
#5625=REPRESENTATION('',(#5623),#10);
#5626=PROPERTY_DEFINITION_REPRESENTATION(#5624,#5625);
#5627=GENERAL_PROPERTY('','AEDT_MaterialName_V1','');
#5628=GENERAL_PROPERTY_ASSOCIATION('','',#5627,#5624);
#5629=INTEGER_REPRESENTATION_ITEM('AEDT_BODYFlagGroupColor_V1',0);
#5630=INTEGER_REPRESENTATION_ITEM('AEDT_BODYFlagGroupColor_V1',-1);
#5631=INTEGER_REPRESENTATION_ITEM('AEDT_BODYFlagGroupColor_V1',-2139100801);
#5632=INTEGER_REPRESENTATION_ITEM('AEDT_BODYFlagGroupColor_V1',5);
#5633=PROPERTY_DEFINITION('AEDT_BODYFlagGroupColor_V1','',#5616);
#5634=REPRESENTATION('',(#5629,#5630,#5631,#5632),#10);
#5635=PROPERTY_DEFINITION_REPRESENTATION(#5633,#5634);
#5636=GENERAL_PROPERTY('','AEDT_BODYFlagGroupColor_V1','');
#5637=GENERAL_PROPERTY_ASSOCIATION('','',#5636,#5633);
#5638=DESCRIPTIVE_REPRESENTATION_ITEM('AEDT_EntityName_V1','Magnet_P1_L2_M2_S1_4_Slice1');
#5639=PROPERTY_DEFINITION('AEDT_EntityName_V1','',#5616);
#5640=REPRESENTATION('',(#5638),#10);
#5641=PROPERTY_DEFINITION_REPRESENTATION(#5639,#5640);
#5642=GENERAL_PROPERTY('','AEDT_EntityName_V1','');
#5643=GENERAL_PROPERTY_ASSOCIATION('','',#5642,#5639);
#5645=CARTESIAN_POINT('',(0.,0.,41.666666667));
#5646=DIRECTION('',(0.,0.,-1.));
#5647=DIRECTION('',(-1.,0.,0.));
#5648=AXIS2_PLACEMENT_3D('',#5645,#5646,#5647);
#5649=PLANE('',#5648);
#5650=CARTESIAN_POINT('',(63.264904317,11.159929806,41.666666667));
#5651=VERTEX_POINT('',#5650);
#5652=CARTESIAN_POINT('',(59.696881562,9.68200639,41.666666667));
#5653=VERTEX_POINT('',#5652);
#5654=CARTESIAN_POINT('',(63.264904317,11.159929806,41.666666667));
#5655=DIRECTION('',(-0.923879533,-0.382683432,0.));
#5656=VECTOR('',#5655,3.862);
#5657=LINE('',#5654,#5656);
#5658=EDGE_CURVE('',#5651,#5653,#5657,.T.);
#5659=ORIENTED_EDGE('',*,*,#5658,.F.);
#5660=CARTESIAN_POINT('',(57.945604607,24.001855308,41.666666667));
#5661=VERTEX_POINT('',#5660);
#5662=CARTESIAN_POINT('',(57.945604607,24.001855308,41.666666667));
#5663=DIRECTION('',(0.382683432,-0.923879533,0.));
#5664=VECTOR('',#5663,13.9);
#5665=LINE('',#5662,#5664);
#5666=EDGE_CURVE('',#5661,#5651,#5665,.T.);
#5667=ORIENTED_EDGE('',*,*,#5666,.F.);
#5668=CARTESIAN_POINT('',(54.377581852,22.523931892,41.666666667));
#5669=VERTEX_POINT('',#5668);
#5670=CARTESIAN_POINT('',(54.377581852,22.523931892,41.666666667));
#5671=DIRECTION('',(0.923879533,0.382683432,0.));
#5672=VECTOR('',#5671,3.862);
#5673=LINE('',#5670,#5672);
#5674=EDGE_CURVE('',#5669,#5661,#5673,.T.);
#5675=ORIENTED_EDGE('',*,*,#5674,.F.);
#5676=CARTESIAN_POINT('',(59.696881562,9.68200639,41.666666667));
#5677=DIRECTION('',(-0.382683432,0.923879533,0.));
#5678=VECTOR('',#5677,13.9);
#5679=LINE('',#5676,#5678);
#5680=EDGE_CURVE('',#5653,#5669,#5679,.T.);
#5681=ORIENTED_EDGE('',*,*,#5680,.F.);
#5682=EDGE_LOOP('',(#5659,#5667,#5675,#5681));
#5683=FACE_BOUND('',#5682,.T.);
#5684=ADVANCED_FACE('',(#5683),#5649,.F.);
#5685=CARTESIAN_POINT('',(0.,0.,33.333333333));
#5686=DIRECTION('',(0.,0.,-1.));
#5687=DIRECTION('',(-1.,0.,0.));
#5688=AXIS2_PLACEMENT_3D('',#5685,#5686,#5687);
#5689=PLANE('',#5688);
#5690=CARTESIAN_POINT('',(63.264904317,11.159929806,33.333333333));
#5691=VERTEX_POINT('',#5690);
#5692=CARTESIAN_POINT('',(59.696881562,9.68200639,33.333333333));
#5693=VERTEX_POINT('',#5692);
#5694=CARTESIAN_POINT('',(63.264904317,11.159929806,33.333333333));
#5695=DIRECTION('',(-0.923879533,-0.382683432,0.));
#5696=VECTOR('',#5695,3.862);
#5697=LINE('',#5694,#5696);
#5698=EDGE_CURVE('',#5691,#5693,#5697,.T.);
#5699=ORIENTED_EDGE('',*,*,#5698,.T.);
#5700=CARTESIAN_POINT('',(54.377581852,22.523931892,33.333333333));
#5701=VERTEX_POINT('',#5700);
#5702=CARTESIAN_POINT('',(59.696881562,9.68200639,33.333333333));
#5703=DIRECTION('',(-0.382683432,0.923879533,0.));
#5704=VECTOR('',#5703,13.9);
#5705=LINE('',#5702,#5704);
#5706=EDGE_CURVE('',#5693,#5701,#5705,.T.);
#5707=ORIENTED_EDGE('',*,*,#5706,.T.);
#5708=CARTESIAN_POINT('',(57.945604607,24.001855308,33.333333333));
#5709=VERTEX_POINT('',#5708);
#5710=CARTESIAN_POINT('',(54.377581852,22.523931892,33.333333333));
#5711=DIRECTION('',(0.923879533,0.382683432,0.));
#5712=VECTOR('',#5711,3.862);
#5713=LINE('',#5710,#5712);
#5714=EDGE_CURVE('',#5701,#5709,#5713,.T.);
#5715=ORIENTED_EDGE('',*,*,#5714,.T.);
#5716=CARTESIAN_POINT('',(57.945604607,24.001855308,33.333333333));
#5717=DIRECTION('',(0.382683432,-0.923879533,0.));
#5718=VECTOR('',#5717,13.9);
#5719=LINE('',#5716,#5718);
#5720=EDGE_CURVE('',#5709,#5691,#5719,.T.);
#5721=ORIENTED_EDGE('',*,*,#5720,.T.);
#5722=EDGE_LOOP('',(#5699,#5707,#5715,#5721));
#5723=FACE_BOUND('',#5722,.T.);
#5724=ADVANCED_FACE('',(#5723),#5689,.T.);
#5725=CARTESIAN_POINT('',(63.264904317,11.159929806,41.666666667));
#5726=DIRECTION('',(0.382683432,-0.923879533,0.));
#5727=DIRECTION('',(0.923879533,0.382683432,0.));
#5728=AXIS2_PLACEMENT_3D('',#5725,#5726,#5727);
#5729=PLANE('',#5728);
#5730=CARTESIAN_POINT('',(59.696881562,9.68200639,41.666666667));
#5731=DIRECTION('',(0.,0.,-1.));
#5732=VECTOR('',#5731,8.333333333);
#5733=LINE('',#5730,#5732);
#5734=EDGE_CURVE('',#5653,#5693,#5733,.T.);
#5735=ORIENTED_EDGE('',*,*,#5734,.T.);
#5736=ORIENTED_EDGE('',*,*,#5698,.F.);
#5737=CARTESIAN_POINT('',(63.264904317,11.159929806,41.666666667));
#5738=DIRECTION('',(0.,0.,-1.));
#5739=VECTOR('',#5738,8.333333333);
#5740=LINE('',#5737,#5739);
#5741=EDGE_CURVE('',#5651,#5691,#5740,.T.);
#5742=ORIENTED_EDGE('',*,*,#5741,.F.);
#5743=ORIENTED_EDGE('',*,*,#5658,.T.);
#5744=EDGE_LOOP('',(#5735,#5736,#5742,#5743));
#5745=FACE_BOUND('',#5744,.T.);
#5746=ADVANCED_FACE('',(#5745),#5729,.T.);
#5747=CARTESIAN_POINT('',(59.696881562,9.68200639,41.666666667));
#5748=DIRECTION('',(-0.923879533,-0.382683432,0.));
#5749=DIRECTION('',(0.382683432,-0.923879533,0.));
#5750=AXIS2_PLACEMENT_3D('',#5747,#5748,#5749);
#5751=PLANE('',#5750);
#5752=CARTESIAN_POINT('',(54.377581852,22.523931892,41.666666667));
#5753=DIRECTION('',(0.,0.,-1.));
#5754=VECTOR('',#5753,8.333333333);
#5755=LINE('',#5752,#5754);
#5756=EDGE_CURVE('',#5669,#5701,#5755,.T.);
#5757=ORIENTED_EDGE('',*,*,#5756,.T.);
#5758=ORIENTED_EDGE('',*,*,#5706,.F.);
#5759=ORIENTED_EDGE('',*,*,#5734,.F.);
#5760=ORIENTED_EDGE('',*,*,#5680,.T.);
#5761=EDGE_LOOP('',(#5757,#5758,#5759,#5760));
#5762=FACE_BOUND('',#5761,.T.);
#5763=ADVANCED_FACE('',(#5762),#5751,.T.);
#5764=CARTESIAN_POINT('',(54.377581852,22.523931892,41.666666667));
#5765=DIRECTION('',(-0.382683432,0.923879533,0.));
#5766=DIRECTION('',(-0.923879533,-0.382683432,0.));
#5767=AXIS2_PLACEMENT_3D('',#5764,#5765,#5766);
#5768=PLANE('',#5767);
#5769=CARTESIAN_POINT('',(57.945604607,24.001855308,41.666666667));
#5770=DIRECTION('',(0.,0.,-1.));
#5771=VECTOR('',#5770,8.333333333);
#5772=LINE('',#5769,#5771);
#5773=EDGE_CURVE('',#5661,#5709,#5772,.T.);
#5774=ORIENTED_EDGE('',*,*,#5773,.T.);
#5775=ORIENTED_EDGE('',*,*,#5714,.F.);
#5776=ORIENTED_EDGE('',*,*,#5756,.F.);
#5777=ORIENTED_EDGE('',*,*,#5674,.T.);
#5778=EDGE_LOOP('',(#5774,#5775,#5776,#5777));
#5779=FACE_BOUND('',#5778,.T.);
#5780=ADVANCED_FACE('',(#5779),#5768,.T.);
#5781=CARTESIAN_POINT('',(57.945604607,24.001855308,41.666666667));
#5782=DIRECTION('',(0.923879533,0.382683432,0.));
#5783=DIRECTION('',(-0.382683432,0.923879533,0.));
#5784=AXIS2_PLACEMENT_3D('',#5781,#5782,#5783);
#5785=PLANE('',#5784);
#5786=ORIENTED_EDGE('',*,*,#5720,.F.);
#5787=ORIENTED_EDGE('',*,*,#5773,.F.);
#5788=ORIENTED_EDGE('',*,*,#5666,.T.);
#5789=ORIENTED_EDGE('',*,*,#5741,.T.);
#5790=EDGE_LOOP('',(#5786,#5787,#5788,#5789));
#5791=FACE_BOUND('',#5790,.T.);
#5792=ADVANCED_FACE('',(#5791),#5785,.T.);
#5793=CLOSED_SHELL('',(#5684,#5724,#5746,#5763,#5780,#5792));
#5794=MANIFOLD_SOLID_BREP('Magnet_P1_L2_M2_S1_5_Slice1',#5793);
#5644=STYLED_ITEM('',(#183),#5794);
#5795=REAL_REPRESENTATION_ITEM('AEDT_Translucency_V1',0.8);
#5796=ID_ATTRIBUTE('SA #5797',#5797);
#5797=SHAPE_ASPECT('properties','',#23,.F.);
#5798=GEOMETRIC_ITEM_SPECIFIC_USAGE('','properties',#5797,#17,#5794);
#5799=PROPERTY_DEFINITION('AEDT_Translucency_V1','',#5797);
#5800=REPRESENTATION('',(#5795),#10);
#5801=PROPERTY_DEFINITION_REPRESENTATION(#5799,#5800);
#5802=GENERAL_PROPERTY('','AEDT_Translucency_V1','');
#5803=GENERAL_PROPERTY_ASSOCIATION('','',#5802,#5799);
#5804=DESCRIPTIVE_REPRESENTATION_ITEM('AEDT_MaterialName_V1','NGYC - N50');
#5805=PROPERTY_DEFINITION('AEDT_MaterialName_V1','',#5797);
#5806=REPRESENTATION('',(#5804),#10);
#5807=PROPERTY_DEFINITION_REPRESENTATION(#5805,#5806);
#5808=GENERAL_PROPERTY('','AEDT_MaterialName_V1','');
#5809=GENERAL_PROPERTY_ASSOCIATION('','',#5808,#5805);
#5810=INTEGER_REPRESENTATION_ITEM('AEDT_BODYFlagGroupColor_V1',0);
#5811=INTEGER_REPRESENTATION_ITEM('AEDT_BODYFlagGroupColor_V1',-1);
#5812=INTEGER_REPRESENTATION_ITEM('AEDT_BODYFlagGroupColor_V1',-2139100801);
#5813=INTEGER_REPRESENTATION_ITEM('AEDT_BODYFlagGroupColor_V1',5);
#5814=PROPERTY_DEFINITION('AEDT_BODYFlagGroupColor_V1','',#5797);
#5815=REPRESENTATION('',(#5810,#5811,#5812,#5813),#10);
#5816=PROPERTY_DEFINITION_REPRESENTATION(#5814,#5815);
#5817=GENERAL_PROPERTY('','AEDT_BODYFlagGroupColor_V1','');
#5818=GENERAL_PROPERTY_ASSOCIATION('','',#5817,#5814);
#5819=DESCRIPTIVE_REPRESENTATION_ITEM('AEDT_EntityName_V1','Magnet_P1_L2_M2_S1_5_Slice1');
#5820=PROPERTY_DEFINITION('AEDT_EntityName_V1','',#5797);
#5821=REPRESENTATION('',(#5819),#10);
#5822=PROPERTY_DEFINITION_REPRESENTATION(#5820,#5821);
#5823=GENERAL_PROPERTY('','AEDT_EntityName_V1','');
#5824=GENERAL_PROPERTY_ASSOCIATION('','',#5823,#5820);
#5826=CARTESIAN_POINT('',(0.,0.,33.333333333));
#5827=DIRECTION('',(0.,0.,-1.));
#5828=DIRECTION('',(-1.,0.,0.));
#5829=AXIS2_PLACEMENT_3D('',#5826,#5827,#5828);
#5830=PLANE('',#5829);
#5831=CARTESIAN_POINT('',(63.264904317,11.159929806,33.333333333));
#5832=VERTEX_POINT('',#5831);
#5833=CARTESIAN_POINT('',(59.696881562,9.68200639,33.333333333));
#5834=VERTEX_POINT('',#5833);
#5835=CARTESIAN_POINT('',(63.264904317,11.159929806,33.333333333));
#5836=DIRECTION('',(-0.923879533,-0.382683432,0.));
#5837=VECTOR('',#5836,3.862);
#5838=LINE('',#5835,#5837);
#5839=EDGE_CURVE('',#5832,#5834,#5838,.T.);
#5840=ORIENTED_EDGE('',*,*,#5839,.F.);
#5841=CARTESIAN_POINT('',(57.945604607,24.001855308,33.333333333));
#5842=VERTEX_POINT('',#5841);
#5843=CARTESIAN_POINT('',(57.945604607,24.001855308,33.333333333));
#5844=DIRECTION('',(0.382683432,-0.923879533,0.));
#5845=VECTOR('',#5844,13.9);
#5846=LINE('',#5843,#5845);
#5847=EDGE_CURVE('',#5842,#5832,#5846,.T.);
#5848=ORIENTED_EDGE('',*,*,#5847,.F.);
#5849=CARTESIAN_POINT('',(54.377581852,22.523931892,33.333333333));
#5850=VERTEX_POINT('',#5849);
#5851=CARTESIAN_POINT('',(54.377581852,22.523931892,33.333333333));
#5852=DIRECTION('',(0.923879533,0.382683432,0.));
#5853=VECTOR('',#5852,3.862);
#5854=LINE('',#5851,#5853);
#5855=EDGE_CURVE('',#5850,#5842,#5854,.T.);
#5856=ORIENTED_EDGE('',*,*,#5855,.F.);
#5857=CARTESIAN_POINT('',(59.696881562,9.68200639,33.333333333));
#5858=DIRECTION('',(-0.382683432,0.923879533,0.));
#5859=VECTOR('',#5858,13.9);
#5860=LINE('',#5857,#5859);
#5861=EDGE_CURVE('',#5834,#5850,#5860,.T.);
#5862=ORIENTED_EDGE('',*,*,#5861,.F.);
#5863=EDGE_LOOP('',(#5840,#5848,#5856,#5862));
#5864=FACE_BOUND('',#5863,.T.);
#5865=ADVANCED_FACE('',(#5864),#5830,.F.);
#5866=CARTESIAN_POINT('',(0.,0.,25.));
#5867=DIRECTION('',(0.,0.,-1.));
#5868=DIRECTION('',(-1.,0.,0.));
#5869=AXIS2_PLACEMENT_3D('',#5866,#5867,#5868);
#5870=PLANE('',#5869);
#5871=CARTESIAN_POINT('',(63.264904317,11.159929806,25.));
#5872=VERTEX_POINT('',#5871);
#5873=CARTESIAN_POINT('',(59.696881562,9.68200639,25.));
#5874=VERTEX_POINT('',#5873);
#5875=CARTESIAN_POINT('',(63.264904317,11.159929806,25.));
#5876=DIRECTION('',(-0.923879533,-0.382683432,0.));
#5877=VECTOR('',#5876,3.862);
#5878=LINE('',#5875,#5877);
#5879=EDGE_CURVE('',#5872,#5874,#5878,.T.);
#5880=ORIENTED_EDGE('',*,*,#5879,.T.);
#5881=CARTESIAN_POINT('',(54.377581852,22.523931892,25.));
#5882=VERTEX_POINT('',#5881);
#5883=CARTESIAN_POINT('',(59.696881562,9.68200639,25.));
#5884=DIRECTION('',(-0.382683432,0.923879533,0.));
#5885=VECTOR('',#5884,13.9);
#5886=LINE('',#5883,#5885);
#5887=EDGE_CURVE('',#5874,#5882,#5886,.T.);
#5888=ORIENTED_EDGE('',*,*,#5887,.T.);
#5889=CARTESIAN_POINT('',(57.945604607,24.001855308,25.));
#5890=VERTEX_POINT('',#5889);
#5891=CARTESIAN_POINT('',(54.377581852,22.523931892,25.));
#5892=DIRECTION('',(0.923879533,0.382683432,0.));
#5893=VECTOR('',#5892,3.862);
#5894=LINE('',#5891,#5893);
#5895=EDGE_CURVE('',#5882,#5890,#5894,.T.);
#5896=ORIENTED_EDGE('',*,*,#5895,.T.);
#5897=CARTESIAN_POINT('',(57.945604607,24.001855308,25.));
#5898=DIRECTION('',(0.382683432,-0.923879533,0.));
#5899=VECTOR('',#5898,13.9);
#5900=LINE('',#5897,#5899);
#5901=EDGE_CURVE('',#5890,#5872,#5900,.T.);
#5902=ORIENTED_EDGE('',*,*,#5901,.T.);
#5903=EDGE_LOOP('',(#5880,#5888,#5896,#5902));
#5904=FACE_BOUND('',#5903,.T.);
#5905=ADVANCED_FACE('',(#5904),#5870,.T.);
#5906=CARTESIAN_POINT('',(63.264904317,11.159929806,33.333333333));
#5907=DIRECTION('',(0.382683432,-0.923879533,0.));
#5908=DIRECTION('',(0.923879533,0.382683432,0.));
#5909=AXIS2_PLACEMENT_3D('',#5906,#5907,#5908);
#5910=PLANE('',#5909);
#5911=CARTESIAN_POINT('',(59.696881562,9.68200639,33.333333333));
#5912=DIRECTION('',(0.,0.,-1.));
#5913=VECTOR('',#5912,8.333333333);
#5914=LINE('',#5911,#5913);
#5915=EDGE_CURVE('',#5834,#5874,#5914,.T.);
#5916=ORIENTED_EDGE('',*,*,#5915,.T.);
#5917=ORIENTED_EDGE('',*,*,#5879,.F.);
#5918=CARTESIAN_POINT('',(63.264904317,11.159929806,33.333333333));
#5919=DIRECTION('',(0.,0.,-1.));
#5920=VECTOR('',#5919,8.333333333);
#5921=LINE('',#5918,#5920);
#5922=EDGE_CURVE('',#5832,#5872,#5921,.T.);
#5923=ORIENTED_EDGE('',*,*,#5922,.F.);
#5924=ORIENTED_EDGE('',*,*,#5839,.T.);
#5925=EDGE_LOOP('',(#5916,#5917,#5923,#5924));
#5926=FACE_BOUND('',#5925,.T.);
#5927=ADVANCED_FACE('',(#5926),#5910,.T.);
#5928=CARTESIAN_POINT('',(59.696881562,9.68200639,33.333333333));
#5929=DIRECTION('',(-0.923879533,-0.382683432,0.));
#5930=DIRECTION('',(0.382683432,-0.923879533,0.));
#5931=AXIS2_PLACEMENT_3D('',#5928,#5929,#5930);
#5932=PLANE('',#5931);
#5933=CARTESIAN_POINT('',(54.377581852,22.523931892,33.333333333));
#5934=DIRECTION('',(0.,0.,-1.));
#5935=VECTOR('',#5934,8.333333333);
#5936=LINE('',#5933,#5935);
#5937=EDGE_CURVE('',#5850,#5882,#5936,.T.);
#5938=ORIENTED_EDGE('',*,*,#5937,.T.);
#5939=ORIENTED_EDGE('',*,*,#5887,.F.);
#5940=ORIENTED_EDGE('',*,*,#5915,.F.);
#5941=ORIENTED_EDGE('',*,*,#5861,.T.);
#5942=EDGE_LOOP('',(#5938,#5939,#5940,#5941));
#5943=FACE_BOUND('',#5942,.T.);
#5944=ADVANCED_FACE('',(#5943),#5932,.T.);
#5945=CARTESIAN_POINT('',(54.377581852,22.523931892,33.333333333));
#5946=DIRECTION('',(-0.382683432,0.923879533,0.));
#5947=DIRECTION('',(-0.923879533,-0.382683432,0.));
#5948=AXIS2_PLACEMENT_3D('',#5945,#5946,#5947);
#5949=PLANE('',#5948);
#5950=CARTESIAN_POINT('',(57.945604607,24.001855308,33.333333333));
#5951=DIRECTION('',(0.,0.,-1.));
#5952=VECTOR('',#5951,8.333333333);
#5953=LINE('',#5950,#5952);
#5954=EDGE_CURVE('',#5842,#5890,#5953,.T.);
#5955=ORIENTED_EDGE('',*,*,#5954,.T.);
#5956=ORIENTED_EDGE('',*,*,#5895,.F.);
#5957=ORIENTED_EDGE('',*,*,#5937,.F.);
#5958=ORIENTED_EDGE('',*,*,#5855,.T.);
#5959=EDGE_LOOP('',(#5955,#5956,#5957,#5958));
#5960=FACE_BOUND('',#5959,.T.);
#5961=ADVANCED_FACE('',(#5960),#5949,.T.);
#5962=CARTESIAN_POINT('',(57.945604607,24.001855308,33.333333333));
#5963=DIRECTION('',(0.923879533,0.382683432,0.));
#5964=DIRECTION('',(-0.382683432,0.923879533,0.));
#5965=AXIS2_PLACEMENT_3D('',#5962,#5963,#5964);
#5966=PLANE('',#5965);
#5967=ORIENTED_EDGE('',*,*,#5901,.F.);
#5968=ORIENTED_EDGE('',*,*,#5954,.F.);
#5969=ORIENTED_EDGE('',*,*,#5847,.T.);
#5970=ORIENTED_EDGE('',*,*,#5922,.T.);
#5971=EDGE_LOOP('',(#5967,#5968,#5969,#5970));
#5972=FACE_BOUND('',#5971,.T.);
#5973=ADVANCED_FACE('',(#5972),#5966,.T.);
#5974=CLOSED_SHELL('',(#5865,#5905,#5927,#5944,#5961,#5973));
#5975=MANIFOLD_SOLID_BREP('Magnet_P1_L2_M2_S1_6_Slice1',#5974);
#5825=STYLED_ITEM('',(#183),#5975);
#5976=REAL_REPRESENTATION_ITEM('AEDT_Translucency_V1',0.8);
#5977=ID_ATTRIBUTE('SA #5978',#5978);
#5978=SHAPE_ASPECT('properties','',#23,.F.);
#5979=GEOMETRIC_ITEM_SPECIFIC_USAGE('','properties',#5978,#17,#5975);
#5980=PROPERTY_DEFINITION('AEDT_Translucency_V1','',#5978);
#5981=REPRESENTATION('',(#5976),#10);
#5982=PROPERTY_DEFINITION_REPRESENTATION(#5980,#5981);
#5983=GENERAL_PROPERTY('','AEDT_Translucency_V1','');
#5984=GENERAL_PROPERTY_ASSOCIATION('','',#5983,#5980);
#5985=DESCRIPTIVE_REPRESENTATION_ITEM('AEDT_MaterialName_V1','NGYC - N50');
#5986=PROPERTY_DEFINITION('AEDT_MaterialName_V1','',#5978);
#5987=REPRESENTATION('',(#5985),#10);
#5988=PROPERTY_DEFINITION_REPRESENTATION(#5986,#5987);
#5989=GENERAL_PROPERTY('','AEDT_MaterialName_V1','');
#5990=GENERAL_PROPERTY_ASSOCIATION('','',#5989,#5986);
#5991=INTEGER_REPRESENTATION_ITEM('AEDT_BODYFlagGroupColor_V1',0);
#5992=INTEGER_REPRESENTATION_ITEM('AEDT_BODYFlagGroupColor_V1',-1);
#5993=INTEGER_REPRESENTATION_ITEM('AEDT_BODYFlagGroupColor_V1',-2139100801);
#5994=INTEGER_REPRESENTATION_ITEM('AEDT_BODYFlagGroupColor_V1',5);
#5995=PROPERTY_DEFINITION('AEDT_BODYFlagGroupColor_V1','',#5978);
#5996=REPRESENTATION('',(#5991,#5992,#5993,#5994),#10);
#5997=PROPERTY_DEFINITION_REPRESENTATION(#5995,#5996);
#5998=GENERAL_PROPERTY('','AEDT_BODYFlagGroupColor_V1','');
#5999=GENERAL_PROPERTY_ASSOCIATION('','',#5998,#5995);
#6000=DESCRIPTIVE_REPRESENTATION_ITEM('AEDT_EntityName_V1','Magnet_P1_L2_M2_S1_6_Slice1');
#6001=PROPERTY_DEFINITION('AEDT_EntityName_V1','',#5978);
#6002=REPRESENTATION('',(#6000),#10);
#6003=PROPERTY_DEFINITION_REPRESENTATION(#6001,#6002);
#6004=GENERAL_PROPERTY('','AEDT_EntityName_V1','');
#6005=GENERAL_PROPERTY_ASSOCIATION('','',#6004,#6001);
#6007=CARTESIAN_POINT('',(0.,0.,25.));
#6008=DIRECTION('',(0.,0.,-1.));
#6009=DIRECTION('',(-1.,0.,0.));
#6010=AXIS2_PLACEMENT_3D('',#6007,#6008,#6009);
#6011=PLANE('',#6010);
#6012=CARTESIAN_POINT('',(63.264904317,11.159929806,25.));
#6013=VERTEX_POINT('',#6012);
#6014=CARTESIAN_POINT('',(59.696881562,9.68200639,25.));
#6015=VERTEX_POINT('',#6014);
#6016=CARTESIAN_POINT('',(63.264904317,11.159929806,25.));
#6017=DIRECTION('',(-0.923879533,-0.382683432,0.));
#6018=VECTOR('',#6017,3.862);
#6019=LINE('',#6016,#6018);
#6020=EDGE_CURVE('',#6013,#6015,#6019,.T.);
#6021=ORIENTED_EDGE('',*,*,#6020,.F.);
#6022=CARTESIAN_POINT('',(57.945604607,24.001855308,25.));
#6023=VERTEX_POINT('',#6022);
#6024=CARTESIAN_POINT('',(57.945604607,24.001855308,25.));
#6025=DIRECTION('',(0.382683432,-0.923879533,0.));
#6026=VECTOR('',#6025,13.9);
#6027=LINE('',#6024,#6026);
#6028=EDGE_CURVE('',#6023,#6013,#6027,.T.);
#6029=ORIENTED_EDGE('',*,*,#6028,.F.);
#6030=CARTESIAN_POINT('',(54.377581852,22.523931892,25.));
#6031=VERTEX_POINT('',#6030);
#6032=CARTESIAN_POINT('',(54.377581852,22.523931892,25.));
#6033=DIRECTION('',(0.923879533,0.382683432,0.));
#6034=VECTOR('',#6033,3.862);
#6035=LINE('',#6032,#6034);
#6036=EDGE_CURVE('',#6031,#6023,#6035,.T.);
#6037=ORIENTED_EDGE('',*,*,#6036,.F.);
#6038=CARTESIAN_POINT('',(59.696881562,9.68200639,25.));
#6039=DIRECTION('',(-0.382683432,0.923879533,0.));
#6040=VECTOR('',#6039,13.9);
#6041=LINE('',#6038,#6040);
#6042=EDGE_CURVE('',#6015,#6031,#6041,.T.);
#6043=ORIENTED_EDGE('',*,*,#6042,.F.);
#6044=EDGE_LOOP('',(#6021,#6029,#6037,#6043));
#6045=FACE_BOUND('',#6044,.T.);
#6046=ADVANCED_FACE('',(#6045),#6011,.F.);
#6047=CARTESIAN_POINT('',(0.,0.,16.666666667));
#6048=DIRECTION('',(0.,0.,-1.));
#6049=DIRECTION('',(-1.,0.,0.));
#6050=AXIS2_PLACEMENT_3D('',#6047,#6048,#6049);
#6051=PLANE('',#6050);
#6052=CARTESIAN_POINT('',(63.264904317,11.159929806,16.666666667));
#6053=VERTEX_POINT('',#6052);
#6054=CARTESIAN_POINT('',(59.696881562,9.68200639,16.666666667));
#6055=VERTEX_POINT('',#6054);
#6056=CARTESIAN_POINT('',(63.264904317,11.159929806,16.666666667));
#6057=DIRECTION('',(-0.923879533,-0.382683432,0.));
#6058=VECTOR('',#6057,3.862);
#6059=LINE('',#6056,#6058);
#6060=EDGE_CURVE('',#6053,#6055,#6059,.T.);
#6061=ORIENTED_EDGE('',*,*,#6060,.T.);
#6062=CARTESIAN_POINT('',(54.377581852,22.523931892,16.666666667));
#6063=VERTEX_POINT('',#6062);
#6064=CARTESIAN_POINT('',(59.696881562,9.68200639,16.666666667));
#6065=DIRECTION('',(-0.382683432,0.923879533,0.));
#6066=VECTOR('',#6065,13.9);
#6067=LINE('',#6064,#6066);
#6068=EDGE_CURVE('',#6055,#6063,#6067,.T.);
#6069=ORIENTED_EDGE('',*,*,#6068,.T.);
#6070=CARTESIAN_POINT('',(57.945604607,24.001855308,16.666666667));
#6071=VERTEX_POINT('',#6070);
#6072=CARTESIAN_POINT('',(54.377581852,22.523931892,16.666666667));
#6073=DIRECTION('',(0.923879533,0.382683432,0.));
#6074=VECTOR('',#6073,3.862);
#6075=LINE('',#6072,#6074);
#6076=EDGE_CURVE('',#6063,#6071,#6075,.T.);
#6077=ORIENTED_EDGE('',*,*,#6076,.T.);
#6078=CARTESIAN_POINT('',(57.945604607,24.001855308,16.666666667));
#6079=DIRECTION('',(0.382683432,-0.923879533,0.));
#6080=VECTOR('',#6079,13.9);
#6081=LINE('',#6078,#6080);
#6082=EDGE_CURVE('',#6071,#6053,#6081,.T.);
#6083=ORIENTED_EDGE('',*,*,#6082,.T.);
#6084=EDGE_LOOP('',(#6061,#6069,#6077,#6083));
#6085=FACE_BOUND('',#6084,.T.);
#6086=ADVANCED_FACE('',(#6085),#6051,.T.);
#6087=CARTESIAN_POINT('',(63.264904317,11.159929806,25.));
#6088=DIRECTION('',(0.382683432,-0.923879533,0.));
#6089=DIRECTION('',(0.923879533,0.382683432,0.));
#6090=AXIS2_PLACEMENT_3D('',#6087,#6088,#6089);
#6091=PLANE('',#6090);
#6092=CARTESIAN_POINT('',(59.696881562,9.68200639,25.));
#6093=DIRECTION('',(0.,0.,-1.));
#6094=VECTOR('',#6093,8.333333333);
#6095=LINE('',#6092,#6094);
#6096=EDGE_CURVE('',#6015,#6055,#6095,.T.);
#6097=ORIENTED_EDGE('',*,*,#6096,.T.);
#6098=ORIENTED_EDGE('',*,*,#6060,.F.);
#6099=CARTESIAN_POINT('',(63.264904317,11.159929806,25.));
#6100=DIRECTION('',(0.,0.,-1.));
#6101=VECTOR('',#6100,8.333333333);
#6102=LINE('',#6099,#6101);
#6103=EDGE_CURVE('',#6013,#6053,#6102,.T.);
#6104=ORIENTED_EDGE('',*,*,#6103,.F.);
#6105=ORIENTED_EDGE('',*,*,#6020,.T.);
#6106=EDGE_LOOP('',(#6097,#6098,#6104,#6105));
#6107=FACE_BOUND('',#6106,.T.);
#6108=ADVANCED_FACE('',(#6107),#6091,.T.);
#6109=CARTESIAN_POINT('',(59.696881562,9.68200639,25.));
#6110=DIRECTION('',(-0.923879533,-0.382683432,0.));
#6111=DIRECTION('',(0.382683432,-0.923879533,0.));
#6112=AXIS2_PLACEMENT_3D('',#6109,#6110,#6111);
#6113=PLANE('',#6112);
#6114=CARTESIAN_POINT('',(54.377581852,22.523931892,25.));
#6115=DIRECTION('',(0.,0.,-1.));
#6116=VECTOR('',#6115,8.333333333);
#6117=LINE('',#6114,#6116);
#6118=EDGE_CURVE('',#6031,#6063,#6117,.T.);
#6119=ORIENTED_EDGE('',*,*,#6118,.T.);
#6120=ORIENTED_EDGE('',*,*,#6068,.F.);
#6121=ORIENTED_EDGE('',*,*,#6096,.F.);
#6122=ORIENTED_EDGE('',*,*,#6042,.T.);
#6123=EDGE_LOOP('',(#6119,#6120,#6121,#6122));
#6124=FACE_BOUND('',#6123,.T.);
#6125=ADVANCED_FACE('',(#6124),#6113,.T.);
#6126=CARTESIAN_POINT('',(54.377581852,22.523931892,25.));
#6127=DIRECTION('',(-0.382683432,0.923879533,0.));
#6128=DIRECTION('',(-0.923879533,-0.382683432,0.));
#6129=AXIS2_PLACEMENT_3D('',#6126,#6127,#6128);
#6130=PLANE('',#6129);
#6131=CARTESIAN_POINT('',(57.945604607,24.001855308,25.));
#6132=DIRECTION('',(0.,0.,-1.));
#6133=VECTOR('',#6132,8.333333333);
#6134=LINE('',#6131,#6133);
#6135=EDGE_CURVE('',#6023,#6071,#6134,.T.);
#6136=ORIENTED_EDGE('',*,*,#6135,.T.);
#6137=ORIENTED_EDGE('',*,*,#6076,.F.);
#6138=ORIENTED_EDGE('',*,*,#6118,.F.);
#6139=ORIENTED_EDGE('',*,*,#6036,.T.);
#6140=EDGE_LOOP('',(#6136,#6137,#6138,#6139));
#6141=FACE_BOUND('',#6140,.T.);
#6142=ADVANCED_FACE('',(#6141),#6130,.T.);
#6143=CARTESIAN_POINT('',(57.945604607,24.001855308,25.));
#6144=DIRECTION('',(0.923879533,0.382683432,0.));
#6145=DIRECTION('',(-0.382683432,0.923879533,0.));
#6146=AXIS2_PLACEMENT_3D('',#6143,#6144,#6145);
#6147=PLANE('',#6146);
#6148=ORIENTED_EDGE('',*,*,#6082,.F.);
#6149=ORIENTED_EDGE('',*,*,#6135,.F.);
#6150=ORIENTED_EDGE('',*,*,#6028,.T.);
#6151=ORIENTED_EDGE('',*,*,#6103,.T.);
#6152=EDGE_LOOP('',(#6148,#6149,#6150,#6151));
#6153=FACE_BOUND('',#6152,.T.);
#6154=ADVANCED_FACE('',(#6153),#6147,.T.);
#6155=CLOSED_SHELL('',(#6046,#6086,#6108,#6125,#6142,#6154));
#6156=MANIFOLD_SOLID_BREP('Magnet_P1_L2_M2_S1_7_Slice1',#6155);
#6006=STYLED_ITEM('',(#183),#6156);
#6157=REAL_REPRESENTATION_ITEM('AEDT_Translucency_V1',0.8);
#6158=ID_ATTRIBUTE('SA #6159',#6159);
#6159=SHAPE_ASPECT('properties','',#23,.F.);
#6160=GEOMETRIC_ITEM_SPECIFIC_USAGE('','properties',#6159,#17,#6156);
#6161=PROPERTY_DEFINITION('AEDT_Translucency_V1','',#6159);
#6162=REPRESENTATION('',(#6157),#10);
#6163=PROPERTY_DEFINITION_REPRESENTATION(#6161,#6162);
#6164=GENERAL_PROPERTY('','AEDT_Translucency_V1','');
#6165=GENERAL_PROPERTY_ASSOCIATION('','',#6164,#6161);
#6166=DESCRIPTIVE_REPRESENTATION_ITEM('AEDT_MaterialName_V1','NGYC - N50');
#6167=PROPERTY_DEFINITION('AEDT_MaterialName_V1','',#6159);
#6168=REPRESENTATION('',(#6166),#10);
#6169=PROPERTY_DEFINITION_REPRESENTATION(#6167,#6168);
#6170=GENERAL_PROPERTY('','AEDT_MaterialName_V1','');
#6171=GENERAL_PROPERTY_ASSOCIATION('','',#6170,#6167);
#6172=INTEGER_REPRESENTATION_ITEM('AEDT_BODYFlagGroupColor_V1',0);
#6173=INTEGER_REPRESENTATION_ITEM('AEDT_BODYFlagGroupColor_V1',-1);
#6174=INTEGER_REPRESENTATION_ITEM('AEDT_BODYFlagGroupColor_V1',-2139100801);
#6175=INTEGER_REPRESENTATION_ITEM('AEDT_BODYFlagGroupColor_V1',5);
#6176=PROPERTY_DEFINITION('AEDT_BODYFlagGroupColor_V1','',#6159);
#6177=REPRESENTATION('',(#6172,#6173,#6174,#6175),#10);
#6178=PROPERTY_DEFINITION_REPRESENTATION(#6176,#6177);
#6179=GENERAL_PROPERTY('','AEDT_BODYFlagGroupColor_V1','');
#6180=GENERAL_PROPERTY_ASSOCIATION('','',#6179,#6176);
#6181=DESCRIPTIVE_REPRESENTATION_ITEM('AEDT_EntityName_V1','Magnet_P1_L2_M2_S1_7_Slice1');
#6182=PROPERTY_DEFINITION('AEDT_EntityName_V1','',#6159);
#6183=REPRESENTATION('',(#6181),#10);
#6184=PROPERTY_DEFINITION_REPRESENTATION(#6182,#6183);
#6185=GENERAL_PROPERTY('','AEDT_EntityName_V1','');
#6186=GENERAL_PROPERTY_ASSOCIATION('','',#6185,#6182);
#6188=CARTESIAN_POINT('',(0.,0.,16.666666667));
#6189=DIRECTION('',(0.,0.,-1.));
#6190=DIRECTION('',(-1.,0.,0.));
#6191=AXIS2_PLACEMENT_3D('',#6188,#6189,#6190);
#6192=PLANE('',#6191);
#6193=CARTESIAN_POINT('',(63.264904317,11.159929806,16.666666667));
#6194=VERTEX_POINT('',#6193);
#6195=CARTESIAN_POINT('',(59.696881562,9.68200639,16.666666667));
#6196=VERTEX_POINT('',#6195);
#6197=CARTESIAN_POINT('',(63.264904317,11.159929806,16.666666667));
#6198=DIRECTION('',(-0.923879533,-0.382683432,0.));
#6199=VECTOR('',#6198,3.862);
#6200=LINE('',#6197,#6199);
#6201=EDGE_CURVE('',#6194,#6196,#6200,.T.);
#6202=ORIENTED_EDGE('',*,*,#6201,.F.);
#6203=CARTESIAN_POINT('',(57.945604607,24.001855308,16.666666667));
#6204=VERTEX_POINT('',#6203);
#6205=CARTESIAN_POINT('',(57.945604607,24.001855308,16.666666667));
#6206=DIRECTION('',(0.382683432,-0.923879533,0.));
#6207=VECTOR('',#6206,13.9);
#6208=LINE('',#6205,#6207);
#6209=EDGE_CURVE('',#6204,#6194,#6208,.T.);
#6210=ORIENTED_EDGE('',*,*,#6209,.F.);
#6211=CARTESIAN_POINT('',(54.377581852,22.523931892,16.666666667));
#6212=VERTEX_POINT('',#6211);
#6213=CARTESIAN_POINT('',(54.377581852,22.523931892,16.666666667));
#6214=DIRECTION('',(0.923879533,0.382683432,0.));
#6215=VECTOR('',#6214,3.862);
#6216=LINE('',#6213,#6215);
#6217=EDGE_CURVE('',#6212,#6204,#6216,.T.);
#6218=ORIENTED_EDGE('',*,*,#6217,.F.);
#6219=CARTESIAN_POINT('',(59.696881562,9.68200639,16.666666667));
#6220=DIRECTION('',(-0.382683432,0.923879533,0.));
#6221=VECTOR('',#6220,13.9);
#6222=LINE('',#6219,#6221);
#6223=EDGE_CURVE('',#6196,#6212,#6222,.T.);
#6224=ORIENTED_EDGE('',*,*,#6223,.F.);
#6225=EDGE_LOOP('',(#6202,#6210,#6218,#6224));
#6226=FACE_BOUND('',#6225,.T.);
#6227=ADVANCED_FACE('',(#6226),#6192,.F.);
#6228=CARTESIAN_POINT('',(0.,0.,8.333333333));
#6229=DIRECTION('',(0.,0.,-1.));
#6230=DIRECTION('',(-1.,0.,0.));
#6231=AXIS2_PLACEMENT_3D('',#6228,#6229,#6230);
#6232=PLANE('',#6231);
#6233=CARTESIAN_POINT('',(63.264904317,11.159929806,8.333333333));
#6234=VERTEX_POINT('',#6233);
#6235=CARTESIAN_POINT('',(59.696881562,9.68200639,8.333333333));
#6236=VERTEX_POINT('',#6235);
#6237=CARTESIAN_POINT('',(63.264904317,11.159929806,8.333333333));
#6238=DIRECTION('',(-0.923879533,-0.382683432,0.));
#6239=VECTOR('',#6238,3.862);
#6240=LINE('',#6237,#6239);
#6241=EDGE_CURVE('',#6234,#6236,#6240,.T.);
#6242=ORIENTED_EDGE('',*,*,#6241,.T.);
#6243=CARTESIAN_POINT('',(54.377581852,22.523931892,8.333333333));
#6244=VERTEX_POINT('',#6243);
#6245=CARTESIAN_POINT('',(59.696881562,9.68200639,8.333333333));
#6246=DIRECTION('',(-0.382683432,0.923879533,0.));
#6247=VECTOR('',#6246,13.9);
#6248=LINE('',#6245,#6247);
#6249=EDGE_CURVE('',#6236,#6244,#6248,.T.);
#6250=ORIENTED_EDGE('',*,*,#6249,.T.);
#6251=CARTESIAN_POINT('',(57.945604607,24.001855308,8.333333333));
#6252=VERTEX_POINT('',#6251);
#6253=CARTESIAN_POINT('',(54.377581852,22.523931892,8.333333333));
#6254=DIRECTION('',(0.923879533,0.382683432,0.));
#6255=VECTOR('',#6254,3.862);
#6256=LINE('',#6253,#6255);
#6257=EDGE_CURVE('',#6244,#6252,#6256,.T.);
#6258=ORIENTED_EDGE('',*,*,#6257,.T.);
#6259=CARTESIAN_POINT('',(57.945604607,24.001855308,8.333333333));
#6260=DIRECTION('',(0.382683432,-0.923879533,0.));
#6261=VECTOR('',#6260,13.9);
#6262=LINE('',#6259,#6261);
#6263=EDGE_CURVE('',#6252,#6234,#6262,.T.);
#6264=ORIENTED_EDGE('',*,*,#6263,.T.);
#6265=EDGE_LOOP('',(#6242,#6250,#6258,#6264));
#6266=FACE_BOUND('',#6265,.T.);
#6267=ADVANCED_FACE('',(#6266),#6232,.T.);
#6268=CARTESIAN_POINT('',(63.264904317,11.159929806,16.666666667));
#6269=DIRECTION('',(0.382683432,-0.923879533,0.));
#6270=DIRECTION('',(0.923879533,0.382683432,0.));
#6271=AXIS2_PLACEMENT_3D('',#6268,#6269,#6270);
#6272=PLANE('',#6271);
#6273=CARTESIAN_POINT('',(59.696881562,9.68200639,16.666666667));
#6274=DIRECTION('',(0.,0.,-1.));
#6275=VECTOR('',#6274,8.333333333);
#6276=LINE('',#6273,#6275);
#6277=EDGE_CURVE('',#6196,#6236,#6276,.T.);
#6278=ORIENTED_EDGE('',*,*,#6277,.T.);
#6279=ORIENTED_EDGE('',*,*,#6241,.F.);
#6280=CARTESIAN_POINT('',(63.264904317,11.159929806,16.666666667));
#6281=DIRECTION('',(0.,0.,-1.));
#6282=VECTOR('',#6281,8.333333333);
#6283=LINE('',#6280,#6282);
#6284=EDGE_CURVE('',#6194,#6234,#6283,.T.);
#6285=ORIENTED_EDGE('',*,*,#6284,.F.);
#6286=ORIENTED_EDGE('',*,*,#6201,.T.);
#6287=EDGE_LOOP('',(#6278,#6279,#6285,#6286));
#6288=FACE_BOUND('',#6287,.T.);
#6289=ADVANCED_FACE('',(#6288),#6272,.T.);
#6290=CARTESIAN_POINT('',(59.696881562,9.68200639,16.666666667));
#6291=DIRECTION('',(-0.923879533,-0.382683432,0.));
#6292=DIRECTION('',(0.382683432,-0.923879533,0.));
#6293=AXIS2_PLACEMENT_3D('',#6290,#6291,#6292);
#6294=PLANE('',#6293);
#6295=CARTESIAN_POINT('',(54.377581852,22.523931892,16.666666667));
#6296=DIRECTION('',(0.,0.,-1.));
#6297=VECTOR('',#6296,8.333333333);
#6298=LINE('',#6295,#6297);
#6299=EDGE_CURVE('',#6212,#6244,#6298,.T.);
#6300=ORIENTED_EDGE('',*,*,#6299,.T.);
#6301=ORIENTED_EDGE('',*,*,#6249,.F.);
#6302=ORIENTED_EDGE('',*,*,#6277,.F.);
#6303=ORIENTED_EDGE('',*,*,#6223,.T.);
#6304=EDGE_LOOP('',(#6300,#6301,#6302,#6303));
#6305=FACE_BOUND('',#6304,.T.);
#6306=ADVANCED_FACE('',(#6305),#6294,.T.);
#6307=CARTESIAN_POINT('',(54.377581852,22.523931892,16.666666667));
#6308=DIRECTION('',(-0.382683432,0.923879533,0.));
#6309=DIRECTION('',(-0.923879533,-0.382683432,0.));
#6310=AXIS2_PLACEMENT_3D('',#6307,#6308,#6309);
#6311=PLANE('',#6310);
#6312=CARTESIAN_POINT('',(57.945604607,24.001855308,16.666666667));
#6313=DIRECTION('',(0.,0.,-1.));
#6314=VECTOR('',#6313,8.333333333);
#6315=LINE('',#6312,#6314);
#6316=EDGE_CURVE('',#6204,#6252,#6315,.T.);
#6317=ORIENTED_EDGE('',*,*,#6316,.T.);
#6318=ORIENTED_EDGE('',*,*,#6257,.F.);
#6319=ORIENTED_EDGE('',*,*,#6299,.F.);
#6320=ORIENTED_EDGE('',*,*,#6217,.T.);
#6321=EDGE_LOOP('',(#6317,#6318,#6319,#6320));
#6322=FACE_BOUND('',#6321,.T.);
#6323=ADVANCED_FACE('',(#6322),#6311,.T.);
#6324=CARTESIAN_POINT('',(57.945604607,24.001855308,16.666666667));
#6325=DIRECTION('',(0.923879533,0.382683432,0.));
#6326=DIRECTION('',(-0.382683432,0.923879533,0.));
#6327=AXIS2_PLACEMENT_3D('',#6324,#6325,#6326);
#6328=PLANE('',#6327);
#6329=ORIENTED_EDGE('',*,*,#6263,.F.);
#6330=ORIENTED_EDGE('',*,*,#6316,.F.);
#6331=ORIENTED_EDGE('',*,*,#6209,.T.);
#6332=ORIENTED_EDGE('',*,*,#6284,.T.);
#6333=EDGE_LOOP('',(#6329,#6330,#6331,#6332));
#6334=FACE_BOUND('',#6333,.T.);
#6335=ADVANCED_FACE('',(#6334),#6328,.T.);
#6336=CLOSED_SHELL('',(#6227,#6267,#6289,#6306,#6323,#6335));
#6337=MANIFOLD_SOLID_BREP('Magnet_P1_L2_M2_S1_8_Slice1',#6336);
#6187=STYLED_ITEM('',(#183),#6337);
#6338=REAL_REPRESENTATION_ITEM('AEDT_Translucency_V1',0.8);
#6339=ID_ATTRIBUTE('SA #6340',#6340);
#6340=SHAPE_ASPECT('properties','',#23,.F.);
#6341=GEOMETRIC_ITEM_SPECIFIC_USAGE('','properties',#6340,#17,#6337);
#6342=PROPERTY_DEFINITION('AEDT_Translucency_V1','',#6340);
#6343=REPRESENTATION('',(#6338),#10);
#6344=PROPERTY_DEFINITION_REPRESENTATION(#6342,#6343);
#6345=GENERAL_PROPERTY('','AEDT_Translucency_V1','');
#6346=GENERAL_PROPERTY_ASSOCIATION('','',#6345,#6342);
#6347=DESCRIPTIVE_REPRESENTATION_ITEM('AEDT_MaterialName_V1','NGYC - N50');
#6348=PROPERTY_DEFINITION('AEDT_MaterialName_V1','',#6340);
#6349=REPRESENTATION('',(#6347),#10);
#6350=PROPERTY_DEFINITION_REPRESENTATION(#6348,#6349);
#6351=GENERAL_PROPERTY('','AEDT_MaterialName_V1','');
#6352=GENERAL_PROPERTY_ASSOCIATION('','',#6351,#6348);
#6353=INTEGER_REPRESENTATION_ITEM('AEDT_BODYFlagGroupColor_V1',0);
#6354=INTEGER_REPRESENTATION_ITEM('AEDT_BODYFlagGroupColor_V1',-1);
#6355=INTEGER_REPRESENTATION_ITEM('AEDT_BODYFlagGroupColor_V1',-2139100801);
#6356=INTEGER_REPRESENTATION_ITEM('AEDT_BODYFlagGroupColor_V1',5);
#6357=PROPERTY_DEFINITION('AEDT_BODYFlagGroupColor_V1','',#6340);
#6358=REPRESENTATION('',(#6353,#6354,#6355,#6356),#10);
#6359=PROPERTY_DEFINITION_REPRESENTATION(#6357,#6358);
#6360=GENERAL_PROPERTY('','AEDT_BODYFlagGroupColor_V1','');
#6361=GENERAL_PROPERTY_ASSOCIATION('','',#6360,#6357);
#6362=DESCRIPTIVE_REPRESENTATION_ITEM('AEDT_EntityName_V1','Magnet_P1_L2_M2_S1_8_Slice1');
#6363=PROPERTY_DEFINITION('AEDT_EntityName_V1','',#6340);
#6364=REPRESENTATION('',(#6362),#10);
#6365=PROPERTY_DEFINITION_REPRESENTATION(#6363,#6364);
#6366=GENERAL_PROPERTY('','AEDT_EntityName_V1','');
#6367=GENERAL_PROPERTY_ASSOCIATION('','',#6366,#6363);
#6369=CARTESIAN_POINT('',(0.,0.,8.333333333));
#6370=DIRECTION('',(0.,0.,-1.));
#6371=DIRECTION('',(-1.,0.,0.));
#6372=AXIS2_PLACEMENT_3D('',#6369,#6370,#6371);
#6373=PLANE('',#6372);
#6374=CARTESIAN_POINT('',(63.264904317,11.159929806,8.333333333));
#6375=VERTEX_POINT('',#6374);
#6376=CARTESIAN_POINT('',(59.696881562,9.68200639,8.333333333));
#6377=VERTEX_POINT('',#6376);
#6378=CARTESIAN_POINT('',(63.264904317,11.159929806,8.333333333));
#6379=DIRECTION('',(-0.923879533,-0.382683432,0.));
#6380=VECTOR('',#6379,3.862);
#6381=LINE('',#6378,#6380);
#6382=EDGE_CURVE('',#6375,#6377,#6381,.T.);
#6383=ORIENTED_EDGE('',*,*,#6382,.F.);
#6384=CARTESIAN_POINT('',(57.945604607,24.001855308,8.333333333));
#6385=VERTEX_POINT('',#6384);
#6386=CARTESIAN_POINT('',(57.945604607,24.001855308,8.333333333));
#6387=DIRECTION('',(0.382683432,-0.923879533,0.));
#6388=VECTOR('',#6387,13.9);
#6389=LINE('',#6386,#6388);
#6390=EDGE_CURVE('',#6385,#6375,#6389,.T.);
#6391=ORIENTED_EDGE('',*,*,#6390,.F.);
#6392=CARTESIAN_POINT('',(54.377581852,22.523931892,8.333333333));
#6393=VERTEX_POINT('',#6392);
#6394=CARTESIAN_POINT('',(54.377581852,22.523931892,8.333333333));
#6395=DIRECTION('',(0.923879533,0.382683432,0.));
#6396=VECTOR('',#6395,3.862);
#6397=LINE('',#6394,#6396);
#6398=EDGE_CURVE('',#6393,#6385,#6397,.T.);
#6399=ORIENTED_EDGE('',*,*,#6398,.F.);
#6400=CARTESIAN_POINT('',(59.696881562,9.68200639,8.333333333));
#6401=DIRECTION('',(-0.382683432,0.923879533,0.));
#6402=VECTOR('',#6401,13.9);
#6403=LINE('',#6400,#6402);
#6404=EDGE_CURVE('',#6377,#6393,#6403,.T.);
#6405=ORIENTED_EDGE('',*,*,#6404,.F.);
#6406=EDGE_LOOP('',(#6383,#6391,#6399,#6405));
#6407=FACE_BOUND('',#6406,.T.);
#6408=ADVANCED_FACE('',(#6407),#6373,.F.);
#6409=CARTESIAN_POINT('',(0.,0.,0.));
#6410=DIRECTION('',(0.,0.,-1.));
#6411=DIRECTION('',(-1.,0.,0.));
#6412=AXIS2_PLACEMENT_3D('',#6409,#6410,#6411);
#6413=PLANE('',#6412);
#6414=CARTESIAN_POINT('',(63.264904317,11.159929806,0.));
#6415=VERTEX_POINT('',#6414);
#6416=CARTESIAN_POINT('',(59.696881562,9.68200639,0.));
#6417=VERTEX_POINT('',#6416);
#6418=CARTESIAN_POINT('',(63.264904317,11.159929806,0.));
#6419=DIRECTION('',(-0.923879533,-0.382683432,0.));
#6420=VECTOR('',#6419,3.862);
#6421=LINE('',#6418,#6420);
#6422=EDGE_CURVE('',#6415,#6417,#6421,.T.);
#6423=ORIENTED_EDGE('',*,*,#6422,.T.);
#6424=CARTESIAN_POINT('',(54.377581852,22.523931892,0.));
#6425=VERTEX_POINT('',#6424);
#6426=CARTESIAN_POINT('',(59.696881562,9.68200639,0.));
#6427=DIRECTION('',(-0.382683432,0.923879533,0.));
#6428=VECTOR('',#6427,13.9);
#6429=LINE('',#6426,#6428);
#6430=EDGE_CURVE('',#6417,#6425,#6429,.T.);
#6431=ORIENTED_EDGE('',*,*,#6430,.T.);
#6432=CARTESIAN_POINT('',(57.945604607,24.001855308,0.));
#6433=VERTEX_POINT('',#6432);
#6434=CARTESIAN_POINT('',(54.377581852,22.523931892,0.));
#6435=DIRECTION('',(0.923879533,0.382683432,0.));
#6436=VECTOR('',#6435,3.862);
#6437=LINE('',#6434,#6436);
#6438=EDGE_CURVE('',#6425,#6433,#6437,.T.);
#6439=ORIENTED_EDGE('',*,*,#6438,.T.);
#6440=CARTESIAN_POINT('',(57.945604607,24.001855308,0.));
#6441=DIRECTION('',(0.382683432,-0.923879533,0.));
#6442=VECTOR('',#6441,13.9);
#6443=LINE('',#6440,#6442);
#6444=EDGE_CURVE('',#6433,#6415,#6443,.T.);
#6445=ORIENTED_EDGE('',*,*,#6444,.T.);
#6446=EDGE_LOOP('',(#6423,#6431,#6439,#6445));
#6447=FACE_BOUND('',#6446,.T.);
#6448=ADVANCED_FACE('',(#6447),#6413,.T.);
#6449=CARTESIAN_POINT('',(63.264904317,11.159929806,8.333333333));
#6450=DIRECTION('',(0.382683432,-0.923879533,0.));
#6451=DIRECTION('',(0.923879533,0.382683432,0.));
#6452=AXIS2_PLACEMENT_3D('',#6449,#6450,#6451);
#6453=PLANE('',#6452);
#6454=CARTESIAN_POINT('',(59.696881562,9.68200639,8.333333333));
#6455=DIRECTION('',(0.,0.,-1.));
#6456=VECTOR('',#6455,8.333333333);
#6457=LINE('',#6454,#6456);
#6458=EDGE_CURVE('',#6377,#6417,#6457,.T.);
#6459=ORIENTED_EDGE('',*,*,#6458,.T.);
#6460=ORIENTED_EDGE('',*,*,#6422,.F.);
#6461=CARTESIAN_POINT('',(63.264904317,11.159929806,8.333333333));
#6462=DIRECTION('',(0.,0.,-1.));
#6463=VECTOR('',#6462,8.333333333);
#6464=LINE('',#6461,#6463);
#6465=EDGE_CURVE('',#6375,#6415,#6464,.T.);
#6466=ORIENTED_EDGE('',*,*,#6465,.F.);
#6467=ORIENTED_EDGE('',*,*,#6382,.T.);
#6468=EDGE_LOOP('',(#6459,#6460,#6466,#6467));
#6469=FACE_BOUND('',#6468,.T.);
#6470=ADVANCED_FACE('',(#6469),#6453,.T.);
#6471=CARTESIAN_POINT('',(59.696881562,9.68200639,8.333333333));
#6472=DIRECTION('',(-0.923879533,-0.382683432,0.));
#6473=DIRECTION('',(0.382683432,-0.923879533,0.));
#6474=AXIS2_PLACEMENT_3D('',#6471,#6472,#6473);
#6475=PLANE('',#6474);
#6476=CARTESIAN_POINT('',(54.377581852,22.523931892,8.333333333));
#6477=DIRECTION('',(0.,0.,-1.));
#6478=VECTOR('',#6477,8.333333333);
#6479=LINE('',#6476,#6478);
#6480=EDGE_CURVE('',#6393,#6425,#6479,.T.);
#6481=ORIENTED_EDGE('',*,*,#6480,.T.);
#6482=ORIENTED_EDGE('',*,*,#6430,.F.);
#6483=ORIENTED_EDGE('',*,*,#6458,.F.);
#6484=ORIENTED_EDGE('',*,*,#6404,.T.);
#6485=EDGE_LOOP('',(#6481,#6482,#6483,#6484));
#6486=FACE_BOUND('',#6485,.T.);
#6487=ADVANCED_FACE('',(#6486),#6475,.T.);
#6488=CARTESIAN_POINT('',(54.377581852,22.523931892,8.333333333));
#6489=DIRECTION('',(-0.382683432,0.923879533,0.));
#6490=DIRECTION('',(-0.923879533,-0.382683432,0.));
#6491=AXIS2_PLACEMENT_3D('',#6488,#6489,#6490);
#6492=PLANE('',#6491);
#6493=CARTESIAN_POINT('',(57.945604607,24.001855308,8.333333333));
#6494=DIRECTION('',(0.,0.,-1.));
#6495=VECTOR('',#6494,8.333333333);
#6496=LINE('',#6493,#6495);
#6497=EDGE_CURVE('',#6385,#6433,#6496,.T.);
#6498=ORIENTED_EDGE('',*,*,#6497,.T.);
#6499=ORIENTED_EDGE('',*,*,#6438,.F.);
#6500=ORIENTED_EDGE('',*,*,#6480,.F.);
#6501=ORIENTED_EDGE('',*,*,#6398,.T.);
#6502=EDGE_LOOP('',(#6498,#6499,#6500,#6501));
#6503=FACE_BOUND('',#6502,.T.);
#6504=ADVANCED_FACE('',(#6503),#6492,.T.);
#6505=CARTESIAN_POINT('',(57.945604607,24.001855308,8.333333333));
#6506=DIRECTION('',(0.923879533,0.382683432,0.));
#6507=DIRECTION('',(-0.382683432,0.923879533,0.));
#6508=AXIS2_PLACEMENT_3D('',#6505,#6506,#6507);
#6509=PLANE('',#6508);
#6510=ORIENTED_EDGE('',*,*,#6444,.F.);
#6511=ORIENTED_EDGE('',*,*,#6497,.F.);
#6512=ORIENTED_EDGE('',*,*,#6390,.T.);
#6513=ORIENTED_EDGE('',*,*,#6465,.T.);
#6514=EDGE_LOOP('',(#6510,#6511,#6512,#6513));
#6515=FACE_BOUND('',#6514,.T.);
#6516=ADVANCED_FACE('',(#6515),#6509,.T.);
#6517=CLOSED_SHELL('',(#6408,#6448,#6470,#6487,#6504,#6516));
#6518=MANIFOLD_SOLID_BREP('Magnet_P1_L2_M2_S1_9_Slice1',#6517);
#6368=STYLED_ITEM('',(#183),#6518);
#6519=REAL_REPRESENTATION_ITEM('AEDT_Translucency_V1',0.8);
#6520=ID_ATTRIBUTE('SA #6521',#6521);
#6521=SHAPE_ASPECT('properties','',#23,.F.);
#6522=GEOMETRIC_ITEM_SPECIFIC_USAGE('','properties',#6521,#17,#6518);
#6523=PROPERTY_DEFINITION('AEDT_Translucency_V1','',#6521);
#6524=REPRESENTATION('',(#6519),#10);
#6525=PROPERTY_DEFINITION_REPRESENTATION(#6523,#6524);
#6526=GENERAL_PROPERTY('','AEDT_Translucency_V1','');
#6527=GENERAL_PROPERTY_ASSOCIATION('','',#6526,#6523);
#6528=DESCRIPTIVE_REPRESENTATION_ITEM('AEDT_MaterialName_V1','NGYC - N50');
#6529=PROPERTY_DEFINITION('AEDT_MaterialName_V1','',#6521);
#6530=REPRESENTATION('',(#6528),#10);
#6531=PROPERTY_DEFINITION_REPRESENTATION(#6529,#6530);
#6532=GENERAL_PROPERTY('','AEDT_MaterialName_V1','');
#6533=GENERAL_PROPERTY_ASSOCIATION('','',#6532,#6529);
#6534=INTEGER_REPRESENTATION_ITEM('AEDT_BODYFlagGroupColor_V1',0);
#6535=INTEGER_REPRESENTATION_ITEM('AEDT_BODYFlagGroupColor_V1',-1);
#6536=INTEGER_REPRESENTATION_ITEM('AEDT_BODYFlagGroupColor_V1',-2139100801);
#6537=INTEGER_REPRESENTATION_ITEM('AEDT_BODYFlagGroupColor_V1',5);
#6538=PROPERTY_DEFINITION('AEDT_BODYFlagGroupColor_V1','',#6521);
#6539=REPRESENTATION('',(#6534,#6535,#6536,#6537),#10);
#6540=PROPERTY_DEFINITION_REPRESENTATION(#6538,#6539);
#6541=GENERAL_PROPERTY('','AEDT_BODYFlagGroupColor_V1','');
#6542=GENERAL_PROPERTY_ASSOCIATION('','',#6541,#6538);
#6543=DESCRIPTIVE_REPRESENTATION_ITEM('AEDT_EntityName_V1','Magnet_P1_L2_M2_S1_9_Slice1');
#6544=PROPERTY_DEFINITION('AEDT_EntityName_V1','',#6521);
#6545=REPRESENTATION('',(#6543),#10);
#6546=PROPERTY_DEFINITION_REPRESENTATION(#6544,#6545);
#6547=GENERAL_PROPERTY('','AEDT_EntityName_V1','');
#6548=GENERAL_PROPERTY_ASSOCIATION('','',#6547,#6544);
#16=SHAPE_REPRESENTATION('magnets_intermediate',(#15),#10);
#17=ADVANCED_BREP_SHAPE_REPRESENTATION('magnets_intermediate',(#176,#364,#545,#726,#907,#1088,#1269,#1450,#1631,#1812,#1993,#2174,#2355,#2536,#2717,#2898,#3079,#3260,#3441,#3622,#3803,#3984,#4165,#4346,#4527,#4708,
#4889,#5070,#5251,#5432,#5613,#5794,#5975,#6156,#6337,#6518),#10);
#6556=SHAPE_REPRESENTATION_RELATIONSHIP('','',#16,#17);
#6557=CARTESIAN_POINT('',(0.,0.,0.));
#6558=DIRECTION('',(0.,0.,1.));
#6559=DIRECTION('',(1.,0.,0.));
#6560=AXIS2_PLACEMENT_3D('',#6557,#6558,#6559);
#6562=MAPPED_ITEM('',#6561,#6560);
#6561=REPRESENTATION_MAP(#6560,#16);
#6563=APPLICATION_CONTEXT('Managed model based 3d engineering');
#6564=APPLICATION_PROTOCOL_DEFINITION('international standard','ap242_managed_model_based_3d_engineering',2014,#6563);
#6565=PRODUCT_CONTEXT('',#6563,'mechanical');
#6566=PRODUCT_DEFINITION_CONTEXT('part definition',#6563,'design');
#24=PRODUCT('magnets_intermediate','magnets_intermediate','',(#6565));
#6567=PRODUCT_RELATED_PRODUCT_CATEGORY('part','',(#24));
#6568=PRODUCT_DEFINITION_FORMATION_WITH_SPECIFIED_SOURCE('','',#24,.NOT_KNOWN.);
#25=PRODUCT_DEFINITION('design','',#6568,#6566);
#23=PRODUCT_DEFINITION_SHAPE('','',#25);
#6569=SHAPE_DEFINITION_REPRESENTATION(#23,#16);
#11=DRAUGHTING_MODEL('',(#6562),#10);
#6570=DESCRIPTIVE_REPRESENTATION_ITEM('KEY','C:/Users/moa/AppData/Local/Temp/magnets_intermediate.x_b');
#6571=PROPERTY_DEFINITION('KEY','',#25);
#6572=REPRESENTATION('',(#6570),#10);
#6573=PROPERTY_DEFINITION_REPRESENTATION(#6571,#6572);
#6574=GENERAL_PROPERTY('','KEY','');
#6575=GENERAL_PROPERTY_ASSOCIATION('','',#6574,#6571);
#1=MECHANICAL_DESIGN_GEOMETRIC_PRESENTATION_REPRESENTATION('',(#26,#214,#395,#576,#757,#938,#1119,#1300,#1481,#1662,#1843,#2024,#2205,#2386,#2567,#2748,#2929,#3110,#3291,#3472,#3653,#3834,#4015,#4196,#4377,#4558,
#4739,#4920,#5101,#5282,#5463,#5644,#5825,#6006,#6187,#6368),#10);
ENDSEC;
END-ISO-10303-21;
