solid
facet normal 0.0 -0.0 -1.0
 outer loop
  vertex 0.09987569212189223 0.004984588566069704 0.0
  vertex 0.1 -2.449212707644755e-17 0.0
  vertex 0.0956210657353163 0.00238464050270298 0.0
 endloop
endfacet
facet normal 0.0 0.0 -1.0
 outer loop
  vertex 0.1 -2.449212707644755e-17 0.0
  vertex 0.09987569212189223 -0.00498458856606976 0.0
  vertex 0.09539028836387238 -0.00252390076179312 0.0
 endloop
endfacet
facet normal 0.0 -0.0 -1.0
 outer loop
  vertex 0.0956210657353163 0.00238464050270298 0.0
  vertex 0.1 -2.449212707644755e-17 0.0
  vertex 0.09539028836387238 -0.00252390076179312 0.0
 endloop
endfacet
facet normal 0.0 -0.0 -1.0
 outer loop
  vertex 0.09950307753654014 0.009956784659581643 0.0
  vertex 0.09987569212189223 0.004984588566069704 0.0
  vertex 0.09562106573531619 0.007165808244446049 0.0
 endloop
endfacet
facet normal -0.0 0.0 -1.0
 outer loop
  vertex 0.09987569212189223 0.004984588566069704 0.0
  vertex 0.0956210657353163 0.00238464050270298 0.0
  vertex 0.09562106573531619 0.007165808244446049 0.0
 endloop
endfacet
facet normal 0.0 -0.0 -1.0
 outer loop
  vertex 0.09888308262251287 0.01490422661761741 0.0
  vertex 0.09950307753654014 0.009956784659581643 0.0
  vertex 0.09526583838770475 0.01193556841957843 0.0
 endloop
endfacet
facet normal 0.0 0.0 -1.0
 outer loop
  vertex 0.09526583838770475 0.01193556841957843 0.0
  vertex 0.09950307753654014 0.009956784659581643 0.0
  vertex 0.09562106573531619 0.007165808244446049 0.0
 endloop
endfacet
facet normal 0.0 -0.0 -1.0
 outer loop
  vertex 0.0980172487848544 0.01981461431993971 0.0
  vertex 0.09888308262251287 0.01490422661761741 0.0
  vertex 0.09443241908385978 0.01665098333805338 0.0
 endloop
endfacet
facet normal -0.0 0.0 -1.0
 outer loop
  vertex 0.09888308262251287 0.01490422661761741 0.0
  vertex 0.09526583838770475 0.01193556841957843 0.0
  vertex 0.09443241908385978 0.01665098333805338 0.0
 endloop
endfacet
facet normal 0.0 -0.0 -1.0
 outer loop
  vertex 0.09690772862290781 0.0246757397690293 0.0
  vertex 0.0980172487848544 0.01981461431993971 0.0
  vertex 0.09323086829240536 0.02112593579547594 0.0
 endloop
endfacet
facet normal 0.0 0.0 -1.0
 outer loop
  vertex 0.09323086829240536 0.02112593579547594 0.0
  vertex 0.0980172487848544 0.01981461431993971 0.0
  vertex 0.09443241908385978 0.01665098333805338 0.0
 endloop
endfacet
facet normal 0.0 -0.0 -1.0
 outer loop
  vertex 0.09555728057861411 0.02947551744109034 0.0
  vertex 0.09690772862290781 0.0246757397690293 0.0
  vertex 0.09232371507667159 0.02584821333804402 0.0
 endloop
endfacet
facet normal -0.0 0.0 -1.0
 outer loop
  vertex 0.09690772862290781 0.0246757397690293 0.0
  vertex 0.09323086829240536 0.02112593579547594 0.0
  vertex 0.09232371507667159 0.02584821333804402 0.0
 endloop
endfacet
facet normal 0.0 -0.0 -1.0
 outer loop
  vertex 0.09396926207859087 0.03420201433256679 0.0
  vertex 0.09555728057861411 0.02947551744109034 0.0
  vertex 0.09067000494967571 0.0304635015241288 0.0
 endloop
endfacet
facet normal 0.0 0.0 -1.0
 outer loop
  vertex 0.09067000494967571 0.0304635015241288 0.0
  vertex 0.09555728057861411 0.02947551744109034 0.0
  vertex 0.09232371507667159 0.02584821333804402 0.0
 endloop
endfacet
facet normal 0.0 -0.0 -1.0
 outer loop
  vertex 0.09214762118704081 0.03884347962746938 0.0
  vertex 0.09396926207859087 0.03420201433256679 0.0
  vertex 0.0891477231687094 0.03473684819923178 0.0
 endloop
endfacet
facet normal -0.0 0.0 -1.0
 outer loop
  vertex 0.09396926207859087 0.03420201433256679 0.0
  vertex 0.09067000494967571 0.0304635015241288 0.0
  vertex 0.0891477231687094 0.03473684819923178 0.0
 endloop
endfacet
facet normal 0.0 -0.0 -1.0
 outer loop
  vertex 0.09009688679024197 0.04338837391175571 0.0
  vertex 0.09214762118704081 0.03884347962746938 0.0
  vertex 0.08676549134969376 0.03944322383801621 0.0
 endloop
endfacet
facet normal 0.0 0.0 -1.0
 outer loop
  vertex 0.08676549134969376 0.03944322383801621 0.0
  vertex 0.09214762118704081 0.03884347962746938 0.0
  vertex 0.0891477231687094 0.03473684819923178 0.0
 endloop
endfacet
facet normal 0.0 -0.0 -1.0
 outer loop
  vertex 0.08782215733702292 0.04782539786213171 0.0
  vertex 0.09009688679024197 0.04338837391175571 0.0
  vertex 0.0861261115535806 0.04388360806648153 0.0
 endloop
endfacet
facet normal -0.0 0.0 -1.0
 outer loop
  vertex 0.09009688679024197 0.04338837391175571 0.0
  vertex 0.08676549134969376 0.03944322383801621 0.0
  vertex 0.0861261115535806 0.04388360806648153 0.0
 endloop
endfacet
facet normal 0.0 -0.0 -1.0
 outer loop
  vertex 0.08532908816321565 0.05214352033794969 0.0
  vertex 0.08782215733702292 0.04782539786213171 0.0
  vertex 0.0834536798927233 0.04713457570854508 0.0
 endloop
endfacet
facet normal 0.0 0.0 -1.0
 outer loop
  vertex 0.0834536798927233 0.04713457570854508 0.0
  vertex 0.08782215733702292 0.04782539786213171 0.0
  vertex 0.0861261115535806 0.04388360806648153 0.0
 endloop
endfacet
facet normal 0.0 -0.0 -1.0
 outer loop
  vertex 0.08262387743159959 0.05633200580636208 0.0
  vertex 0.08532908816321565 0.05214352033794969 0.0
  vertex 0.07989635654486248 0.05132682612249222 0.0
 endloop
endfacet
facet normal 0.0 0.0 -1.0
 outer loop
  vertex 0.08532908816321565 0.05214352033794969 0.0
  vertex 0.0834536798927233 0.04713457570854508 0.0
  vertex 0.07989635654486248 0.05132682612249222 0.0
 endloop
endfacet
facet normal 0.0 -0.0 -1.0
 outer loop
  vertex 0.07971325072229235 0.06038044103254762 0.0
  vertex 0.08262387743159959 0.05633200580636208 0.0
  vertex 0.07770434647142974 0.05646682639483206 0.0
 endloop
endfacet
facet normal 0.0 0.0 -1.0
 outer loop
  vertex 0.07770434647142974 0.05646682639483206 0.0
  vertex 0.08262387743159959 0.05633200580636208 0.0
  vertex 0.07989635654486248 0.05132682612249222 0.0
 endloop
endfacet
facet normal 0.0 -0.0 -1.0
 outer loop
  vertex 0.07660444431189792 0.0642787609686538 0.0
  vertex 0.07971325072229235 0.06038044103254762 0.0
  vertex 0.07578976316940159 0.0602108912074916 0.0
 endloop
endfacet
facet normal 0.0 0.0 -1.0
 outer loop
  vertex 0.07971325072229235 0.06038044103254762 0.0
  vertex 0.07770434647142974 0.05646682639483206 0.0
  vertex 0.07578976316940159 0.0602108912074916 0.0
 endloop
endfacet
facet normal 0.0 -0.0 -1.0
 outer loop
  vertex 0.07330518718298276 0.06801727377709181 0.0
  vertex 0.07660444431189792 0.0642787609686538 0.0
  vertex 0.07232327005470542 0.0628710049290918 0.0
 endloop
endfacet
facet normal 0.0 0.0 -1.0
 outer loop
  vertex 0.07232327005470542 0.0628710049290918 0.0
  vertex 0.07660444431189792 0.0642787609686538 0.0
  vertex 0.07578976316940159 0.0602108912074916 0.0
 endloop
endfacet
facet normal 0.0 -0.0 -1.0
 outer loop
  vertex 0.06982368180860742 0.07158668492597171 0.0
  vertex 0.07330518718298276 0.06801727377709181 0.0
  vertex 0.06925251240673293 0.06674887872063351 0.0
 endloop
endfacet
facet normal 0.0 0.0 -1.0
 outer loop
  vertex 0.07330518718298276 0.06801727377709181 0.0
  vertex 0.07232327005470542 0.0628710049290918 0.0
  vertex 0.06925251240673293 0.06674887872063351 0.0
 endloop
endfacet
facet normal 0.0 -0.0 -1.0
 outer loop
  vertex 0.0661685837596861 0.0749781202967733 0.0
  vertex 0.06982368180860742 0.07158668492597171 0.0
  vertex 0.06485358447007772 0.07167029700964277 0.0
 endloop
endfacet
facet normal 0.0 0.0 -1.0
 outer loop
  vertex 0.06523734404666656 0.06813142054698836 0.0
  vertex 0.06982368180860742 0.07158668492597171 0.0
  vertex 0.06925251240673293 0.06674887872063351 0.0
 endloop
endfacet
facet normal -0.0 0.0 -1.0
 outer loop
  vertex 0.06982368180860742 0.07158668492597171 0.0
  vertex 0.06523734404666656 0.06813142054698836 0.0
  vertex 0.06485358447007772 0.07167029700964277 0.0
 endloop
endfacet
facet normal 0.0 -0.0 -1.0
 outer loop
  vertex 0.06234898018587353 0.07818314824680284 0.0
  vertex 0.0661685837596861 0.0749781202967733 0.0
  vertex 0.06089697180797446 0.0733188449732517 0.0
 endloop
endfacet
facet normal 0.0 0.0 -1.0
 outer loop
  vertex 0.06089697180797446 0.0733188449732517 0.0
  vertex 0.0661685837596861 0.0749781202967733 0.0
  vertex 0.06485358447007772 0.07167029700964277 0.0
 endloop
endfacet
facet normal 0.0 -0.0 -1.0
 outer loop
  vertex 0.05837436722347916 0.08119380057158554 0.0
  vertex 0.06234898018587353 0.07818314824680284 0.0
  vertex 0.05745811052218747 0.07686518842372889 0.0
 endloop
endfacet
facet normal 0.0 0.0 -1.0
 outer loop
  vertex 0.06234898018587353 0.07818314824680284 0.0
  vertex 0.06089697180797446 0.0733188449732517 0.0
  vertex 0.05745811052218747 0.07686518842372889 0.0
 endloop
endfacet
facet normal 0.0 0.0 -1.0
 outer loop
  vertex 0.05425462638657613 0.08400259231507702 0.0
  vertex 0.05837436722347916 0.08119380057158554 0.0
  vertex 0.0544161388770756 0.07961730645761567 0.0
 endloop
endfacet
facet normal 0.0 0.0 -1.0
 outer loop
  vertex 0.0544161388770756 0.07961730645761567 0.0
  vertex 0.05837436722347916 0.08119380057158554 0.0
  vertex 0.05745811052218747 0.07686518842372889 0.0
 endloop
endfacet
facet normal 0.0 0.0 -1.0
 outer loop
  vertex 0.05000000000000022 0.08660254037844374 0.0
  vertex 0.05425462638657613 0.08400259231507702 0.0
  vertex 0.05002106927457019 0.08053482751940078 0.0
 endloop
endfacet
facet normal 0.0 -0.0 -1.0
 outer loop
  vertex 0.05425462638657613 0.08400259231507702 0.0
  vertex 0.0544161388770756 0.07961730645761567 0.0
  vertex 0.05002106927457019 0.08053482751940078 0.0
 endloop
endfacet
facet normal 0.0 0.0 -1.0
 outer loop
  vertex 0.04562106573531653 0.08898718088114675 0.0
  vertex 0.05000000000000022 0.08660254037844374 0.0
  vertex 0.0457453736134243 0.08400259231507705 0.0
 endloop
endfacet
facet normal 0.0 0.0 -1.0
 outer loop
  vertex 0.0457453736134243 0.08400259231507705 0.0
  vertex 0.05000000000000022 0.08660254037844374 0.0
  vertex 0.05002106927457019 0.08053482751940078 0.0
 endloop
endfacet
facet normal 0.0 0.0 -1.0
 outer loop
  vertex 0.04112871031306142 0.0911505852311672 0.0
  vertex 0.04562106573531653 0.08898718088114675 0.0
  vertex 0.04132346801048119 0.0862999499753161 0.0
 endloop
endfacet
facet normal 0.0 -0.0 -1.0
 outer loop
  vertex 0.04562106573531653 0.08898718088114675 0.0
  vertex 0.0457453736134243 0.08400259231507705 0.0
  vertex 0.04132346801048119 0.0862999499753161 0.0
 endloop
endfacet
facet normal 0.0 0.0 -1.0
 outer loop
  vertex 0.03653410243663976 0.09308737486442033 0.0
  vertex 0.04112871031306142 0.0911505852311672 0.0
  vertex 0.03716802612194059 0.08838307941949061 0.0
 endloop
endfacet
facet normal 0.0 0.0 -1.0
 outer loop
  vertex 0.03716802612194059 0.08838307941949061 0.0
  vertex 0.04112871031306142 0.0911505852311672 0.0
  vertex 0.04132346801048119 0.0862999499753161 0.0
 endloop
endfacet
facet normal 0.0 0.0 -1.0
 outer loop
  vertex 0.03184866502516872 0.09479273461671309 0.0
  vertex 0.03653410243663976 0.09308737486442033 0.0
  vertex 0.03262557741442275 0.08998660359674338 0.0
 endloop
endfacet
facet normal 0.0 -0.0 -1.0
 outer loop
  vertex 0.03653410243663976 0.09308737486442033 0.0
  vertex 0.03716802612194059 0.08838307941949061 0.0
  vertex 0.03262557741442275 0.08998660359674338 0.0
 endloop
endfacet
facet normal 0.0 0.0 -1.0
 outer loop
  vertex 0.02708404681430079 0.09626242469500113 0.0
  vertex 0.03184866502516872 0.09479273461671309 0.0
  vertex 0.02746856214657785 0.09135510086905863 0.0
 endloop
endfacet
facet normal 0.0 0.0 -1.0
 outer loop
  vertex 0.02746856214657785 0.09135510086905863 0.0
  vertex 0.03184866502516872 0.09479273461671309 0.0
  vertex 0.03262557741442275 0.08998660359674338 0.0
 endloop
endfacet
facet normal 0.0 0.0 -1.0
 outer loop
  vertex 0.02225209339563175 0.0974927912181823 0.0
  vertex 0.02708404681430079 0.09626242469500113 0.0
  vertex 0.02397662974068208 0.09420332109238766 0.0
 endloop
endfacet
facet normal 0.0 -0.0 -1.0
 outer loop
  vertex 0.02708404681430079 0.09626242469500113 0.0
  vertex 0.02746856214657785 0.09135510086905863 0.0
  vertex 0.02397662974068208 0.09420332109238766 0.0
 endloop
endfacet
facet normal 0.0 0.0 -1.0
 outer loop
  vertex 0.01736481776669335 0.09848077530122075 0.0
  vertex 0.02225209339563175 0.0974927912181823 0.0
  vertex 0.01937182308694385 0.09338946821060873 0.0
 endloop
endfacet
facet normal 0.0 0.0 -1.0
 outer loop
  vertex 0.01937182308694385 0.09338946821060873 0.0
  vertex 0.02225209339563175 0.0974927912181823 0.0
  vertex 0.02397662974068208 0.09420332109238766 0.0
 endloop
endfacet
facet normal 0.0 0.0 -1.0
 outer loop
  vertex 0.01243437046474884 0.09922392066001717 0.0
  vertex 0.01736481776669335 0.09848077530122075 0.0
  vertex 0.01429154238246797 0.0948181883210388 0.0
 endloop
endfacet
facet normal 0.0 -0.0 -1.0
 outer loop
  vertex 0.01736481776669335 0.09848077530122075 0.0
  vertex 0.01937182308694385 0.09338946821060873 0.0
  vertex 0.01429154238246797 0.0948181883210388 0.0
 endloop
endfacet
facet normal 0.0 0.0 -1.0
 outer loop
  vertex 0.007473009358642749 0.099720379718118 0.0
  vertex 0.01243437046474884 0.09922392066001717 0.0
  vertex 0.009523743755441589 0.09517548543383164 0.0
 endloop
endfacet
facet normal 0.0 0.0 -1.0
 outer loop
  vertex 0.009523743755441589 0.09517548543383164 0.0
  vertex 0.01243437046474884 0.09922392066001717 0.0
  vertex 0.01429154238246797 0.0948181883210388 0.0
 endloop
endfacet
facet normal 0.0 0.0 -1.0
 outer loop
  vertex 0.002493069173807615 0.09996891820008164 0.0
  vertex 0.007473009358642749 0.099720379718118 0.0
  vertex 0.004849810670143856 0.0958338181953563 0.0
 endloop
endfacet
facet normal 0.0 -0.0 -1.0
 outer loop
  vertex 0.007473009358642749 0.099720379718118 0.0
  vertex 0.009523743755441589 0.09517548543383164 0.0
  vertex 0.004849810670143856 0.0958338181953563 0.0
 endloop
endfacet
facet normal 0.0 0.0 -1.0
 outer loop
  vertex -0.002493069173806936 0.09996891820008164 0.0
  vertex 0.002493069173807615 0.09996891820008164 0.0
  vertex 0.0001724231096176262 0.09601101107929388 0.0
 endloop
endfacet
facet normal 0.0 0.0 -1.0
 outer loop
  vertex 0.0001724231096176262 0.09601101107929388 0.0
  vertex 0.002493069173807615 0.09996891820008164 0.0
  vertex 0.004849810670143856 0.0958338181953563 0.0
 endloop
endfacet
facet normal 0.0 0.0 -1.0
 outer loop
  vertex -0.007473009358642051 0.09972037971811805 0.0
  vertex -0.002493069173806936 0.09996891820008164 0.0
  vertex -0.004704296391953882 0.09577185324944497 0.0
 endloop
endfacet
facet normal 0.0 -0.0 -1.0
 outer loop
  vertex -0.002493069173806936 0.09996891820008164 0.0
  vertex 0.0001724231096176262 0.09601101107929388 0.0
  vertex -0.004704296391953882 0.09577185324944497 0.0
 endloop
endfacet
facet normal 0.0 0.0 -1.0
 outer loop
  vertex -0.01243437046474812 0.09922392066001727 0.0
  vertex -0.007473009358642051 0.09972037971811805 0.0
  vertex -0.00994575861848287 0.0945334462449623 0.0
 endloop
endfacet
facet normal 0.0 0.0 -1.0
 outer loop
  vertex -0.00994575861848287 0.0945334462449623 0.0
  vertex -0.007473009358642051 0.09972037971811805 0.0
  vertex -0.004704296391953882 0.09577185324944497 0.0
 endloop
endfacet
facet normal 0.0 0.0 -1.0
 outer loop
  vertex -0.01736481776669261 0.09848077530122089 0.0
  vertex -0.01243437046474812 0.09922392066001727 0.0
  vertex -0.01441536245152892 0.09563968080323669 0.0
 endloop
endfacet
facet normal 0.0 -0.0 -1.0
 outer loop
  vertex -0.01243437046474812 0.09922392066001727 0.0
  vertex -0.00994575861848287 0.0945334462449623 0.0
  vertex -0.01441536245152892 0.09563968080323669 0.0
 endloop
endfacet
facet normal 0.0 0.0 -1.0
 outer loop
  vertex -0.022252093395631 0.09749279121818247 0.0
  vertex -0.01736481776669261 0.09848077530122089 0.0
  vertex -0.01847903718175489 0.09421286659985036 0.0
 endloop
endfacet
facet normal 0.0 0.0 -1.0
 outer loop
  vertex -0.01847903718175489 0.09421286659985036 0.0
  vertex -0.01736481776669261 0.09848077530122089 0.0
  vertex -0.01441536245152892 0.09563968080323669 0.0
 endloop
endfacet
facet normal 0.0 0.0 -1.0
 outer loop
  vertex -0.02708404681430006 0.09626242469500135 0.0
  vertex -0.022252093395631 0.09749279121818247 0.0
  vertex -0.02320767418680968 0.092741025537319 0.0
 endloop
endfacet
facet normal 0.0 -0.0 -1.0
 outer loop
  vertex -0.022252093395631 0.09749279121818247 0.0
  vertex -0.01847903718175489 0.09421286659985036 0.0
  vertex -0.02320767418680968 0.092741025537319 0.0
 endloop
endfacet
facet normal 0.0 0.0 -1.0
 outer loop
  vertex -0.03184866502516801 0.09479273461671334 0.0
  vertex -0.02708404681430006 0.09626242469500135 0.0
  vertex -0.02779274616733166 0.09107738468158072 0.0
 endloop
endfacet
facet normal 0.0 0.0 -1.0
 outer loop
  vertex -0.02779274616733166 0.09107738468158072 0.0
  vertex -0.02708404681430006 0.09626242469500135 0.0
  vertex -0.02320767418680968 0.092741025537319 0.0
 endloop
endfacet
facet normal 0.0 0.0 -1.0
 outer loop
  vertex -0.03653410243663906 0.0930873748644206 0.0
  vertex -0.03184866502516801 0.09479273461671334 0.0
  vertex -0.03239081628076811 0.08931031125988106 0.0
 endloop
endfacet
facet normal 0.0 -0.0 -1.0
 outer loop
  vertex -0.03184866502516801 0.09479273461671334 0.0
  vertex -0.02779274616733166 0.09107738468158072 0.0
  vertex -0.03239081628076811 0.08931031125988106 0.0
 endloop
endfacet
facet normal 0.0 0.0 -1.0
 outer loop
  vertex -0.04112871031306069 0.09115058523116754 0.0
  vertex -0.03653410243663906 0.0930873748644206 0.0
  vertex -0.03708651027483213 0.08795073794252682 0.0
 endloop
endfacet
facet normal 0.0 0.0 -1.0
 outer loop
  vertex -0.03708651027483213 0.08795073794252682 0.0
  vertex -0.03653410243663906 0.0930873748644206 0.0
  vertex -0.03239081628076811 0.08931031125988106 0.0
 endloop
endfacet
facet normal 0.0 0.0 -1.0
 outer loop
  vertex -0.04562106573531582 0.0889871808811471 0.0
  vertex -0.04112871031306069 0.09115058523116754 0.0
  vertex -0.04138682681978732 0.08563862879253695 0.0
 endloop
endfacet
facet normal 0.0 -0.0 -1.0
 outer loop
  vertex -0.04112871031306069 0.09115058523116754 0.0
  vertex -0.03708651027483213 0.08795073794252682 0.0
  vertex -0.04138682681978732 0.08563862879253695 0.0
 endloop
endfacet
facet normal 0.0 0.0 -1.0
 outer loop
  vertex -0.04999999999999956 0.08660254037844412 0.0
  vertex -0.04562106573531582 0.0889871808811471 0.0
  vertex -0.04578781280592134 0.08388317091767634 0.0
 endloop
endfacet
facet normal 0.0 0.0 -1.0
 outer loop
  vertex -0.04578781280592134 0.08388317091767634 0.0
  vertex -0.04562106573531582 0.0889871808811471 0.0
  vertex -0.04138682681978732 0.08563862879253695 0.0
 endloop
endfacet
facet normal 0.0 0.0 -1.0
 outer loop
  vertex -0.05425462638657549 0.08400259231507745 0.0
  vertex -0.04999999999999956 0.08660254037844412 0.0
  vertex -0.05029643555692407 0.0814266419537869 0.0
 endloop
endfacet
facet normal 0.0 -0.0 -1.0
 outer loop
  vertex -0.04999999999999956 0.08660254037844412 0.0
  vertex -0.04578781280592134 0.08388317091767634 0.0
  vertex -0.05029643555692407 0.0814266419537869 0.0
 endloop
endfacet
facet normal 0.0 0.0 -1.0
 outer loop
  vertex -0.05837436722347853 0.08119380057158598 0.0
  vertex -0.05425462638657549 0.08400259231507745 0.0
  vertex -0.05475113710747199 0.0792761199228659 0.0
 endloop
endfacet
facet normal 0.0 0.0 -1.0
 outer loop
  vertex -0.05475113710747199 0.0792761199228659 0.0
  vertex -0.05425462638657549 0.08400259231507745 0.0
  vertex -0.05029643555692407 0.0814266419537869 0.0
 endloop
endfacet
facet normal 0.0 0.0 -1.0
 outer loop
  vertex -0.0623489801858729 0.07818314824680335 0.0
  vertex -0.05837436722347853 0.08119380057158598 0.0
  vertex -0.05859942454351212 0.07746652792575799 0.0
 endloop
endfacet
facet normal 0.0 -0.0 -1.0
 outer loop
  vertex -0.05837436722347853 0.08119380057158598 0.0
  vertex -0.05475113710747199 0.0792761199228659 0.0
  vertex -0.05859942454351212 0.07746652792575799 0.0
 endloop
endfacet
facet normal 0.0 0.0 -1.0
 outer loop
  vertex -0.06616858375968553 0.0749781202967738 0.0
  vertex -0.0623489801858729 0.07818314824680335 0.0
  vertex -0.06098423080682234 0.07329942860021293 0.0
 endloop
endfacet
facet normal 0.0 0.0 -1.0
 outer loop
  vertex -0.06098423080682234 0.07329942860021293 0.0
  vertex -0.0623489801858729 0.07818314824680335 0.0
  vertex -0.05859942454351212 0.07746652792575799 0.0
 endloop
endfacet
facet normal 0.0 0.0 -1.0
 outer loop
  vertex -0.06982368180860686 0.07158668492597225 0.0
  vertex -0.06616858375968553 0.0749781202967738 0.0
  vertex -0.06522220473988882 0.07014000265515707 0.0
 endloop
endfacet
facet normal 0.0 0.0 -1.0
 outer loop
  vertex -0.06616858375968553 0.0749781202967738 0.0
  vertex -0.06098423080682234 0.07329942860021293 0.0
  vertex -0.06522220473988882 0.07014000265515707 0.0
 endloop
endfacet
facet normal 0.0 0.0 -1.0
 outer loop
  vertex -0.07330518718298222 0.0680172737770924 0.0
  vertex -0.06982368180860686 0.07158668492597225 0.0
  vertex -0.06856095576793705 0.06665258589358103 0.0
 endloop
endfacet
facet normal 0.0 0.0 -1.0
 outer loop
  vertex -0.06856095576793705 0.06665258589358103 0.0
  vertex -0.06982368180860686 0.07158668492597225 0.0
  vertex -0.06522220473988882 0.07014000265515707 0.0
 endloop
endfacet
facet normal 0.0 0.0 -1.0
 outer loop
  vertex -0.07660444431189743 0.0642787609686544 0.0
  vertex -0.07330518718298222 0.0680172737770924 0.0
  vertex -0.07173224071908053 0.06318471161338118 0.0
 endloop
endfacet
facet normal 0.0 0.0 -1.0
 outer loop
  vertex -0.07330518718298222 0.0680172737770924 0.0
  vertex -0.06856095576793705 0.06665258589358103 0.0
  vertex -0.07173224071908053 0.06318471161338118 0.0
 endloop
endfacet
facet normal 0.0 0.0 -1.0
 outer loop
  vertex -0.0797132507222919 0.06038044103254819 0.0
  vertex -0.07660444431189743 0.0642787609686544 0.0
  vertex -0.07478280342034739 0.05963729567375178 0.0
 endloop
endfacet
facet normal 0.0 0.0 -1.0
 outer loop
  vertex -0.07478280342034739 0.05963729567375178 0.0
  vertex -0.07660444431189743 0.0642787609686544 0.0
  vertex -0.07173224071908053 0.06318471161338118 0.0
 endloop
endfacet
facet normal 0.0 0.0 -1.0
 outer loop
  vertex -0.08262387743159916 0.0563320058063627 0.0
  vertex -0.0797132507222919 0.06038044103254819 0.0
  vertex -0.07785607880457278 0.05597470869356981 0.0
 endloop
endfacet
facet normal 0.0 0.0 -1.0
 outer loop
  vertex -0.0797132507222919 0.06038044103254819 0.0
  vertex -0.07478280342034739 0.05963729567375178 0.0
  vertex -0.07785607880457278 0.05597470869356981 0.0
 endloop
endfacet
facet normal 0.0 0.0 -1.0
 outer loop
  vertex -0.08532908816321524 0.05214352033795035 0.0
  vertex -0.08262387743159916 0.0563320058063627 0.0
  vertex -0.080299311674367 0.0519333911214343 0.0
 endloop
endfacet
facet normal 0.0 0.0 -1.0
 outer loop
  vertex -0.080299311674367 0.0519333911214343 0.0
  vertex -0.08262387743159916 0.0563320058063627 0.0
  vertex -0.07785607880457278 0.05597470869356981 0.0
 endloop
endfacet
facet normal 0.0 0.0 -1.0
 outer loop
  vertex -0.08782215733702255 0.0478253978621324 0.0
  vertex -0.08532908816321524 0.05214352033795035 0.0
  vertex -0.08304247566827075 0.04794459568124973 0.0
 endloop
endfacet
facet normal 0.0 0.0 -1.0
 outer loop
  vertex -0.08532908816321524 0.05214352033795035 0.0
  vertex -0.080299311674367 0.0519333911214343 0.0
  vertex -0.08304247566827075 0.04794459568124973 0.0
 endloop
endfacet
facet normal 0.0 0.0 -1.0
 outer loop
  vertex -0.09009688679024164 0.04338837391175639 0.0
  vertex -0.08782215733702255 0.0478253978621324 0.0
  vertex -0.08528734946277217 0.04383628171710697 0.0
 endloop
endfacet
facet normal 0.0 0.0 -1.0
 outer loop
  vertex -0.08528734946277217 0.04383628171710697 0.0
  vertex -0.08782215733702255 0.0478253978621324 0.0
  vertex -0.08304247566827075 0.04794459568124973 0.0
 endloop
endfacet
facet normal 0.0 0.0 -1.0
 outer loop
  vertex -0.09214762118704051 0.03884347962747008 0.0
  vertex -0.09009688679024164 0.04338837391175639 0.0
  vertex -0.08714009992309396 0.03940067276000773 0.0
 endloop
endfacet
facet normal 0.0 0.0 -1.0
 outer loop
  vertex -0.09009688679024164 0.04338837391175639 0.0
  vertex -0.08528734946277217 0.04383628171710697 0.0
  vertex -0.08714009992309396 0.03940067276000773 0.0
 endloop
endfacet
facet normal 0.0 0.0 -1.0
 outer loop
  vertex -0.09396926207859062 0.03420201433256752 0.0
  vertex -0.09214762118704051 0.03884347962747008 0.0
  vertex -0.08917211840454542 0.0351284422752778 0.0
 endloop
endfacet
facet normal 0.0 0.0 -1.0
 outer loop
  vertex -0.09214762118704051 0.03884347962747008 0.0
  vertex -0.08714009992309396 0.03940067276000773 0.0
  vertex -0.08917211840454542 0.0351284422752778 0.0
 endloop
endfacet
facet normal 0.0 0.0 -1.0
 outer loop
  vertex -0.09555728057861389 0.02947551744109106 0.0
  vertex -0.09396926207859062 0.03420201433256752 0.0
  vertex -0.09093658807157923 0.03090360288484486 0.0
 endloop
endfacet
facet normal 0.0 0.0 -1.0
 outer loop
  vertex -0.09093658807157923 0.03090360288484486 0.0
  vertex -0.09396926207859062 0.03420201433256752 0.0
  vertex -0.08917211840454542 0.0351284422752778 0.0
 endloop
endfacet
facet normal 0.0 0.0 -1.0
 outer loop
  vertex -0.09690772862290764 0.02467573976903003 0.0
  vertex -0.09555728057861389 0.02947551744109106 0.0
  vertex -0.09209222470627484 0.02644215435327335 0.0
 endloop
endfacet
facet normal 0.0 0.0 -1.0
 outer loop
  vertex -0.09555728057861389 0.02947551744109106 0.0
  vertex -0.09093658807157923 0.03090360288484486 0.0
  vertex -0.09209222470627484 0.02644215435327335 0.0
 endloop
endfacet
facet normal 0.0 0.0 -1.0
 outer loop
  vertex -0.09801724878485425 0.01981461431994042 0.0
  vertex -0.09690772862290764 0.02467573976903003 0.0
  vertex -0.09338239858015338 0.02160384997120516 0.0
 endloop
endfacet
facet normal 0.0 0.0 -1.0
 outer loop
  vertex -0.09338239858015338 0.02160384997120516 0.0
  vertex -0.09690772862290764 0.02467573976903003 0.0
  vertex -0.09209222470627484 0.02644215435327335 0.0
 endloop
endfacet
facet normal 0.0 0.0 -1.0
 outer loop
  vertex -0.09888308262251276 0.01490422661761813 0.0
  vertex -0.09801724878485425 0.01981461431994042 0.0
  vertex -0.09413844783201403 0.01679036104959227 0.0
 endloop
endfacet
facet normal 0.0 0.0 -1.0
 outer loop
  vertex -0.09801724878485425 0.01981461431994042 0.0
  vertex -0.09338239858015338 0.02160384997120516 0.0
  vertex -0.09413844783201403 0.01679036104959227 0.0
 endloop
endfacet
facet normal 0.0 0.0 -1.0
 outer loop
  vertex -0.09950307753654009 0.00995678465958238 0.0
  vertex -0.09888308262251276 0.01490422661761813 0.0
  vertex -0.09490846966011844 0.01189357429283544 0.0
 endloop
endfacet
facet normal 0.0 0.0 -1.0
 outer loop
  vertex -0.09490846966011844 0.01189357429283544 0.0
  vertex -0.09888308262251276 0.01490422661761813 0.0
  vertex -0.09413844783201403 0.01679036104959227 0.0
 endloop
endfacet
facet normal 0.0 0.0 -1.0
 outer loop
  vertex -0.0998756921218922 0.004984588566070414 0.0
  vertex -0.09950307753654009 0.00995678465958238 0.0
  vertex -0.09540092463176193 0.006948800783873318 0.0
 endloop
endfacet
facet normal 0.0 0.0 -1.0
 outer loop
  vertex -0.09950307753654009 0.00995678465958238 0.0
  vertex -0.09490846966011844 0.01189357429283544 0.0
  vertex -0.09540092463176193 0.006948800783873318 0.0
 endloop
endfacet
facet normal 0.0 0.0 -1.0
 outer loop
  vertex -0.1 7.22788799298324e-16 0.0
  vertex -0.0998756921218922 0.004984588566070414 0.0
  vertex -0.09587656917222134 0.002098966209986637 0.0
 endloop
endfacet
facet normal 0.0 0.0 -1.0
 outer loop
  vertex -0.09587656917222134 0.002098966209986637 0.0
  vertex -0.0998756921218922 0.004984588566070414 0.0
  vertex -0.09540092463176193 0.006948800783873318 0.0
 endloop
endfacet
facet normal 0.0 0.0 -1.0
 outer loop
  vertex -0.09987569212189229 -0.00498458856606897 0.0
  vertex -0.1 7.22788799298324e-16 0.0
  vertex -0.09579838394542234 -0.002732542981461762 0.0
 endloop
endfacet
facet normal 0.0 0.0 -1.0
 outer loop
  vertex -0.1 7.22788799298324e-16 0.0
  vertex -0.09587656917222134 0.002098966209986637 0.0
  vertex -0.09579838394542234 -0.002732542981461762 0.0
 endloop
endfacet
facet normal 0.0 0.0 -1.0
 outer loop
  vertex -0.09950307753654022 -0.009956784659580898 0.0
  vertex -0.09987569212189229 -0.00498458856606897 0.0
  vertex -0.09494185737413134 -0.007880238064702816 0.0
 endloop
endfacet
facet normal 0.0 0.0 -1.0
 outer loop
  vertex -0.09494185737413134 -0.007880238064702816 0.0
  vertex -0.09987569212189229 -0.00498458856606897 0.0
  vertex -0.09579838394542234 -0.002732542981461762 0.0
 endloop
endfacet
facet normal 0.0 0.0 -1.0
 outer loop
  vertex -0.09888308262251298 -0.01490422661761666 0.0
  vertex -0.09950307753654022 -0.009956784659580898 0.0
  vertex -0.09590899747745034 -0.01235288155531225 0.0
 endloop
endfacet
facet normal 0.0 0.0 -1.0
 outer loop
  vertex -0.09950307753654022 -0.009956784659580898 0.0
  vertex -0.09494185737413134 -0.007880238064702816 0.0
  vertex -0.09590899747745034 -0.01235288155531225 0.0
 endloop
endfacet
facet normal 0.0 0.0 -1.0
 outer loop
  vertex -0.09801724878485456 -0.01981461431993896 0.0
  vertex -0.09888308262251298 -0.01490422661761666 0.0
  vertex -0.09433231650973077 -0.01683724506829326 0.0
 endloop
endfacet
facet normal 0.0 0.0 -1.0
 outer loop
  vertex -0.09433231650973077 -0.01683724506829326 0.0
  vertex -0.09888308262251298 -0.01490422661761666 0.0
  vertex -0.09590899747745034 -0.01235288155531225 0.0
 endloop
endfacet
facet normal 0.0 0.0 -1.0
 outer loop
  vertex -0.096907728622908 -0.02467573976902859 0.0
  vertex -0.09801724878485456 -0.01981461431993896 0.0
  vertex -0.09483271337697419 -0.02161180682316015 0.0
 endloop
endfacet
facet normal 0.0 0.0 -1.0
 outer loop
  vertex -0.09801724878485456 -0.01981461431993896 0.0
  vertex -0.09433231650973077 -0.01683724506829326 0.0
  vertex -0.09483271337697419 -0.02161180682316015 0.0
 endloop
endfacet
facet normal 0.0 0.0 -1.0
 outer loop
  vertex -0.0955572805786143 -0.02947551744108967 0.0
  vertex -0.096907728622908 -0.02467573976902859 0.0
  vertex -0.09195519461709435 -0.02536437618684448 0.0
 endloop
endfacet
facet normal 0.0 0.0 -1.0
 outer loop
  vertex -0.09195519461709435 -0.02536437618684448 0.0
  vertex -0.096907728622908 -0.02467573976902859 0.0
  vertex -0.09483271337697419 -0.02161180682316015 0.0
 endloop
endfacet
facet normal 0.0 0.0 -1.0
 outer loop
  vertex -0.0939692620785911 -0.03420201433256616 0.0
  vertex -0.0955572805786143 -0.02947551744108967 0.0
  vertex -0.09089598669436584 -0.03053942735238416 0.0
 endloop
endfacet
facet normal 0.0 0.0 -1.0
 outer loop
  vertex -0.0955572805786143 -0.02947551744108967 0.0
  vertex -0.09195519461709435 -0.02536437618684448 0.0
  vertex -0.09089598669436584 -0.03053942735238416 0.0
 endloop
endfacet
facet normal 0.0 0.0 -1.0
 outer loop
  vertex -0.09214762118704108 -0.03884347962746875 0.0
  vertex -0.0939692620785911 -0.03420201433256616 0.0
  vertex -0.08903881477664663 -0.03494515969136257 0.0
 endloop
endfacet
facet normal 0.0 0.0 -1.0
 outer loop
  vertex -0.08903881477664663 -0.03494515969136257 0.0
  vertex -0.0939692620785911 -0.03420201433256616 0.0
  vertex -0.09089598669436584 -0.03053942735238416 0.0
 endloop
endfacet
facet normal 0.0 0.0 -1.0
 outer loop
  vertex -0.09009688679024225 -0.04338837391175512 0.0
  vertex -0.09214762118704108 -0.03884347962746875 0.0
  vertex -0.08740355910035155 -0.03943798773701819 0.0
 endloop
endfacet
facet normal 0.0 0.0 -1.0
 outer loop
  vertex -0.09214762118704108 -0.03884347962746875 0.0
  vertex -0.08903881477664663 -0.03494515969136257 0.0
  vertex -0.08740355910035155 -0.03943798773701819 0.0
 endloop
endfacet
facet normal 0.0 0.0 -1.0
 outer loop
  vertex -0.08782215733702321 -0.04782539786213116 0.0
  vertex -0.09009688679024225 -0.04338837391175512 0.0
  vertex -0.08511694660540708 -0.04363691239371877 0.0
 endloop
endfacet
facet normal 0.0 0.0 -1.0
 outer loop
  vertex -0.08511694660540708 -0.04363691239371877 0.0
  vertex -0.09009688679024225 -0.04338837391175512 0.0
  vertex -0.08740355910035155 -0.03943798773701819 0.0
 endloop
endfacet
facet normal 0.0 0.0 -1.0
 outer loop
  vertex -0.08532908816321595 -0.0521435203379492 0.0
  vertex -0.08782215733702321 -0.04782539786213116 0.0
  vertex -0.08313739015400756 -0.04791283581538339 0.0
 endloop
endfacet
facet normal 0.0 0.0 -1.0
 outer loop
  vertex -0.08782215733702321 -0.04782539786213116 0.0
  vertex -0.08511694660540708 -0.04363691239371877 0.0
  vertex -0.08313739015400756 -0.04791283581538339 0.0
 endloop
endfacet
facet normal 0.0 0.0 -1.0
 outer loop
  vertex -0.08262387743159987 -0.05633200580636166 0.0
  vertex -0.08532908816321595 -0.0521435203379492 0.0
  vertex -0.08076109546027382 -0.05195620887245506 0.0
 endloop
endfacet
facet normal -0.0 0.0 -1.0
 outer loop
  vertex -0.08076109546027382 -0.05195620887245506 0.0
  vertex -0.08532908816321595 -0.0521435203379492 0.0
  vertex -0.08313739015400756 -0.04791283581538339 0.0
 endloop
endfacet
facet normal 0.0 0.0 -1.0
 outer loop
  vertex -0.07971325072229264 -0.06038044103254722 0.0
  vertex -0.08262387743159987 -0.05633200580636166 0.0
  vertex -0.07784367291829061 -0.0557742476240697 0.0
 endloop
endfacet
facet normal 0.0 0.0 -1.0
 outer loop
  vertex -0.08262387743159987 -0.05633200580636166 0.0
  vertex -0.08076109546027382 -0.05195620887245506 0.0
  vertex -0.07784367291829061 -0.0557742476240697 0.0
 endloop
endfacet
facet normal 0.0 0.0 -1.0
 outer loop
  vertex -0.07660444431189824 -0.06427876096865341 0.0
  vertex -0.07971325072229264 -0.06038044103254722 0.0
  vertex -0.07432013611954742 -0.05969960235611708 0.0
 endloop
endfacet
facet normal -0.0 0.0 -1.0
 outer loop
  vertex -0.07432013611954742 -0.05969960235611708 0.0
  vertex -0.07971325072229264 -0.06038044103254722 0.0
  vertex -0.07784367291829061 -0.0557742476240697 0.0
 endloop
endfacet
facet normal 0.0 0.0 -1.0
 outer loop
  vertex -0.07330518718298308 -0.06801727377709146 0.0
  vertex -0.07660444431189824 -0.06427876096865341 0.0
  vertex -0.07269715966386125 -0.06430625583646105 0.0
 endloop
endfacet
facet normal 0.0 0.0 -1.0
 outer loop
  vertex -0.07660444431189824 -0.06427876096865341 0.0
  vertex -0.07432013611954742 -0.05969960235611708 0.0
  vertex -0.07269715966386125 -0.06430625583646105 0.0
 endloop
endfacet
facet normal 0.0 0.0 -1.0
 outer loop
  vertex -0.06982368180860775 -0.07158668492597141 0.0
  vertex -0.07330518718298308 -0.06801727377709146 0.0
  vertex -0.0685169511552674 -0.06698276628683475 0.0
 endloop
endfacet
facet normal -0.0 0.0 -1.0
 outer loop
  vertex -0.0685169511552674 -0.06698276628683475 0.0
  vertex -0.07330518718298308 -0.06801727377709146 0.0
  vertex -0.07269715966386125 -0.06430625583646105 0.0
 endloop
endfacet
facet normal 0.0 0.0 -1.0
 outer loop
  vertex -0.06616858375968644 -0.07497812029677299 0.0
  vertex -0.06982368180860775 -0.07158668492597141 0.0
  vertex -0.0658422913143167 -0.07090598078090095 0.0
 endloop
endfacet
facet normal 0.0 0.0 -1.0
 outer loop
  vertex -0.06982368180860775 -0.07158668492597141 0.0
  vertex -0.0685169511552674 -0.06698276628683475 0.0
  vertex -0.0658422913143167 -0.07090598078090095 0.0
 endloop
endfacet
facet normal 0.0 0.0 -1.0
 outer loop
  vertex -0.06234898018587385 -0.07818314824680259 0.0
  vertex -0.06616858375968644 -0.07497812029677299 0.0
  vertex -0.0620570462769721 -0.07318382414364852 0.0
 endloop
endfacet
facet normal -0.0 0.0 -1.0
 outer loop
  vertex -0.0620570462769721 -0.07318382414364852 0.0
  vertex -0.06616858375968644 -0.07497812029677299 0.0
  vertex -0.0658422913143167 -0.07090598078090095 0.0
 endloop
endfacet
facet normal 0.0 0.0 -1.0
 outer loop
  vertex -0.05837436722347949 -0.08119380057158529 0.0
  vertex -0.06234898018587385 -0.07818314824680259 0.0
  vertex -0.05813180933521559 -0.07604057439862041 0.0
 endloop
endfacet
facet normal 0.0 0.0 -1.0
 outer loop
  vertex -0.06234898018587385 -0.07818314824680259 0.0
  vertex -0.0620570462769721 -0.07318382414364852 0.0
  vertex -0.05813180933521559 -0.07604057439862041 0.0
 endloop
endfacet
facet normal 0.0 0.0 -1.0
 outer loop
  vertex -0.05425462638657644 -0.08400259231507683 0.0
  vertex -0.05837436722347949 -0.08119380057158529 0.0
  vertex -0.05418007256678106 -0.07907762289708381 0.0
 endloop
endfacet
facet normal -0.0 0.0 -1.0
 outer loop
  vertex -0.05418007256678106 -0.07907762289708381 0.0
  vertex -0.05837436722347949 -0.08119380057158529 0.0
  vertex -0.05813180933521559 -0.07604057439862041 0.0
 endloop
endfacet
facet normal 0.0 0.0 -1.0
 outer loop
  vertex -0.0500000000000005 -0.08660254037844357 0.0
  vertex -0.05425462638657644 -0.08400259231507683 0.0
  vertex -0.05007045562391493 -0.08167028182301375 0.0
 endloop
endfacet
facet normal 0.0 0.0 -1.0
 outer loop
  vertex -0.05425462638657644 -0.08400259231507683 0.0
  vertex -0.05418007256678106 -0.07907762289708381 0.0
  vertex -0.05007045562391493 -0.08167028182301375 0.0
 endloop
endfacet
facet normal 0.0 0.0 -1.0
 outer loop
  vertex -0.0456210657353168 -0.08898718088114661 0.0
  vertex -0.0500000000000005 -0.08660254037844357 0.0
  vertex -0.04574537361342453 -0.08400259231507688 0.0
 endloop
endfacet
facet normal -0.0 0.0 -1.0
 outer loop
  vertex -0.04574537361342453 -0.08400259231507688 0.0
  vertex -0.0500000000000005 -0.08660254037844357 0.0
  vertex -0.05007045562391493 -0.08167028182301375 0.0
 endloop
endfacet
facet normal 0.0 0.0 -1.0
 outer loop
  vertex -0.04112871031306164 -0.09115058523116709 0.0
  vertex -0.0456210657353168 -0.08898718088114661 0.0
  vertex -0.04100350294782527 -0.08514465120557484 0.0
 endloop
endfacet
facet normal 0.0 0.0 -1.0
 outer loop
  vertex -0.0456210657353168 -0.08898718088114661 0.0
  vertex -0.04574537361342453 -0.08400259231507688 0.0
  vertex -0.04100350294782527 -0.08514465120557484 0.0
 endloop
endfacet
facet normal 0.0 0.0 -1.0
 outer loop
  vertex -0.03653410243663999 -0.09308737486442024 0.0
  vertex -0.04112871031306164 -0.09115058523116709 0.0
  vertex -0.03715206445234896 -0.08785371234460143 0.0
 endloop
endfacet
facet normal -0.0 0.0 -1.0
 outer loop
  vertex -0.03715206445234896 -0.08785371234460143 0.0
  vertex -0.04112871031306164 -0.09115058523116709 0.0
  vertex -0.04100350294782527 -0.08514465120557484 0.0
 endloop
endfacet
facet normal 0.0 0.0 -1.0
 outer loop
  vertex -0.03184866502516891 -0.09479273461671302 0.0
  vertex -0.03653410243663999 -0.09308737486442024 0.0
  vertex -0.03261724756672719 -0.08949170107433542 0.0
 endloop
endfacet
facet normal 0.0 0.0 -1.0
 outer loop
  vertex -0.03653410243663999 -0.09308737486442024 0.0
  vertex -0.03715206445234896 -0.08785371234460143 0.0
  vertex -0.03261724756672719 -0.08949170107433542 0.0
 endloop
endfacet
facet normal 0.0 0.0 -1.0
 outer loop
  vertex -0.02708404681430098 -0.09626242469500108 0.0
  vertex -0.03184866502516891 -0.09479273461671302 0.0
  vertex -0.02822904468175198 -0.09146187994924723 0.0
 endloop
endfacet
facet normal -0.0 0.0 -1.0
 outer loop
  vertex -0.02822904468175198 -0.09146187994924723 0.0
  vertex -0.03184866502516891 -0.09479273461671302 0.0
  vertex -0.03261724756672719 -0.08949170107433542 0.0
 endloop
endfacet
facet normal 0.0 0.0 -1.0
 outer loop
  vertex -0.02225209339563189 -0.09749279121818227 0.0
  vertex -0.02708404681430098 -0.09626242469500108 0.0
  vertex -0.0237389164156151 -0.0928991631854669 0.0
 endloop
endfacet
facet normal 0.0 0.0 -1.0
 outer loop
  vertex -0.02708404681430098 -0.09626242469500108 0.0
  vertex -0.02822904468175198 -0.09146187994924723 0.0
  vertex -0.0237389164156151 -0.0928991631854669 0.0
 endloop
endfacet
facet normal 0.0 0.0 -1.0
 outer loop
  vertex -0.01736481776669356 -0.09848077530122072 0.0
  vertex -0.02225209339563189 -0.09749279121818227 0.0
  vertex -0.01928674836705759 -0.09383053613291498 0.0
 endloop
endfacet
facet normal -0.0 0.0 -1.0
 outer loop
  vertex -0.01928674836705759 -0.09383053613291498 0.0
  vertex -0.02225209339563189 -0.09749279121818227 0.0
  vertex -0.0237389164156151 -0.0928991631854669 0.0
 endloop
endfacet
facet normal 0.0 0.0 -1.0
 outer loop
  vertex -0.01243437046474902 -0.09922392066001715 0.0
  vertex -0.01736481776669356 -0.09848077530122072 0.0
  vertex -0.01470046881448872 -0.09459485682496058 0.0
 endloop
endfacet
facet normal 0.0 0.0 -1.0
 outer loop
  vertex -0.01736481776669356 -0.09848077530122072 0.0
  vertex -0.01928674836705759 -0.09383053613291498 0.0
  vertex -0.01470046881448872 -0.09459485682496058 0.0
 endloop
endfacet
facet normal 0.0 0.0 -1.0
 outer loop
  vertex -0.007473009358642916 -0.09972037971811798 0.0
  vertex -0.01243437046474902 -0.09922392066001715 0.0
  vertex -0.00997845794370381 -0.0952809302960344 0.0
 endloop
endfacet
facet normal -0.0 0.0 -1.0
 outer loop
  vertex -0.00997845794370381 -0.0952809302960344 0.0
  vertex -0.01243437046474902 -0.09922392066001715 0.0
  vertex -0.01470046881448872 -0.09459485682496058 0.0
 endloop
endfacet
facet normal 0.0 0.0 -1.0
 outer loop
  vertex -0.00249306917380776 -0.09996891820008162 0.0
  vertex -0.007473009358642916 -0.09972037971811798 0.0
  vertex -0.005078129732570761 -0.09601730283368551 0.0
 endloop
endfacet
facet normal 0.0 0.0 -1.0
 outer loop
  vertex -0.007473009358642916 -0.09972037971811798 0.0
  vertex -0.00997845794370381 -0.0952809302960344 0.0
  vertex -0.005078129732570761 -0.09601730283368551 0.0
 endloop
endfacet
facet normal 0.0 0.0 -1.0
 outer loop
  vertex 0.002493069173806835 -0.09996891820008164 0.0
  vertex -0.00249306917380776 -0.09996891820008162 0.0
  vertex 2.123200716887023e-05 -0.09540137036687112 0.0
 endloop
endfacet
facet normal 0.0 0.0 -1.0
 outer loop
  vertex 2.123200716887023e-05 -0.09540137036687112 0.0
  vertex -0.00249306917380776 -0.09996891820008162 0.0
  vertex -0.005078129732570761 -0.09601730283368551 0.0
 endloop
endfacet
facet normal -0.0 0.0 -1.0
 outer loop
  vertex 0.007473009358641994 -0.09972037971811805 0.0
  vertex 0.002493069173806835 -0.09996891820008164 0.0
  vertex 0.004776660701148274 -0.09646561646281471 0.0
 endloop
endfacet
facet normal 0.0 0.0 -1.0
 outer loop
  vertex 0.002493069173806835 -0.09996891820008164 0.0
  vertex 2.123200716887023e-05 -0.09540137036687112 0.0
  vertex 0.004776660701148274 -0.09646561646281471 0.0
 endloop
endfacet
facet normal -0.0 0.0 -1.0
 outer loop
  vertex 0.0124343704647482 -0.09922392066001726 0.0
  vertex 0.007473009358641994 -0.09972037971811805 0.0
  vertex 0.009343371263207206 -0.09503766869056127 0.0
 endloop
endfacet
facet normal 0.0 0.0 -1.0
 outer loop
  vertex 0.009343371263207206 -0.09503766869056127 0.0
  vertex 0.007473009358641994 -0.09972037971811805 0.0
  vertex 0.004776660701148274 -0.09646561646281471 0.0
 endloop
endfacet
facet normal -0.0 0.0 -1.0
 outer loop
  vertex 0.01736481776669265 -0.09848077530122089 0.0
  vertex 0.0124343704647482 -0.09922392066001726 0.0
  vertex 0.01461038620246343 -0.09481378986701917 0.0
 endloop
endfacet
facet normal 0.0 0.0 -1.0
 outer loop
  vertex 0.0124343704647482 -0.09922392066001726 0.0
  vertex 0.009343371263207206 -0.09503766869056127 0.0
  vertex 0.01461038620246343 -0.09481378986701917 0.0
 endloop
endfacet
facet normal -0.0 0.0 -1.0
 outer loop
  vertex 0.02225209339563108 -0.09749279121818244 0.0
  vertex 0.01736481776669265 -0.09848077530122089 0.0
  vertex 0.01943814434008216 -0.0940141394964116 0.0
 endloop
endfacet
facet normal 0.0 0.0 -1.0
 outer loop
  vertex 0.01943814434008216 -0.0940141394964116 0.0
  vertex 0.01736481776669265 -0.09848077530122089 0.0
  vertex 0.01461038620246343 -0.09481378986701917 0.0
 endloop
endfacet
facet normal -0.0 0.0 -1.0
 outer loop
  vertex 0.02708404681430009 -0.09626242469500133 0.0
  vertex 0.02225209339563108 -0.09749279121818244 0.0
  vertex 0.02379715170742932 -0.0937081713992148 0.0
 endloop
endfacet
facet normal 0.0 0.0 -1.0
 outer loop
  vertex 0.02225209339563108 -0.09749279121818244 0.0
  vertex 0.01943814434008216 -0.0940141394964116 0.0
  vertex 0.02379715170742932 -0.0937081713992148 0.0
 endloop
endfacet
facet normal -0.0 0.0 -1.0
 outer loop
  vertex 0.03184866502516804 -0.09479273461671332 0.0
  vertex 0.02708404681430009 -0.09626242469500133 0.0
  vertex 0.02803647332939377 -0.09120828018550795 0.0
 endloop
endfacet
facet normal 0.0 0.0 -1.0
 outer loop
  vertex 0.02803647332939377 -0.09120828018550795 0.0
  vertex 0.02708404681430009 -0.09626242469500133 0.0
  vertex 0.02379715170742932 -0.0937081713992148 0.0
 endloop
endfacet
facet normal -0.0 0.0 -1.0
 outer loop
  vertex 0.03653410243663913 -0.09308737486442058 0.0
  vertex 0.03184866502516804 -0.09479273461671332 0.0
  vertex 0.03289494780314457 -0.09054196167501154 0.0
 endloop
endfacet
facet normal 0.0 0.0 -1.0
 outer loop
  vertex 0.03184866502516804 -0.09479273461671332 0.0
  vertex 0.02803647332939377 -0.09120828018550795 0.0
  vertex 0.03289494780314457 -0.09054196167501154 0.0
 endloop
endfacet
facet normal -0.0 0.0 -1.0
 outer loop
  vertex 0.04112871031306081 -0.09115058523116748 0.0
  vertex 0.03653410243663913 -0.09308737486442058 0.0
  vertex 0.03692199740150853 -0.08822739093462635 0.0
 endloop
endfacet
facet normal 0.0 0.0 -1.0
 outer loop
  vertex 0.03692199740150853 -0.08822739093462635 0.0
  vertex 0.03653410243663913 -0.09308737486442058 0.0
  vertex 0.03289494780314457 -0.09054196167501154 0.0
 endloop
endfacet
facet normal -0.0 0.0 -1.0
 outer loop
  vertex 0.04562106573531597 -0.08898718088114704 0.0
  vertex 0.04112871031306081 -0.09115058523116748 0.0
  vertex 0.0410367929474613 -0.08629937083479018 0.0
 endloop
endfacet
facet normal 0.0 0.0 -1.0
 outer loop
  vertex 0.04112871031306081 -0.09115058523116748 0.0
  vertex 0.03692199740150853 -0.08822739093462635 0.0
  vertex 0.0410367929474613 -0.08629937083479018 0.0
 endloop
endfacet
facet normal -0.0 0.0 -1.0
 outer loop
  vertex 0.0499999999999997 -0.08660254037844405 0.0
  vertex 0.04562106573531597 -0.08898718088114704 0.0
  vertex 0.04552151378446521 -0.08417458529833369 0.0
 endloop
endfacet
facet normal 0.0 -0.0 -1.0
 outer loop
  vertex 0.04552151378446521 -0.08417458529833369 0.0
  vertex 0.04562106573531597 -0.08898718088114704 0.0
  vertex 0.0410367929474613 -0.08629937083479018 0.0
 endloop
endfacet
facet normal -0.0 0.0 -1.0
 outer loop
  vertex 0.05425462638657567 -0.08400259231507733 0.0
  vertex 0.0499999999999997 -0.08660254037844405 0.0
  vertex 0.04966568082111683 -0.08186793677511697 0.0
 endloop
endfacet
facet normal 0.0 0.0 -1.0
 outer loop
  vertex 0.0499999999999997 -0.08660254037844405 0.0
  vertex 0.04552151378446521 -0.08417458529833369 0.0
  vertex 0.04966568082111683 -0.08186793677511697 0.0
 endloop
endfacet
facet normal -0.0 0.0 -1.0
 outer loop
  vertex 0.05837436722347875 -0.08119380057158583 0.0
  vertex 0.05425462638657567 -0.08400259231507733 0.0
  vertex 0.05395630722570891 -0.07934566165773987 0.0
 endloop
endfacet
facet normal 0.0 -0.0 -1.0
 outer loop
  vertex 0.05395630722570891 -0.07934566165773987 0.0
  vertex 0.05425462638657567 -0.08400259231507733 0.0
  vertex 0.04966568082111683 -0.08186793677511697 0.0
 endloop
endfacet
facet normal -0.0 0.0 -1.0
 outer loop
  vertex 0.06234898018587313 -0.07818314824680317 0.0
  vertex 0.05837436722347875 -0.08119380057158583 0.0
  vertex 0.05759598271871983 -0.0764720717120781 0.0
 endloop
endfacet
facet normal 0.0 0.0 -1.0
 outer loop
  vertex 0.05837436722347875 -0.08119380057158583 0.0
  vertex 0.05395630722570891 -0.07934566165773987 0.0
  vertex 0.05759598271871983 -0.0764720717120781 0.0
 endloop
endfacet
facet normal -0.0 0.0 -1.0
 outer loop
  vertex 0.06616858375968575 -0.0749781202967736 0.0
  vertex 0.06234898018587313 -0.07818314824680317 0.0
  vertex 0.06148314634821467 -0.07327276054448083 0.0
 endloop
endfacet
facet normal 0.0 -0.0 -1.0
 outer loop
  vertex 0.06148314634821467 -0.07327276054448083 0.0
  vertex 0.06234898018587313 -0.07818314824680317 0.0
  vertex 0.05759598271871983 -0.0764720717120781 0.0
 endloop
endfacet
facet normal -0.0 0.0 -1.0
 outer loop
  vertex 0.06982368180860711 -0.07158668492597202 0.0
  vertex 0.06616858375968575 -0.0749781202967736 0.0
  vertex 0.0658994137852291 -0.07102267695418955 0.0
 endloop
endfacet
facet normal 0.0 0.0 -1.0
 outer loop
  vertex 0.06616858375968575 -0.0749781202967736 0.0
  vertex 0.06148314634821467 -0.07327276054448083 0.0
  vertex 0.0658994137852291 -0.07102267695418955 0.0
 endloop
endfacet
facet normal -0.0 0.0 -1.0
 outer loop
  vertex 0.07330518718298241 -0.06801727377709217 0.0
  vertex 0.06982368180860711 -0.07158668492597202 0.0
  vertex 0.06857380825091947 -0.06665194712930585 0.0
 endloop
endfacet
facet normal 0.0 -0.0 -1.0
 outer loop
  vertex 0.06857380825091947 -0.06665194712930585 0.0
  vertex 0.06982368180860711 -0.07158668492597202 0.0
  vertex 0.0658994137852291 -0.07102267695418955 0.0
 endloop
endfacet
facet normal -0.0 0.0 -1.0
 outer loop
  vertex 0.07660444431189761 -0.06427876096865416 0.0
  vertex 0.07330518718298241 -0.06801727377709217 0.0
  vertex 0.07253622455750357 -0.0640135979836126 0.0
 endloop
endfacet
facet normal 0.0 0.0 -1.0
 outer loop
  vertex 0.07330518718298241 -0.06801727377709217 0.0
  vertex 0.06857380825091947 -0.06665194712930585 0.0
  vertex 0.07253622455750357 -0.0640135979836126 0.0
 endloop
endfacet
facet normal -0.0 0.0 -1.0
 outer loop
  vertex 0.07971325072229209 -0.06038044103254796 0.0
  vertex 0.07660444431189761 -0.06427876096865416 0.0
  vertex 0.07466410846129595 -0.05951743240032299 0.0
 endloop
endfacet
facet normal 0.0 -0.0 -1.0
 outer loop
  vertex 0.07466410846129595 -0.05951743240032299 0.0
  vertex 0.07660444431189761 -0.06427876096865416 0.0
  vertex 0.07253622455750357 -0.0640135979836126 0.0
 endloop
endfacet
facet normal 0.0 0.0 -1.0
 outer loop
  vertex 0.08262387743159935 -0.05633200580636242 0.0
  vertex 0.07971325072229209 -0.06038044103254796 0.0
  vertex 0.0783787218240054 -0.05641045408604504 0.0
 endloop
endfacet
facet normal 0.0 0.0 -1.0
 outer loop
  vertex 0.07971325072229209 -0.06038044103254796 0.0
  vertex 0.07466410846129595 -0.05951743240032299 0.0
  vertex 0.0783787218240054 -0.05641045408604504 0.0
 endloop
endfacet
facet normal -0.0 0.0 -1.0
 outer loop
  vertex 0.08532908816321544 -0.05214352033795001 0.0
  vertex 0.08262387743159935 -0.05633200580636242 0.0
  vertex 0.0801170437738471 -0.05188597425423678 0.0
 endloop
endfacet
facet normal 0.0 -0.0 -1.0
 outer loop
  vertex 0.0801170437738471 -0.05188597425423678 0.0
  vertex 0.08262387743159935 -0.05633200580636242 0.0
  vertex 0.0783787218240054 -0.05641045408604504 0.0
 endloop
endfacet
facet normal 0.0 0.0 -1.0
 outer loop
  vertex 0.08782215733702275 -0.04782539786213202 0.0
  vertex 0.08532908816321544 -0.05214352033795001 0.0
  vertex 0.08376940875593915 -0.04836429069509749 0.0
 endloop
endfacet
facet normal 0.0 0.0 -1.0
 outer loop
  vertex 0.08532908816321544 -0.05214352033795001 0.0
  vertex 0.0801170437738471 -0.05188597425423678 0.0
  vertex 0.08376940875593915 -0.04836429069509749 0.0
 endloop
endfacet
facet normal 0.0 0.0 -1.0
 outer loop
  vertex 0.09009688679024183 -0.043388373911756 0.0
  vertex 0.08782215733702275 -0.04782539786213202 0.0
  vertex 0.08474984609353037 -0.04405720810699552 0.0
 endloop
endfacet
facet normal 0.0 -0.0 -1.0
 outer loop
  vertex 0.08474984609353037 -0.04405720810699552 0.0
  vertex 0.08782215733702275 -0.04782539786213202 0.0
  vertex 0.08376940875593915 -0.04836429069509749 0.0
 endloop
endfacet
facet normal 0.0 0.0 -1.0
 outer loop
  vertex 0.09214762118704073 -0.03884347962746956 0.0
  vertex 0.09009688679024183 -0.043388373911756 0.0
  vertex 0.0875127474793977 -0.03940475605975225 0.0
 endloop
endfacet
facet normal -0.0 0.0 -1.0
 outer loop
  vertex 0.09009688679024183 -0.043388373911756 0.0
  vertex 0.08474984609353037 -0.04405720810699552 0.0
  vertex 0.0875127474793977 -0.03940475605975225 0.0
 endloop
endfacet
facet normal 0.0 0.0 -1.0
 outer loop
  vertex 0.09396926207859081 -0.03420201433256694 0.0
  vertex 0.09214762118704073 -0.03884347962746956 0.0
  vertex 0.0893949177041104 -0.03478596629383669 0.0
 endloop
endfacet
facet normal 0.0 -0.0 -1.0
 outer loop
  vertex 0.0893949177041104 -0.03478596629383669 0.0
  vertex 0.09214762118704073 -0.03884347962746956 0.0
  vertex 0.0875127474793977 -0.03940475605975225 0.0
 endloop
endfacet
facet normal 0.0 0.0 -1.0
 outer loop
  vertex 0.09555728057861407 -0.02947551744109047 0.0
  vertex 0.09396926207859081 -0.03420201433256694 0.0
  vertex 0.0909680150066587 -0.03039804531838822 0.0
 endloop
endfacet
facet normal -0.0 0.0 -1.0
 outer loop
  vertex 0.09396926207859081 -0.03420201433256694 0.0
  vertex 0.0893949177041104 -0.03478596629383669 0.0
  vertex 0.0909680150066587 -0.03039804531838822 0.0
 endloop
endfacet
facet normal 0.0 0.0 -1.0
 outer loop
  vertex 0.0969077286229078 -0.0246757397690294 0.0
  vertex 0.09555728057861407 -0.02947551744109047 0.0
  vertex 0.09207577520423871 -0.02590610629221056 0.0
 endloop
endfacet
facet normal 0.0 -0.0 -1.0
 outer loop
  vertex 0.09207577520423871 -0.02590610629221056 0.0
  vertex 0.09555728057861407 -0.02947551744109047 0.0
  vertex 0.0909680150066587 -0.03039804531838822 0.0
 endloop
endfacet
facet normal 0.0 0.0 -1.0
 outer loop
  vertex 0.09801724878485439 -0.01981461431993977 0.0
  vertex 0.0969077286229078 -0.0246757397690294 0.0
  vertex 0.09293445329090258 -0.02097027775407139 0.0
 endloop
endfacet
facet normal -0.0 0.0 -1.0
 outer loop
  vertex 0.0969077286229078 -0.0246757397690294 0.0
  vertex 0.09207577520423871 -0.02590610629221056 0.0
  vertex 0.09293445329090258 -0.02097027775407139 0.0
 endloop
endfacet
facet normal 0.0 0.0 -1.0
 outer loop
  vertex 0.09888308262251284 -0.01490422661761753 0.0
  vertex 0.09801724878485439 -0.01981461431993977 0.0
  vertex 0.09449055997351405 -0.01665162699981051 0.0
 endloop
endfacet
facet normal 0.0 -0.0 -1.0
 outer loop
  vertex 0.09449055997351405 -0.01665162699981051 0.0
  vertex 0.09801724878485439 -0.01981461431993977 0.0
  vertex 0.09293445329090258 -0.02097027775407139 0.0
 endloop
endfacet
facet normal 0.0 0.0 -1.0
 outer loop
  vertex 0.09950307753654014 -0.00995678465958173 0.0
  vertex 0.09888308262251284 -0.01490422661761753 0.0
  vertex 0.0943224064569379 -0.01214657658092623 0.0
 endloop
endfacet
facet normal -0.0 0.0 -1.0
 outer loop
  vertex 0.09888308262251284 -0.01490422661761753 0.0
  vertex 0.09449055997351405 -0.01665162699981051 0.0
  vertex 0.0943224064569379 -0.01214657658092623 0.0
 endloop
endfacet
facet normal 0.0 0.0 -1.0
 outer loop
  vertex 0.09987569212189223 -0.00498458856606976 0.0
  vertex 0.09950307753654014 -0.00995678465958173 0.0
  vertex 0.09538333669963708 -0.007147992916090206 0.0
 endloop
endfacet
facet normal 0.0 -0.0 -1.0
 outer loop
  vertex 0.09538333669963708 -0.007147992916090206 0.0
  vertex 0.09950307753654014 -0.00995678465958173 0.0
  vertex 0.0943224064569379 -0.01214657658092623 0.0
 endloop
endfacet
facet normal -0.0 0.0 -1.0
 outer loop
  vertex 0.09987569212189223 -0.00498458856606976 0.0
  vertex 0.09538333669963708 -0.007147992916090206 0.0
  vertex 0.09539028836387238 -0.00252390076179312 0.0
 endloop
endfacet
facet normal 0.0 -0.0 -1.0
 outer loop
  vertex -0.04578781280592134 0.08388317091767634 0.0
  vertex -0.04197728134729263 0.08037302381936298 0.0
  vertex -0.04647461439486186 0.07846259902799281 0.0
 endloop
endfacet
facet normal 0.0 0.0 -1.0
 outer loop
  vertex -0.04197728134729263 0.08037302381936298 0.0
  vertex -0.04578781280592134 0.08388317091767634 0.0
  vertex -0.04138682681978732 0.08563862879253695 0.0
 endloop
endfacet
facet normal 0.0 0.0 -1.0
 outer loop
  vertex -0.04578781280592134 0.08388317091767634 0.0
  vertex -0.04647461439486186 0.07846259902799281 0.0
  vertex -0.05029643555692407 0.0814266419537869 0.0
 endloop
endfacet
facet normal 0.0 0.0 -1.0
 outer loop
  vertex 0.04089199231415611 -0.08161103517076494 0.0
  vertex 0.04552151378446521 -0.08417458529833369 0.0
  vertex 0.0410367929474613 -0.08629937083479018 0.0
 endloop
endfacet
facet normal 0.0 0.0 -1.0
 outer loop
  vertex 0.04552151378446521 -0.08417458529833369 0.0
  vertex 0.04089199231415611 -0.08161103517076494 0.0
  vertex 0.04523108742168345 -0.07954090194948162 0.0
 endloop
endfacet
facet normal -0.0 0.0 -1.0
 outer loop
  vertex 0.04966568082111683 -0.08186793677511697 0.0
  vertex 0.04552151378446521 -0.08417458529833369 0.0
  vertex 0.04523108742168345 -0.07954090194948162 0.0
 endloop
endfacet
facet normal 0.0 -0.0 -1.0
 outer loop
  vertex 0.0834536798927233 0.04713457570854508 0.0
  vertex 0.0861261115535806 0.04388360806648153 0.0
  vertex 0.08255674578961462 0.0418285197571726 0.0
 endloop
endfacet
facet normal 0.0 -0.0 -1.0
 outer loop
  vertex 0.07989635654486248 0.05132682612249222 0.0
  vertex 0.0834536798927233 0.04713457570854508 0.0
  vertex 0.07919999680020069 0.04544207349584937 0.0
 endloop
endfacet
facet normal 0.0 0.0 -1.0
 outer loop
  vertex 0.07919999680020069 0.04544207349584937 0.0
  vertex 0.0834536798927233 0.04713457570854508 0.0
  vertex 0.08255674578961462 0.0418285197571726 0.0
 endloop
endfacet
facet normal 0.0 0.0 -1.0
 outer loop
  vertex -0.08511694660540708 -0.04363691239371877 0.0
  vertex -0.08039786072167564 -0.04356235868332339 0.0
  vertex -0.08313739015400756 -0.04791283581538339 0.0
 endloop
endfacet
facet normal -0.0 0.0 -1.0
 outer loop
  vertex -0.08039786072167564 -0.04356235868332339 0.0
  vertex -0.08511694660540708 -0.04363691239371877 0.0
  vertex -0.08340181715240053 -0.03998082894851183 0.0
 endloop
endfacet
facet normal 0.0 0.0 -1.0
 outer loop
  vertex -0.08511694660540708 -0.04363691239371877 0.0
  vertex -0.08740355910035155 -0.03943798773701819 0.0
  vertex -0.08340181715240053 -0.03998082894851183 0.0
 endloop
endfacet
facet normal 0.0 -0.0 -1.0
 outer loop
  vertex 0.08810971722892366 -0.02082769220914203 0.0
  vertex 0.09207577520423871 -0.02590610629221056 0.0
  vertex 0.08724613198343995 -0.02567422742325104 0.0
 endloop
endfacet
facet normal 0.0 0.0 -1.0
 outer loop
  vertex 0.09207577520423871 -0.02590610629221056 0.0
  vertex 0.08810971722892366 -0.02082769220914203 0.0
  vertex 0.09293445329090258 -0.02097027775407139 0.0
 endloop
endfacet
facet normal 0.0 0.0 -1.0
 outer loop
  vertex 0.08724613198343995 -0.02567422742325104 0.0
  vertex 0.09207577520423871 -0.02590610629221056 0.0
  vertex 0.0909680150066587 -0.03039804531838822 0.0
 endloop
endfacet
facet normal 0.0 0.0 -1.0
 outer loop
  vertex -0.02822904468175198 -0.09146187994924723 0.0
  vertex -0.03261724756672719 -0.08949170107433542 0.0
  vertex -0.02904657754242785 -0.08693152019242223 0.0
 endloop
endfacet
facet normal 0.0 0.0 -1.0
 outer loop
  vertex -0.0237389164156151 -0.0928991631854669 0.0
  vertex -0.02822904468175198 -0.09146187994924723 0.0
  vertex -0.02512423118393195 -0.08930172219351652 0.0
 endloop
endfacet
facet normal 0.0 0.0 -1.0
 outer loop
  vertex -0.02822904468175198 -0.09146187994924723 0.0
  vertex -0.02904657754242785 -0.08693152019242223 0.0
  vertex -0.02512423118393195 -0.08930172219351652 0.0
 endloop
endfacet
facet normal 0.0 0.0 -1.0
 outer loop
  vertex -0.09093658807157923 0.03090360288484486 0.0
  vertex -0.08917211840454542 0.0351284422752778 0.0
  vertex -0.08703517896367272 0.03193188146120464 0.0
 endloop
endfacet
facet normal 0.0 0.0 -1.0
 outer loop
  vertex -0.09209222470627484 0.02644215435327335 0.0
  vertex -0.09093658807157923 0.03090360288484486 0.0
  vertex -0.08771384538503074 0.0281320644625725 0.0
 endloop
endfacet
facet normal 0.0 0.0 -1.0
 outer loop
  vertex -0.08771384538503074 0.0281320644625725 0.0
  vertex -0.09093658807157923 0.03090360288484486 0.0
  vertex -0.08703517896367272 0.03193188146120464 0.0
 endloop
endfacet
facet normal 0.0 0.0 -1.0
 outer loop
  vertex 0.02902366006697449 0.08598086280596663 0.0
  vertex 0.02746856214657785 0.09135510086905863 0.0
  vertex 0.03262557741442275 0.08998660359674338 0.0
 endloop
endfacet
facet normal 0.0 -0.0 -1.0
 outer loop
  vertex 0.02746856214657785 0.09135510086905863 0.0
  vertex 0.02902366006697449 0.08598086280596663 0.0
  vertex 0.02487135731924455 0.08765860415374677 0.0
 endloop
endfacet
facet normal 0.0 0.0 -1.0
 outer loop
  vertex 0.02312254044317039 0.09080793100076859 0.0
  vertex 0.02746856214657785 0.09135510086905863 0.0
  vertex 0.02487135731924455 0.08765860415374677 0.0
 endloop
endfacet
facet normal -0.0 0.0 -1.0
 outer loop
  vertex 0.02746856214657785 0.09135510086905863 0.0
  vertex 0.02312254044317039 0.09080793100076859 0.0
  vertex 0.02397662974068208 0.09420332109238766 0.0
 endloop
endfacet
facet normal 0.0 0.0 -1.0
 outer loop
  vertex -0.00994575861848287 0.0945334462449623 0.0
  vertex -0.01043465643024545 0.0884921062511999 0.0
  vertex -0.0145151608897699 0.09143128817278791 0.0
 endloop
endfacet
facet normal 0.0 0.0 -1.0
 outer loop
  vertex -0.01043465643024545 0.0884921062511999 0.0
  vertex -0.00994575861848287 0.0945334462449623 0.0
  vertex -0.005701381189508158 0.09125074954915383 0.0
 endloop
endfacet
facet normal -0.0 0.0 -1.0
 outer loop
  vertex -0.00994575861848287 0.0945334462449623 0.0
  vertex -0.0145151608897699 0.09143128817278791 0.0
  vertex -0.01441536245152892 0.09563968080323669 0.0
 endloop
endfacet
facet normal 0.0 0.0 -1.0
 outer loop
  vertex -0.005701381189508158 0.09125074954915383 0.0
  vertex -0.00994575861848287 0.0945334462449623 0.0
  vertex -0.004704296391953882 0.09577185324944497 0.0
 endloop
endfacet
facet normal 0.0 0.0 -1.0
 outer loop
  vertex -0.09188465334433636 -0.0121859133663676 0.0
  vertex -0.09494185737413134 -0.007880238064702816 0.0
  vertex -0.08953694066521146 -0.00801991901456782 0.0
 endloop
endfacet
facet normal 0.0 -0.0 -1.0
 outer loop
  vertex -0.09494185737413134 -0.007880238064702816 0.0
  vertex -0.09188465334433636 -0.0121859133663676 0.0
  vertex -0.09590899747745034 -0.01235288155531225 0.0
 endloop
endfacet
facet normal 0.0 0.0 -1.0
 outer loop
  vertex -0.08953694066521146 -0.00801991901456782 0.0
  vertex -0.09494185737413134 -0.007880238064702816 0.0
  vertex -0.09207235238046314 -0.004633017124739659 0.0
 endloop
endfacet
facet normal 0.0 0.0 -1.0
 outer loop
  vertex -0.09494185737413134 -0.007880238064702816 0.0
  vertex -0.09579838394542234 -0.002732542981461762 0.0
  vertex -0.09207235238046314 -0.004633017124739659 0.0
 endloop
endfacet
facet normal 0.0 0.0 -1.0
 outer loop
  vertex 0.009343371263207206 -0.09503766869056127 0.0
  vertex 0.004552621702916468 -0.09219974533844147 0.0
  vertex 0.008820733684981048 -0.09024502223627583 0.0
 endloop
endfacet
facet normal 0.0 0.0 -1.0
 outer loop
  vertex 0.004552621702916468 -0.09219974533844147 0.0
  vertex 0.009343371263207206 -0.09503766869056127 0.0
  vertex 0.004776660701148274 -0.09646561646281471 0.0
 endloop
endfacet
facet normal 0.0 0.0 -1.0
 outer loop
  vertex 0.009343371263207206 -0.09503766869056127 0.0
  vertex 0.008820733684981048 -0.09024502223627583 0.0
  vertex 0.01215357412298581 -0.09181690161543064 0.0
 endloop
endfacet
facet normal -0.0 0.0 -1.0
 outer loop
  vertex 0.01461038620246343 -0.09481378986701917 0.0
  vertex 0.009343371263207206 -0.09503766869056127 0.0
  vertex 0.01215357412298581 -0.09181690161543064 0.0
 endloop
endfacet
facet normal 0.0 0.0 -1.0
 outer loop
  vertex 0.07477532873099253 -0.053936416936755 0.0
  vertex 0.07466410846129595 -0.05951743240032299 0.0
  vertex 0.07031118847954128 -0.05604184410229757 0.0
 endloop
endfacet
facet normal 0.0 0.0 -1.0
 outer loop
  vertex 0.07466410846129595 -0.05951743240032299 0.0
  vertex 0.07477532873099253 -0.053936416936755 0.0
  vertex 0.0783787218240054 -0.05641045408604504 0.0
 endloop
endfacet
facet normal 0.0 -0.0 -1.0
 outer loop
  vertex 0.07031118847954128 -0.05604184410229757 0.0
  vertex 0.07466410846129595 -0.05951743240032299 0.0
  vertex 0.06947744426986831 -0.06122818593739565 0.0
 endloop
endfacet
facet normal 0.0 0.0 -1.0
 outer loop
  vertex 0.06947744426986831 -0.06122818593739565 0.0
  vertex 0.07466410846129595 -0.05951743240032299 0.0
  vertex 0.07253622455750357 -0.0640135979836126 0.0
 endloop
endfacet
facet normal 0.0 -0.0 -1.0
 outer loop
  vertex 0.09526583838770475 0.01193556841957843 0.0
  vertex 0.09562106573531619 0.007165808244446049 0.0
  vertex 0.09149992375062746 0.009494033263886904 0.0
 endloop
endfacet
facet normal 0.0 -0.0 -1.0
 outer loop
  vertex 0.09443241908385978 0.01665098333805338 0.0
  vertex 0.09526583838770475 0.01193556841957843 0.0
  vertex 0.09162211060205498 0.01384968520577962 0.0
 endloop
endfacet
facet normal -0.0 0.0 -1.0
 outer loop
  vertex 0.09526583838770475 0.01193556841957843 0.0
  vertex 0.09149992375062746 0.009494033263886904 0.0
  vertex 0.09162211060205498 0.01384968520577962 0.0
 endloop
endfacet
facet normal 0.0 0.0 -1.0
 outer loop
  vertex -0.0620570462769721 -0.07318382414364852 0.0
  vertex -0.06264519357104982 -0.06779850825127705 0.0
  vertex -0.05794079176517874 -0.07073673870403731 0.0
 endloop
endfacet
facet normal 0.0 -0.0 -1.0
 outer loop
  vertex -0.06264519357104982 -0.06779850825127705 0.0
  vertex -0.0620570462769721 -0.07318382414364852 0.0
  vertex -0.0658422913143167 -0.07090598078090095 0.0
 endloop
endfacet
facet normal 0.0 0.0 -1.0
 outer loop
  vertex -0.05813180933521559 -0.07604057439862041 0.0
  vertex -0.0620570462769721 -0.07318382414364852 0.0
  vertex -0.05794079176517874 -0.07073673870403731 0.0
 endloop
endfacet
facet normal 0.0 -0.0 -1.0
 outer loop
  vertex -0.07478280342034739 0.05963729567375178 0.0
  vertex -0.07232195917019568 0.05465276121518089 0.0
  vertex -0.07785607880457278 0.05597470869356981 0.0
 endloop
endfacet
facet normal 0.0 0.0 -1.0
 outer loop
  vertex -0.07232195917019568 0.05465276121518089 0.0
  vertex -0.07478280342034739 0.05963729567375178 0.0
  vertex -0.0704291903864429 0.05891479295707663 0.0
 endloop
endfacet
facet normal 0.0 0.0 -1.0
 outer loop
  vertex -0.07478280342034739 0.05963729567375178 0.0
  vertex -0.07173224071908053 0.06318471161338118 0.0
  vertex -0.0704291903864429 0.05891479295707663 0.0
 endloop
endfacet
facet normal 0.0 0.0 -1.0
 outer loop
  vertex 0.06089697180797446 0.0733188449732517 0.0
  vertex 0.05720485397597379 0.06943702035792516 0.0
  vertex 0.05628891764615361 0.07319918427306658 0.0
 endloop
endfacet
facet normal 0.0 0.0 -1.0
 outer loop
  vertex 0.05720485397597379 0.06943702035792516 0.0
  vertex 0.06089697180797446 0.0733188449732517 0.0
  vertex 0.06192168802025889 0.06965165854818095 0.0
 endloop
endfacet
facet normal 0.0 -0.0 -1.0
 outer loop
  vertex 0.05745811052218747 0.07686518842372889 0.0
  vertex 0.06089697180797446 0.0733188449732517 0.0
  vertex 0.05628891764615361 0.07319918427306658 0.0
 endloop
endfacet
facet normal 0.0 0.0 -1.0
 outer loop
  vertex 0.06192168802025889 0.06965165854818095 0.0
  vertex 0.06089697180797446 0.0733188449732517 0.0
  vertex 0.06485358447007772 0.07167029700964277 0.0
 endloop
endfacet
facet normal 0.0 -0.0 -1.0
 outer loop
  vertex 0.0891477231687094 0.03473684819923178 0.0
  vertex 0.09067000494967571 0.0304635015241288 0.0
  vertex 0.08607420319850817 0.0306155097413324 0.0
 endloop
endfacet
facet normal 0.0 -0.0 -1.0
 outer loop
  vertex 0.09067000494967571 0.0304635015241288 0.0
  vertex 0.09232371507667159 0.02584821333804402 0.0
  vertex 0.08870784711246861 0.02720532825783235 0.0
 endloop
endfacet
facet normal 0.0 0.0 -1.0
 outer loop
  vertex 0.08607420319850817 0.0306155097413324 0.0
  vertex 0.09067000494967571 0.0304635015241288 0.0
  vertex 0.08870784711246861 0.02720532825783235 0.0
 endloop
endfacet
facet normal 0.0 0.0 -1.0
 outer loop
  vertex 0.04101010379788515 0.0814522046794314 0.0
  vertex 0.0457453736134243 0.08400259231507705 0.0
  vertex 0.04485225406435542 0.07845329995268194 0.0
 endloop
endfacet
facet normal -0.0 0.0 -1.0
 outer loop
  vertex 0.0457453736134243 0.08400259231507705 0.0
  vertex 0.04101010379788515 0.0814522046794314 0.0
  vertex 0.04132346801048119 0.0862999499753161 0.0
 endloop
endfacet
facet normal 0.0 0.0 -1.0
 outer loop
  vertex 0.04485225406435542 0.07845329995268194 0.0
  vertex 0.0457453736134243 0.08400259231507705 0.0
  vertex 0.05002106927457019 0.08053482751940078 0.0
 endloop
endfacet
facet normal -0.0 0.0 -1.0
 outer loop
  vertex 0.09538333669963708 -0.007147992916090206 0.0
  vertex 0.08947523249152434 -0.01048348764574424 0.0
  vertex 0.09053223720557786 -0.005091648484624081 0.0
 endloop
endfacet
facet normal 0.0 0.0 -1.0
 outer loop
  vertex 0.08947523249152434 -0.01048348764574424 0.0
  vertex 0.09538333669963708 -0.007147992916090206 0.0
  vertex 0.0943224064569379 -0.01214657658092623 0.0
 endloop
endfacet
facet normal 0.0 0.0 -1.0
 outer loop
  vertex 0.09538333669963708 -0.007147992916090206 0.0
  vertex 0.09053223720557786 -0.005091648484624081 0.0
  vertex 0.09539028836387238 -0.00252390076179312 0.0
 endloop
endfacet
facet normal 0.0 -0.0 -1.0
 outer loop
  vertex -0.06098423080682234 0.07329942860021293 0.0
  vertex -0.05683476727348975 0.06988130923655003 0.0
  vertex -0.06115317704710556 0.06775755730825522 0.0
 endloop
endfacet
facet normal 0.0 0.0 -1.0
 outer loop
  vertex -0.05683476727348975 0.06988130923655003 0.0
  vertex -0.06098423080682234 0.07329942860021293 0.0
  vertex -0.0556876542455278 0.07475881035422388 0.0
 endloop
endfacet
facet normal 0.0 0.0 -1.0
 outer loop
  vertex -0.06098423080682234 0.07329942860021293 0.0
  vertex -0.06115317704710556 0.06775755730825522 0.0
  vertex -0.06522220473988882 0.07014000265515707 0.0
 endloop
endfacet
facet normal -0.0 0.0 -1.0
 outer loop
  vertex -0.0556876542455278 0.07475881035422388 0.0
  vertex -0.06098423080682234 0.07329942860021293 0.0
  vertex -0.05859942454351212 0.07746652792575799 0.0
 endloop
endfacet
facet normal 0.0 0.0 -1.0
 outer loop
  vertex 0.02803647332939377 -0.09120828018550795 0.0
  vertex 0.03127536568855225 -0.0861114690319357 0.0
  vertex 0.03289494780314457 -0.09054196167501154 0.0
 endloop
endfacet
facet normal 0.0 0.0 -1.0
 outer loop
  vertex 0.03127536568855225 -0.0861114690319357 0.0
  vertex 0.02803647332939377 -0.09120828018550795 0.0
  vertex 0.02627294292627387 -0.08679831548616761 0.0
 endloop
endfacet
facet normal 0.0 0.0 -1.0
 outer loop
  vertex 0.02803647332939377 -0.09120828018550795 0.0
  vertex 0.02217500065773951 -0.08956322140097078 0.0
  vertex 0.02627294292627387 -0.08679831548616761 0.0
 endloop
endfacet
facet normal 0.0 0.0 -1.0
 outer loop
  vertex 0.02217500065773951 -0.08956322140097078 0.0
  vertex 0.02803647332939377 -0.09120828018550795 0.0
  vertex 0.02379715170742932 -0.0937081713992148 0.0
 endloop
endfacet
facet normal 0.0 0.0 -1.0
 outer loop
  vertex -0.02830373852284372 0.08593435766506553 0.0
  vertex -0.02779274616733166 0.09107738468158072 0.0
  vertex -0.02374589874087275 0.08776614725489618 0.0
 endloop
endfacet
facet normal 0.0 0.0 -1.0
 outer loop
  vertex -0.02779274616733166 0.09107738468158072 0.0
  vertex -0.02830373852284372 0.08593435766506553 0.0
  vertex -0.03239081628076811 0.08931031125988106 0.0
 endloop
endfacet
facet normal 0.0 0.0 -1.0
 outer loop
  vertex -0.02374589874087275 0.08776614725489618 0.0
  vertex -0.02779274616733166 0.09107738468158072 0.0
  vertex -0.02320767418680968 0.092741025537319 0.0
 endloop
endfacet
facet normal -0.0 0.0 -1.0
 outer loop
  vertex -0.06953598064317923 -0.0571467459672382 0.0
  vertex -0.07432013611954742 -0.05969960235611708 0.0
  vertex -0.07325435981350807 -0.05413276594374312 0.0
 endloop
endfacet
facet normal 0.0 0.0 -1.0
 outer loop
  vertex -0.07432013611954742 -0.05969960235611708 0.0
  vertex -0.06953598064317923 -0.0571467459672382 0.0
  vertex -0.06939860763843819 -0.06209293485133888 0.0
 endloop
endfacet
facet normal 0.0 0.0 -1.0
 outer loop
  vertex -0.07325435981350807 -0.05413276594374312 0.0
  vertex -0.07432013611954742 -0.05969960235611708 0.0
  vertex -0.07784367291829061 -0.0557742476240697 0.0
 endloop
endfacet
facet normal 0.0 0.0 -1.0
 outer loop
  vertex -0.07432013611954742 -0.05969960235611708 0.0
  vertex -0.06939860763843819 -0.06209293485133888 0.0
  vertex -0.07269715966386125 -0.06430625583646105 0.0
 endloop
endfacet
facet normal -0.0 0.0 -1.0
 outer loop
  vertex 0.009523743755441589 0.09517548543383164 0.0
  vertex 0.006976629512048744 0.09122957721975761 0.0
  vertex 0.004849810670143856 0.0958338181953563 0.0
 endloop
endfacet
facet normal 0.0 0.0 -1.0
 outer loop
  vertex 0.006976629512048744 0.09122957721975761 0.0
  vertex 0.009523743755441589 0.09517548543383164 0.0
  vertex 0.01167772681091189 0.09192881762908621 0.0
 endloop
endfacet
facet normal 0.0 0.0 -1.0
 outer loop
  vertex 0.009523743755441589 0.09517548543383164 0.0
  vertex 0.01429154238246797 0.0948181883210388 0.0
  vertex 0.01167772681091189 0.09192881762908621 0.0
 endloop
endfacet
facet normal 0.0 0.0 -1.0
 outer loop
  vertex -0.08696370048889902 -0.02737785209784881 0.0
  vertex -0.09195519461709435 -0.02536437618684448 0.0
  vertex -0.08679665989356725 -0.02186065833425645 0.0
 endloop
endfacet
facet normal 0.0 0.0 -1.0
 outer loop
  vertex -0.09195519461709435 -0.02536437618684448 0.0
  vertex -0.08696370048889902 -0.02737785209784881 0.0
  vertex -0.09089598669436584 -0.03053942735238416 0.0
 endloop
endfacet
facet normal -0.0 0.0 -1.0
 outer loop
  vertex -0.08679665989356725 -0.02186065833425645 0.0
  vertex -0.09195519461709435 -0.02536437618684448 0.0
  vertex -0.09144103362605256 -0.02055153126144486 0.0
 endloop
endfacet
facet normal 0.0 0.0 -1.0
 outer loop
  vertex -0.09144103362605256 -0.02055153126144486 0.0
  vertex -0.09195519461709435 -0.02536437618684448 0.0
  vertex -0.09483271337697419 -0.02161180682316015 0.0
 endloop
endfacet
facet normal 0.0 0.0 -1.0
 outer loop
  vertex -0.09540092463176193 0.006948800783873318 0.0
  vertex -0.09490846966011844 0.01189357429283544 0.0
  vertex -0.09088594544188999 0.008853171710516493 0.0
 endloop
endfacet
facet normal 0.0 0.0 -1.0
 outer loop
  vertex -0.09088594544188999 0.008853171710516493 0.0
  vertex -0.09490846966011844 0.01189357429283544 0.0
  vertex -0.09032051123981928 0.01381375331827278 0.0
 endloop
endfacet
facet normal -0.0 0.0 -1.0
 outer loop
  vertex -0.09032051123981928 0.01381375331827278 0.0
  vertex -0.09490846966011844 0.01189357429283544 0.0
  vertex -0.09413844783201403 0.01679036104959227 0.0
 endloop
endfacet
facet normal -0.0 0.0 -1.0
 outer loop
  vertex 0.08474984609353037 -0.04405720810699552 0.0
  vertex 0.08001363614923279 -0.04682547068039613 0.0
  vertex 0.08045066793223779 -0.04196917284181543 0.0
 endloop
endfacet
facet normal 0.0 0.0 -1.0
 outer loop
  vertex 0.08001363614923279 -0.04682547068039613 0.0
  vertex 0.08474984609353037 -0.04405720810699552 0.0
  vertex 0.08376940875593915 -0.04836429069509749 0.0
 endloop
endfacet
facet normal 0.0 0.0 -1.0
 outer loop
  vertex 0.08474984609353037 -0.04405720810699552 0.0
  vertex 0.08045066793223779 -0.04196917284181543 0.0
  vertex 0.08373111491378048 -0.04016015495154717 0.0
 endloop
endfacet
facet normal 0.0 0.0 -1.0
 outer loop
  vertex 0.0875127474793977 -0.03940475605975225 0.0
  vertex 0.08474984609353037 -0.04405720810699552 0.0
  vertex 0.08373111491378048 -0.04016015495154717 0.0
 endloop
endfacet
facet normal 0.0 0.0 -1.0
 outer loop
  vertex -0.04100350294782527 -0.08514465120557484 0.0
  vertex -0.04574537361342453 -0.08400259231507688 0.0
  vertex -0.0427295502192537 -0.08189602272733888 0.0
 endloop
endfacet
facet normal 0.0 0.0 -1.0
 outer loop
  vertex -0.04574537361342453 -0.08400259231507688 0.0
  vertex -0.05007045562391493 -0.08167028182301375 0.0
  vertex -0.04601650884915466 -0.07961896340662243 0.0
 endloop
endfacet
facet normal 0.0 0.0 -1.0
 outer loop
  vertex -0.04574537361342453 -0.08400259231507688 0.0
  vertex -0.04601650884915466 -0.07961896340662243 0.0
  vertex -0.0427295502192537 -0.08189602272733888 0.0
 endloop
endfacet
facet normal 0.0 -0.0 -1.0
 outer loop
  vertex -0.01245147154481771 -0.090131743988257 0.0
  vertex -0.00997845794370381 -0.0952809302960344 0.0
  vertex -0.01470046881448872 -0.09459485682496058 0.0
 endloop
endfacet
facet normal 0.0 0.0 -1.0
 outer loop
  vertex -0.00997845794370381 -0.0952809302960344 0.0
  vertex -0.01245147154481771 -0.090131743988257 0.0
  vertex -0.007952001025056043 -0.0918489332561366 0.0
 endloop
endfacet
facet normal 0.0 0.0 -1.0
 outer loop
  vertex -0.005078129732570761 -0.09601730283368551 0.0
  vertex -0.00997845794370381 -0.0952809302960344 0.0
  vertex -0.007952001025056043 -0.0918489332561366 0.0
 endloop
endfacet
facet normal 0.0 0.0 -1.0
 outer loop
  vertex 0.06329444154813609 -0.06806217229749963 0.0
  vertex 0.06148314634821467 -0.07327276054448083 0.0
  vertex 0.05920075656070196 -0.06890038467562738 0.0
 endloop
endfacet
facet normal 0.0 0.0 -1.0
 outer loop
  vertex 0.06148314634821467 -0.07327276054448083 0.0
  vertex 0.06329444154813609 -0.06806217229749963 0.0
  vertex 0.0658994137852291 -0.07102267695418955 0.0
 endloop
endfacet
facet normal 0.0 0.0 -1.0
 outer loop
  vertex 0.05560412196843595 -0.07172468044830423 0.0
  vertex 0.06148314634821467 -0.07327276054448083 0.0
  vertex 0.05759598271871983 -0.0764720717120781 0.0
 endloop
endfacet
facet normal 0.0 0.0 -1.0
 outer loop
  vertex 0.06148314634821467 -0.07327276054448083 0.0
  vertex 0.05560412196843595 -0.07172468044830423 0.0
  vertex 0.05920075656070196 -0.06890038467562738 0.0
 endloop
endfacet
facet normal 0.0 0.0 -1.0
 outer loop
  vertex -0.08714009992309396 0.03940067276000773 0.0
  vertex -0.08528734946277217 0.04383628171710697 0.0
  vertex -0.08224056930559605 0.04037512376567657 0.0
 endloop
endfacet
facet normal 0.0 0.0 -1.0
 outer loop
  vertex -0.08528734946277217 0.04383628171710697 0.0
  vertex -0.08304247566827075 0.04794459568124973 0.0
  vertex -0.08116752317515248 0.04431774637695224 0.0
 endloop
endfacet
facet normal 0.0 0.0 -1.0
 outer loop
  vertex -0.08224056930559605 0.04037512376567657 0.0
  vertex -0.08528734946277217 0.04383628171710697 0.0
  vertex -0.08116752317515248 0.04431774637695224 0.0
 endloop
endfacet
facet normal 0.0 -0.0 -1.0
 outer loop
  vertex 0.07232327005470542 0.0628710049290918 0.0
  vertex 0.07260350428668251 0.05705742271233273 0.0
  vertex 0.06840477511514836 0.06057325073157175 0.0
 endloop
endfacet
facet normal 0.0 0.0 -1.0
 outer loop
  vertex 0.07260350428668251 0.05705742271233273 0.0
  vertex 0.07232327005470542 0.0628710049290918 0.0
  vertex 0.07578976316940159 0.0602108912074916 0.0
 endloop
endfacet
facet normal -0.0 0.0 -1.0
 outer loop
  vertex 0.07232327005470542 0.0628710049290918 0.0
  vertex 0.06840477511514836 0.06057325073157175 0.0
  vertex 0.06925251240673293 0.06674887872063351 0.0
 endloop
endfacet
facet normal 0.0 0.0 -1.0
 outer loop
  vertex 2.123200716887023e-05 -0.09540137036687112 0.0
  vertex 0.0002658830640197582 -0.08908684582580767 0.0
  vertex 0.004552621702916468 -0.09219974533844147 0.0
 endloop
endfacet
facet normal 0.0 0.0 -1.0
 outer loop
  vertex 0.0002658830640197582 -0.08908684582580767 0.0
  vertex 2.123200716887023e-05 -0.09540137036687112 0.0
  vertex -0.004128681981212189 -0.09180784174459333 0.0
 endloop
endfacet
facet normal 0.0 0.0 -1.0
 outer loop
  vertex 2.123200716887023e-05 -0.09540137036687112 0.0
  vertex 0.004552621702916468 -0.09219974533844147 0.0
  vertex 0.004776660701148274 -0.09646561646281471 0.0
 endloop
endfacet
facet normal 0.0 -0.0 -1.0
 outer loop
  vertex -0.004128681981212189 -0.09180784174459333 0.0
  vertex 2.123200716887023e-05 -0.09540137036687112 0.0
  vertex -0.005078129732570761 -0.09601730283368551 0.0
 endloop
endfacet
facet normal 0.0 0.0 -1.0
 outer loop
  vertex -0.09338239858015338 0.02160384997120516 0.0
  vertex -0.08860729484561654 0.02351116854428874 0.0
  vertex -0.08938660369375537 0.01869838362421866 0.0
 endloop
endfacet
facet normal -0.0 0.0 -1.0
 outer loop
  vertex -0.08860729484561654 0.02351116854428874 0.0
  vertex -0.09338239858015338 0.02160384997120516 0.0
  vertex -0.09209222470627484 0.02644215435327335 0.0
 endloop
endfacet
facet normal 0.0 0.0 -1.0
 outer loop
  vertex -0.09413844783201403 0.01679036104959227 0.0
  vertex -0.09338239858015338 0.02160384997120516 0.0
  vertex -0.08938660369375537 0.01869838362421866 0.0
 endloop
endfacet
facet normal 0.0 0.0 -1.0
 outer loop
  vertex 0.09449055997351405 -0.01665162699981051 0.0
  vertex 0.08967284608823264 -0.01580034508545071 0.0
  vertex 0.0943224064569379 -0.01214657658092623 0.0
 endloop
endfacet
facet normal 0.0 0.0 -1.0
 outer loop
  vertex 0.08967284608823264 -0.01580034508545071 0.0
  vertex 0.09449055997351405 -0.01665162699981051 0.0
  vertex 0.09293445329090258 -0.02097027775407139 0.0
 endloop
endfacet
facet normal 0.0 0.0 -1.0
 outer loop
  vertex 0.06947744426986831 -0.06122818593739565 0.0
  vertex 0.06857380825091947 -0.06665194712930585 0.0
  vertex 0.06473125612500884 -0.06313174870738505 0.0
 endloop
endfacet
facet normal 0.0 0.0 -1.0
 outer loop
  vertex 0.06857380825091947 -0.06665194712930585 0.0
  vertex 0.06947744426986831 -0.06122818593739565 0.0
  vertex 0.07253622455750357 -0.0640135979836126 0.0
 endloop
endfacet
facet normal 0.0 -0.0 -1.0
 outer loop
  vertex 0.06473125612500884 -0.06313174870738505 0.0
  vertex 0.06857380825091947 -0.06665194712930585 0.0
  vertex 0.06329444154813609 -0.06806217229749963 0.0
 endloop
endfacet
facet normal 0.0 0.0 -1.0
 outer loop
  vertex 0.06329444154813609 -0.06806217229749963 0.0
  vertex 0.06857380825091947 -0.06665194712930585 0.0
  vertex 0.0658994137852291 -0.07102267695418955 0.0
 endloop
endfacet
facet normal 0.0 0.0 -1.0
 outer loop
  vertex 0.03692199740150853 -0.08822739093462635 0.0
  vertex 0.03127536568855225 -0.0861114690319357 0.0
  vertex 0.03613547813626118 -0.0836454474927017 0.0
 endloop
endfacet
facet normal 0.0 0.0 -1.0
 outer loop
  vertex 0.03127536568855225 -0.0861114690319357 0.0
  vertex 0.03692199740150853 -0.08822739093462635 0.0
  vertex 0.03289494780314457 -0.09054196167501154 0.0
 endloop
endfacet
facet normal 0.0 0.0 -1.0
 outer loop
  vertex 0.03692199740150853 -0.08822739093462635 0.0
  vertex 0.03613547813626118 -0.0836454474927017 0.0
  vertex 0.0410367929474613 -0.08629937083479018 0.0
 endloop
endfacet
facet normal 0.0 0.0 -1.0
 outer loop
  vertex 0.08930591435688422 0.01735609732998568 0.0
  vertex 0.09323086829240536 0.02112593579547594 0.0
  vertex 0.09443241908385978 0.01665098333805338 0.0
 endloop
endfacet
facet normal -0.0 0.0 -1.0
 outer loop
  vertex 0.09323086829240536 0.02112593579547594 0.0
  vertex 0.08930591435688422 0.01735609732998568 0.0
  vertex 0.08889987794224441 0.02281657438929936 0.0
 endloop
endfacet
facet normal 0.0 -0.0 -1.0
 outer loop
  vertex 0.09232371507667159 0.02584821333804402 0.0
  vertex 0.09323086829240536 0.02112593579547594 0.0
  vertex 0.08889987794224441 0.02281657438929936 0.0
 endloop
endfacet
facet normal 0.0 0.0 -1.0
 outer loop
  vertex 0.05002106927457019 0.08053482751940078 0.0
  vertex 0.0544161388770756 0.07961730645761567 0.0
  vertex 0.05277016874462864 0.07606201289260199 0.0
 endloop
endfacet
facet normal 0.0 -0.0 -1.0
 outer loop
  vertex 0.0544161388770756 0.07961730645761567 0.0
  vertex 0.05745811052218747 0.07686518842372889 0.0
  vertex 0.05277016874462864 0.07606201289260199 0.0
 endloop
endfacet
facet normal 0.0 -0.0 -1.0
 outer loop
  vertex -0.06856095576793705 0.06665258589358103 0.0
  vertex -0.06671086324487625 0.06160756041013097 0.0
  vertex -0.07173224071908053 0.06318471161338118 0.0
 endloop
endfacet
facet normal 0.0 0.0 -1.0
 outer loop
  vertex -0.06671086324487625 0.06160756041013097 0.0
  vertex -0.06856095576793705 0.06665258589358103 0.0
  vertex -0.06463212384647694 0.06567412590577643 0.0
 endloop
endfacet
facet normal 0.0 0.0 -1.0
 outer loop
  vertex -0.06856095576793705 0.06665258589358103 0.0
  vertex -0.06522220473988882 0.07014000265515707 0.0
  vertex -0.06463212384647694 0.06567412590577643 0.0
 endloop
endfacet
facet normal 0.0 -0.0 -1.0
 outer loop
  vertex -0.02126880771180358 -0.08878534172621672 0.0
  vertex -0.01928674836705759 -0.09383053613291498 0.0
  vertex -0.0237389164156151 -0.0928991631854669 0.0
 endloop
endfacet
facet normal 0.0 0.0 -1.0
 outer loop
  vertex -0.01928674836705759 -0.09383053613291498 0.0
  vertex -0.02126880771180358 -0.08878534172621672 0.0
  vertex -0.01668694679991065 -0.0906212345713193 0.0
 endloop
endfacet
facet normal 0.0 0.0 -1.0
 outer loop
  vertex -0.01470046881448872 -0.09459485682496058 0.0
  vertex -0.01928674836705759 -0.09383053613291498 0.0
  vertex -0.01668694679991065 -0.0906212345713193 0.0
 endloop
endfacet
facet normal 0.0 -0.0 -1.0
 outer loop
  vertex 0.01937182308694385 0.09338946821060873 0.0
  vertex 0.02023551707601819 0.08743876129685109 0.0
  vertex 0.01533516447483163 0.09006081808324146 0.0
 endloop
endfacet
facet normal 0.0 0.0 -1.0
 outer loop
  vertex 0.02023551707601819 0.08743876129685109 0.0
  vertex 0.01937182308694385 0.09338946821060873 0.0
  vertex 0.02312254044317039 0.09080793100076859 0.0
 endloop
endfacet
facet normal -0.0 0.0 -1.0
 outer loop
  vertex 0.01937182308694385 0.09338946821060873 0.0
  vertex 0.01533516447483163 0.09006081808324146 0.0
  vertex 0.01429154238246797 0.0948181883210388 0.0
 endloop
endfacet
facet normal 0.0 0.0 -1.0
 outer loop
  vertex 0.02312254044317039 0.09080793100076859 0.0
  vertex 0.01937182308694385 0.09338946821060873 0.0
  vertex 0.02397662974068208 0.09420332109238766 0.0
 endloop
endfacet
facet normal 0.0 0.0 -1.0
 outer loop
  vertex 0.03262557741442275 0.08998660359674338 0.0
  vertex 0.03716802612194059 0.08838307941949061 0.0
  vertex 0.03369605922871011 0.08611982509523834 0.0
 endloop
endfacet
facet normal 0.0 -0.0 -1.0
 outer loop
  vertex 0.03716802612194059 0.08838307941949061 0.0
  vertex 0.04132346801048119 0.0862999499753161 0.0
  vertex 0.03713800740445447 0.08393621977831905 0.0
 endloop
endfacet
facet normal 0.0 0.0 -1.0
 outer loop
  vertex 0.03716802612194059 0.08838307941949061 0.0
  vertex 0.03713800740445447 0.08393621977831905 0.0
  vertex 0.03369605922871011 0.08611982509523834 0.0
 endloop
endfacet
facet normal 0.0 0.0 -1.0
 outer loop
  vertex -0.09144103362605256 -0.02055153126144486 0.0
  vertex -0.09433231650973077 -0.01683724506829326 0.0
  vertex -0.08914707524838131 -0.01650070088816975 0.0
 endloop
endfacet
facet normal 0.0 -0.0 -1.0
 outer loop
  vertex -0.09433231650973077 -0.01683724506829326 0.0
  vertex -0.09144103362605256 -0.02055153126144486 0.0
  vertex -0.09483271337697419 -0.02161180682316015 0.0
 endloop
endfacet
facet normal -0.0 0.0 -1.0
 outer loop
  vertex -0.08914707524838131 -0.01650070088816975 0.0
  vertex -0.09433231650973077 -0.01683724506829326 0.0
  vertex -0.09188465334433636 -0.0121859133663676 0.0
 endloop
endfacet
facet normal 0.0 0.0 -1.0
 outer loop
  vertex -0.09188465334433636 -0.0121859133663676 0.0
  vertex -0.09433231650973077 -0.01683724506829326 0.0
  vertex -0.09590899747745034 -0.01235288155531225 0.0
 endloop
endfacet
facet normal -0.0 0.0 -1.0
 outer loop
  vertex 0.05759598271871983 -0.0764720717120781 0.0
  vertex 0.05395630722570891 -0.07934566165773987 0.0
  vertex 0.05366828370027274 -0.07529158165815542 0.0
 endloop
endfacet
facet normal -0.0 0.0 -1.0
 outer loop
  vertex 0.05395630722570891 -0.07934566165773987 0.0
  vertex 0.04966568082111683 -0.08186793677511697 0.0
  vertex 0.04966978171893256 -0.07738681890813999 0.0
 endloop
endfacet
facet normal 0.0 0.0 -1.0
 outer loop
  vertex 0.05395630722570891 -0.07934566165773987 0.0
  vertex 0.04966978171893256 -0.07738681890813999 0.0
  vertex 0.05366828370027274 -0.07529158165815542 0.0
 endloop
endfacet
facet normal 0.0 -0.0 -1.0
 outer loop
  vertex -0.080299311674367 0.0519333911214343 0.0
  vertex -0.0776503855392211 0.04736958867758778 0.0
  vertex -0.08304247566827075 0.04794459568124973 0.0
 endloop
endfacet
facet normal 0.0 0.0 -1.0
 outer loop
  vertex -0.0776503855392211 0.04736958867758778 0.0
  vertex -0.080299311674367 0.0519333911214343 0.0
  vertex -0.07594505820167596 0.05192861245650686 0.0
 endloop
endfacet
facet normal 0.0 0.0 -1.0
 outer loop
  vertex -0.080299311674367 0.0519333911214343 0.0
  vertex -0.07785607880457278 0.05597470869356981 0.0
  vertex -0.07594505820167596 0.05192861245650686 0.0
 endloop
endfacet
facet normal 0.0 0.0 -1.0
 outer loop
  vertex -0.08903881477664663 -0.03494515969136257 0.0
  vertex -0.08414795713692372 -0.03522823499203707 0.0
  vertex -0.08740355910035155 -0.03943798773701819 0.0
 endloop
endfacet
facet normal 0.0 0.0 -1.0
 outer loop
  vertex -0.08414795713692372 -0.03522823499203707 0.0
  vertex -0.08903881477664663 -0.03494515969136257 0.0
  vertex -0.08694929761625655 -0.03147005637113644 0.0
 endloop
endfacet
facet normal 0.0 0.0 -1.0
 outer loop
  vertex -0.08903881477664663 -0.03494515969136257 0.0
  vertex -0.09089598669436584 -0.03053942735238416 0.0
  vertex -0.08694929761625655 -0.03147005637113644 0.0
 endloop
endfacet
facet normal 0.0 0.0 -1.0
 outer loop
  vertex 0.07770434647142974 0.05646682639483206 0.0
  vertex 0.07260350428668251 0.05705742271233273 0.0
  vertex 0.07578976316940159 0.0602108912074916 0.0
 endloop
endfacet
facet normal 0.0 0.0 -1.0
 outer loop
  vertex 0.07260350428668251 0.05705742271233273 0.0
  vertex 0.07770434647142974 0.05646682639483206 0.0
  vertex 0.07545654677697997 0.05298482568483696 0.0
 endloop
endfacet
facet normal 0.0 -0.0 -1.0
 outer loop
  vertex 0.07770434647142974 0.05646682639483206 0.0
  vertex 0.07989635654486248 0.05132682612249222 0.0
  vertex 0.07545654677697997 0.05298482568483696 0.0
 endloop
endfacet
facet normal 0.0 0.0 -1.0
 outer loop
  vertex 0.01943814434008216 -0.0940141394964116 0.0
  vertex 0.02217500065773951 -0.08956322140097078 0.0
  vertex 0.02379715170742932 -0.0937081713992148 0.0
 endloop
endfacet
facet normal 0.0 0.0 -1.0
 outer loop
  vertex 0.02217500065773951 -0.08956322140097078 0.0
  vertex 0.01943814434008216 -0.0940141394964116 0.0
  vertex 0.01677211998089189 -0.09055289595745829 0.0
 endloop
endfacet
facet normal -0.0 0.0 -1.0
 outer loop
  vertex 0.01943814434008216 -0.0940141394964116 0.0
  vertex 0.01461038620246343 -0.09481378986701917 0.0
  vertex 0.01677211998089189 -0.09055289595745829 0.0
 endloop
endfacet
facet normal 0.0 0.0 -1.0
 outer loop
  vertex 0.0893949177041104 -0.03478596629383669 0.0
  vertex 0.08623449526628109 -0.03094375373212267 0.0
  vertex 0.0909680150066587 -0.03039804531838822 0.0
 endloop
endfacet
facet normal 0.0 -0.0 -1.0
 outer loop
  vertex 0.08623449526628109 -0.03094375373212267 0.0
  vertex 0.0893949177041104 -0.03478596629383669 0.0
  vertex 0.08498532417235008 -0.03579244918222999 0.0
 endloop
endfacet
facet normal 0.0 0.0 -1.0
 outer loop
  vertex 0.0893949177041104 -0.03478596629383669 0.0
  vertex 0.0875127474793977 -0.03940475605975225 0.0
  vertex 0.08498532417235008 -0.03579244918222999 0.0
 endloop
endfacet
facet normal 0.0 0.0 -1.0
 outer loop
  vertex -0.03745063323706711 0.08228031440972894 0.0
  vertex -0.03708651027483213 0.08795073794252682 0.0
  vertex -0.03291590017222165 0.08415649613698167 0.0
 endloop
endfacet
facet normal 0.0 0.0 -1.0
 outer loop
  vertex -0.03708651027483213 0.08795073794252682 0.0
  vertex -0.03745063323706711 0.08228031440972894 0.0
  vertex -0.04138682681978732 0.08563862879253695 0.0
 endloop
endfacet
facet normal 0.0 0.0 -1.0
 outer loop
  vertex -0.03291590017222165 0.08415649613698167 0.0
  vertex -0.03708651027483213 0.08795073794252682 0.0
  vertex -0.03239081628076811 0.08931031125988106 0.0
 endloop
endfacet
facet normal 0.0 -0.0 -1.0
 outer loop
  vertex 0.0861261115535806 0.04388360806648153 0.0
  vertex 0.08676549134969376 0.03944322383801621 0.0
  vertex 0.08255674578961462 0.0418285197571726 0.0
 endloop
endfacet
facet normal 0.0 -0.0 -1.0
 outer loop
  vertex 0.08676549134969376 0.03944322383801621 0.0
  vertex 0.0891477231687094 0.03473684819923178 0.0
  vertex 0.08522579863893859 0.03514643607523935 0.0
 endloop
endfacet
facet normal 0.0 0.0 -1.0
 outer loop
  vertex 0.08223057364004052 0.03775201431681286 0.0
  vertex 0.08676549134969376 0.03944322383801621 0.0
  vertex 0.08522579863893859 0.03514643607523935 0.0
 endloop
endfacet
facet normal -0.0 0.0 -1.0
 outer loop
  vertex 0.08676549134969376 0.03944322383801621 0.0
  vertex 0.08223057364004052 0.03775201431681286 0.0
  vertex 0.08255674578961462 0.0418285197571726 0.0
 endloop
endfacet
facet normal 0.0 0.0 -1.0
 outer loop
  vertex -0.05391110873874642 -0.07403066243788911 0.0
  vertex -0.05418007256678106 -0.07907762289708381 0.0
  vertex -0.05813180933521559 -0.07604057439862041 0.0
 endloop
endfacet
facet normal 0.0 0.0 -1.0
 outer loop
  vertex -0.05418007256678106 -0.07907762289708381 0.0
  vertex -0.05391110873874642 -0.07403066243788911 0.0
  vertex -0.04996221877762248 -0.07695498955437842 0.0
 endloop
endfacet
facet normal 0.0 0.0 -1.0
 outer loop
  vertex -0.05007045562391493 -0.08167028182301375 0.0
  vertex -0.05418007256678106 -0.07907762289708381 0.0
  vertex -0.04996221877762248 -0.07695498955437842 0.0
 endloop
endfacet
facet normal 0.0 -0.0 -1.0
 outer loop
  vertex -0.01847903718175489 0.09421286659985036 0.0
  vertex -0.0145151608897699 0.09143128817278791 0.0
  vertex -0.0189541470059329 0.08937667092579772 0.0
 endloop
endfacet
facet normal 0.0 0.0 -1.0
 outer loop
  vertex -0.0145151608897699 0.09143128817278791 0.0
  vertex -0.01847903718175489 0.09421286659985036 0.0
  vertex -0.01441536245152892 0.09563968080323669 0.0
 endloop
endfacet
facet normal 0.0 0.0 -1.0
 outer loop
  vertex -0.02320767418680968 0.092741025537319 0.0
  vertex -0.01847903718175489 0.09421286659985036 0.0
  vertex -0.0189541470059329 0.08937667092579772 0.0
 endloop
endfacet
facet normal 0.0 0.0 -1.0
 outer loop
  vertex -0.09587656917222134 0.002098966209986637 0.0
  vertex -0.09540092463176193 0.006948800783873318 0.0
  vertex -0.09137958658700758 0.003953587773507277 0.0
 endloop
endfacet
facet normal 0.0 0.0 -1.0
 outer loop
  vertex -0.0919039990244006 -0.0007101466526323876 0.0
  vertex -0.09587656917222134 0.002098966209986637 0.0
  vertex -0.09137958658700758 0.003953587773507277 0.0
 endloop
endfacet
facet normal 0.0 0.0 -1.0
 outer loop
  vertex -0.09587656917222134 0.002098966209986637 0.0
  vertex -0.0919039990244006 -0.0007101466526323876 0.0
  vertex -0.09579838394542234 -0.002732542981461762 0.0
 endloop
endfacet
facet normal 0.0 0.0 -1.0
 outer loop
  vertex -0.08076109546027382 -0.05195620887245506 0.0
  vertex -0.08313739015400756 -0.04791283581538339 0.0
  vertex -0.07934980417669342 -0.0480906971517959 0.0
 endloop
endfacet
facet normal 0.0 0.0 -1.0
 outer loop
  vertex -0.07784367291829061 -0.0557742476240697 0.0
  vertex -0.08076109546027382 -0.05195620887245506 0.0
  vertex -0.07631786005753262 -0.05098980597287946 0.0
 endloop
endfacet
facet normal -0.0 0.0 -1.0
 outer loop
  vertex -0.07631786005753262 -0.05098980597287946 0.0
  vertex -0.08076109546027382 -0.05195620887245506 0.0
  vertex -0.07934980417669342 -0.0480906971517959 0.0
 endloop
endfacet
facet normal 0.0 0.0 -1.0
 outer loop
  vertex -0.0556876542455278 0.07475881035422388 0.0
  vertex -0.05475113710747199 0.0792761199228659 0.0
  vertex -0.05093433898524641 0.0764748554661406 0.0
 endloop
endfacet
facet normal 0.0 0.0 -1.0
 outer loop
  vertex -0.05475113710747199 0.0792761199228659 0.0
  vertex -0.0556876542455278 0.07475881035422388 0.0
  vertex -0.05859942454351212 0.07746652792575799 0.0
 endloop
endfacet
facet normal 0.0 0.0 -1.0
 outer loop
  vertex -0.05475113710747199 0.0792761199228659 0.0
  vertex -0.05029643555692407 0.0814266419537869 0.0
  vertex -0.05093433898524641 0.0764748554661406 0.0
 endloop
endfacet
facet normal -0.0 0.0 -1.0
 outer loop
  vertex 0.0956210657353163 0.00238464050270298 0.0
  vertex 0.09092939842081085 -0.0003038151066776527 0.0
  vertex 0.09126765672594675 0.004506789403293424 0.0
 endloop
endfacet
facet normal 0.0 0.0 -1.0
 outer loop
  vertex 0.09092939842081085 -0.0003038151066776527 0.0
  vertex 0.0956210657353163 0.00238464050270298 0.0
  vertex 0.09539028836387238 -0.00252390076179312 0.0
 endloop
endfacet
facet normal 0.0 0.0 -1.0
 outer loop
  vertex 0.0956210657353163 0.00238464050270298 0.0
  vertex 0.09126765672594675 0.004506789403293424 0.0
  vertex 0.09562106573531619 0.007165808244446049 0.0
 endloop
endfacet
facet normal 0.0 0.0 -1.0
 outer loop
  vertex -0.03715206445234896 -0.08785371234460143 0.0
  vertex -0.03804027444203507 -0.08163718285435653 0.0
  vertex -0.03322567005238911 -0.084475316905279 0.0
 endloop
endfacet
facet normal 0.0 -0.0 -1.0
 outer loop
  vertex -0.03804027444203507 -0.08163718285435653 0.0
  vertex -0.03715206445234896 -0.08785371234460143 0.0
  vertex -0.04100350294782527 -0.08514465120557484 0.0
 endloop
endfacet
facet normal 0.0 0.0 -1.0
 outer loop
  vertex -0.03715206445234896 -0.08785371234460143 0.0
  vertex -0.03322567005238911 -0.084475316905279 0.0
  vertex -0.03261724756672719 -0.08949170107433542 0.0
 endloop
endfacet
facet normal 0.0 0.0 -1.0
 outer loop
  vertex -0.0685169511552674 -0.06698276628683475 0.0
  vertex -0.06264519357104982 -0.06779850825127705 0.0
  vertex -0.0658422913143167 -0.07090598078090095 0.0
 endloop
endfacet
facet normal 0.0 0.0 -1.0
 outer loop
  vertex -0.06264519357104982 -0.06779850825127705 0.0
  vertex -0.0685169511552674 -0.06698276628683475 0.0
  vertex -0.06545649497820842 -0.06395405560849567 0.0
 endloop
endfacet
facet normal 0.0 0.0 -1.0
 outer loop
  vertex -0.0685169511552674 -0.06698276628683475 0.0
  vertex -0.06939860763843819 -0.06209293485133888 0.0
  vertex -0.06545649497820842 -0.06395405560849567 0.0
 endloop
endfacet
facet normal 0.0 -0.0 -1.0
 outer loop
  vertex -0.06939860763843819 -0.06209293485133888 0.0
  vertex -0.0685169511552674 -0.06698276628683475 0.0
  vertex -0.07269715966386125 -0.06430625583646105 0.0
 endloop
endfacet
facet normal 0.0 0.0 -1.0
 outer loop
  vertex 0.0001724231096176262 0.09601101107929388 0.0
  vertex 0.004849810670143856 0.0958338181953563 0.0
  vertex 0.002643175818113973 0.09275025231873874 0.0
 endloop
endfacet
facet normal 0.0 0.0 -1.0
 outer loop
  vertex -0.004704296391953882 0.09577185324944497 0.0
  vertex 0.0001724231096176262 0.09601101107929388 0.0
  vertex -0.00130230914902502 0.091813503501872 0.0
 endloop
endfacet
facet normal 0.0 0.0 -1.0
 outer loop
  vertex -0.00130230914902502 0.091813503501872 0.0
  vertex 0.0001724231096176262 0.09601101107929388 0.0
  vertex 0.002643175818113973 0.09275025231873874 0.0
 endloop
endfacet
facet normal 0.0 -0.0 -1.0
 outer loop
  vertex 0.07553577214005522 -0.04896426509168141 0.0
  vertex 0.0801170437738471 -0.05188597425423678 0.0
  vertex 0.07477532873099253 -0.053936416936755 0.0
 endloop
endfacet
facet normal 0.0 0.0 -1.0
 outer loop
  vertex 0.0801170437738471 -0.05188597425423678 0.0
  vertex 0.07553577214005522 -0.04896426509168141 0.0
  vertex 0.08001363614923279 -0.04682547068039613 0.0
 endloop
endfacet
facet normal 0.0 0.0 -1.0
 outer loop
  vertex 0.07477532873099253 -0.053936416936755 0.0
  vertex 0.0801170437738471 -0.05188597425423678 0.0
  vertex 0.0783787218240054 -0.05641045408604504 0.0
 endloop
endfacet
facet normal 0.0 0.0 -1.0
 outer loop
  vertex 0.0801170437738471 -0.05188597425423678 0.0
  vertex 0.08001363614923279 -0.04682547068039613 0.0
  vertex 0.08376940875593915 -0.04836429069509749 0.0
 endloop
endfacet
facet normal 0.0 0.0 -1.0
 outer loop
  vertex -0.09540092463176193 0.006948800783873318 0.0
  vertex -0.09088594544188999 0.008853171710516493 0.0
  vertex -0.09137958658700758 0.003953587773507277 0.0
 endloop
endfacet
facet normal 0.0 0.0 -1.0
 outer loop
  vertex -0.09088594544188999 0.008853171710516493 0.0
  vertex -0.09032051123981928 0.01381375331827278 0.0
  vertex -0.086362540983462 0.01076018715928 0.0
 endloop
endfacet
facet normal 0.0 0.0 -1.0
 outer loop
  vertex -0.09088594544188999 0.008853171710516493 0.0
  vertex -0.086362540983462 0.01076018715928 0.0
  vertex -0.08693809499383195 0.005813304573840718 0.0
 endloop
endfacet
facet normal 0.0 -0.0 -1.0
 outer loop
  vertex -0.09088594544188999 0.008853171710516493 0.0
  vertex -0.08693809499383195 0.005813304573840718 0.0
  vertex -0.09137958658700758 0.003953587773507277 0.0
 endloop
endfacet
facet normal 0.0 0.0 -1.0
 outer loop
  vertex -0.086362540983462 0.01076018715928 0.0
  vertex -0.09032051123981928 0.01381375331827278 0.0
  vertex -0.08564906678521975 0.01569616367249586 0.0
 endloop
endfacet
facet normal -0.0 0.0 -1.0
 outer loop
  vertex -0.08564906678521975 0.01569616367249586 0.0
  vertex -0.09032051123981928 0.01381375331827278 0.0
  vertex -0.08938660369375537 0.01869838362421866 0.0
 endloop
endfacet
facet normal 0.0 0.0 -1.0
 outer loop
  vertex -0.09032051123981928 0.01381375331827278 0.0
  vertex -0.09413844783201403 0.01679036104959227 0.0
  vertex -0.08938660369375537 0.01869838362421866 0.0
 endloop
endfacet
facet normal 0.0 0.0 -1.0
 outer loop
  vertex -0.086362540983462 0.01076018715928 0.0
  vertex -0.08564906678521975 0.01569616367249586 0.0
  vertex -0.08175222015430962 0.01265026419303458 0.0
 endloop
endfacet
facet normal 0.0 0.0 -1.0
 outer loop
  vertex -0.086362540983462 0.01076018715928 0.0
  vertex -0.08175222015430962 0.01265026419303458 0.0
  vertex -0.08243337387161263 0.007711093020775749 0.0
 endloop
endfacet
facet normal 0.0 -0.0 -1.0
 outer loop
  vertex -0.086362540983462 0.01076018715928 0.0
  vertex -0.08243337387161263 0.007711093020775749 0.0
  vertex -0.08693809499383195 0.005813304573840718 0.0
 endloop
endfacet
facet normal 0.0 0.0 -1.0
 outer loop
  vertex -0.08175222015430962 0.01265026419303458 0.0
  vertex -0.08564906678521975 0.01569616367249586 0.0
  vertex -0.08107122157232582 0.01758993088729387 0.0
 endloop
endfacet
facet normal 0.0 0.0 -1.0
 outer loop
  vertex -0.08564906678521975 0.01569616367249586 0.0
  vertex -0.08492955797235863 0.02063097708761953 0.0
  vertex -0.08107122157232582 0.01758993088729387 0.0
 endloop
endfacet
facet normal 0.0 0.0 -1.0
 outer loop
  vertex -0.08492955797235863 0.02063097708761953 0.0
  vertex -0.08564906678521975 0.01569616367249586 0.0
  vertex -0.08938660369375537 0.01869838362421866 0.0
 endloop
endfacet
facet normal 0.0 0.0 -1.0
 outer loop
  vertex -0.08243337387161263 0.007711093020775749 0.0
  vertex -0.08175222015430962 0.01265026419303458 0.0
  vertex -0.07781951057308761 0.00959942966260146 0.0
 endloop
endfacet
facet normal 0.0 0.0 -1.0
 outer loop
  vertex -0.07781951057308761 0.00959942966260146 0.0
  vertex -0.08175222015430962 0.01265026419303458 0.0
  vertex -0.07714740921296905 0.01454007553129751 0.0
 endloop
endfacet
facet normal -0.0 0.0 -1.0
 outer loop
  vertex -0.07714740921296905 0.01454007553129751 0.0
  vertex -0.08175222015430962 0.01265026419303458 0.0
  vertex -0.08107122157232582 0.01758993088729387 0.0
 endloop
endfacet
facet normal 0.0 0.0 -1.0
 outer loop
  vertex -0.08243337387161263 0.007711093020775749 0.0
  vertex -0.07781951057308761 0.00959942966260146 0.0
  vertex -0.0784933482607937 0.004659095040632224 0.0
 endloop
endfacet
facet normal 0.0 0.0 -1.0
 outer loop
  vertex -0.08693809499383195 0.005813304573840718 0.0
  vertex -0.08243337387161263 0.007711093020775749 0.0
  vertex -0.08307771908219216 0.002775251048249165 0.0
 endloop
endfacet
facet normal 0.0 -0.0 -1.0
 outer loop
  vertex -0.08243337387161263 0.007711093020775749 0.0
  vertex -0.0784933482607937 0.004659095040632224 0.0
  vertex -0.08307771908219216 0.002775251048249165 0.0
 endloop
endfacet
facet normal 0.0 0.0 -1.0
 outer loop
  vertex -0.07781951057308761 0.00959942966260146 0.0
  vertex -0.07714740921296905 0.01454007553129751 0.0
  vertex -0.07320738316734203 0.01148801347880527 0.0
 endloop
endfacet
facet normal 0.0 0.0 -1.0
 outer loop
  vertex -0.07781951057308761 0.00959942966260146 0.0
  vertex -0.07320738316734203 0.01148801347880527 0.0
  vertex -0.07387920182683463 0.006547325371718153 0.0
 endloop
endfacet
facet normal 0.0 -0.0 -1.0
 outer loop
  vertex -0.07781951057308761 0.00959942966260146 0.0
  vertex -0.07387920182683463 0.006547325371718153 0.0
  vertex -0.0784933482607937 0.004659095040632224 0.0
 endloop
endfacet
facet normal 0.0 0.0 -1.0
 outer loop
  vertex -0.07320738316734203 0.01148801347880527 0.0
  vertex -0.07714740921296905 0.01454007553129751 0.0
  vertex -0.07253470024556405 0.01642855189433684 0.0
 endloop
endfacet
facet normal -0.0 0.0 -1.0
 outer loop
  vertex -0.07253470024556405 0.01642855189433684 0.0
  vertex -0.07714740921296905 0.01454007553129751 0.0
  vertex -0.07647364877221566 0.01948052500365117 0.0
 endloop
endfacet
facet normal 0.0 0.0 -1.0
 outer loop
  vertex -0.07714740921296905 0.01454007553129751 0.0
  vertex -0.08107122157232582 0.01758993088729387 0.0
  vertex -0.07647364877221566 0.01948052500365117 0.0
 endloop
endfacet
facet normal 0.0 0.0 -1.0
 outer loop
  vertex -0.07387920182683463 0.006547325371718153 0.0
  vertex -0.07320738316734203 0.01148801347880527 0.0
  vertex -0.06926474357756461 0.008435502553926688 0.0
 endloop
endfacet
facet normal 0.0 0.0 -1.0
 outer loop
  vertex -0.06926474357756461 0.008435502553926688 0.0
  vertex -0.07320738316734203 0.01148801347880527 0.0
  vertex -0.06859254676440019 0.01337612495996073 0.0
 endloop
endfacet
facet normal -0.0 0.0 -1.0
 outer loop
  vertex -0.06859254676440019 0.01337612495996073 0.0
  vertex -0.07320738316734203 0.01148801347880527 0.0
  vertex -0.07253470024556405 0.01642855189433684 0.0
 endloop
endfacet
facet normal 0.0 0.0 -1.0
 outer loop
  vertex -0.07387920182683463 0.006547325371718153 0.0
  vertex -0.06926474357756461 0.008435502553926688 0.0
  vertex -0.06993699214068685 0.00349488895513451 0.0
 endloop
endfacet
facet normal 0.0 0.0 -1.0
 outer loop
  vertex -0.0784933482607937 0.004659095040632224 0.0
  vertex -0.07387920182683463 0.006547325371718153 0.0
  vertex -0.07455116436827619 0.001607348638904786 0.0
 endloop
endfacet
facet normal 0.0 -0.0 -1.0
 outer loop
  vertex -0.07387920182683463 0.006547325371718153 0.0
  vertex -0.06993699214068685 0.00349488895513451 0.0
  vertex -0.07455116436827619 0.001607348638904786 0.0
 endloop
endfacet
facet normal 0.0 0.0 -1.0
 outer loop
  vertex -0.06926474357756461 0.008435502553926688 0.0
  vertex -0.06859254676440019 0.01337612495996073 0.0
  vertex -0.06464997829117251 0.01032362637692771 0.0
 endloop
endfacet
facet normal 0.0 0.0 -1.0
 outer loop
  vertex -0.06926474357756461 0.008435502553926688 0.0
  vertex -0.06464997829117251 0.01032362637692771 0.0
  vertex -0.06532223580489063 0.005383014492145806 0.0
 endloop
endfacet
facet normal 0.0 -0.0 -1.0
 outer loop
  vertex -0.06926474357756461 0.008435502553926688 0.0
  vertex -0.06532223580489063 0.005383014492145806 0.0
  vertex -0.06993699214068685 0.00349488895513451 0.0
 endloop
endfacet
facet normal 0.0 0.0 -1.0
 outer loop
  vertex -0.06464997829117251 0.01032362637692771 0.0
  vertex -0.06859254676440019 0.01337612495996073 0.0
  vertex -0.06397771778204792 0.01526423773077699 0.0
 endloop
endfacet
facet normal 0.0 0.0 -1.0
 outer loop
  vertex -0.06859254676440019 0.01337612495996073 0.0
  vertex -0.07253470024556405 0.01642855189433684 0.0
  vertex -0.0679202282928209 0.01831672630844475 0.0
 endloop
endfacet
facet normal 0.0 0.0 -1.0
 outer loop
  vertex -0.06859254676440019 0.01337612495996073 0.0
  vertex -0.0679202282928209 0.01831672630844475 0.0
  vertex -0.06397771778204792 0.01526423773077699 0.0
 endloop
endfacet
facet normal 0.0 0.0 -1.0
 outer loop
  vertex -0.06532223580489063 0.005383014492145806 0.0
  vertex -0.06464997829117251 0.01032362637692771 0.0
  vertex -0.06070742608073303 0.007271130605887172 0.0
 endloop
endfacet
facet normal 0.0 0.0 -1.0
 outer loop
  vertex -0.06070742608073303 0.007271130605887172 0.0
  vertex -0.06464997829117251 0.01032362637692771 0.0
  vertex -0.06003516590802443 0.01221174200907167 0.0
 endloop
endfacet
facet normal -0.0 0.0 -1.0
 outer loop
  vertex -0.06003516590802443 0.01221174200907167 0.0
  vertex -0.06464997829117251 0.01032362637692771 0.0
  vertex -0.06397771778204792 0.01526423773077699 0.0
 endloop
endfacet
facet normal 0.0 0.0 -1.0
 outer loop
  vertex -0.06532223580489063 0.005383014492145806 0.0
  vertex -0.06070742608073303 0.007271130605887172 0.0
  vertex -0.06137968395757135 0.002330518694649911 0.0
 endloop
endfacet
facet normal 0.0 0.0 -1.0
 outer loop
  vertex -0.06993699214068685 0.00349488895513451 0.0
  vertex -0.06532223580489063 0.005383014492145806 0.0
  vertex -0.06599449205200966 0.0004424023822514241 0.0
 endloop
endfacet
facet normal 0.0 0.0 -1.0
 outer loop
  vertex -0.06599449205200966 0.0004424023822514241 0.0
  vertex -0.06532223580489063 0.005383014492145806 0.0
  vertex -0.06137968395757135 0.002330518694649911 0.0
 endloop
endfacet
facet normal 0.0 0.0 -1.0
 outer loop
  vertex -0.06070742608073303 0.007271130605887172 0.0
  vertex -0.06003516590802443 0.01221174200907167 0.0
  vertex -0.05609260144499455 0.009159244105365675 0.0
 endloop
endfacet
facet normal 0.0 0.0 -1.0
 outer loop
  vertex -0.06070742608073303 0.007271130605887172 0.0
  vertex -0.05609260144499455 0.009159244105365675 0.0
  vertex -0.05676485958825973 0.004218632330197471 0.0
 endloop
endfacet
facet normal 0.0 -0.0 -1.0
 outer loop
  vertex -0.06070742608073303 0.007271130605887172 0.0
  vertex -0.05676485958825973 0.004218632330197471 0.0
  vertex -0.06137968395757135 0.002330518694649911 0.0
 endloop
endfacet
facet normal 0.0 0.0 -1.0
 outer loop
  vertex -0.05609260144499455 0.009159244105365675 0.0
  vertex -0.06003516590802443 0.01221174200907167 0.0
  vertex -0.05542034373496145 0.01409985593249739 0.0
 endloop
endfacet
facet normal 0.0 0.0 -1.0
 outer loop
  vertex -0.06003516590802443 0.01221174200907167 0.0
  vertex -0.06397771778204792 0.01526423773077699 0.0
  vertex -0.05936290839365202 0.01715235386908847 0.0
 endloop
endfacet
facet normal 0.0 0.0 -1.0
 outer loop
  vertex -0.06003516590802443 0.01221174200907167 0.0
  vertex -0.05936290839365202 0.01715235386908847 0.0
  vertex -0.05542034373496145 0.01409985593249739 0.0
 endloop
endfacet
facet normal 0.0 0.0 -1.0
 outer loop
  vertex -0.05676485958825973 0.004218632330197471 0.0
  vertex -0.05609260144499455 0.009159244105365675 0.0
  vertex -0.05215003532857512 0.006106745913710195 0.0
 endloop
endfacet
facet normal 0.0 0.0 -1.0
 outer loop
  vertex -0.05215003532857512 0.006106745913710195 0.0
  vertex -0.05609260144499455 0.009159244105365675 0.0
  vertex -0.05147777751979077 0.01104735772664153 0.0
 endloop
endfacet
facet normal -0.0 0.0 -1.0
 outer loop
  vertex -0.05147777751979077 0.01104735772664153 0.0
  vertex -0.05609260144499455 0.009159244105365675 0.0
  vertex -0.05542034373496145 0.01409985593249739 0.0
 endloop
endfacet
facet normal 0.0 0.0 -1.0
 outer loop
  vertex -0.05676485958825973 0.004218632330197471 0.0
  vertex -0.05215003532857512 0.006106745913710195 0.0
  vertex -0.05282229319923515 0.001166134094677872 0.0
 endloop
endfacet
facet normal 0.0 0.0 -1.0
 outer loop
  vertex -0.06137968395757135 0.002330518694649911 0.0
  vertex -0.05676485958825973 0.004218632330197471 0.0
  vertex -0.05743711746032393 -0.0007219794916597073 0.0
 endloop
endfacet
facet normal 0.0 0.0 -1.0
 outer loop
  vertex -0.05743711746032393 -0.0007219794916597073 0.0
  vertex -0.05676485958825973 0.004218632330197471 0.0
  vertex -0.05282229319923515 0.001166134094677872 0.0
 endloop
endfacet
facet normal 0.0 0.0 -1.0
 outer loop
  vertex -0.05215003532857512 0.006106745913710195 0.0
  vertex -0.05147777751979077 0.01104735772664153 0.0
  vertex -0.04753521116287641 0.007994859497402525 0.0
 endloop
endfacet
facet normal 0.0 0.0 -1.0
 outer loop
  vertex -0.05215003532857512 0.006106745913710195 0.0
  vertex -0.04753521116287641 0.007994859497402525 0.0
  vertex -0.04820746896893264 0.003054247686730806 0.0
 endloop
endfacet
facet normal 0.0 -0.0 -1.0
 outer loop
  vertex -0.05215003532857512 0.006106745913710195 0.0
  vertex -0.04820746896893264 0.003054247686730806 0.0
  vertex -0.05282229319923515 0.001166134094677872 0.0
 endloop
endfacet
facet normal 0.0 0.0 -1.0
 outer loop
  vertex -0.04753521116287641 0.007994859497402525 0.0
  vertex -0.05147777751979077 0.01104735772664153 0.0
  vertex -0.0468629533438966 0.01293547130606014 0.0
 endloop
endfacet
facet normal 0.0 0.0 -1.0
 outer loop
  vertex -0.05147777751979077 0.01104735772664153 0.0
  vertex -0.05542034373496145 0.01409985593249739 0.0
  vertex -0.05080551972728697 0.01598796954017439 0.0
 endloop
endfacet
facet normal -0.0 0.0 -1.0
 outer loop
  vertex -0.0468629533438966 0.01293547130606014 0.0
  vertex -0.05147777751979077 0.01104735772664153 0.0
  vertex -0.05080551972728697 0.01598796954017439 0.0
 endloop
endfacet
facet normal 0.0 0.0 -1.0
 outer loop
  vertex -0.04820746896893264 0.003054247686730806 0.0
  vertex -0.04753521116287641 0.007994859497402525 0.0
  vertex -0.04359264473240651 0.004942361265815374 0.0
 endloop
endfacet
facet normal 0.0 0.0 -1.0
 outer loop
  vertex -0.04359264473240651 0.004942361265815374 0.0
  vertex -0.04753521116287641 0.007994859497402525 0.0
  vertex -0.04292038692236583 0.009882973066749134 0.0
 endloop
endfacet
facet normal -0.0 0.0 -1.0
 outer loop
  vertex -0.04292038692236583 0.009882973066749134 0.0
  vertex -0.04753521116287641 0.007994859497402525 0.0
  vertex -0.0468629533438966 0.01293547130606014 0.0
 endloop
endfacet
facet normal 0.0 0.0 -1.0
 outer loop
  vertex -0.04820746896893264 0.003054247686730806 0.0
  vertex -0.04359264473240651 0.004942361265815374 0.0
  vertex -0.04426490257538641 1.749360307630989e-06 0.0
 endloop
endfacet
facet normal 0.0 0.0 -1.0
 outer loop
  vertex -0.04820746896893264 0.003054247686730806 0.0
  vertex -0.0488797268010495 -0.001886364210319989 0.0
  vertex -0.05282229319923515 0.001166134094677872 0.0
 endloop
endfacet
facet normal 0.0 0.0 -1.0
 outer loop
  vertex -0.0488797268010495 -0.001886364210319989 0.0
  vertex -0.04820746896893264 0.003054247686730806 0.0
  vertex -0.04426490257538641 1.749360307630989e-06 0.0
 endloop
endfacet
facet normal 0.0 0.0 -1.0
 outer loop
  vertex -0.04359264473240651 0.004942361265815374 0.0
  vertex -0.04292038692236583 0.009882973066749134 0.0
  vertex -0.03897782048724764 0.006830474823800753 0.0
 endloop
endfacet
facet normal 0.0 0.0 -1.0
 outer loop
  vertex -0.04359264473240651 0.004942361265815374 0.0
  vertex -0.03897782048724764 0.006830474823800753 0.0
  vertex -0.03965007833088505 0.001889862979672225 0.0
 endloop
endfacet
facet normal 0.0 -0.0 -1.0
 outer loop
  vertex -0.04359264473240651 0.004942361265815374 0.0
  vertex -0.03965007833088505 0.001889862979672225 0.0
  vertex -0.04426490257538641 1.749360307630989e-06 0.0
 endloop
endfacet
facet normal 0.0 0.0 -1.0
 outer loop
  vertex -0.03897782048724764 0.006830474823800753 0.0
  vertex -0.04292038692236583 0.009882973066749134 0.0
  vertex -0.03830556268062194 0.01177108663135422 0.0
 endloop
endfacet
facet normal 0.0 0.0 -1.0
 outer loop
  vertex -0.04292038692236583 0.009882973066749134 0.0
  vertex -0.0468629533438966 0.01293547130606014 0.0
  vertex -0.04224812911349144 0.01482358487546235 0.0
 endloop
endfacet
facet normal 0.0 0.0 -1.0
 outer loop
  vertex -0.04292038692236583 0.009882973066749134 0.0
  vertex -0.04224812911349144 0.01482358487546235 0.0
  vertex -0.03830556268062194 0.01177108663135422 0.0
 endloop
endfacet
facet normal 0.0 0.0 -1.0
 outer loop
  vertex -0.03965007833088505 0.001889862979672225 0.0
  vertex -0.03897782048724764 0.006830474823800753 0.0
  vertex -0.03503525406277151 0.003777976528226251 0.0
 endloop
endfacet
facet normal 0.0 0.0 -1.0
 outer loop
  vertex -0.03503525406277151 0.003777976528226251 0.0
  vertex -0.03897782048724764 0.006830474823800753 0.0
  vertex -0.03436299624711632 0.008718588380967904 0.0
 endloop
endfacet
facet normal -0.0 0.0 -1.0
 outer loop
  vertex -0.03436299624711632 0.008718588380967904 0.0
  vertex -0.03897782048724764 0.006830474823800753 0.0
  vertex -0.03830556268062194 0.01177108663135422 0.0
 endloop
endfacet
facet normal 0.0 0.0 -1.0
 outer loop
  vertex -0.03965007833088505 0.001889862979672225 0.0
  vertex -0.03503525406277151 0.003777976528226251 0.0
  vertex -0.03570751191556408 -0.001162635452076277 0.0
 endloop
endfacet
facet normal 0.0 -0.0 -1.0
 outer loop
  vertex -0.03965007833088505 0.001889862979672225 0.0
  vertex -0.03570751191556408 -0.001162635452076277 0.0
  vertex -0.04032233620179736 -0.003050748934679307 0.0
 endloop
endfacet
facet normal 0.0 0.0 -1.0
 outer loop
  vertex -0.03965007833088505 0.001889862979672225 0.0
  vertex -0.04032233620179736 -0.003050748934679307 0.0
  vertex -0.04426490257538641 1.749360307630989e-06 0.0
 endloop
endfacet
facet normal 0.0 0.0 -1.0
 outer loop
  vertex -0.03503525406277151 0.003777976528226251 0.0
  vertex -0.03436299624711632 0.008718588380967904 0.0
  vertex -0.03042042981206144 0.005666090135989496 0.0
 endloop
endfacet
facet normal 0.0 0.0 -1.0
 outer loop
  vertex -0.03503525406277151 0.003777976528226251 0.0
  vertex -0.03042042981206144 0.005666090135989496 0.0
  vertex -0.03109268763732155 0.0007254780923838136 0.0
 endloop
endfacet
facet normal 0.0 -0.0 -1.0
 outer loop
  vertex -0.03503525406277151 0.003777976528226251 0.0
  vertex -0.03109268763732155 0.0007254780923838136 0.0
  vertex -0.03570751191556408 -0.001162635452076277 0.0
 endloop
endfacet
facet normal 0.0 0.0 -1.0
 outer loop
  vertex -0.03042042981206144 0.005666090135989496 0.0
  vertex -0.03436299624711632 0.008718588380967904 0.0
  vertex -0.02974817200456046 0.01060670195289925 0.0
 endloop
endfacet
facet normal 0.0 0.0 -1.0
 outer loop
  vertex -0.03436299624711632 0.008718588380967904 0.0
  vertex -0.03369073843930526 0.01365920019827277 0.0
  vertex -0.02974817200456046 0.01060670195289925 0.0
 endloop
endfacet
facet normal 0.0 0.0 -1.0
 outer loop
  vertex -0.03369073843930526 0.01365920019827277 0.0
  vertex -0.03436299624711632 0.008718588380967904 0.0
  vertex -0.03830556268062194 0.01177108663135422 0.0
 endloop
endfacet
facet normal 0.0 0.0 -1.0
 outer loop
  vertex -0.03109268763732155 0.0007254780923838136 0.0
  vertex -0.03042042981206144 0.005666090135989496 0.0
  vertex -0.02647786337450874 0.002613591902381317 0.0
 endloop
endfacet
facet normal 0.0 0.0 -1.0
 outer loop
  vertex -0.02647786337450874 0.002613591902381317 0.0
  vertex -0.03042042981206144 0.005666090135989496 0.0
  vertex -0.02580560556883614 0.007554203711442225 0.0
 endloop
endfacet
facet normal -0.0 0.0 -1.0
 outer loop
  vertex -0.02580560556883614 0.007554203711442225 0.0
  vertex -0.03042042981206144 0.005666090135989496 0.0
  vertex -0.02974817200456046 0.01060670195289925 0.0
 endloop
endfacet
facet normal 0.0 0.0 -1.0
 outer loop
  vertex -0.03109268763732155 0.0007254780923838136 0.0
  vertex -0.02647786337450874 0.002613591902381317 0.0
  vertex -0.02715012121952261 -0.002327020252467531 0.0
 endloop
endfacet
facet normal 0.0 -0.0 -1.0
 outer loop
  vertex -0.03109268763732155 0.0007254780923838136 0.0
  vertex -0.02715012121952261 -0.002327020252467531 0.0
  vertex -0.03176494550212498 -0.004215133890264441 0.0
 endloop
endfacet
facet normal 0.0 0.0 -1.0
 outer loop
  vertex -0.03109268763732155 0.0007254780923838136 0.0
  vertex -0.03176494550212498 -0.004215133890264441 0.0
  vertex -0.03570751191556408 -0.001162635452076277 0.0
 endloop
endfacet
facet normal 0.0 0.0 -1.0
 outer loop
  vertex -0.02647786337450874 0.002613591902381317 0.0
  vertex -0.02580560556883614 0.007554203711442225 0.0
  vertex -0.02186303913326542 0.004501705469511637 0.0
 endloop
endfacet
facet normal 0.0 0.0 -1.0
 outer loop
  vertex -0.02647786337450874 0.002613591902381317 0.0
  vertex -0.02186303913326542 0.004501705469511637 0.0
  vertex -0.0225352969640936 -0.0004389066076385836 0.0
 endloop
endfacet
facet normal 0.0 -0.0 -1.0
 outer loop
  vertex -0.02647786337450874 0.002613591902381317 0.0
  vertex -0.0225352969640936 -0.0004389066076385836 0.0
  vertex -0.02715012121952261 -0.002327020252467531 0.0
 endloop
endfacet
facet normal 0.0 0.0 -1.0
 outer loop
  vertex -0.02186303913326542 0.004501705469511637 0.0
  vertex -0.02580560556883614 0.007554203711442225 0.0
  vertex -0.02119078132716185 0.00944231728002141 0.0
 endloop
endfacet
facet normal 0.0 0.0 -1.0
 outer loop
  vertex -0.02580560556883614 0.007554203711442225 0.0
  vertex -0.02974817200456046 0.01060670195289925 0.0
  vertex -0.02513334776260583 0.01249481552281357 0.0
 endloop
endfacet
facet normal -0.0 0.0 -1.0
 outer loop
  vertex -0.02119078132716185 0.00944231728002141 0.0
  vertex -0.02580560556883614 0.007554203711442225 0.0
  vertex -0.02513334776260583 0.01249481552281357 0.0
 endloop
endfacet
facet normal 0.0 0.0 -1.0
 outer loop
  vertex -0.0225352969640936 -0.0004389066076385836 0.0
  vertex -0.02186303913326542 0.004501705469511637 0.0
  vertex -0.01792047269795042 0.001449207226507186 0.0
 endloop
endfacet
facet normal 0.0 0.0 -1.0
 outer loop
  vertex -0.01792047269795042 0.001449207226507186 0.0
  vertex -0.02186303913326542 0.004501705469511637 0.0
  vertex -0.01724821489190487 0.006389819037134148 0.0
 endloop
endfacet
facet normal -0.0 0.0 -1.0
 outer loop
  vertex -0.01724821489190487 0.006389819037134148 0.0
  vertex -0.02186303913326542 0.004501705469511637 0.0
  vertex -0.02119078132716185 0.00944231728002141 0.0
 endloop
endfacet
facet normal 0.0 0.0 -1.0
 outer loop
  vertex -0.0225352969640936 -0.0004389066076385836 0.0
  vertex -0.01792047269795042 0.001449207226507186 0.0
  vertex -0.01859273043690653 -0.003491404800978309 0.0
 endloop
endfacet
facet normal 0.0 0.0 -1.0
 outer loop
  vertex -0.0225352969640936 -0.0004389066076385836 0.0
  vertex -0.02320755476987078 -0.005379518605552878 0.0
  vertex -0.02715012121952261 -0.002327020252467531 0.0
 endloop
endfacet
facet normal 0.0 0.0 -1.0
 outer loop
  vertex -0.02320755476987078 -0.005379518605552878 0.0
  vertex -0.0225352969640936 -0.0004389066076385836 0.0
  vertex -0.01859273043690653 -0.003491404800978309 0.0
 endloop
endfacet
facet normal 0.0 0.0 -1.0
 outer loop
  vertex -0.01792047269795042 0.001449207226507186 0.0
  vertex -0.01724821489190487 0.006389819037134148 0.0
  vertex -0.01330564845664493 0.003337320793898518 0.0
 endloop
endfacet
facet normal 0.0 0.0 -1.0
 outer loop
  vertex -0.01792047269795042 0.001449207226507186 0.0
  vertex -0.01330564845664493 0.003337320793898518 0.0
  vertex -0.01397790618367138 -0.001603291173840072 0.0
 endloop
endfacet
facet normal 0.0 -0.0 -1.0
 outer loop
  vertex -0.01792047269795042 0.001449207226507186 0.0
  vertex -0.01397790618367138 -0.001603291173840072 0.0
  vertex -0.01859273043690653 -0.003491404800978309 0.0
 endloop
endfacet
facet normal 0.0 0.0 -1.0
 outer loop
  vertex -0.01330564845664493 0.003337320793898518 0.0
  vertex -0.01724821489190487 0.006389819037134148 0.0
  vertex -0.01263339064842448 0.008277932600673232 0.0
 endloop
endfacet
facet normal -0.0 0.0 -1.0
 outer loop
  vertex -0.01263339064842448 0.008277932600673232 0.0
  vertex -0.01724821489190487 0.006389819037134148 0.0
  vertex -0.01657595708547934 0.0113304308471923 0.0
 endloop
endfacet
facet normal 0.0 0.0 -1.0
 outer loop
  vertex -0.01657595708547934 0.0113304308471923 0.0
  vertex -0.01724821489190487 0.006389819037134148 0.0
  vertex -0.02119078132716185 0.00944231728002141 0.0
 endloop
endfacet
facet normal 0.0 0.0 -1.0
 outer loop
  vertex -0.01397790618367138 -0.001603291173840072 0.0
  vertex -0.01330564845664493 0.003337320793898518 0.0
  vertex -0.009363081956078304 0.0002848224330917905 0.0
 endloop
endfacet
facet normal 0.0 0.0 -1.0
 outer loop
  vertex -0.009363081956078304 0.0002848224330917905 0.0
  vertex -0.01330564845664493 0.003337320793898518 0.0
  vertex -0.008690824204450555 0.005225434341713324 0.0
 endloop
endfacet
facet normal -0.0 0.0 -1.0
 outer loop
  vertex -0.008690824204450555 0.005225434341713324 0.0
  vertex -0.01330564845664493 0.003337320793898518 0.0
  vertex -0.01263339064842448 0.008277932600673232 0.0
 endloop
endfacet
facet normal 0.0 0.0 -1.0
 outer loop
  vertex -0.01397790618367138 -0.001603291173840072 0.0
  vertex -0.009363081956078304 0.0002848224330917905 0.0
  vertex -0.0100353398054156 -0.004655789553662686 0.0
 endloop
endfacet
facet normal 0.0 0.0 -1.0
 outer loop
  vertex -0.01859273043690653 -0.003491404800978309 0.0
  vertex -0.01397790618367138 -0.001603291173840072 0.0
  vertex -0.01465016398041552 -0.00654390315386966 0.0
 endloop
endfacet
facet normal 0.0 0.0 -1.0
 outer loop
  vertex -0.01465016398041552 -0.00654390315386966 0.0
  vertex -0.01397790618367138 -0.001603291173840072 0.0
  vertex -0.0100353398054156 -0.004655789553662686 0.0
 endloop
endfacet
facet normal 0.0 0.0 -1.0
 outer loop
  vertex -0.009363081956078304 0.0002848224330917905 0.0
  vertex -0.008690824204450555 0.005225434341713324 0.0
  vertex -0.004748257767384982 0.002172936095176404 0.0
 endloop
endfacet
facet normal 0.0 0.0 -1.0
 outer loop
  vertex -0.009363081956078304 0.0002848224330917905 0.0
  vertex -0.004748257767384982 0.002172936095176404 0.0
  vertex -0.005420515586141038 -0.002767675692639877 0.0
 endloop
endfacet
facet normal 0.0 -0.0 -1.0
 outer loop
  vertex -0.009363081956078304 0.0002848224330917905 0.0
  vertex -0.005420515586141038 -0.002767675692639877 0.0
  vertex -0.0100353398054156 -0.004655789553662686 0.0
 endloop
endfacet
facet normal 0.0 0.0 -1.0
 outer loop
  vertex -0.004748257767384982 0.002172936095176404 0.0
  vertex -0.008690824204450555 0.005225434341713324 0.0
  vertex -0.004075999972409451 0.007113547925789497 0.0
 endloop
endfacet
facet normal -0.0 0.0 -1.0
 outer loop
  vertex -0.004075999972409451 0.007113547925789497 0.0
  vertex -0.008690824204450555 0.005225434341713324 0.0
  vertex -0.00801856640717789 0.01016604616819367 0.0
 endloop
endfacet
facet normal 0.0 0.0 -1.0
 outer loop
  vertex -0.00801856640717789 0.01016604616819367 0.0
  vertex -0.008690824204450555 0.005225434341713324 0.0
  vertex -0.01263339064842448 0.008277932600673232 0.0
 endloop
endfacet
facet normal 0.0 0.0 -1.0
 outer loop
  vertex -0.005420515586141038 -0.002767675692639877 0.0
  vertex -0.004748257767384982 0.002172936095176404 0.0
  vertex -0.0008056913427171306 -0.000879562129050306 0.0
 endloop
endfacet
facet normal 0.0 0.0 -1.0
 outer loop
  vertex -0.0008056913427171306 -0.000879562129050306 0.0
  vertex -0.004748257767384982 0.002172936095176404 0.0
  vertex -0.0001334335363081655 0.004061049680986559 0.0
 endloop
endfacet
facet normal -0.0 0.0 -1.0
 outer loop
  vertex -0.0001334335363081655 0.004061049680986559 0.0
  vertex -0.004748257767384982 0.002172936095176404 0.0
  vertex -0.004075999972409451 0.007113547925789497 0.0
 endloop
endfacet
facet normal 0.0 0.0 -1.0
 outer loop
  vertex -0.005420515586141038 -0.002767675692639877 0.0
  vertex -0.0008056913427171306 -0.000879562129050306 0.0
  vertex -0.00147794921443526 -0.005820174277004904 0.0
 endloop
endfacet
facet normal 0.0 0.0 -1.0
 outer loop
  vertex -0.006092773448385699 -0.007708288030549069 0.0
  vertex -0.005420515586141038 -0.002767675692639877 0.0
  vertex -0.00147794921443526 -0.005820174277004904 0.0
 endloop
endfacet
facet normal 0.0 0.0 -1.0
 outer loop
  vertex -0.005420515586141038 -0.002767675692639877 0.0
  vertex -0.006092773448385699 -0.007708288030549069 0.0
  vertex -0.0100353398054156 -0.004655789553662686 0.0
 endloop
endfacet
facet normal 0.0 0.0 -1.0
 outer loop
  vertex -0.0008056913427171306 -0.000879562129050306 0.0
  vertex -0.0001334335363081655 0.004061049680986559 0.0
  vertex 0.003809132897237832 0.001008551440782199 0.0
 endloop
endfacet
facet normal 0.0 0.0 -1.0
 outer loop
  vertex -0.0008056913427171306 -0.000879562129050306 0.0
  vertex 0.003809132897237832 0.001008551440782199 0.0
  vertex 0.00313687509089746 -0.003932060369378117 0.0
 endloop
endfacet
facet normal 0.0 -0.0 -1.0
 outer loop
  vertex -0.0008056913427171306 -0.000879562129050306 0.0
  vertex 0.00313687509089746 -0.003932060369378117 0.0
  vertex -0.00147794921443526 -0.005820174277004904 0.0
 endloop
endfacet
facet normal 0.0 0.0 -1.0
 outer loop
  vertex 0.003809132897237832 0.001008551440782199 0.0
  vertex -0.0001334335363081655 0.004061049680986559 0.0
  vertex 0.004481390703068638 0.005949163251859554 0.0
 endloop
endfacet
facet normal -0.0 0.0 -1.0
 outer loop
  vertex 0.004481390703068638 0.005949163251859554 0.0
  vertex -0.0001334335363081655 0.004061049680986559 0.0
  vertex 0.0005388242677799974 0.00900166149520007 0.0
 endloop
endfacet
facet normal 0.0 0.0 -1.0
 outer loop
  vertex 0.0005388242677799974 0.00900166149520007 0.0
  vertex -0.0001334335363081655 0.004061049680986559 0.0
  vertex -0.004075999972409451 0.007113547925789497 0.0
 endloop
endfacet
facet normal 0.0 0.0 -1.0
 outer loop
  vertex 0.00313687509089746 -0.003932060369378117 0.0
  vertex 0.003809132897237832 0.001008551440782199 0.0
  vertex 0.007751699331931973 -0.002043946801488445 0.0
 endloop
endfacet
facet normal 0.0 0.0 -1.0
 outer loop
  vertex 0.003809132897237832 0.001008551440782199 0.0
  vertex 0.004481390703068638 0.005949163251859554 0.0
  vertex 0.008423957137658172 0.002896665008533969 0.0
 endloop
endfacet
facet normal 0.0 0.0 -1.0
 outer loop
  vertex 0.007751699331931973 -0.002043946801488445 0.0
  vertex 0.003809132897237832 0.001008551440782199 0.0
  vertex 0.008423957137658172 0.002896665008533969 0.0
 endloop
endfacet
facet normal 0.0 0.0 -1.0
 outer loop
  vertex 0.00313687509089746 -0.003932060369378117 0.0
  vertex 0.007751699331931973 -0.002043946801488445 0.0
  vertex 0.007079441451323704 -0.006984558708163733 0.0
 endloop
endfacet
facet normal 0.0 -0.0 -1.0
 outer loop
  vertex 0.00313687509089746 -0.003932060369378117 0.0
  vertex 0.007079441451323704 -0.006984558708163733 0.0
  vertex 0.002464617130646729 -0.008872672650804622 0.0
 endloop
endfacet
facet normal 0.0 0.0 -1.0
 outer loop
  vertex 0.00313687509089746 -0.003932060369378117 0.0
  vertex 0.002464617130646729 -0.008872672650804622 0.0
  vertex -0.00147794921443526 -0.005820174277004904 0.0
 endloop
endfacet
facet normal 0.0 0.0 -1.0
 outer loop
  vertex 0.004481390703068638 0.005949163251859554 0.0
  vertex 0.0005388242677799974 0.00900166149520007 0.0
  vertex 0.005153648508630985 0.01088977506342001 0.0
 endloop
endfacet
facet normal 0.0 0.0 -1.0
 outer loop
  vertex 0.004481390703068638 0.005949163251859554 0.0
  vertex 0.005153648508630985 0.01088977506342001 0.0
  vertex 0.009096214943936178 0.007837276820049751 0.0
 endloop
endfacet
facet normal 0.0 0.0 -1.0
 outer loop
  vertex 0.004481390703068638 0.005949163251859554 0.0
  vertex 0.009096214943936178 0.007837276820049751 0.0
  vertex 0.008423957137658172 0.002896665008533969 0.0
 endloop
endfacet
facet normal 0.0 0.0 -1.0
 outer loop
  vertex 0.007079441451323704 -0.006984558708163733 0.0
  vertex 0.007751699331931973 -0.002043946801488445 0.0
  vertex 0.01169426575461941 -0.005096445060513108 0.0
 endloop
endfacet
facet normal 0.0 0.0 -1.0
 outer loop
  vertex 0.01169426575461941 -0.005096445060513108 0.0
  vertex 0.007751699331931973 -0.002043946801488445 0.0
  vertex 0.01236652357100702 -0.0001558332364660569 0.0
 endloop
endfacet
facet normal -0.0 0.0 -1.0
 outer loop
  vertex 0.01236652357100702 -0.0001558332364660569 0.0
  vertex 0.007751699331931973 -0.002043946801488445 0.0
  vertex 0.008423957137658172 0.002896665008533969 0.0
 endloop
endfacet
facet normal 0.0 0.0 -1.0
 outer loop
  vertex 0.007079441451323704 -0.006984558708163733 0.0
  vertex 0.01169426575461941 -0.005096445060513108 0.0
  vertex 0.01102200787201002 -0.01003705696998073 0.0
 endloop
endfacet
facet normal 0.0 -0.0 -1.0
 outer loop
  vertex 0.007079441451323704 -0.006984558708163733 0.0
  vertex 0.01102200787201002 -0.01003705696998073 0.0
  vertex 0.006407183636489578 -0.01192517072862916 0.0
 endloop
endfacet
facet normal 0.0 0.0 -1.0
 outer loop
  vertex 0.002464617130646729 -0.008872672650804622 0.0
  vertex 0.007079441451323704 -0.006984558708163733 0.0
  vertex 0.006407183636489578 -0.01192517072862916 0.0
 endloop
endfacet
facet normal 0.0 0.0 -1.0
 outer loop
  vertex 0.01102200787201002 -0.01003705696998073 0.0
  vertex 0.01169426575461941 -0.005096445060513108 0.0
  vertex 0.01563683218534908 -0.008148943309502008 0.0
 endloop
endfacet
facet normal 0.0 0.0 -1.0
 outer loop
  vertex 0.01563683218534908 -0.008148943309502008 0.0
  vertex 0.01169426575461941 -0.005096445060513108 0.0
  vertex 0.01630909000253914 -0.003208331484471878 0.0
 endloop
endfacet
facet normal 0.0 0.0 -1.0
 outer loop
  vertex 0.01169426575461941 -0.005096445060513108 0.0
  vertex 0.01236652357100702 -0.0001558332364660569 0.0
  vertex 0.01630909000253914 -0.003208331484471878 0.0
 endloop
endfacet
facet normal 0.0 0.0 -1.0
 outer loop
  vertex 0.01102200787201002 -0.01003705696998073 0.0
  vertex 0.01563683218534908 -0.008148943309502008 0.0
  vertex 0.01496457437853931 -0.01308955512112641 0.0
 endloop
endfacet
facet normal 0.0 -0.0 -1.0
 outer loop
  vertex 0.01102200787201002 -0.01003705696998073 0.0
  vertex 0.01496457437853931 -0.01308955512112641 0.0
  vertex 0.01034975008567548 -0.01497766884113904 0.0
 endloop
endfacet
facet normal 0.0 0.0 -1.0
 outer loop
  vertex 0.01102200787201002 -0.01003705696998073 0.0
  vertex 0.01034975008567548 -0.01497766884113904 0.0
  vertex 0.006407183636489578 -0.01192517072862916 0.0
 endloop
endfacet
facet normal 0.0 0.0 -1.0
 outer loop
  vertex 0.01496457437853931 -0.01308955512112641 0.0
  vertex 0.01563683218534908 -0.008148943309502008 0.0
  vertex 0.01957939863747775 -0.01120144153093396 0.0
 endloop
endfacet
facet normal 0.0 0.0 -1.0
 outer loop
  vertex 0.01957939863747775 -0.01120144153093396 0.0
  vertex 0.01563683218534908 -0.008148943309502008 0.0
  vertex 0.02025165644072101 -0.006260829723902378 0.0
 endloop
endfacet
facet normal -0.0 0.0 -1.0
 outer loop
  vertex 0.02025165644072101 -0.006260829723902378 0.0
  vertex 0.01563683218534908 -0.008148943309502008 0.0
  vertex 0.01630909000253914 -0.003208331484471878 0.0
 endloop
endfacet
facet normal 0.0 0.0 -1.0
 outer loop
  vertex 0.01034975008567548 -0.01497766884113904 0.0
  vertex 0.01496457437853931 -0.01308955512112641 0.0
  vertex 0.01429231657564446 -0.01803016694203802 0.0
 endloop
endfacet
facet normal 0.0 0.0 -1.0
 outer loop
  vertex 0.01496457437853931 -0.01308955512112641 0.0
  vertex 0.01957939863747775 -0.01120144153093396 0.0
  vertex 0.01890714082759069 -0.01614205334826382 0.0
 endloop
endfacet
facet normal 0.0 0.0 -1.0
 outer loop
  vertex 0.01429231657564446 -0.01803016694203802 0.0
  vertex 0.01496457437853931 -0.01308955512112641 0.0
  vertex 0.01890714082759069 -0.01614205334826382 0.0
 endloop
endfacet
facet normal 0.0 -0.0 -1.0
 outer loop
  vertex 0.01034975008567548 -0.01497766884113904 0.0
  vertex 0.01429231657564446 -0.01803016694203802 0.0
  vertex 0.00967749234880702 -0.01991828047640332 0.0
 endloop
endfacet
facet normal 0.0 0.0 -1.0
 outer loop
  vertex 0.01034975008567548 -0.01497766884113904 0.0
  vertex 0.00967749234880702 -0.01991828047640332 0.0
  vertex 0.005734925746401815 -0.01686578252667195 0.0
 endloop
endfacet
facet normal 0.0 -0.0 -1.0
 outer loop
  vertex 0.006407183636489578 -0.01192517072862916 0.0
  vertex 0.01034975008567548 -0.01497766884113904 0.0
  vertex 0.005734925746401815 -0.01686578252667195 0.0
 endloop
endfacet
facet normal 0.0 0.0 -1.0
 outer loop
  vertex 0.01957939863747775 -0.01120144153093396 0.0
  vertex 0.02025165644072101 -0.006260829723902378 0.0
  vertex 0.02419422287831618 -0.009313327964141846 0.0
 endloop
endfacet
facet normal 0.0 0.0 -1.0
 outer loop
  vertex 0.01957939863747775 -0.01120144153093396 0.0
  vertex 0.02419422287831618 -0.009313327964141846 0.0
  vertex 0.02352196507265066 -0.01425393977430799 0.0
 endloop
endfacet
facet normal 0.0 -0.0 -1.0
 outer loop
  vertex 0.01957939863747775 -0.01120144153093396 0.0
  vertex 0.02352196507265066 -0.01425393977430799 0.0
  vertex 0.01890714082759069 -0.01614205334826382 0.0
 endloop
endfacet
facet normal 0.0 0.0 -1.0
 outer loop
  vertex 0.02419422287831618 -0.009313327964141846 0.0
  vertex 0.02025165644072101 -0.006260829723902378 0.0
  vertex 0.02486648068429425 -0.004372716153571218 0.0
 endloop
endfacet
facet normal -0.0 0.0 -1.0
 outer loop
  vertex 0.02486648068429425 -0.004372716153571218 0.0
  vertex 0.02025165644072101 -0.006260829723902378 0.0
  vertex 0.02092391424798979 -0.00132021791167539 0.0
 endloop
endfacet
facet normal 0.0 0.0 -1.0
 outer loop
  vertex 0.02025165644072101 -0.006260829723902378 0.0
  vertex 0.01630909000253914 -0.003208331484471878 0.0
  vertex 0.02092391424798979 -0.00132021791167539 0.0
 endloop
endfacet
facet normal 0.0 0.0 -1.0
 outer loop
  vertex 0.00967749234880702 -0.01991828047640332 0.0
  vertex 0.01429231657564446 -0.01803016694203802 0.0
  vertex 0.01362005878164643 -0.02297077872518184 0.0
 endloop
endfacet
facet normal 0.0 0.0 -1.0
 outer loop
  vertex 0.01362005878164643 -0.02297077872518184 0.0
  vertex 0.01429231657564446 -0.01803016694203802 0.0
  vertex 0.01823488302181993 -0.02108266516002341 0.0
 endloop
endfacet
facet normal 0.0 0.0 -1.0
 outer loop
  vertex 0.01429231657564446 -0.01803016694203802 0.0
  vertex 0.01890714082759069 -0.01614205334826382 0.0
  vertex 0.01823488302181993 -0.02108266516002341 0.0
 endloop
endfacet
facet normal 0.0 -0.0 -1.0
 outer loop
  vertex 0.00967749234880702 -0.01991828047640332 0.0
  vertex 0.01362005878164643 -0.02297077872518184 0.0
  vertex 0.00900523454234887 -0.02485889228799264 0.0
 endloop
endfacet
facet normal 0.0 0.0 -1.0
 outer loop
  vertex 0.00967749234880702 -0.01991828047640332 0.0
  vertex 0.00900523454234887 -0.02485889228799264 0.0
  vertex 0.005062668070003997 -0.0218063941872973 0.0
 endloop
endfacet
facet normal -0.0 0.0 -1.0
 outer loop
  vertex 0.00967749234880702 -0.01991828047640332 0.0
  vertex 0.005062668070003997 -0.0218063941872973 0.0
  vertex 0.005734925746401815 -0.01686578252667195 0.0
 endloop
endfacet
facet normal 0.0 0.0 -1.0
 outer loop
  vertex 0.02419422287831618 -0.009313327964141846 0.0
  vertex 0.02486648068429425 -0.004372716153571218 0.0
  vertex 0.0288090471200482 -0.007425214396193368 0.0
 endloop
endfacet
facet normal 0.0 0.0 -1.0
 outer loop
  vertex 0.02419422287831618 -0.009313327964141846 0.0
  vertex 0.0288090471200482 -0.007425214396193368 0.0
  vertex 0.02813678931393754 -0.01236582620693554 0.0
 endloop
endfacet
facet normal 0.0 0.0 -1.0
 outer loop
  vertex 0.02352196507265066 -0.01425393977430799 0.0
  vertex 0.02419422287831618 -0.009313327964141846 0.0
  vertex 0.02813678931393754 -0.01236582620693554 0.0
 endloop
endfacet
facet normal 0.0 0.0 -1.0
 outer loop
  vertex 0.0288090471200482 -0.007425214396193368 0.0
  vertex 0.02486648068429425 -0.004372716153571218 0.0
  vertex 0.02948130492604996 -0.002484602585592077 0.0
 endloop
endfacet
facet normal -0.0 0.0 -1.0
 outer loop
  vertex 0.02948130492604996 -0.002484602585592077 0.0
  vertex 0.02486648068429425 -0.004372716153571218 0.0
  vertex 0.02553873849078982 0.0005678956576691205 0.0
 endloop
endfacet
facet normal 0.0 0.0 -1.0
 outer loop
  vertex 0.02553873849078982 0.0005678956576691205 0.0
  vertex 0.02486648068429425 -0.004372716153571218 0.0
  vertex 0.02092391424798979 -0.00132021791167539 0.0
 endloop
endfacet
facet normal 0.0 0.0 -1.0
 outer loop
  vertex 0.00900523454234887 -0.02485889228799264 0.0
  vertex 0.01362005878164643 -0.02297077872518184 0.0
  vertex 0.01294780097753293 -0.02791139053141852 0.0
 endloop
endfacet
facet normal 0.0 0.0 -1.0
 outer loop
  vertex 0.01294780097753293 -0.02791139053141852 0.0
  vertex 0.01362005878164643 -0.02297077872518184 0.0
  vertex 0.01756262521882902 -0.02602327696404518 0.0
 endloop
endfacet
facet normal 0.0 0.0 -1.0
 outer loop
  vertex 0.01756262521882902 -0.02602327696404518 0.0
  vertex 0.01362005878164643 -0.02297077872518184 0.0
  vertex 0.01823488302181993 -0.02108266516002341 0.0
 endloop
endfacet
facet normal 0.0 -0.0 -1.0
 outer loop
  vertex 0.00900523454234887 -0.02485889228799264 0.0
  vertex 0.01294780097753293 -0.02791139053141852 0.0
  vertex 0.008332976736694588 -0.02979950409774679 0.0
 endloop
endfacet
facet normal 0.0 0.0 -1.0
 outer loop
  vertex 0.00900523454234887 -0.02485889228799264 0.0
  vertex 0.008332976736694588 -0.02979950409774679 0.0
  vertex 0.004390410315520793 -0.02674700589613399 0.0
 endloop
endfacet
facet normal 0.0 -0.0 -1.0
 outer loop
  vertex 0.005062668070003997 -0.0218063941872973 0.0
  vertex 0.00900523454234887 -0.02485889228799264 0.0
  vertex 0.004390410315520793 -0.02674700589613399 0.0
 endloop
endfacet
facet normal 0.0 0.0 -1.0
 outer loop
  vertex 0.0288090471200482 -0.007425214396193368 0.0
  vertex 0.02948130492604996 -0.002484602585592077 0.0
  vertex 0.03342387136137576 -0.005537100828768286 0.0
 endloop
endfacet
facet normal 0.0 0.0 -1.0
 outer loop
  vertex 0.0288090471200482 -0.007425214396193368 0.0
  vertex 0.03342387136137576 -0.005537100828768286 0.0
  vertex 0.03275161355531473 -0.01047771263944625 0.0
 endloop
endfacet
facet normal 0.0 0.0 -1.0
 outer loop
  vertex 0.02813678931393754 -0.01236582620693554 0.0
  vertex 0.0288090471200482 -0.007425214396193368 0.0
  vertex 0.03275161355531473 -0.01047771263944625 0.0
 endloop
endfacet
facet normal 0.0 0.0 -1.0
 outer loop
  vertex 0.03342387136137576 -0.005537100828768286 0.0
  vertex 0.02948130492604996 -0.002484602585592077 0.0
  vertex 0.03409612916743535 -0.0005964890180921664 0.0
 endloop
endfacet
facet normal -0.0 0.0 -1.0
 outer loop
  vertex 0.03409612916743535 -0.0005964890180921664 0.0
  vertex 0.02948130492604996 -0.002484602585592077 0.0
  vertex 0.03015356273216609 0.002456009225157251 0.0
 endloop
endfacet
facet normal 0.0 0.0 -1.0
 outer loop
  vertex 0.02948130492604996 -0.002484602585592077 0.0
  vertex 0.02553873849078982 0.0005678956576691205 0.0
  vertex 0.03015356273216609 0.002456009225157251 0.0
 endloop
endfacet
facet normal 0.0 0.0 -1.0
 outer loop
  vertex 0.008332976736694588 -0.02979950409774679 0.0
  vertex 0.01294780097753293 -0.02791139053141852 0.0
  vertex 0.01227554317186749 -0.03285200234119814 0.0
 endloop
endfacet
facet normal 0.0 0.0 -1.0
 outer loop
  vertex 0.01227554317186749 -0.03285200234119814 0.0
  vertex 0.01294780097753293 -0.02791139053141852 0.0
  vertex 0.01689036741307864 -0.03096388877401873 0.0
 endloop
endfacet
facet normal 0.0 0.0 -1.0
 outer loop
  vertex 0.01294780097753293 -0.02791139053141852 0.0
  vertex 0.01756262521882902 -0.02602327696404518 0.0
  vertex 0.01689036741307864 -0.03096388877401873 0.0
 endloop
endfacet
facet normal 0.0 -0.0 -1.0
 outer loop
  vertex 0.008332976736694588 -0.02979950409774679 0.0
  vertex 0.01227554317186749 -0.03285200234119814 0.0
  vertex 0.007660718930625349 -0.03474011590844826 0.0
 endloop
endfacet
facet normal 0.0 0.0 -1.0
 outer loop
  vertex 0.008332976736694588 -0.02979950409774679 0.0
  vertex 0.007660718930625349 -0.03474011590844826 0.0
  vertex 0.003718152495384801 -0.03168761766515136 0.0
 endloop
endfacet
facet normal -0.0 0.0 -1.0
 outer loop
  vertex 0.008332976736694588 -0.02979950409774679 0.0
  vertex 0.003718152495384801 -0.03168761766515136 0.0
  vertex 0.004390410315520793 -0.02674700589613399 0.0
 endloop
endfacet
facet normal 0.0 0.0 -1.0
 outer loop
  vertex 0.03342387136137576 -0.005537100828768286 0.0
  vertex 0.03409612916743535 -0.0005964890180921664 0.0
  vertex 0.03803869560270488 -0.003648987261341202 0.0
 endloop
endfacet
facet normal 0.0 0.0 -1.0
 outer loop
  vertex 0.03342387136137576 -0.005537100828768286 0.0
  vertex 0.03803869560270488 -0.003648987261341202 0.0
  vertex 0.0373664377966463 -0.008589599072016 0.0
 endloop
endfacet
facet normal 0.0 -0.0 -1.0
 outer loop
  vertex 0.03342387136137576 -0.005537100828768286 0.0
  vertex 0.0373664377966463 -0.008589599072016 0.0
  vertex 0.03275161355531473 -0.01047771263944625 0.0
 endloop
endfacet
facet normal 0.0 0.0 -1.0
 outer loop
  vertex 0.03803869560270488 -0.003648987261341202 0.0
  vertex 0.03409612916743535 -0.0005964890180921664 0.0
  vertex 0.03871095340875927 0.001291624549328205 0.0
 endloop
endfacet
facet normal -0.0 0.0 -1.0
 outer loop
  vertex 0.03871095340875927 0.001291624549328205 0.0
  vertex 0.03409612916743535 -0.0005964890180921664 0.0
  vertex 0.0347683869735079 0.004344122792600746 0.0
 endloop
endfacet
facet normal 0.0 0.0 -1.0
 outer loop
  vertex 0.0347683869735079 0.004344122792600746 0.0
  vertex 0.03409612916743535 -0.0005964890180921664 0.0
  vertex 0.03015356273216609 0.002456009225157251 0.0
 endloop
endfacet
facet normal 0.0 0.0 -1.0
 outer loop
  vertex 0.007660718930625349 -0.03474011590844826 0.0
  vertex 0.01227554317186749 -0.03285200234119814 0.0
  vertex 0.01160328536587423 -0.03779261415172617 0.0
 endloop
endfacet
facet normal 0.0 0.0 -1.0
 outer loop
  vertex 0.01160328536587423 -0.03779261415172617 0.0
  vertex 0.01227554317186749 -0.03285200234119814 0.0
  vertex 0.01621810960718114 -0.03590450058432819 0.0
 endloop
endfacet
facet normal 0.0 0.0 -1.0
 outer loop
  vertex 0.01621810960718114 -0.03590450058432819 0.0
  vertex 0.01227554317186749 -0.03285200234119814 0.0
  vertex 0.01689036741307864 -0.03096388877401873 0.0
 endloop
endfacet
facet normal 0.0 -0.0 -1.0
 outer loop
  vertex 0.007660718930625349 -0.03474011590844826 0.0
  vertex 0.01160328536587423 -0.03779261415172617 0.0
  vertex 0.00698846112458215 -0.03968072771909027 0.0
 endloop
endfacet
facet normal 0.0 0.0 -1.0
 outer loop
  vertex 0.007660718930625349 -0.03474011590844826 0.0
  vertex 0.00698846112458215 -0.03968072771909027 0.0
  vertex 0.003045894689328935 -0.03662822947582229 0.0
 endloop
endfacet
facet normal -0.0 0.0 -1.0
 outer loop
  vertex 0.007660718930625349 -0.03474011590844826 0.0
  vertex 0.003045894689328935 -0.03662822947582229 0.0
  vertex 0.003718152495384801 -0.03168761766515136 0.0
 endloop
endfacet
facet normal 0.0 0.0 -1.0
 outer loop
  vertex 0.0373664377966463 -0.008589599072016 0.0
  vertex 0.03803869560270488 -0.003648987261341202 0.0
  vertex 0.04198126203795681 -0.006701485504612989 0.0
 endloop
endfacet
facet normal 0.0 0.0 -1.0
 outer loop
  vertex 0.03803869560270488 -0.003648987261341202 0.0
  vertex 0.03871095340875927 0.001291624549328205 0.0
  vertex 0.04265351984401276 -0.001760873693941578 0.0
 endloop
endfacet
facet normal 0.0 0.0 -1.0
 outer loop
  vertex 0.04198126203795681 -0.006701485504612989 0.0
  vertex 0.03803869560270488 -0.003648987261341202 0.0
  vertex 0.04265351984401276 -0.001760873693941578 0.0
 endloop
endfacet
facet normal 0.0 0.0 -1.0
 outer loop
  vertex 0.0373664377966463 -0.008589599072016 0.0
  vertex 0.04198126203795681 -0.006701485504612989 0.0
  vertex 0.04130900423190076 -0.01164209731528454 0.0
 endloop
endfacet
facet normal 0.0 -0.0 -1.0
 outer loop
  vertex 0.0373664377966463 -0.008589599072016 0.0
  vertex 0.04130900423190076 -0.01164209731528454 0.0
  vertex 0.03669417999059352 -0.0135302108826833 0.0
 endloop
endfacet
facet normal 0.0 0.0 -1.0
 outer loop
  vertex 0.0373664377966463 -0.008589599072016 0.0
  vertex 0.03669417999059352 -0.0135302108826833 0.0
  vertex 0.03275161355531473 -0.01047771263944625 0.0
 endloop
endfacet
facet normal 0.0 0.0 -1.0
 outer loop
  vertex 0.03871095340875927 0.001291624549328205 0.0
  vertex 0.0347683869735079 0.004344122792600746 0.0
  vertex 0.03938321121481789 0.006232236360003082 0.0
 endloop
endfacet
facet normal 0.0 0.0 -1.0
 outer loop
  vertex 0.03871095340875927 0.001291624549328205 0.0
  vertex 0.03938321121481789 0.006232236360003082 0.0
  vertex 0.0433257776500694 0.003179738116730729 0.0
 endloop
endfacet
facet normal 0.0 0.0 -1.0
 outer loop
  vertex 0.03871095340875927 0.001291624549328205 0.0
  vertex 0.0433257776500694 0.003179738116730729 0.0
  vertex 0.04265351984401276 -0.001760873693941578 0.0
 endloop
endfacet
facet normal 0.0 0.0 -1.0
 outer loop
  vertex 0.00698846112458215 -0.03968072771909027 0.0
  vertex 0.01160328536587423 -0.03779261415172617 0.0
  vertex 0.01093102755982973 -0.04273322596237152 0.0
 endloop
endfacet
facet normal 0.0 0.0 -1.0
 outer loop
  vertex 0.01160328536587423 -0.03779261415172617 0.0
  vertex 0.01621810960718114 -0.03590450058432819 0.0
  vertex 0.01554585180113536 -0.04084511239497612 0.0
 endloop
endfacet
facet normal 0.0 -0.0 -1.0
 outer loop
  vertex 0.01160328536587423 -0.03779261415172617 0.0
  vertex 0.01554585180113536 -0.04084511239497612 0.0
  vertex 0.01093102755982973 -0.04273322596237152 0.0
 endloop
endfacet
facet normal 0.0 -0.0 -1.0
 outer loop
  vertex 0.003045894689328935 -0.03662822947582229 0.0
  vertex 0.00698846112458215 -0.03968072771909027 0.0
  vertex 0.002373636883274534 -0.04156884128648992 0.0
 endloop
endfacet
facet normal 0.0 0.0 -1.0
 outer loop
  vertex 0.002373636883274534 -0.04156884128648992 0.0
  vertex 0.00698846112458215 -0.03968072771909027 0.0
  vertex 0.006316203318526289 -0.04462133952976311 0.0
 endloop
endfacet
facet normal 0.0 0.0 -1.0
 outer loop
  vertex 0.006316203318526289 -0.04462133952976311 0.0
  vertex 0.00698846112458215 -0.03968072771909027 0.0
  vertex 0.01093102755982973 -0.04273322596237152 0.0
 endloop
endfacet
facet normal 0.0 0.0 -1.0
 outer loop
  vertex 0.003045894689328935 -0.03662822947582229 0.0
  vertex 0.002373636883274534 -0.04156884128648992 0.0
  vertex -0.001568929551976585 -0.03851634304321708 0.0
 endloop
endfacet
facet normal -0.0 0.0 -1.0
 outer loop
  vertex 0.003045894689328935 -0.03662822947582229 0.0
  vertex -0.001568929551976585 -0.03851634304321708 0.0
  vertex -0.0008966717431671043 -0.03357573123292103 0.0
 endloop
endfacet
facet normal 0.0 0.0 -1.0
 outer loop
  vertex 0.003718152495384801 -0.03168761766515136 0.0
  vertex 0.003045894689328935 -0.03662822947582229 0.0
  vertex -0.0008966717431671043 -0.03357573123292103 0.0
 endloop
endfacet
facet normal 0.0 0.0 -1.0
 outer loop
  vertex 0.01554585180113536 -0.04084511239497612 0.0
  vertex 0.01621810960718114 -0.03590450058432819 0.0
  vertex 0.0201606760424465 -0.03895699882756849 0.0
 endloop
endfacet
facet normal 0.0 0.0 -1.0
 outer loop
  vertex 0.0201606760424465 -0.03895699882756849 0.0
  vertex 0.01621810960718114 -0.03590450058432819 0.0
  vertex 0.02083293384850116 -0.03401638701690027 0.0
 endloop
endfacet
facet normal -0.0 0.0 -1.0
 outer loop
  vertex 0.02083293384850116 -0.03401638701690027 0.0
  vertex 0.01621810960718114 -0.03590450058432819 0.0
  vertex 0.01689036741307864 -0.03096388877401873 0.0
 endloop
endfacet
facet normal 0.0 -0.0 -1.0
 outer loop
  vertex -0.001568929551976585 -0.03851634304321708 0.0
  vertex 0.002373636883274534 -0.04156884128648992 0.0
  vertex -0.002241187358032447 -0.04345695485388802 0.0
 endloop
endfacet
facet normal 0.0 0.0 -1.0
 outer loop
  vertex -0.002241187358032447 -0.04345695485388802 0.0
  vertex 0.002373636883274534 -0.04156884128648992 0.0
  vertex 0.001701379077218622 -0.04650945309716106 0.0
 endloop
endfacet
facet normal 0.0 0.0 -1.0
 outer loop
  vertex 0.001701379077218622 -0.04650945309716106 0.0
  vertex 0.002373636883274534 -0.04156884128648992 0.0
  vertex 0.006316203318526289 -0.04462133952976311 0.0
 endloop
endfacet
facet normal 0.0 0.0 -1.0
 outer loop
  vertex -0.001568929551976585 -0.03851634304321708 0.0
  vertex -0.002241187358032447 -0.04345695485388802 0.0
  vertex -0.006183753789002978 -0.04040445661119753 0.0
 endloop
endfacet
facet normal -0.0 0.0 -1.0
 outer loop
  vertex -0.001568929551976585 -0.03851634304321708 0.0
  vertex -0.006183753789002978 -0.04040445661119753 0.0
  vertex -0.005511495970705113 -0.03546384480219147 0.0
 endloop
endfacet
facet normal 0.0 0.0 -1.0
 outer loop
  vertex -0.001568929551976585 -0.03851634304321708 0.0
  vertex -0.005511495970705113 -0.03546384480219147 0.0
  vertex -0.0008966717431671043 -0.03357573123292103 0.0
 endloop
endfacet
facet normal -0.0 0.0 -1.0
 outer loop
  vertex 0.03938321121481789 0.006232236360003082 0.0
  vertex 0.0347683869735079 0.004344122792600746 0.0
  vertex 0.03544064477956723 0.009284734603276537 0.0
 endloop
endfacet
facet normal 0.0 0.0 -1.0
 outer loop
  vertex 0.03544064477956723 0.009284734603276537 0.0
  vertex 0.0347683869735079 0.004344122792600746 0.0
  vertex 0.03082582053826 0.007396621035877781 0.0
 endloop
endfacet
facet normal 0.0 -0.0 -1.0
 outer loop
  vertex 0.03082582053826 0.007396621035877781 0.0
  vertex 0.0347683869735079 0.004344122792600746 0.0
  vertex 0.03015356273216609 0.002456009225157251 0.0
 endloop
endfacet
facet normal 0.0 0.0 -1.0
 outer loop
  vertex 0.03938321121481789 0.006232236360003082 0.0
  vertex 0.03544064477956723 0.009284734603276537 0.0
  vertex 0.04005546902087502 0.01117284817067602 0.0
 endloop
endfacet
facet normal 0.0 0.0 -1.0
 outer loop
  vertex 0.03938321121481789 0.006232236360003082 0.0
  vertex 0.04005546902087502 0.01117284817067602 0.0
  vertex 0.043998035456126 0.008120349927402985 0.0
 endloop
endfacet
facet normal 0.0 0.0 -1.0
 outer loop
  vertex 0.0433257776500694 0.003179738116730729 0.0
  vertex 0.03938321121481789 0.006232236360003082 0.0
  vertex 0.043998035456126 0.008120349927402985 0.0
 endloop
endfacet
facet normal -0.0 0.0 -1.0
 outer loop
  vertex 0.04005546902087502 0.01117284817067602 0.0
  vertex 0.03544064477956723 0.009284734603276537 0.0
  vertex 0.03611290258562412 0.01422534641394915 0.0
 endloop
endfacet
facet normal 0.0 0.0 -1.0
 outer loop
  vertex 0.03611290258562412 0.01422534641394915 0.0
  vertex 0.03544064477956723 0.009284734603276537 0.0
  vertex 0.03149807834431688 0.01233723284655039 0.0
 endloop
endfacet
facet normal 0.0 -0.0 -1.0
 outer loop
  vertex 0.03149807834431688 0.01233723284655039 0.0
  vertex 0.03544064477956723 0.009284734603276537 0.0
  vertex 0.03082582053826 0.007396621035877781 0.0
 endloop
endfacet
facet normal 0.0 0.0 -1.0
 outer loop
  vertex 0.04005546902087502 0.01117284817067602 0.0
  vertex 0.03611290258562412 0.01422534641394915 0.0
  vertex 0.04072772682693149 0.01611345998134809 0.0
 endloop
endfacet
facet normal 0.0 0.0 -1.0
 outer loop
  vertex 0.04005546902087502 0.01117284817067602 0.0
  vertex 0.04072772682693149 0.01611345998134809 0.0
  vertex 0.04467029326218255 0.01306096173807518 0.0
 endloop
endfacet
facet normal 0.0 0.0 -1.0
 outer loop
  vertex 0.04005546902087502 0.01117284817067602 0.0
  vertex 0.04467029326218255 0.01306096173807518 0.0
  vertex 0.043998035456126 0.008120349927402985 0.0
 endloop
endfacet
facet normal -0.0 0.0 -1.0
 outer loop
  vertex 0.04072772682693149 0.01611345998134809 0.0
  vertex 0.03611290258562412 0.01422534641394915 0.0
  vertex 0.0367851603916805 0.01916595822462109 0.0
 endloop
endfacet
facet normal 0.0 0.0 -1.0
 outer loop
  vertex 0.0367851603916805 0.01916595822462109 0.0
  vertex 0.03611290258562412 0.01422534641394915 0.0
  vertex 0.03217033615037326 0.01727784465722233 0.0
 endloop
endfacet
facet normal -0.0 0.0 -1.0
 outer loop
  vertex 0.03611290258562412 0.01422534641394915 0.0
  vertex 0.03149807834431688 0.01233723284655039 0.0
  vertex 0.03217033615037326 0.01727784465722233 0.0
 endloop
endfacet
facet normal 0.0 -0.0 -1.0
 outer loop
  vertex -0.006183753789002978 -0.04040445661119753 0.0
  vertex -0.002241187358032447 -0.04345695485388802 0.0
  vertex -0.006856011598626242 -0.04534506842138381 0.0
 endloop
endfacet
facet normal 0.0 0.0 -1.0
 outer loop
  vertex -0.006856011598626242 -0.04534506842138381 0.0
  vertex -0.002241187358032447 -0.04345695485388802 0.0
  vertex -0.002913445163719048 -0.04839756666506996 0.0
 endloop
endfacet
facet normal 0.0 -0.0 -1.0
 outer loop
  vertex -0.002241187358032447 -0.04345695485388802 0.0
  vertex 0.001701379077218622 -0.04650945309716106 0.0
  vertex -0.002913445163719048 -0.04839756666506996 0.0
 endloop
endfacet
facet normal 0.0 0.0 -1.0
 outer loop
  vertex -0.006183753789002978 -0.04040445661119753 0.0
  vertex -0.006856011598626242 -0.04534506842138381 0.0
  vertex -0.01079857799650435 -0.04229257025930146 0.0
 endloop
endfacet
facet normal -0.0 0.0 -1.0
 outer loop
  vertex -0.006183753789002978 -0.04040445661119753 0.0
  vertex -0.01079857799650435 -0.04229257025930146 0.0
  vertex -0.01012632020285126 -0.0373519583708366 0.0
 endloop
endfacet
facet normal 0.0 0.0 -1.0
 outer loop
  vertex -0.005511495970705113 -0.03546384480219147 0.0
  vertex -0.006183753789002978 -0.04040445661119753 0.0
  vertex -0.01012632020285126 -0.0373519583708366 0.0
 endloop
endfacet
facet normal 0.0 0.0 -1.0
 outer loop
  vertex 0.04072772682693149 0.01611345998134809 0.0
  vertex 0.0367851603916805 0.01916595822462109 0.0
  vertex 0.04139998463298779 0.02105407179201991 0.0
 endloop
endfacet
facet normal 0.0 0.0 -1.0
 outer loop
  vertex 0.04072772682693149 0.01611345998134809 0.0
  vertex 0.04139998463298779 0.02105407179201991 0.0
  vertex 0.04534255106823882 0.01800157354874696 0.0
 endloop
endfacet
facet normal 0.0 0.0 -1.0
 outer loop
  vertex 0.04467029326218255 0.01306096173807518 0.0
  vertex 0.04072772682693149 0.01611345998134809 0.0
  vertex 0.04534255106823882 0.01800157354874696 0.0
 endloop
endfacet
facet normal -0.0 0.0 -1.0
 outer loop
  vertex 0.04139998463298779 0.02105407179201991 0.0
  vertex 0.0367851603916805 0.01916595822462109 0.0
  vertex 0.03745741819773677 0.02410657003529288 0.0
 endloop
endfacet
facet normal 0.0 0.0 -1.0
 outer loop
  vertex 0.03745741819773677 0.02410657003529288 0.0
  vertex 0.0367851603916805 0.01916595822462109 0.0
  vertex 0.03284259395642951 0.02221845646789409 0.0
 endloop
endfacet
facet normal -0.0 0.0 -1.0
 outer loop
  vertex 0.0367851603916805 0.01916595822462109 0.0
  vertex 0.03217033615037326 0.01727784465722233 0.0
  vertex 0.03284259395642951 0.02221845646789409 0.0
 endloop
endfacet
facet normal 0.0 0.0 -1.0
 outer loop
  vertex 0.04130900423190076 -0.01164209731528454 0.0
  vertex 0.04198126203795681 -0.006701485504612989 0.0
  vertex 0.04592382847320883 -0.009753983747884692 0.0
 endloop
endfacet
facet normal 0.0 0.0 -1.0
 outer loop
  vertex 0.04592382847320883 -0.009753983747884692 0.0
  vertex 0.04198126203795681 -0.006701485504612989 0.0
  vertex 0.04659608627926491 -0.00481337193721309 0.0
 endloop
endfacet
facet normal -0.0 0.0 -1.0
 outer loop
  vertex 0.04659608627926491 -0.00481337193721309 0.0
  vertex 0.04198126203795681 -0.006701485504612989 0.0
  vertex 0.04265351984401276 -0.001760873693941578 0.0
 endloop
endfacet
facet normal 0.0 0.0 -1.0
 outer loop
  vertex 0.04130900423190076 -0.01164209731528454 0.0
  vertex 0.04592382847320883 -0.009753983747884692 0.0
  vertex 0.04525157066715255 -0.01469459555855653 0.0
 endloop
endfacet
facet normal 0.0 -0.0 -1.0
 outer loop
  vertex 0.04130900423190076 -0.01164209731528454 0.0
  vertex 0.04525157066715255 -0.01469459555855653 0.0
  vertex 0.04063674642584512 -0.01658270912595552 0.0
 endloop
endfacet
facet normal 0.0 0.0 -1.0
 outer loop
  vertex 0.03669417999059352 -0.0135302108826833 0.0
  vertex 0.04130900423190076 -0.01164209731528454 0.0
  vertex 0.04063674642584512 -0.01658270912595552 0.0
 endloop
endfacet
facet normal 0.0 0.0 -1.0
 outer loop
  vertex 0.01554585180113536 -0.04084511239497612 0.0
  vertex 0.0201606760424465 -0.03895699882756849 0.0
  vertex 0.01948841823639047 -0.04389761063823978 0.0
 endloop
endfacet
facet normal 0.0 -0.0 -1.0
 outer loop
  vertex 0.01554585180113536 -0.04084511239497612 0.0
  vertex 0.01948841823639047 -0.04389761063823978 0.0
  vertex 0.01487359399508326 -0.04578572420563851 0.0
 endloop
endfacet
facet normal 0.0 0.0 -1.0
 outer loop
  vertex 0.01554585180113536 -0.04084511239497612 0.0
  vertex 0.01487359399508326 -0.04578572420563851 0.0
  vertex 0.01093102755982973 -0.04273322596237152 0.0
 endloop
endfacet
facet normal 0.0 0.0 -1.0
 outer loop
  vertex 0.01948841823639047 -0.04389761063823978 0.0
  vertex 0.0201606760424465 -0.03895699882756849 0.0
  vertex 0.02410324247769881 -0.04200949707083858 0.0
 endloop
endfacet
facet normal 0.0 0.0 -1.0
 outer loop
  vertex 0.02410324247769881 -0.04200949707083858 0.0
  vertex 0.0201606760424465 -0.03895699882756849 0.0
  vertex 0.02477550028375502 -0.03706888526016683 0.0
 endloop
endfacet
facet normal 0.0 0.0 -1.0
 outer loop
  vertex 0.0201606760424465 -0.03895699882756849 0.0
  vertex 0.02083293384850116 -0.03401638701690027 0.0
  vertex 0.02477550028375502 -0.03706888526016683 0.0
 endloop
endfacet
facet normal 0.0 -0.0 -1.0
 outer loop
  vertex -0.01079857799650435 -0.04229257025930146 0.0
  vertex -0.006856011598626242 -0.04534506842138381 0.0
  vertex -0.0114708358341803 -0.0472331820022496 0.0
 endloop
endfacet
facet normal 0.0 0.0 -1.0
 outer loop
  vertex -0.0114708358341803 -0.0472331820022496 0.0
  vertex -0.006856011598626242 -0.04534506842138381 0.0
  vertex -0.007528269403948903 -0.05028568023479483 0.0
 endloop
endfacet
facet normal 0.0 0.0 -1.0
 outer loop
  vertex -0.007528269403948903 -0.05028568023479483 0.0
  vertex -0.006856011598626242 -0.04534506842138381 0.0
  vertex -0.002913445163719048 -0.04839756666506996 0.0
 endloop
endfacet
facet normal 0.0 0.0 -1.0
 outer loop
  vertex -0.01079857799650435 -0.04229257025930146 0.0
  vertex -0.0114708358341803 -0.0472331820022496 0.0
  vertex -0.01541340223549898 -0.04418068384181315 0.0
 endloop
endfacet
facet normal -0.0 0.0 -1.0
 outer loop
  vertex -0.01079857799650435 -0.04229257025930146 0.0
  vertex -0.01541340223549898 -0.04418068384181315 0.0
  vertex -0.01474114438518324 -0.03924007233243871 0.0
 endloop
endfacet
facet normal 0.0 0.0 -1.0
 outer loop
  vertex -0.01012632020285126 -0.0373519583708366 0.0
  vertex -0.01079857799650435 -0.04229257025930146 0.0
  vertex -0.01474114438518324 -0.03924007233243871 0.0
 endloop
endfacet
facet normal 0.0 0.0 -1.0
 outer loop
  vertex 0.04139998463298779 0.02105407179201991 0.0
  vertex 0.03745741819773677 0.02410657003529288 0.0
  vertex 0.04207224243904404 0.02599468360269166 0.0
 endloop
endfacet
facet normal 0.0 0.0 -1.0
 outer loop
  vertex 0.04139998463298779 0.02105407179201991 0.0
  vertex 0.04207224243904404 0.02599468360269166 0.0
  vertex 0.04601480887429507 0.02294218535941871 0.0
 endloop
endfacet
facet normal 0.0 0.0 -1.0
 outer loop
  vertex 0.04139998463298779 0.02105407179201991 0.0
  vertex 0.04601480887429507 0.02294218535941871 0.0
  vertex 0.04534255106823882 0.01800157354874696 0.0
 endloop
endfacet
facet normal -0.0 0.0 -1.0
 outer loop
  vertex 0.04207224243904404 0.02599468360269166 0.0
  vertex 0.03745741819773677 0.02410657003529288 0.0
  vertex 0.03812967600379301 0.02904718184596462 0.0
 endloop
endfacet
facet normal 0.0 0.0 -1.0
 outer loop
  vertex 0.03812967600379301 0.02904718184596462 0.0
  vertex 0.03745741819773677 0.02410657003529288 0.0
  vertex 0.03351485176248575 0.02715906827856584 0.0
 endloop
endfacet
facet normal 0.0 -0.0 -1.0
 outer loop
  vertex 0.03351485176248575 0.02715906827856584 0.0
  vertex 0.03745741819773677 0.02410657003529288 0.0
  vertex 0.03284259395642951 0.02221845646789409 0.0
 endloop
endfacet
facet normal 0.0 0.0 -1.0
 outer loop
  vertex 0.043998035456126 0.008120349927402985 0.0
  vertex 0.04467029326218255 0.01306096173807518 0.0
  vertex 0.04861285969743355 0.01000846349480218 0.0
 endloop
endfacet
facet normal 0.0 0.0 -1.0
 outer loop
  vertex 0.04467029326218255 0.01306096173807518 0.0
  vertex 0.04534255106823882 0.01800157354874696 0.0
  vertex 0.04928511750348986 0.01494907530547403 0.0
 endloop
endfacet
facet normal 0.0 0.0 -1.0
 outer loop
  vertex 0.04861285969743355 0.01000846349480218 0.0
  vertex 0.04467029326218255 0.01306096173807518 0.0
  vertex 0.04928511750348986 0.01494907530547403 0.0
 endloop
endfacet
facet normal 0.0 0.0 -1.0
 outer loop
  vertex 0.001029121271172669 -0.0514500649078556 0.0
  vertex 0.001701379077218622 -0.04650945309716106 0.0
  vertex 0.005643945512472126 -0.04956195134043924 0.0
 endloop
endfacet
facet normal 0.0 0.0 -1.0
 outer loop
  vertex 0.001701379077218622 -0.04650945309716106 0.0
  vertex 0.001029121271172669 -0.0514500649078556 0.0
  vertex -0.002913445163719048 -0.04839756666506996 0.0
 endloop
endfacet
facet normal 0.0 0.0 -1.0
 outer loop
  vertex 0.005643945512472126 -0.04956195134043924 0.0
  vertex 0.001701379077218622 -0.04650945309716106 0.0
  vertex 0.006316203318526289 -0.04462133952976311 0.0
 endloop
endfacet
facet normal 0.0 0.0 -1.0
 outer loop
  vertex 0.04525157066715255 -0.01469459555855653 0.0
  vertex 0.04592382847320883 -0.009753983747884692 0.0
  vertex 0.04986639490845994 -0.01280648199115756 0.0
 endloop
endfacet
facet normal 0.0 0.0 -1.0
 outer loop
  vertex 0.04986639490845994 -0.01280648199115756 0.0
  vertex 0.04592382847320883 -0.009753983747884692 0.0
  vertex 0.05053865271451612 -0.007865870180485842 0.0
 endloop
endfacet
facet normal 0.0 0.0 -1.0
 outer loop
  vertex 0.04592382847320883 -0.009753983747884692 0.0
  vertex 0.04659608627926491 -0.00481337193721309 0.0
  vertex 0.05053865271451612 -0.007865870180485842 0.0
 endloop
endfacet
facet normal 0.0 0.0 -1.0
 outer loop
  vertex 0.04525157066715255 -0.01469459555855653 0.0
  vertex 0.04986639490845994 -0.01280648199115756 0.0
  vertex 0.04919413710240374 -0.01774709380182929 0.0
 endloop
endfacet
facet normal 0.0 -0.0 -1.0
 outer loop
  vertex 0.04525157066715255 -0.01469459555855653 0.0
  vertex 0.04919413710240374 -0.01774709380182929 0.0
  vertex 0.04457931286109643 -0.01963520736922816 0.0
 endloop
endfacet
facet normal 0.0 0.0 -1.0
 outer loop
  vertex 0.04063674642584512 -0.01658270912595552 0.0
  vertex 0.04525157066715255 -0.01469459555855653 0.0
  vertex 0.04457931286109643 -0.01963520736922816 0.0
 endloop
endfacet
facet normal 0.0 -0.0 -1.0
 outer loop
  vertex -0.01541340223549898 -0.04418068384181315 0.0
  vertex -0.0114708358341803 -0.0472331820022496 0.0
  vertex -0.01608566007414328 -0.04912129557441169 0.0
 endloop
endfacet
facet normal 0.0 0.0 -1.0
 outer loop
  vertex -0.01608566007414328 -0.04912129557441169 0.0
  vertex -0.0114708358341803 -0.0472331820022496 0.0
  vertex -0.01214309364548908 -0.05217379380206906 0.0
 endloop
endfacet
facet normal 0.0 0.0 -1.0
 outer loop
  vertex -0.01214309364548908 -0.05217379380206906 0.0
  vertex -0.0114708358341803 -0.0472331820022496 0.0
  vertex -0.007528269403948903 -0.05028568023479483 0.0
 endloop
endfacet
facet normal 0.0 0.0 -1.0
 outer loop
  vertex -0.01541340223549898 -0.04418068384181315 0.0
  vertex -0.01608566007414328 -0.04912129557441169 0.0
  vertex -0.02002822650917027 -0.0460687973319326 0.0
 endloop
endfacet
facet normal -0.0 0.0 -1.0
 outer loop
  vertex -0.01541340223549898 -0.04418068384181315 0.0
  vertex -0.02002822650917027 -0.0460687973319326 0.0
  vertex -0.01935596869560043 -0.04112818572893082 0.0
 endloop
endfacet
facet normal 0.0 0.0 -1.0
 outer loop
  vertex -0.01541340223549898 -0.04418068384181315 0.0
  vertex -0.01935596869560043 -0.04112818572893082 0.0
  vertex -0.01474114438518324 -0.03924007233243871 0.0
 endloop
endfacet
facet normal 0.0 0.0 -1.0
 outer loop
  vertex 0.01948841823639047 -0.04389761063823978 0.0
  vertex 0.02410324247769881 -0.04200949707083858 0.0
  vertex 0.0234309846716424 -0.04695010888151072 0.0
 endloop
endfacet
facet normal 0.0 -0.0 -1.0
 outer loop
  vertex 0.01948841823639047 -0.04389761063823978 0.0
  vertex 0.0234309846716424 -0.04695010888151072 0.0
  vertex 0.01881616043033493 -0.04883822244890998 0.0
 endloop
endfacet
facet normal 0.0 0.0 -1.0
 outer loop
  vertex 0.01487359399508326 -0.04578572420563851 0.0
  vertex 0.01948841823639047 -0.04389761063823978 0.0
  vertex 0.01881616043033493 -0.04883822244890998 0.0
 endloop
endfacet
facet normal 0.0 0.0 -1.0
 outer loop
  vertex 0.0234309846716424 -0.04695010888151072 0.0
  vertex 0.02410324247769881 -0.04200949707083858 0.0
  vertex 0.02804580891294981 -0.04506199531411159 0.0
 endloop
endfacet
facet normal 0.0 0.0 -1.0
 outer loop
  vertex 0.02804580891294981 -0.04506199531411159 0.0
  vertex 0.02410324247769881 -0.04200949707083858 0.0
  vertex 0.02871806671900605 -0.04012138350343979 0.0
 endloop
endfacet
facet normal -0.0 0.0 -1.0
 outer loop
  vertex 0.02871806671900605 -0.04012138350343979 0.0
  vertex 0.02410324247769881 -0.04200949707083858 0.0
  vertex 0.02477550028375502 -0.03706888526016683 0.0
 endloop
endfacet
facet normal 0.0 0.0 -1.0
 outer loop
  vertex 0.04207224243904404 0.02599468360269166 0.0
  vertex 0.03812967600379301 0.02904718184596462 0.0
  vertex 0.04274450024510027 0.03093529541336339 0.0
 endloop
endfacet
facet normal 0.0 0.0 -1.0
 outer loop
  vertex 0.04207224243904404 0.02599468360269166 0.0
  vertex 0.04274450024510027 0.03093529541336339 0.0
  vertex 0.04668706668035131 0.02788279717009045 0.0
 endloop
endfacet
facet normal 0.0 0.0 -1.0
 outer loop
  vertex 0.04207224243904404 0.02599468360269166 0.0
  vertex 0.04668706668035131 0.02788279717009045 0.0
  vertex 0.04601480887429507 0.02294218535941871 0.0
 endloop
endfacet
facet normal -0.0 0.0 -1.0
 outer loop
  vertex 0.03812967600379301 0.02904718184596462 0.0
  vertex 0.03351485176248575 0.02715906827856584 0.0
  vertex 0.03418710956854198 0.03209968008923757 0.0
 endloop
endfacet
facet normal 0.0 0.0 -1.0
 outer loop
  vertex 0.03812967600379301 0.02904718184596462 0.0
  vertex 0.03418710956854198 0.03209968008923757 0.0
  vertex 0.03880193380984923 0.03398779365663633 0.0
 endloop
endfacet
facet normal -0.0 0.0 -1.0
 outer loop
  vertex 0.04274450024510027 0.03093529541336339 0.0
  vertex 0.03812967600379301 0.02904718184596462 0.0
  vertex 0.03880193380984923 0.03398779365663633 0.0
 endloop
endfacet
facet normal 0.0 0.0 -1.0
 outer loop
  vertex 0.03418710956854198 0.03209968008923757 0.0
  vertex 0.03351485176248575 0.02715906827856584 0.0
  vertex 0.02957228532723472 0.0302115665218388 0.0
 endloop
endfacet
facet normal 0.0 -0.0 -1.0
 outer loop
  vertex 0.02957228532723472 0.0302115665218388 0.0
  vertex 0.03351485176248575 0.02715906827856584 0.0
  vertex 0.02890002752117847 0.02527095471116704 0.0
 endloop
endfacet
facet normal 0.0 0.0 -1.0
 outer loop
  vertex 0.02890002752117847 0.02527095471116704 0.0
  vertex 0.03351485176248575 0.02715906827856584 0.0
  vertex 0.03284259395642951 0.02221845646789409 0.0
 endloop
endfacet
facet normal -0.0 0.0 -1.0
 outer loop
  vertex 0.03418710956854198 0.03209968008923757 0.0
  vertex 0.02957228532723472 0.0302115665218388 0.0
  vertex 0.03024454313329095 0.03515217833251053 0.0
 endloop
endfacet
facet normal 0.0 0.0 -1.0
 outer loop
  vertex 0.03418710956854198 0.03209968008923757 0.0
  vertex 0.03024454313329095 0.03515217833251053 0.0
  vertex 0.03485936737459819 0.03704029189990927 0.0
 endloop
endfacet
facet normal 0.0 0.0 -1.0
 outer loop
  vertex 0.03418710956854198 0.03209968008923757 0.0
  vertex 0.03485936737459819 0.03704029189990927 0.0
  vertex 0.03880193380984923 0.03398779365663633 0.0
 endloop
endfacet
facet normal 0.0 0.0 -1.0
 outer loop
  vertex 0.03024454313329095 0.03515217833251053 0.0
  vertex 0.02957228532723472 0.0302115665218388 0.0
  vertex 0.02562971889198368 0.03326406476511176 0.0
 endloop
endfacet
facet normal 0.0 -0.0 -1.0
 outer loop
  vertex 0.02562971889198368 0.03326406476511176 0.0
  vertex 0.02957228532723472 0.0302115665218388 0.0
  vertex 0.02495746108592744 0.02832345295444 0.0
 endloop
endfacet
facet normal 0.0 0.0 -1.0
 outer loop
  vertex 0.02495746108592744 0.02832345295444 0.0
  vertex 0.02957228532723472 0.0302115665218388 0.0
  vertex 0.02890002752117847 0.02527095471116704 0.0
 endloop
endfacet
facet normal -0.0 0.0 -1.0
 outer loop
  vertex 0.03024454313329095 0.03515217833251053 0.0
  vertex 0.02562971889198368 0.03326406476511176 0.0
  vertex 0.02630197669803992 0.03820467657578348 0.0
 endloop
endfacet
facet normal 0.0 0.0 -1.0
 outer loop
  vertex 0.03024454313329095 0.03515217833251053 0.0
  vertex 0.02630197669803992 0.03820467657578348 0.0
  vertex 0.03091680093934714 0.04009279014318222 0.0
 endloop
endfacet
facet normal 0.0 0.0 -1.0
 outer loop
  vertex 0.03024454313329095 0.03515217833251053 0.0
  vertex 0.03091680093934714 0.04009279014318222 0.0
  vertex 0.03485936737459819 0.03704029189990927 0.0
 endloop
endfacet
facet normal 0.0 0.0 -1.0
 outer loop
  vertex 0.02630197669803992 0.03820467657578348 0.0
  vertex 0.02562971889198368 0.03326406476511176 0.0
  vertex 0.02168715245673265 0.03631656300838469 0.0
 endloop
endfacet
facet normal 0.0 -0.0 -1.0
 outer loop
  vertex 0.02168715245673265 0.03631656300838469 0.0
  vertex 0.02562971889198368 0.03326406476511176 0.0
  vertex 0.0210148946506764 0.03137595119771295 0.0
 endloop
endfacet
facet normal 0.0 0.0 -1.0
 outer loop
  vertex 0.02562971889198368 0.03326406476511176 0.0
  vertex 0.02495746108592744 0.02832345295444 0.0
  vertex 0.0210148946506764 0.03137595119771295 0.0
 endloop
endfacet
facet normal -0.0 0.0 -1.0
 outer loop
  vertex 0.02630197669803992 0.03820467657578348 0.0
  vertex 0.02168715245673265 0.03631656300838469 0.0
  vertex 0.02235941026278889 0.04125717481905644 0.0
 endloop
endfacet
facet normal 0.0 0.0 -1.0
 outer loop
  vertex 0.02630197669803992 0.03820467657578348 0.0
  vertex 0.02235941026278889 0.04125717481905644 0.0
  vertex 0.0269742345040961 0.04314528838645515 0.0
 endloop
endfacet
facet normal -0.0 0.0 -1.0
 outer loop
  vertex 0.03091680093934714 0.04009279014318222 0.0
  vertex 0.02630197669803992 0.03820467657578348 0.0
  vertex 0.0269742345040961 0.04314528838645515 0.0
 endloop
endfacet
facet normal 0.0 0.0 -1.0
 outer loop
  vertex 0.02235941026278889 0.04125717481905644 0.0
  vertex 0.02168715245673265 0.03631656300838469 0.0
  vertex 0.01774458602148163 0.03936906125165768 0.0
 endloop
endfacet
facet normal 0.0 -0.0 -1.0
 outer loop
  vertex 0.01774458602148163 0.03936906125165768 0.0
  vertex 0.02168715245673265 0.03631656300838469 0.0
  vertex 0.01707232821542537 0.03442844944098591 0.0
 endloop
endfacet
facet normal 0.0 0.0 -1.0
 outer loop
  vertex 0.01707232821542537 0.03442844944098591 0.0
  vertex 0.02168715245673265 0.03631656300838469 0.0
  vertex 0.0210148946506764 0.03137595119771295 0.0
 endloop
endfacet
facet normal -0.0 0.0 -1.0
 outer loop
  vertex 0.02235941026278889 0.04125717481905644 0.0
  vertex 0.01774458602148163 0.03936906125165768 0.0
  vertex 0.01841684382753787 0.04430967306232939 0.0
 endloop
endfacet
facet normal 0.0 0.0 -1.0
 outer loop
  vertex 0.02235941026278889 0.04125717481905644 0.0
  vertex 0.01841684382753787 0.04430967306232939 0.0
  vertex 0.02303166806884509 0.04619778662972811 0.0
 endloop
endfacet
facet normal -0.0 0.0 -1.0
 outer loop
  vertex 0.0269742345040961 0.04314528838645515 0.0
  vertex 0.02235941026278889 0.04125717481905644 0.0
  vertex 0.02303166806884509 0.04619778662972811 0.0
 endloop
endfacet
facet normal 0.0 0.0 -1.0
 outer loop
  vertex 0.01841684382753787 0.04430967306232939 0.0
  vertex 0.01774458602148163 0.03936906125165768 0.0
  vertex 0.01380201958623061 0.04242155949493066 0.0
 endloop
endfacet
facet normal 0.0 -0.0 -1.0
 outer loop
  vertex 0.01380201958623061 0.04242155949493066 0.0
  vertex 0.01774458602148163 0.03936906125165768 0.0
  vertex 0.01312976178017435 0.03748094768425893 0.0
 endloop
endfacet
facet normal 0.0 0.0 -1.0
 outer loop
  vertex 0.01312976178017435 0.03748094768425893 0.0
  vertex 0.01774458602148163 0.03936906125165768 0.0
  vertex 0.01707232821542537 0.03442844944098591 0.0
 endloop
endfacet
facet normal -0.0 0.0 -1.0
 outer loop
  vertex 0.01841684382753787 0.04430967306232939 0.0
  vertex 0.01380201958623061 0.04242155949493066 0.0
  vertex 0.01447427739228688 0.04736217130560237 0.0
 endloop
endfacet
facet normal 0.0 0.0 -1.0
 outer loop
  vertex 0.01841684382753787 0.04430967306232939 0.0
  vertex 0.01447427739228688 0.04736217130560237 0.0
  vertex 0.01908910163359409 0.0492502848730011 0.0
 endloop
endfacet
facet normal 0.0 0.0 -1.0
 outer loop
  vertex 0.01841684382753787 0.04430967306232939 0.0
  vertex 0.01908910163359409 0.0492502848730011 0.0
  vertex 0.02303166806884509 0.04619778662972811 0.0
 endloop
endfacet
facet normal 0.0 0.0 -1.0
 outer loop
  vertex 0.01447427739228688 0.04736217130560237 0.0
  vertex 0.01380201958623061 0.04242155949493066 0.0
  vertex 0.009859453150979604 0.04547405773820364 0.0
 endloop
endfacet
facet normal 0.0 -0.0 -1.0
 outer loop
  vertex 0.009859453150979604 0.04547405773820364 0.0
  vertex 0.01380201958623061 0.04242155949493066 0.0
  vertex 0.009187195344923365 0.04053344592753189 0.0
 endloop
endfacet
facet normal 0.0 0.0 -1.0
 outer loop
  vertex 0.01380201958623061 0.04242155949493066 0.0
  vertex 0.01312976178017435 0.03748094768425893 0.0
  vertex 0.009187195344923365 0.04053344592753189 0.0
 endloop
endfacet
facet normal -0.0 0.0 -1.0
 outer loop
  vertex 0.01447427739228688 0.04736217130560237 0.0
  vertex 0.009859453150979604 0.04547405773820364 0.0
  vertex 0.01053171095703586 0.05041466954887535 0.0
 endloop
endfacet
facet normal 0.0 0.0 -1.0
 outer loop
  vertex 0.01447427739228688 0.04736217130560237 0.0
  vertex 0.01053171095703586 0.05041466954887535 0.0
  vertex 0.01514653519834309 0.05230278311627409 0.0
 endloop
endfacet
facet normal -0.0 0.0 -1.0
 outer loop
  vertex 0.01908910163359409 0.0492502848730011 0.0
  vertex 0.01447427739228688 0.04736217130560237 0.0
  vertex 0.01514653519834309 0.05230278311627409 0.0
 endloop
endfacet
facet normal 0.0 0.0 -1.0
 outer loop
  vertex 0.01053171095703586 0.05041466954887535 0.0
  vertex 0.009859453150979604 0.04547405773820364 0.0
  vertex 0.00591688671572859 0.04852655598147661 0.0
 endloop
endfacet
facet normal 0.0 -0.0 -1.0
 outer loop
  vertex 0.00591688671572859 0.04852655598147661 0.0
  vertex 0.009859453150979604 0.04547405773820364 0.0
  vertex 0.005244628909672347 0.04358594417080488 0.0
 endloop
endfacet
facet normal 0.0 0.0 -1.0
 outer loop
  vertex 0.005244628909672347 0.04358594417080488 0.0
  vertex 0.009859453150979604 0.04547405773820364 0.0
  vertex 0.009187195344923365 0.04053344592753189 0.0
 endloop
endfacet
facet normal -0.0 0.0 -1.0
 outer loop
  vertex 0.01053171095703586 0.05041466954887535 0.0
  vertex 0.00591688671572859 0.04852655598147661 0.0
  vertex 0.006589144521784836 0.05346716779214832 0.0
 endloop
endfacet
facet normal 0.0 0.0 -1.0
 outer loop
  vertex 0.01053171095703586 0.05041466954887535 0.0
  vertex 0.006589144521784836 0.05346716779214832 0.0
  vertex 0.0112039687630921 0.05535528135954706 0.0
 endloop
endfacet
facet normal 0.0 0.0 -1.0
 outer loop
  vertex 0.01053171095703586 0.05041466954887535 0.0
  vertex 0.0112039687630921 0.05535528135954706 0.0
  vertex 0.01514653519834309 0.05230278311627409 0.0
 endloop
endfacet
facet normal 0.0 0.0 -1.0
 outer loop
  vertex 0.006589144521784836 0.05346716779214832 0.0
  vertex 0.00591688671572859 0.04852655598147661 0.0
  vertex 0.001974320280477572 0.05157905422474957 0.0
 endloop
endfacet
facet normal 0.0 -0.0 -1.0
 outer loop
  vertex 0.001974320280477572 0.05157905422474957 0.0
  vertex 0.00591688671572859 0.04852655598147661 0.0
  vertex 0.00130206247442133 0.04663844241407784 0.0
 endloop
endfacet
facet normal 0.0 0.0 -1.0
 outer loop
  vertex 0.00130206247442133 0.04663844241407784 0.0
  vertex 0.00591688671572859 0.04852655598147661 0.0
  vertex 0.005244628909672347 0.04358594417080488 0.0
 endloop
endfacet
facet normal 0.0 0.0 -1.0
 outer loop
  vertex 0.03485936737459819 0.03704029189990927 0.0
  vertex 0.03091680093934714 0.04009279014318222 0.0
  vertex 0.03553162518065437 0.04198090371058097 0.0
 endloop
endfacet
facet normal -0.0 0.0 -1.0
 outer loop
  vertex 0.03553162518065437 0.04198090371058097 0.0
  vertex 0.03091680093934714 0.04009279014318222 0.0
  vertex 0.03158905874540333 0.0450334019538539 0.0
 endloop
endfacet
facet normal 0.0 0.0 -1.0
 outer loop
  vertex 0.03158905874540333 0.0450334019538539 0.0
  vertex 0.03091680093934714 0.04009279014318222 0.0
  vertex 0.0269742345040961 0.04314528838645515 0.0
 endloop
endfacet
facet normal 0.0 -0.0 -1.0
 outer loop
  vertex -0.02002822650917027 -0.0460687973319326 0.0
  vertex -0.01608566007414328 -0.04912129557441169 0.0
  vertex -0.02070048432120235 -0.05100940912882698 0.0
 endloop
endfacet
facet normal 0.0 -0.0 -1.0
 outer loop
  vertex -0.01608566007414328 -0.04912129557441169 0.0
  vertex -0.01214309364548908 -0.05217379380206906 0.0
  vertex -0.01675791788650629 -0.05406190737026251 0.0
 endloop
endfacet
facet normal 0.0 0.0 -1.0
 outer loop
  vertex -0.01608566007414328 -0.04912129557441169 0.0
  vertex -0.01675791788650629 -0.05406190737026251 0.0
  vertex -0.02070048432120235 -0.05100940912882698 0.0
 endloop
endfacet
facet normal 0.0 0.0 -1.0
 outer loop
  vertex -0.01935596869560043 -0.04112818572893082 0.0
  vertex -0.02002822650917027 -0.0460687973319326 0.0
  vertex -0.02397079292109177 -0.04301629917757623 0.0
 endloop
endfacet
facet normal 0.0 -0.0 -1.0
 outer loop
  vertex -0.02397079292109177 -0.04301629917757623 0.0
  vertex -0.02002822650917027 -0.0460687973319326 0.0
  vertex -0.02464305075194594 -0.04795691090140328 0.0
 endloop
endfacet
facet normal 0.0 0.0 -1.0
 outer loop
  vertex -0.02464305075194594 -0.04795691090140328 0.0
  vertex -0.02002822650917027 -0.0460687973319326 0.0
  vertex -0.02070048432120235 -0.05100940912882698 0.0
 endloop
endfacet
facet normal 0.0 0.0 -1.0
 outer loop
  vertex -0.01675791788650629 -0.05406190737026251 0.0
  vertex -0.01214309364548908 -0.05217379380206906 0.0
  vertex -0.01281535145252827 -0.05711440561055769 0.0
 endloop
endfacet
facet normal 0.0 0.0 -1.0
 outer loop
  vertex -0.01281535145252827 -0.05711440561055769 0.0
  vertex -0.01214309364548908 -0.05217379380206906 0.0
  vertex -0.008200527211211252 -0.05522629204317028 0.0
 endloop
endfacet
facet normal 0.0 0.0 -1.0
 outer loop
  vertex -0.008200527211211252 -0.05522629204317028 0.0
  vertex -0.01214309364548908 -0.05217379380206906 0.0
  vertex -0.007528269403948903 -0.05028568023479483 0.0
 endloop
endfacet
facet normal 0.0 0.0 -1.0
 outer loop
  vertex 0.04919413710240374 -0.01774709380182929 0.0
  vertex 0.04986639490845994 -0.01280648199115756 0.0
  vertex 0.05380896134371103 -0.01585898023443045 0.0
 endloop
endfacet
facet normal 0.0 0.0 -1.0
 outer loop
  vertex 0.05380896134371103 -0.01585898023443045 0.0
  vertex 0.04986639490845994 -0.01280648199115756 0.0
  vertex 0.05448121914976722 -0.01091836842375871 0.0
 endloop
endfacet
facet normal -0.0 0.0 -1.0
 outer loop
  vertex 0.05448121914976722 -0.01091836842375871 0.0
  vertex 0.04986639490845994 -0.01280648199115756 0.0
  vertex 0.05053865271451612 -0.007865870180485842 0.0
 endloop
endfacet
facet normal 0.0 0.0 -1.0
 outer loop
  vertex 0.04919413710240374 -0.01774709380182929 0.0
  vertex 0.05380896134371103 -0.01585898023443045 0.0
  vertex 0.05313670353765482 -0.02079959204510219 0.0
 endloop
endfacet
facet normal 0.0 -0.0 -1.0
 outer loop
  vertex 0.04919413710240374 -0.01774709380182929 0.0
  vertex 0.05313670353765482 -0.02079959204510219 0.0
  vertex 0.04852187929634756 -0.02268770561250099 0.0
 endloop
endfacet
facet normal 0.0 0.0 -1.0
 outer loop
  vertex 0.04919413710240374 -0.01774709380182929 0.0
  vertex 0.04852187929634756 -0.02268770561250099 0.0
  vertex 0.04457931286109643 -0.01963520736922816 0.0
 endloop
endfacet
facet normal 0.0 0.0 -1.0
 outer loop
  vertex 0.01908910163359409 0.0492502848730011 0.0
  vertex 0.01514653519834309 0.05230278311627409 0.0
  vertex 0.01976135943965033 0.05419089668367284 0.0
 endloop
endfacet
facet normal 0.0 0.0 -1.0
 outer loop
  vertex 0.02303166806884509 0.04619778662972811 0.0
  vertex 0.01908910163359409 0.0492502848730011 0.0
  vertex 0.0237039258749013 0.05113839844039984 0.0
 endloop
endfacet
facet normal -0.0 0.0 -1.0
 outer loop
  vertex 0.0237039258749013 0.05113839844039984 0.0
  vertex 0.01908910163359409 0.0492502848730011 0.0
  vertex 0.01976135943965033 0.05419089668367284 0.0
 endloop
endfacet
facet normal -0.0 0.0 -1.0
 outer loop
  vertex 0.006589144521784836 0.05346716779214832 0.0
  vertex 0.001974320280477572 0.05157905422474957 0.0
  vertex 0.002646578086533831 0.05651966603542127 0.0
 endloop
endfacet
facet normal -0.0 0.0 -1.0
 outer loop
  vertex 0.0112039687630921 0.05535528135954706 0.0
  vertex 0.006589144521784836 0.05346716779214832 0.0
  vertex 0.007261402327841086 0.05840777960282005 0.0
 endloop
endfacet
facet normal 0.0 0.0 -1.0
 outer loop
  vertex 0.007261402327841086 0.05840777960282005 0.0
  vertex 0.006589144521784836 0.05346716779214832 0.0
  vertex 0.002646578086533831 0.05651966603542127 0.0
 endloop
endfacet
facet normal 0.0 0.0 -1.0
 outer loop
  vertex 0.001974320280477572 0.05157905422474957 0.0
  vertex 0.00130206247442133 0.04663844241407784 0.0
  vertex -0.002640503960829693 0.0496909406573508 0.0
 endloop
endfacet
facet normal -0.0 0.0 -1.0
 outer loop
  vertex 0.001974320280477572 0.05157905422474957 0.0
  vertex -0.002640503960829693 0.0496909406573508 0.0
  vertex -0.001968246154773442 0.05463155246802252 0.0
 endloop
endfacet
facet normal 0.0 0.0 -1.0
 outer loop
  vertex 0.001974320280477572 0.05157905422474957 0.0
  vertex -0.001968246154773442 0.05463155246802252 0.0
  vertex 0.002646578086533831 0.05651966603542127 0.0
 endloop
endfacet
facet normal 0.0 -0.0 -1.0
 outer loop
  vertex -0.002640503960829693 0.0496909406573508 0.0
  vertex 0.00130206247442133 0.04663844241407784 0.0
  vertex -0.003312761766885927 0.04475032884667907 0.0
 endloop
endfacet
facet normal 0.0 0.0 -1.0
 outer loop
  vertex -0.003312761766885927 0.04475032884667907 0.0
  vertex 0.00130206247442133 0.04663844241407784 0.0
  vertex 0.0006298046683650964 0.04169783060340611 0.0
 endloop
endfacet
facet normal 0.0 0.0 -1.0
 outer loop
  vertex 0.0006298046683650964 0.04169783060340611 0.0
  vertex 0.00130206247442133 0.04663844241407784 0.0
  vertex 0.005244628909672347 0.04358594417080488 0.0
 endloop
endfacet
facet normal 0.0 0.0 -1.0
 outer loop
  vertex -0.002640503960829693 0.0496909406573508 0.0
  vertex -0.003312761766885927 0.04475032884667907 0.0
  vertex -0.007255328202136956 0.04780282708995202 0.0
 endloop
endfacet
facet normal -0.0 0.0 -1.0
 outer loop
  vertex -0.002640503960829693 0.0496909406573508 0.0
  vertex -0.007255328202136956 0.04780282708995202 0.0
  vertex -0.00658307039608072 0.05274343890062375 0.0
 endloop
endfacet
facet normal 0.0 0.0 -1.0
 outer loop
  vertex -0.002640503960829693 0.0496909406573508 0.0
  vertex -0.00658307039608072 0.05274343890062375 0.0
  vertex -0.001968246154773442 0.05463155246802252 0.0
 endloop
endfacet
facet normal 0.0 0.0 -1.0
 outer loop
  vertex 0.04668706668035131 0.02788279717009045 0.0
  vertex 0.04274450024510027 0.03093529541336339 0.0
  vertex 0.04735932448640753 0.03282340898076218 0.0
 endloop
endfacet
facet normal -0.0 0.0 -1.0
 outer loop
  vertex 0.04735932448640753 0.03282340898076218 0.0
  vertex 0.04274450024510027 0.03093529541336339 0.0
  vertex 0.0434167580511565 0.03587590722403512 0.0
 endloop
endfacet
facet normal 0.0 0.0 -1.0
 outer loop
  vertex 0.0434167580511565 0.03587590722403512 0.0
  vertex 0.04274450024510027 0.03093529541336339 0.0
  vertex 0.03880193380984923 0.03398779365663633 0.0
 endloop
endfacet
facet normal 0.0 0.0 -1.0
 outer loop
  vertex 0.04668706668035131 0.02788279717009045 0.0
  vertex 0.04735932448640753 0.03282340898076218 0.0
  vertex 0.05130189092165857 0.02977091073748923 0.0
 endloop
endfacet
facet normal 0.0 0.0 -1.0
 outer loop
  vertex 0.04668706668035131 0.02788279717009045 0.0
  vertex 0.05130189092165857 0.02977091073748923 0.0
  vertex 0.05062963311560235 0.0248302989268175 0.0
 endloop
endfacet
facet normal 0.0 -0.0 -1.0
 outer loop
  vertex 0.04668706668035131 0.02788279717009045 0.0
  vertex 0.05062963311560235 0.0248302989268175 0.0
  vertex 0.04601480887429507 0.02294218535941871 0.0
 endloop
endfacet
facet normal 0.0 0.0 -1.0
 outer loop
  vertex 0.0234309846716424 -0.04695010888151072 0.0
  vertex 0.02804580891294981 -0.04506199531411159 0.0
  vertex 0.02737355110689358 -0.05000260712478334 0.0
 endloop
endfacet
facet normal 0.0 -0.0 -1.0
 outer loop
  vertex 0.0234309846716424 -0.04695010888151072 0.0
  vertex 0.02737355110689358 -0.05000260712478334 0.0
  vertex 0.02275872686558632 -0.05189072069218213 0.0
 endloop
endfacet
facet normal 0.0 0.0 -1.0
 outer loop
  vertex 0.0234309846716424 -0.04695010888151072 0.0
  vertex 0.02275872686558632 -0.05189072069218213 0.0
  vertex 0.01881616043033493 -0.04883822244890998 0.0
 endloop
endfacet
facet normal 0.0 0.0 -1.0
 outer loop
  vertex 0.02737355110689358 -0.05000260712478334 0.0
  vertex 0.02804580891294981 -0.04506199531411159 0.0
  vertex 0.03198837534820089 -0.04811449355738447 0.0
 endloop
endfacet
facet normal 0.0 0.0 -1.0
 outer loop
  vertex 0.03198837534820089 -0.04811449355738447 0.0
  vertex 0.02804580891294981 -0.04506199531411159 0.0
  vertex 0.03266063315425708 -0.04317388174671274 0.0
 endloop
endfacet
facet normal 0.0 0.0 -1.0
 outer loop
  vertex 0.02804580891294981 -0.04506199531411159 0.0
  vertex 0.02871806671900605 -0.04012138350343979 0.0
  vertex 0.03266063315425708 -0.04317388174671274 0.0
 endloop
endfacet
facet normal 0.0 -0.0 -1.0
 outer loop
  vertex -0.007255328202136956 0.04780282708995202 0.0
  vertex -0.003312761766885927 0.04475032884667907 0.0
  vertex -0.00792758600819319 0.0428622152792803 0.0
 endloop
endfacet
facet normal 0.0 -0.0 -1.0
 outer loop
  vertex -0.003312761766885927 0.04475032884667907 0.0
  vertex 0.0006298046683650964 0.04169783060340611 0.0
  vertex -0.003985019572942162 0.03980971703600734 0.0
 endloop
endfacet
facet normal 0.0 0.0 -1.0
 outer loop
  vertex -0.003312761766885927 0.04475032884667907 0.0
  vertex -0.003985019572942162 0.03980971703600734 0.0
  vertex -0.00792758600819319 0.0428622152792803 0.0
 endloop
endfacet
facet normal 0.0 0.0 -1.0
 outer loop
  vertex -0.00658307039608072 0.05274343890062375 0.0
  vertex -0.007255328202136956 0.04780282708995202 0.0
  vertex -0.01119789463738798 0.05085532533322498 0.0
 endloop
endfacet
facet normal 0.0 -0.0 -1.0
 outer loop
  vertex -0.01119789463738798 0.05085532533322498 0.0
  vertex -0.007255328202136956 0.04780282708995202 0.0
  vertex -0.01187015244344422 0.04591471352255326 0.0
 endloop
endfacet
facet normal 0.0 0.0 -1.0
 outer loop
  vertex -0.01187015244344422 0.04591471352255326 0.0
  vertex -0.007255328202136956 0.04780282708995202 0.0
  vertex -0.00792758600819319 0.0428622152792803 0.0
 endloop
endfacet
facet normal -0.0 0.0 -1.0
 outer loop
  vertex -0.00658307039608072 0.05274343890062375 0.0
  vertex -0.01119789463738798 0.05085532533322498 0.0
  vertex -0.01052563683133174 0.0557959371438967 0.0
 endloop
endfacet
facet normal 0.0 0.0 -1.0
 outer loop
  vertex -0.00658307039608072 0.05274343890062375 0.0
  vertex -0.01052563683133174 0.0557959371438967 0.0
  vertex -0.005910812590024477 0.05768405071129547 0.0
 endloop
endfacet
facet normal 0.0 0.0 -1.0
 outer loop
  vertex -0.00658307039608072 0.05274343890062375 0.0
  vertex -0.005910812590024477 0.05768405071129547 0.0
  vertex -0.001968246154773442 0.05463155246802252 0.0
 endloop
endfacet
facet normal 0.0 0.0 -1.0
 outer loop
  vertex -0.01119789463738798 0.05085532533322498 0.0
  vertex -0.01187015244344422 0.04591471352255326 0.0
  vertex -0.01581271887869524 0.04896721176582622 0.0
 endloop
endfacet
facet normal -0.0 0.0 -1.0
 outer loop
  vertex -0.01119789463738798 0.05085532533322498 0.0
  vertex -0.01581271887869524 0.04896721176582622 0.0
  vertex -0.01514046107263901 0.05390782357649793 0.0
 endloop
endfacet
facet normal 0.0 0.0 -1.0
 outer loop
  vertex -0.01052563683133174 0.0557959371438967 0.0
  vertex -0.01119789463738798 0.05085532533322498 0.0
  vertex -0.01514046107263901 0.05390782357649793 0.0
 endloop
endfacet
facet normal 0.0 -0.0 -1.0
 outer loop
  vertex -0.01581271887869524 0.04896721176582622 0.0
  vertex -0.01187015244344422 0.04591471352255326 0.0
  vertex -0.01648497668475148 0.0440265999551545 0.0
 endloop
endfacet
facet normal 0.0 0.0 -1.0
 outer loop
  vertex -0.01648497668475148 0.0440265999551545 0.0
  vertex -0.01187015244344422 0.04591471352255326 0.0
  vertex -0.01254241024950045 0.04097410171188154 0.0
 endloop
endfacet
facet normal 0.0 0.0 -1.0
 outer loop
  vertex -0.01254241024950045 0.04097410171188154 0.0
  vertex -0.01187015244344422 0.04591471352255326 0.0
  vertex -0.00792758600819319 0.0428622152792803 0.0
 endloop
endfacet
facet normal 0.0 0.0 -1.0
 outer loop
  vertex -0.01581271887869524 0.04896721176582622 0.0
  vertex -0.01648497668475148 0.0440265999551545 0.0
  vertex -0.0204275431200025 0.04707909819842745 0.0
 endloop
endfacet
facet normal -0.0 0.0 -1.0
 outer loop
  vertex -0.01581271887869524 0.04896721176582622 0.0
  vertex -0.0204275431200025 0.04707909819842745 0.0
  vertex -0.01975528531394628 0.05201971000909917 0.0
 endloop
endfacet
facet normal 0.0 0.0 -1.0
 outer loop
  vertex -0.01581271887869524 0.04896721176582622 0.0
  vertex -0.01975528531394628 0.05201971000909917 0.0
  vertex -0.01514046107263901 0.05390782357649793 0.0
 endloop
endfacet
facet normal -0.0 0.0 -1.0
 outer loop
  vertex -0.01935596869560043 -0.04112818572893082 0.0
  vertex -0.02397079292109177 -0.04301629917757623 0.0
  vertex -0.0232985352897748 -0.03807568752213925 0.0
 endloop
endfacet
facet normal 0.0 0.0 -1.0
 outer loop
  vertex -0.01935596869560043 -0.04112818572893082 0.0
  vertex -0.0232985352897748 -0.03807568752213925 0.0
  vertex -0.01868371122267977 -0.03618757405082641 0.0
 endloop
endfacet
facet normal 0.0 0.0 -1.0
 outer loop
  vertex -0.01935596869560043 -0.04112818572893082 0.0
  vertex -0.01868371122267977 -0.03618757405082641 0.0
  vertex -0.01474114438518324 -0.03924007233243871 0.0
 endloop
endfacet
facet normal 0.0 0.0 -1.0
 outer loop
  vertex -0.02397079292109177 -0.04301629917757623 0.0
  vertex -0.02464305075194594 -0.04795691090140328 0.0
  vertex -0.0285856171874417 -0.04490441265847561 0.0
 endloop
endfacet
facet normal -0.0 0.0 -1.0
 outer loop
  vertex -0.02397079292109177 -0.04301629917757623 0.0
  vertex -0.0285856171874417 -0.04490441265847561 0.0
  vertex -0.02791335940798518 -0.03996380095548388 0.0
 endloop
endfacet
facet normal 0.0 0.0 -1.0
 outer loop
  vertex -0.02397079292109177 -0.04301629917757623 0.0
  vertex -0.02791335940798518 -0.03996380095548388 0.0
  vertex -0.0232985352897748 -0.03807568752213925 0.0
 endloop
endfacet
facet normal 0.0 -0.0 -1.0
 outer loop
  vertex -0.0285856171874417 -0.04490441265847561 0.0
  vertex -0.02464305075194594 -0.04795691090140328 0.0
  vertex -0.02925787499746686 -0.04984502445542884 0.0
 endloop
endfacet
facet normal 0.0 0.0 -1.0
 outer loop
  vertex -0.02925787499746686 -0.04984502445542884 0.0
  vertex -0.02464305075194594 -0.04795691090140328 0.0
  vertex -0.02531530856267769 -0.05289752269675084 0.0
 endloop
endfacet
facet normal 0.0 -0.0 -1.0
 outer loop
  vertex -0.02464305075194594 -0.04795691090140328 0.0
  vertex -0.02070048432120235 -0.05100940912882698 0.0
  vertex -0.02531530856267769 -0.05289752269675084 0.0
 endloop
endfacet
facet normal 0.0 0.0 -1.0
 outer loop
  vertex -0.02791335940798518 -0.03996380095548388 0.0
  vertex -0.0285856171874417 -0.04490441265847561 0.0
  vertex -0.0325281836290146 -0.04185191439366406 0.0
 endloop
endfacet
facet normal 0.0 -0.0 -1.0
 outer loop
  vertex -0.0325281836290146 -0.04185191439366406 0.0
  vertex -0.0285856171874417 -0.04490441265847561 0.0
  vertex -0.03320044143401719 -0.04679252620792565 0.0
 endloop
endfacet
facet normal 0.0 0.0 -1.0
 outer loop
  vertex -0.03320044143401719 -0.04679252620792565 0.0
  vertex -0.0285856171874417 -0.04490441265847561 0.0
  vertex -0.02925787499746686 -0.04984502445542884 0.0
 endloop
endfacet
facet normal -0.0 0.0 -1.0
 outer loop
  vertex -0.02791335940798518 -0.03996380095548388 0.0
  vertex -0.0325281836290146 -0.04185191439366406 0.0
  vertex -0.03185592588033083 -0.03691130264509875 0.0
 endloop
endfacet
facet normal 0.0 0.0 -1.0
 outer loop
  vertex -0.02791335940798518 -0.03996380095548388 0.0
  vertex -0.03185592588033083 -0.03691130264509875 0.0
  vertex -0.02724110172441433 -0.03502318928466869 0.0
 endloop
endfacet
facet normal -0.0 0.0 -1.0
 outer loop
  vertex -0.0232985352897748 -0.03807568752213925 0.0
  vertex -0.02791335940798518 -0.03996380095548388 0.0
  vertex -0.02724110172441433 -0.03502318928466869 0.0
 endloop
endfacet
facet normal 0.0 0.0 -1.0
 outer loop
  vertex -0.03185592588033083 -0.03691130264509875 0.0
  vertex -0.0325281836290146 -0.04185191439366406 0.0
  vertex -0.0364707500738277 -0.03879941616074215 0.0
 endloop
endfacet
facet normal 0.0 -0.0 -1.0
 outer loop
  vertex -0.0364707500738277 -0.03879941616074215 0.0
  vertex -0.0325281836290146 -0.04185191439366406 0.0
  vertex -0.03714300787209896 -0.04374002796392824 0.0
 endloop
endfacet
facet normal 0.0 0.0 -1.0
 outer loop
  vertex -0.0325281836290146 -0.04185191439366406 0.0
  vertex -0.03320044143401719 -0.04679252620792565 0.0
  vertex -0.03714300787209896 -0.04374002796392824 0.0
 endloop
endfacet
facet normal 0.0 -0.0 -1.0
 outer loop
  vertex -0.0204275431200025 0.04707909819842745 0.0
  vertex -0.01648497668475148 0.0440265999551545 0.0
  vertex -0.02109980092605871 0.0421384863877557 0.0
 endloop
endfacet
facet normal 0.0 -0.0 -1.0
 outer loop
  vertex -0.01648497668475148 0.0440265999551545 0.0
  vertex -0.01254241024950045 0.04097410171188154 0.0
  vertex -0.01715723449080769 0.03908598814448275 0.0
 endloop
endfacet
facet normal 0.0 0.0 -1.0
 outer loop
  vertex -0.01648497668475148 0.0440265999551545 0.0
  vertex -0.01715723449080769 0.03908598814448275 0.0
  vertex -0.02109980092605871 0.0421384863877557 0.0
 endloop
endfacet
facet normal 0.0 0.0 -1.0
 outer loop
  vertex -0.01975528531394628 0.05201971000909917 0.0
  vertex -0.0204275431200025 0.04707909819842745 0.0
  vertex -0.02437010955525352 0.05013159644170039 0.0
 endloop
endfacet
facet normal 0.0 -0.0 -1.0
 outer loop
  vertex -0.02437010955525352 0.05013159644170039 0.0
  vertex -0.0204275431200025 0.04707909819842745 0.0
  vertex -0.02504236736130976 0.04519098463102866 0.0
 endloop
endfacet
facet normal 0.0 0.0 -1.0
 outer loop
  vertex -0.02504236736130976 0.04519098463102866 0.0
  vertex -0.0204275431200025 0.04707909819842745 0.0
  vertex -0.02109980092605871 0.0421384863877557 0.0
 endloop
endfacet
facet normal -0.0 0.0 -1.0
 outer loop
  vertex -0.03185592588033083 -0.03691130264509875 0.0
  vertex -0.0364707500738277 -0.03879941616074215 0.0
  vertex -0.03579849226936513 -0.0338588043517956 0.0
 endloop
endfacet
facet normal 0.0 0.0 -1.0
 outer loop
  vertex -0.03185592588033083 -0.03691130264509875 0.0
  vertex -0.03579849226936513 -0.0338588043517956 0.0
  vertex -0.03118366813999113 -0.03197069097917685 0.0
 endloop
endfacet
facet normal 0.0 0.0 -1.0
 outer loop
  vertex -0.03185592588033083 -0.03691130264509875 0.0
  vertex -0.03118366813999113 -0.03197069097917685 0.0
  vertex -0.02724110172441433 -0.03502318928466869 0.0
 endloop
endfacet
facet normal 0.0 0.0 -1.0
 outer loop
  vertex -0.03579849226936513 -0.0338588043517956 0.0
  vertex -0.0364707500738277 -0.03879941616074215 0.0
  vertex -0.04041331650296962 -0.03574691791085599 0.0
 endloop
endfacet
facet normal 0.0 -0.0 -1.0
 outer loop
  vertex -0.04041331650296962 -0.03574691791085599 0.0
  vertex -0.0364707500738277 -0.03879941616074215 0.0
  vertex -0.04108557430789559 -0.04068752972030418 0.0
 endloop
endfacet
facet normal 0.0 0.0 -1.0
 outer loop
  vertex -0.04108557430789559 -0.04068752972030418 0.0
  vertex -0.0364707500738277 -0.03879941616074215 0.0
  vertex -0.03714300787209896 -0.04374002796392824 0.0
 endloop
endfacet
facet normal -0.0 0.0 -1.0
 outer loop
  vertex -0.01975528531394628 0.05201971000909917 0.0
  vertex -0.02437010955525352 0.05013159644170039 0.0
  vertex -0.02369785174919729 0.05507220825237212 0.0
 endloop
endfacet
facet normal 0.0 0.0 -1.0
 outer loop
  vertex -0.01975528531394628 0.05201971000909917 0.0
  vertex -0.02369785174919729 0.05507220825237212 0.0
  vertex -0.01908302750789003 0.05696032181977088 0.0
 endloop
endfacet
facet normal 0.0 0.0 -1.0
 outer loop
  vertex -0.01975528531394628 0.05201971000909917 0.0
  vertex -0.01908302750789003 0.05696032181977088 0.0
  vertex -0.01514046107263901 0.05390782357649793 0.0
 endloop
endfacet
facet normal 0.0 0.0 -1.0
 outer loop
  vertex -0.02437010955525352 0.05013159644170039 0.0
  vertex -0.02504236736130976 0.04519098463102866 0.0
  vertex -0.02898493379656077 0.04824348287430159 0.0
 endloop
endfacet
facet normal -0.0 0.0 -1.0
 outer loop
  vertex -0.02437010955525352 0.05013159644170039 0.0
  vertex -0.02898493379656077 0.04824348287430159 0.0
  vertex -0.02831267599050454 0.05318409468497333 0.0
 endloop
endfacet
facet normal 0.0 0.0 -1.0
 outer loop
  vertex -0.02369785174919729 0.05507220825237212 0.0
  vertex -0.02437010955525352 0.05013159644170039 0.0
  vertex -0.02831267599050454 0.05318409468497333 0.0
 endloop
endfacet
facet normal 0.0 -0.0 -1.0
 outer loop
  vertex -0.02898493379656077 0.04824348287430159 0.0
  vertex -0.02504236736130976 0.04519098463102866 0.0
  vertex -0.029657191602617 0.04330287106362986 0.0
 endloop
endfacet
facet normal 0.0 0.0 -1.0
 outer loop
  vertex -0.029657191602617 0.04330287106362986 0.0
  vertex -0.02504236736130976 0.04519098463102866 0.0
  vertex -0.02571462516736595 0.04025037282035692 0.0
 endloop
endfacet
facet normal 0.0 0.0 -1.0
 outer loop
  vertex -0.02571462516736595 0.04025037282035692 0.0
  vertex -0.02504236736130976 0.04519098463102866 0.0
  vertex -0.02109980092605871 0.0421384863877557 0.0
 endloop
endfacet
facet normal 0.0 0.0 -1.0
 outer loop
  vertex -0.02898493379656077 0.04824348287430159 0.0
  vertex -0.029657191602617 0.04330287106362986 0.0
  vertex -0.03359975803786804 0.04635536930690278 0.0
 endloop
endfacet
facet normal -0.0 0.0 -1.0
 outer loop
  vertex -0.02898493379656077 0.04824348287430159 0.0
  vertex -0.03359975803786804 0.04635536930690278 0.0
  vertex -0.03292750023181181 0.05129598111757454 0.0
 endloop
endfacet
facet normal 0.0 0.0 -1.0
 outer loop
  vertex -0.02898493379656077 0.04824348287430159 0.0
  vertex -0.03292750023181181 0.05129598111757454 0.0
  vertex -0.02831267599050454 0.05318409468497333 0.0
 endloop
endfacet
facet normal 0.0 0.0 -1.0
 outer loop
  vertex 0.05313670353765482 -0.02079959204510219 0.0
  vertex 0.05380896134371103 -0.01585898023443045 0.0
  vertex 0.05775152777896209 -0.01891147847770337 0.0
 endloop
endfacet
facet normal 0.0 0.0 -1.0
 outer loop
  vertex 0.05380896134371103 -0.01585898023443045 0.0
  vertex 0.05448121914976722 -0.01091836842375871 0.0
  vertex 0.0584237855850183 -0.01397086666703164 0.0
 endloop
endfacet
facet normal 0.0 0.0 -1.0
 outer loop
  vertex 0.05380896134371103 -0.01585898023443045 0.0
  vertex 0.0584237855850183 -0.01397086666703164 0.0
  vertex 0.05775152777896209 -0.01891147847770337 0.0
 endloop
endfacet
facet normal 0.0 0.0 -1.0
 outer loop
  vertex 0.04852187929634756 -0.02268770561250099 0.0
  vertex 0.05313670353765482 -0.02079959204510219 0.0
  vertex 0.05246444573159863 -0.02574020385577393 0.0
 endloop
endfacet
facet normal 0.0 0.0 -1.0
 outer loop
  vertex 0.05246444573159863 -0.02574020385577393 0.0
  vertex 0.05313670353765482 -0.02079959204510219 0.0
  vertex 0.05707926997290587 -0.02385209028837511 0.0
 endloop
endfacet
facet normal 0.0 0.0 -1.0
 outer loop
  vertex 0.05707926997290587 -0.02385209028837511 0.0
  vertex 0.05313670353765482 -0.02079959204510219 0.0
  vertex 0.05775152777896209 -0.01891147847770337 0.0
 endloop
endfacet
facet normal 0.0 0.0 -1.0
 outer loop
  vertex 0.0584237855850183 -0.01397086666703164 0.0
  vertex 0.05448121914976722 -0.01091836842375871 0.0
  vertex 0.05909604339107451 -0.009030254856359887 0.0
 endloop
endfacet
facet normal -0.0 0.0 -1.0
 outer loop
  vertex 0.05909604339107451 -0.009030254856359887 0.0
  vertex 0.05448121914976722 -0.01091836842375871 0.0
  vertex 0.05515347695582344 -0.005977756613086953 0.0
 endloop
endfacet
facet normal 0.0 0.0 -1.0
 outer loop
  vertex 0.05515347695582344 -0.005977756613086953 0.0
  vertex 0.05448121914976722 -0.01091836842375871 0.0
  vertex 0.05053865271451612 -0.007865870180485842 0.0
 endloop
endfacet
facet normal 0.0 0.0 -1.0
 outer loop
  vertex 0.05130189092165857 0.02977091073748923 0.0
  vertex 0.04735932448640753 0.03282340898076218 0.0
  vertex 0.05197414872771479 0.03471152254816096 0.0
 endloop
endfacet
facet normal -0.0 0.0 -1.0
 outer loop
  vertex 0.05197414872771479 0.03471152254816096 0.0
  vertex 0.04735932448640753 0.03282340898076218 0.0
  vertex 0.04803158229246374 0.0377640207914339 0.0
 endloop
endfacet
facet normal 0.0 0.0 -1.0
 outer loop
  vertex 0.04735932448640753 0.03282340898076218 0.0
  vertex 0.0434167580511565 0.03587590722403512 0.0
  vertex 0.04803158229246374 0.0377640207914339 0.0
 endloop
endfacet
facet normal 0.0 0.0 -1.0
 outer loop
  vertex 0.05130189092165857 0.02977091073748923 0.0
  vertex 0.05197414872771479 0.03471152254816096 0.0
  vertex 0.05591671516296582 0.03165902430488802 0.0
 endloop
endfacet
facet normal 0.0 0.0 -1.0
 outer loop
  vertex 0.05130189092165857 0.02977091073748923 0.0
  vertex 0.05591671516296582 0.03165902430488802 0.0
  vertex 0.05524445735690962 0.02671841249421628 0.0
 endloop
endfacet
facet normal 0.0 0.0 -1.0
 outer loop
  vertex 0.05062963311560235 0.0248302989268175 0.0
  vertex 0.05130189092165857 0.02977091073748923 0.0
  vertex 0.05524445735690962 0.02671841249421628 0.0
 endloop
endfacet
facet normal 0.0 0.0 -1.0
 outer loop
  vertex 0.02737355110689358 -0.05000260712478334 0.0
  vertex 0.03198837534820089 -0.04811449355738447 0.0
  vertex 0.03131611767400958 -0.05305510577257589 0.0
 endloop
endfacet
facet normal 0.0 0.0 -1.0
 outer loop
  vertex 0.02275872686558632 -0.05189072069218213 0.0
  vertex 0.02737355110689358 -0.05000260712478334 0.0
  vertex 0.02670129330083739 -0.05494321893545501 0.0
 endloop
endfacet
facet normal 0.0 0.0 -1.0
 outer loop
  vertex 0.02670129330083739 -0.05494321893545501 0.0
  vertex 0.02737355110689358 -0.05000260712478334 0.0
  vertex 0.03131611767400958 -0.05305510577257589 0.0
 endloop
endfacet
facet normal 0.0 0.0 -1.0
 outer loop
  vertex 0.03198837534820089 -0.04811449355738447 0.0
  vertex 0.03660319958950819 -0.04622637998998558 0.0
  vertex 0.03593094178345201 -0.05116699180065737 0.0
 endloop
endfacet
facet normal -0.0 0.0 -1.0
 outer loop
  vertex 0.03660319958950819 -0.04622637998998558 0.0
  vertex 0.03198837534820089 -0.04811449355738447 0.0
  vertex 0.03266063315425708 -0.04317388174671274 0.0
 endloop
endfacet
facet normal 0.0 -0.0 -1.0
 outer loop
  vertex 0.03198837534820089 -0.04811449355738447 0.0
  vertex 0.03593094178345201 -0.05116699180065737 0.0
  vertex 0.03131611767400958 -0.05305510577257589 0.0
 endloop
endfacet
facet normal 0.0 -0.0 -1.0
 outer loop
  vertex 0.02275872686558632 -0.05189072069218213 0.0
  vertex 0.02670129330083739 -0.05494321893545501 0.0
  vertex 0.02208646905953012 -0.05683133250285381 0.0
 endloop
endfacet
facet normal 0.0 0.0 -1.0
 outer loop
  vertex 0.02275872686558632 -0.05189072069218213 0.0
  vertex 0.02208646905953012 -0.05683133250285381 0.0
  vertex 0.01814390262427908 -0.05377883425958085 0.0
 endloop
endfacet
facet normal -0.0 0.0 -1.0
 outer loop
  vertex 0.02275872686558632 -0.05189072069218213 0.0
  vertex 0.01814390262427908 -0.05377883425958085 0.0
  vertex 0.01881616043033493 -0.04883822244890998 0.0
 endloop
endfacet
facet normal 0.0 0.0 -1.0
 outer loop
  vertex -0.03320044143401719 -0.04679252620792565 0.0
  vertex -0.03387269924095151 -0.05173313801560599 0.0
  vertex -0.03781526567617918 -0.04868063977243901 0.0
 endloop
endfacet
facet normal 0.0 0.0 -1.0
 outer loop
  vertex -0.03387269924095151 -0.05173313801560599 0.0
  vertex -0.03320044143401719 -0.04679252620792565 0.0
  vertex -0.02925787499746686 -0.04984502445542884 0.0
 endloop
endfacet
facet normal -0.0 0.0 -1.0
 outer loop
  vertex -0.03320044143401719 -0.04679252620792565 0.0
  vertex -0.03781526567617918 -0.04868063977243901 0.0
  vertex -0.03714300787209896 -0.04374002796392824 0.0
 endloop
endfacet
facet normal 0.0 -0.0 -1.0
 outer loop
  vertex -0.03359975803786804 0.04635536930690278 0.0
  vertex -0.029657191602617 0.04330287106362986 0.0
  vertex -0.03427201584392425 0.04141475749623102 0.0
 endloop
endfacet
facet normal 0.0 0.0 -1.0
 outer loop
  vertex -0.03427201584392425 0.04141475749623102 0.0
  vertex -0.029657191602617 0.04330287106362986 0.0
  vertex -0.03032944940867319 0.03836225925295814 0.0
 endloop
endfacet
facet normal 0.0 0.0 -1.0
 outer loop
  vertex -0.03032944940867319 0.03836225925295814 0.0
  vertex -0.029657191602617 0.04330287106362986 0.0
  vertex -0.02571462516736595 0.04025037282035692 0.0
 endloop
endfacet
facet normal 0.0 0.0 -1.0
 outer loop
  vertex -0.03359975803786804 0.04635536930690278 0.0
  vertex -0.03427201584392425 0.04141475749623102 0.0
  vertex -0.0382145822791753 0.04446725573950395 0.0
 endloop
endfacet
facet normal -0.0 0.0 -1.0
 outer loop
  vertex -0.03359975803786804 0.04635536930690278 0.0
  vertex -0.0382145822791753 0.04446725573950395 0.0
  vertex -0.03754232447311912 0.04940786755017569 0.0
 endloop
endfacet
facet normal 0.0 0.0 -1.0
 outer loop
  vertex -0.03359975803786804 0.04635536930690278 0.0
  vertex -0.03754232447311912 0.04940786755017569 0.0
  vertex -0.03292750023181181 0.05129598111757454 0.0
 endloop
endfacet
facet normal -0.0 0.0 -1.0
 outer loop
  vertex -0.03579849226936513 -0.0338588043517956 0.0
  vertex -0.04041331650296962 -0.03574691791085599 0.0
  vertex -0.03974105869589518 -0.03080630609908206 0.0
 endloop
endfacet
facet normal -0.0 0.0 -1.0
 outer loop
  vertex -0.03118366813999113 -0.03197069097917685 0.0
  vertex -0.03579849226936513 -0.0338588043517956 0.0
  vertex -0.0351262345200311 -0.02891819261602769 0.0
 endloop
endfacet
facet normal 0.0 0.0 -1.0
 outer loop
  vertex -0.03579849226936513 -0.0338588043517956 0.0
  vertex -0.03974105869589518 -0.03080630609908206 0.0
  vertex -0.0351262345200311 -0.02891819261602769 0.0
 endloop
endfacet
facet normal 0.0 0.0 -1.0
 outer loop
  vertex -0.03974105869589518 -0.03080630609908206 0.0
  vertex -0.04041331650296962 -0.03574691791085599 0.0
  vertex -0.04435588293574896 -0.03269441966490739 0.0
 endloop
endfacet
facet normal 0.0 -0.0 -1.0
 outer loop
  vertex -0.04435588293574896 -0.03269441966490739 0.0
  vertex -0.04041331650296962 -0.03574691791085599 0.0
  vertex -0.04502814074156297 -0.03763503147531688 0.0
 endloop
endfacet
facet normal 0.0 0.0 -1.0
 outer loop
  vertex -0.04502814074156297 -0.03763503147531688 0.0
  vertex -0.04041331650296962 -0.03574691791085599 0.0
  vertex -0.04108557430789559 -0.04068752972030418 0.0
 endloop
endfacet
facet normal 0.0 0.0 -1.0
 outer loop
  vertex 0.0584237855850183 -0.01397086666703164 0.0
  vertex 0.05909604339107451 -0.009030254856359887 0.0
  vertex 0.06303860982632556 -0.01208275309963281 0.0
 endloop
endfacet
facet normal 0.0 0.0 -1.0
 outer loop
  vertex 0.0584237855850183 -0.01397086666703164 0.0
  vertex 0.06303860982632556 -0.01208275309963281 0.0
  vertex 0.06236635202026936 -0.01702336491030455 0.0
 endloop
endfacet
facet normal 0.0 -0.0 -1.0
 outer loop
  vertex 0.0584237855850183 -0.01397086666703164 0.0
  vertex 0.06236635202026936 -0.01702336491030455 0.0
  vertex 0.05775152777896209 -0.01891147847770337 0.0
 endloop
endfacet
facet normal 0.0 0.0 -1.0
 outer loop
  vertex 0.06303860982632556 -0.01208275309963281 0.0
  vertex 0.05909604339107451 -0.009030254856359887 0.0
  vertex 0.06371086763238176 -0.007142141288961068 0.0
 endloop
endfacet
facet normal -0.0 0.0 -1.0
 outer loop
  vertex 0.06371086763238176 -0.007142141288961068 0.0
  vertex 0.05909604339107451 -0.009030254856359887 0.0
  vertex 0.0597683011971307 -0.004089643045688139 0.0
 endloop
endfacet
facet normal 0.0 0.0 -1.0
 outer loop
  vertex 0.0597683011971307 -0.004089643045688139 0.0
  vertex 0.05909604339107451 -0.009030254856359887 0.0
  vertex 0.05515347695582344 -0.005977756613086953 0.0
 endloop
endfacet
facet normal -0.0 0.0 -1.0
 outer loop
  vertex -0.01908302750789003 0.05696032181977088 0.0
  vertex -0.02369785174919729 0.05507220825237212 0.0
  vertex -0.02302559394314106 0.06001282006304384 0.0
 endloop
endfacet
facet normal 0.0 0.0 -1.0
 outer loop
  vertex -0.02302559394314106 0.06001282006304384 0.0
  vertex -0.02369785174919729 0.05507220825237212 0.0
  vertex -0.02764041818444831 0.05812470649564507 0.0
 endloop
endfacet
facet normal 0.0 -0.0 -1.0
 outer loop
  vertex -0.02764041818444831 0.05812470649564507 0.0
  vertex -0.02369785174919729 0.05507220825237212 0.0
  vertex -0.02831267599050454 0.05318409468497333 0.0
 endloop
endfacet
facet normal 0.0 0.0 -1.0
 outer loop
  vertex 0.02208646905953012 -0.05683133250285381 0.0
  vertex 0.02670129330083739 -0.05494321893545501 0.0
  vertex 0.02602903549478118 -0.05988383074612676 0.0
 endloop
endfacet
facet normal 0.0 0.0 -1.0
 outer loop
  vertex 0.02602903549478118 -0.05988383074612676 0.0
  vertex 0.02670129330083739 -0.05494321893545501 0.0
  vertex 0.03064386052727781 -0.05799571960584603 0.0
 endloop
endfacet
facet normal 0.0 0.0 -1.0
 outer loop
  vertex 0.03064386052727781 -0.05799571960584603 0.0
  vertex 0.02670129330083739 -0.05494321893545501 0.0
  vertex 0.03131611767400958 -0.05305510577257589 0.0
 endloop
endfacet
facet normal 0.0 -0.0 -1.0
 outer loop
  vertex 0.02208646905953012 -0.05683133250285381 0.0
  vertex 0.02602903549478118 -0.05988383074612676 0.0
  vertex 0.0214142112534739 -0.06177194431352554 0.0
 endloop
endfacet
facet normal 0.0 0.0 -1.0
 outer loop
  vertex 0.02208646905953012 -0.05683133250285381 0.0
  vertex 0.0214142112534739 -0.06177194431352554 0.0
  vertex 0.01747164481822285 -0.0587194460702526 0.0
 endloop
endfacet
facet normal 0.0 -0.0 -1.0
 outer loop
  vertex 0.01814390262427908 -0.05377883425958085 0.0
  vertex 0.02208646905953012 -0.05683133250285381 0.0
  vertex 0.01747164481822285 -0.0587194460702526 0.0
 endloop
endfacet
facet normal 0.0 -0.0 -1.0
 outer loop
  vertex -0.0382145822791753 0.04446725573950395 0.0
  vertex -0.03427201584392425 0.04141475749623102 0.0
  vertex -0.03888684008523152 0.03952664392883218 0.0
 endloop
endfacet
facet normal 0.0 -0.0 -1.0
 outer loop
  vertex -0.03427201584392425 0.04141475749623102 0.0
  vertex -0.03032944940867319 0.03836225925295814 0.0
  vertex -0.03494427364998045 0.0364741456855593 0.0
 endloop
endfacet
facet normal 0.0 0.0 -1.0
 outer loop
  vertex -0.03427201584392425 0.04141475749623102 0.0
  vertex -0.03494427364998045 0.0364741456855593 0.0
  vertex -0.03888684008523152 0.03952664392883218 0.0
 endloop
endfacet
facet normal 0.0 0.0 -1.0
 outer loop
  vertex -0.03754232447311912 0.04940786755017569 0.0
  vertex -0.0382145822791753 0.04446725573950395 0.0
  vertex -0.04215714871442636 0.0475197539827769 0.0
 endloop
endfacet
facet normal 0.0 -0.0 -1.0
 outer loop
  vertex -0.04215714871442636 0.0475197539827769 0.0
  vertex -0.0382145822791753 0.04446725573950395 0.0
  vertex -0.04282940652048254 0.04257914217210514 0.0
 endloop
endfacet
facet normal 0.0 0.0 -1.0
 outer loop
  vertex -0.04282940652048254 0.04257914217210514 0.0
  vertex -0.0382145822791753 0.04446725573950395 0.0
  vertex -0.03888684008523152 0.03952664392883218 0.0
 endloop
endfacet
facet normal 0.0 0.0 -1.0
 outer loop
  vertex 0.0124575039741181 0.03254033587358715 0.0
  vertex 0.01312976178017435 0.03748094768425893 0.0
  vertex 0.01707232821542537 0.03442844944098591 0.0
 endloop
endfacet
facet normal 0.0 0.0 -1.0
 outer loop
  vertex 0.01312976178017435 0.03748094768425893 0.0
  vertex 0.0124575039741181 0.03254033587358715 0.0
  vertex 0.008514937538867128 0.03559283411686014 0.0
 endloop
endfacet
facet normal 0.0 -0.0 -1.0
 outer loop
  vertex 0.009187195344923365 0.04053344592753189 0.0
  vertex 0.01312976178017435 0.03748094768425893 0.0
  vertex 0.008514937538867128 0.03559283411686014 0.0
 endloop
endfacet
facet normal -0.0 0.0 -1.0
 outer loop
  vertex -0.0008966717431671043 -0.03357573123292103 0.0
  vertex -0.005511495970705113 -0.03546384480219147 0.0
  vertex -0.004839238404064297 -0.0305232331451481 0.0
 endloop
endfacet
facet normal 0.0 0.0 -1.0
 outer loop
  vertex -0.004839238404064297 -0.0305232331451481 0.0
  vertex -0.005511495970705113 -0.03546384480219147 0.0
  vertex -0.009454062451278597 -0.03241134665600906 0.0
 endloop
endfacet
facet normal -0.0 0.0 -1.0
 outer loop
  vertex -0.005511495970705113 -0.03546384480219147 0.0
  vertex -0.01012632020285126 -0.0373519583708366 0.0
  vertex -0.009454062451278597 -0.03241134665600906 0.0
 endloop
endfacet
facet normal 0.0 0.0 -1.0
 outer loop
  vertex -0.03118366813999113 -0.03197069097917685 0.0
  vertex -0.0351262345200311 -0.02891819261602769 0.0
  vertex -0.03051141039672444 -0.02703007934851786 0.0
 endloop
endfacet
facet normal 0.0 0.0 -1.0
 outer loop
  vertex -0.03118366813999113 -0.03197069097917685 0.0
  vertex -0.03051141039672444 -0.02703007934851786 0.0
  vertex -0.02656884404272049 -0.03008257764510879 0.0
 endloop
endfacet
facet normal 0.0 0.0 -1.0
 outer loop
  vertex -0.03118366813999113 -0.03197069097917685 0.0
  vertex -0.02656884404272049 -0.03008257764510879 0.0
  vertex -0.02724110172441433 -0.03502318928466869 0.0
 endloop
endfacet
facet normal -0.0 0.0 -1.0
 outer loop
  vertex -0.03974105869589518 -0.03080630609908206 0.0
  vertex -0.04435588293574896 -0.03269441966490739 0.0
  vertex -0.04368362513061069 -0.02775380791523869 0.0
 endloop
endfacet
facet normal -0.0 0.0 -1.0
 outer loop
  vertex -0.0351262345200311 -0.02891819261602769 0.0
  vertex -0.03974105869589518 -0.03080630609908206 0.0
  vertex -0.03906880094883138 -0.02586569440719124 0.0
 endloop
endfacet
facet normal 0.0 0.0 -1.0
 outer loop
  vertex -0.03906880094883138 -0.02586569440719124 0.0
  vertex -0.03974105869589518 -0.03080630609908206 0.0
  vertex -0.04368362513061069 -0.02775380791523869 0.0
 endloop
endfacet
facet normal 0.0 0.0 -1.0
 outer loop
  vertex -0.04435588293574896 -0.03269441966490739 0.0
  vertex -0.04502814074156297 -0.03763503147531688 0.0
  vertex -0.04897070717636168 -0.03458253323155427 0.0
 endloop
endfacet
facet normal -0.0 0.0 -1.0
 outer loop
  vertex -0.04435588293574896 -0.03269441966490739 0.0
  vertex -0.04897070717636168 -0.03458253323155427 0.0
  vertex -0.04829844937023004 -0.02964192142080093 0.0
 endloop
endfacet
facet normal 0.0 0.0 -1.0
 outer loop
  vertex -0.04435588293574896 -0.03269441966490739 0.0
  vertex -0.04829844937023004 -0.02964192142080093 0.0
  vertex -0.04368362513061069 -0.02775380791523869 0.0
 endloop
endfacet
facet normal 0.0 -0.0 -1.0
 outer loop
  vertex -0.04897070717636168 -0.03458253323155427 0.0
  vertex -0.04502814074156297 -0.03763503147531688 0.0
  vertex -0.04964296498230217 -0.03952314504210071 0.0
 endloop
endfacet
facet normal 0.0 0.0 -1.0
 outer loop
  vertex -0.04964296498230217 -0.03952314504210071 0.0
  vertex -0.04502814074156297 -0.03763503147531688 0.0
  vertex -0.04570039854703185 -0.04257564328535279 0.0
 endloop
endfacet
facet normal 0.0 0.0 -1.0
 outer loop
  vertex -0.04570039854703185 -0.04257564328535279 0.0
  vertex -0.04502814074156297 -0.03763503147531688 0.0
  vertex -0.04108557430789559 -0.04068752972030418 0.0
 endloop
endfacet
facet normal 0.0 0.0 -1.0
 outer loop
  vertex -0.04829844937023004 -0.02964192142080093 0.0
  vertex -0.04897070717636168 -0.03458253323155427 0.0
  vertex -0.052913273611409 -0.03153003498806078 0.0
 endloop
endfacet
facet normal 0.0 -0.0 -1.0
 outer loop
  vertex -0.052913273611409 -0.03153003498806078 0.0
  vertex -0.04897070717636168 -0.03458253323155427 0.0
  vertex -0.0535855353232104 -0.03647065225390676 0.0
 endloop
endfacet
facet normal 0.0 0.0 -1.0
 outer loop
  vertex -0.04897070717636168 -0.03458253323155427 0.0
  vertex -0.04964296498230217 -0.03952314504210071 0.0
  vertex -0.0535855353232104 -0.03647065225390676 0.0
 endloop
endfacet
facet normal -0.0 0.0 -1.0
 outer loop
  vertex -0.04829844937023004 -0.02964192142080093 0.0
  vertex -0.052913273611409 -0.03153003498806078 0.0
  vertex -0.05224101580531879 -0.02658942317735228 0.0
 endloop
endfacet
facet normal 0.0 0.0 -1.0
 outer loop
  vertex -0.04829844937023004 -0.02964192142080093 0.0
  vertex -0.05224101580531879 -0.02658942317735228 0.0
  vertex -0.04762619159181348 -0.02470130965772638 0.0
 endloop
endfacet
facet normal 0.0 0.0 -1.0
 outer loop
  vertex -0.04829844937023004 -0.02964192142080093 0.0
  vertex -0.04762619159181348 -0.02470130965772638 0.0
  vertex -0.04368362513061069 -0.02775380791523869 0.0
 endloop
endfacet
facet normal 0.0 0.0 -1.0
 outer loop
  vertex -0.05224101580531879 -0.02658942317735228 0.0
  vertex -0.052913273611409 -0.03153003498806078 0.0
  vertex -0.05685584004659901 -0.02847753674472176 0.0
 endloop
endfacet
facet normal 0.0 -0.0 -1.0
 outer loop
  vertex -0.05685584004659901 -0.02847753674472176 0.0
  vertex -0.052913273611409 -0.03153003498806078 0.0
  vertex -0.05752810258135192 -0.03341815760530895 0.0
 endloop
endfacet
facet normal 0.0 0.0 -1.0
 outer loop
  vertex -0.052913273611409 -0.03153003498806078 0.0
  vertex -0.0535855353232104 -0.03647065225390676 0.0
  vertex -0.05752810258135192 -0.03341815760530895 0.0
 endloop
endfacet
facet normal -0.0 0.0 -1.0
 outer loop
  vertex -0.03754232447311912 0.04940786755017569 0.0
  vertex -0.04215714871442636 0.0475197539827769 0.0
  vertex -0.04148489090837014 0.05246036579344865 0.0
 endloop
endfacet
facet normal 0.0 0.0 -1.0
 outer loop
  vertex -0.03754232447311912 0.04940786755017569 0.0
  vertex -0.04148489090837014 0.05246036579344865 0.0
  vertex -0.0368700666670629 0.05434847936084742 0.0
 endloop
endfacet
facet normal 0.0 0.0 -1.0
 outer loop
  vertex -0.03754232447311912 0.04940786755017569 0.0
  vertex -0.0368700666670629 0.05434847936084742 0.0
  vertex -0.03292750023181181 0.05129598111757454 0.0
 endloop
endfacet
facet normal 0.0 0.0 -1.0
 outer loop
  vertex -0.04215714871442636 0.0475197539827769 0.0
  vertex -0.04282940652048254 0.04257914217210514 0.0
  vertex -0.04677197295573358 0.04563164041537815 0.0
 endloop
endfacet
facet normal -0.0 0.0 -1.0
 outer loop
  vertex -0.04215714871442636 0.0475197539827769 0.0
  vertex -0.04677197295573358 0.04563164041537815 0.0
  vertex -0.0460999672000808 0.05057281238517253 0.0
 endloop
endfacet
facet normal 0.0 0.0 -1.0
 outer loop
  vertex -0.04148489090837014 0.05246036579344865 0.0
  vertex -0.04215714871442636 0.0475197539827769 0.0
  vertex -0.0460999672000808 0.05057281238517253 0.0
 endloop
endfacet
facet normal 0.0 -0.0 -1.0
 outer loop
  vertex -0.04677197295573358 0.04563164041537815 0.0
  vertex -0.04282940652048254 0.04257914217210514 0.0
  vertex -0.04744423076178981 0.04069102860470634 0.0
 endloop
endfacet
facet normal 0.0 0.0 -1.0
 outer loop
  vertex -0.04744423076178981 0.04069102860470634 0.0
  vertex -0.04282940652048254 0.04257914217210514 0.0
  vertex -0.04350166432653877 0.03763853036143339 0.0
 endloop
endfacet
facet normal 0.0 0.0 -1.0
 outer loop
  vertex -0.04350166432653877 0.03763853036143339 0.0
  vertex -0.04282940652048254 0.04257914217210514 0.0
  vertex -0.03888684008523152 0.03952664392883218 0.0
 endloop
endfacet
facet normal 0.0 0.0 -1.0
 outer loop
  vertex 0.05591671516296582 0.03165902430488802 0.0
  vertex 0.05197414872771479 0.03471152254816096 0.0
  vertex 0.05658897296902204 0.03659963611555975 0.0
 endloop
endfacet
facet normal -0.0 0.0 -1.0
 outer loop
  vertex 0.05658897296902204 0.03659963611555975 0.0
  vertex 0.05197414872771479 0.03471152254816096 0.0
  vertex 0.05264640653377099 0.03965213435883268 0.0
 endloop
endfacet
facet normal 0.0 0.0 -1.0
 outer loop
  vertex 0.05264640653377099 0.03965213435883268 0.0
  vertex 0.05197414872771479 0.03471152254816096 0.0
  vertex 0.04803158229246374 0.0377640207914339 0.0
 endloop
endfacet
facet normal 0.0 0.0 -1.0
 outer loop
  vertex 0.05591671516296582 0.03165902430488802 0.0
  vertex 0.05658897296902204 0.03659963611555975 0.0
  vertex 0.06053153940427308 0.03354713787228682 0.0
 endloop
endfacet
facet normal 0.0 0.0 -1.0
 outer loop
  vertex 0.05591671516296582 0.03165902430488802 0.0
  vertex 0.06053153940427308 0.03354713787228682 0.0
  vertex 0.05985928159821687 0.02860652606161508 0.0
 endloop
endfacet
facet normal 0.0 -0.0 -1.0
 outer loop
  vertex 0.05591671516296582 0.03165902430488802 0.0
  vertex 0.05985928159821687 0.02860652606161508 0.0
  vertex 0.05524445735690962 0.02671841249421628 0.0
 endloop
endfacet
facet normal 0.0 -0.0 -1.0
 outer loop
  vertex -0.04964296498230217 -0.03952314504210071 0.0
  vertex -0.04570039854703185 -0.04257564328535279 0.0
  vertex -0.05031522278818749 -0.04446375685258735 0.0
 endloop
endfacet
facet normal 0.0 0.0 -1.0
 outer loop
  vertex -0.04964296498230217 -0.03952314504210071 0.0
  vertex -0.05031522278818749 -0.04446375685258735 0.0
  vertex -0.05425781824743784 -0.04141129664374209 0.0
 endloop
endfacet
facet normal 0.0 -0.0 -1.0
 outer loop
  vertex -0.0535855353232104 -0.03647065225390676 0.0
  vertex -0.04964296498230217 -0.03952314504210071 0.0
  vertex -0.05425781824743784 -0.04141129664374209 0.0
 endloop
endfacet
facet normal 0.0 0.0 -1.0
 outer loop
  vertex -0.04677197295573358 0.04563164041537815 0.0
  vertex -0.04744423076178981 0.04069102860470634 0.0
  vertex -0.05138679719704084 0.04374352684797932 0.0
 endloop
endfacet
facet normal -0.0 0.0 -1.0
 outer loop
  vertex -0.04677197295573358 0.04563164041537815 0.0
  vertex -0.05138679719704084 0.04374352684797932 0.0
  vertex -0.05071468010118427 0.04868445137428626 0.0
 endloop
endfacet
facet normal 0.0 0.0 -1.0
 outer loop
  vertex -0.04677197295573358 0.04563164041537815 0.0
  vertex -0.05071468010118427 0.04868445137428626 0.0
  vertex -0.0460999672000808 0.05057281238517253 0.0
 endloop
endfacet
facet normal 0.0 -0.0 -1.0
 outer loop
  vertex -0.05138679719704084 0.04374352684797932 0.0
  vertex -0.04744423076178981 0.04069102860470634 0.0
  vertex -0.05205905500309708 0.03880291503730757 0.0
 endloop
endfacet
facet normal 0.0 0.0 -1.0
 outer loop
  vertex -0.05205905500309708 0.03880291503730757 0.0
  vertex -0.04744423076178981 0.04069102860470634 0.0
  vertex -0.04811648856784605 0.0357504167940346 0.0
 endloop
endfacet
facet normal 0.0 0.0 -1.0
 outer loop
  vertex -0.04811648856784605 0.0357504167940346 0.0
  vertex -0.04744423076178981 0.04069102860470634 0.0
  vertex -0.04350166432653877 0.03763853036143339 0.0
 endloop
endfacet
facet normal -0.0 0.0 -1.0
 outer loop
  vertex -0.05224101580531879 -0.02658942317735228 0.0
  vertex -0.05685584004659901 -0.02847753674472176 0.0
  vertex -0.05618358224052922 -0.02353692493403536 0.0
 endloop
endfacet
facet normal 0.0 0.0 -1.0
 outer loop
  vertex -0.05224101580531879 -0.02658942317735228 0.0
  vertex -0.05618358224052922 -0.02353692493403536 0.0
  vertex -0.05156875805795 -0.02164881138416385 0.0
 endloop
endfacet
facet normal 0.0 0.0 -1.0
 outer loop
  vertex -0.05224101580531879 -0.02658942317735228 0.0
  vertex -0.05156875805795 -0.02164881138416385 0.0
  vertex -0.04762619159181348 -0.02470130965772638 0.0
 endloop
endfacet
facet normal 0.0 0.0 -1.0
 outer loop
  vertex -0.05618358224052922 -0.02353692493403536 0.0
  vertex -0.05685584004659901 -0.02847753674472176 0.0
  vertex -0.06079840648183311 -0.02542503850143047 0.0
 endloop
endfacet
facet normal 0.0 -0.0 -1.0
 outer loop
  vertex -0.06079840648183311 -0.02542503850143047 0.0
  vertex -0.05685584004659901 -0.02847753674472176 0.0
  vertex -0.06147066428788879 -0.0303656503121016 0.0
 endloop
endfacet
facet normal 0.0 0.0 -1.0
 outer loop
  vertex -0.06147066428788879 -0.0303656503121016 0.0
  vertex -0.05685584004659901 -0.02847753674472176 0.0
  vertex -0.05752810258135192 -0.03341815760530895 0.0
 endloop
endfacet
facet normal 0.0 0.0 -1.0
 outer loop
  vertex -0.03494427364998045 0.0364741456855593 0.0
  vertex -0.03032944940867319 0.03836225925295814 0.0
  vertex -0.03100170721472939 0.0334216474422864 0.0
 endloop
endfacet
facet normal 0.0 0.0 -1.0
 outer loop
  vertex -0.03100170721472939 0.0334216474422864 0.0
  vertex -0.03032944940867319 0.03836225925295814 0.0
  vertex -0.02638688297342215 0.03530976100968519 0.0
 endloop
endfacet
facet normal 0.0 0.0 -1.0
 outer loop
  vertex -0.02638688297342215 0.03530976100968519 0.0
  vertex -0.03032944940867319 0.03836225925295814 0.0
  vertex -0.02571462516736595 0.04025037282035692 0.0
 endloop
endfacet
facet normal 0.0 0.0 -1.0
 outer loop
  vertex 0.06303860982632556 -0.01208275309963281 0.0
  vertex 0.06371086763238176 -0.007142141288961068 0.0
  vertex 0.06765343406763281 -0.01019463953223395 0.0
 endloop
endfacet
facet normal 0.0 0.0 -1.0
 outer loop
  vertex 0.06303860982632556 -0.01208275309963281 0.0
  vertex 0.06765343406763281 -0.01019463953223395 0.0
  vertex 0.0669811762615766 -0.01513525134290569 0.0
 endloop
endfacet
facet normal 0.0 -0.0 -1.0
 outer loop
  vertex 0.06303860982632556 -0.01208275309963281 0.0
  vertex 0.0669811762615766 -0.01513525134290569 0.0
  vertex 0.06236635202026936 -0.01702336491030455 0.0
 endloop
endfacet
facet normal 0.0 0.0 -1.0
 outer loop
  vertex 0.06765343406763281 -0.01019463953223395 0.0
  vertex 0.06371086763238176 -0.007142141288961068 0.0
  vertex 0.06832569187368899 -0.005254027721562222 0.0
 endloop
endfacet
facet normal -0.0 0.0 -1.0
 outer loop
  vertex 0.06832569187368899 -0.005254027721562222 0.0
  vertex 0.06371086763238176 -0.007142141288961068 0.0
  vertex 0.06438312543843794 -0.002201529478289316 0.0
 endloop
endfacet
facet normal 0.0 0.0 -1.0
 outer loop
  vertex 0.06438312543843794 -0.002201529478289316 0.0
  vertex 0.06371086763238176 -0.007142141288961068 0.0
  vertex 0.0597683011971307 -0.004089643045688139 0.0
 endloop
endfacet
facet normal 0.0 0.0 -1.0
 outer loop
  vertex 0.02495746108592744 0.02832345295444 0.0
  vertex 0.0242852032798712 0.02338284114376823 0.0
  vertex 0.02034263684462016 0.0264353393870412 0.0
 endloop
endfacet
facet normal 0.0 0.0 -1.0
 outer loop
  vertex 0.0242852032798712 0.02338284114376823 0.0
  vertex 0.02495746108592744 0.02832345295444 0.0
  vertex 0.02890002752117847 0.02527095471116704 0.0
 endloop
endfacet
facet normal -0.0 0.0 -1.0
 outer loop
  vertex 0.02495746108592744 0.02832345295444 0.0
  vertex 0.02034263684462016 0.0264353393870412 0.0
  vertex 0.0210148946506764 0.03137595119771295 0.0
 endloop
endfacet
facet normal 0.0 0.0 -1.0
 outer loop
  vertex 0.02871806671900605 -0.04012138350343979 0.0
  vertex 0.02477550028375502 -0.03706888526016683 0.0
  vertex 0.02939032452506228 -0.03518077169276802 0.0
 endloop
endfacet
facet normal 0.0 0.0 -1.0
 outer loop
  vertex 0.02871806671900605 -0.04012138350343979 0.0
  vertex 0.02939032452506228 -0.03518077169276802 0.0
  vertex 0.03333289096031331 -0.03823326993604097 0.0
 endloop
endfacet
facet normal 0.0 0.0 -1.0
 outer loop
  vertex 0.02871806671900605 -0.04012138350343979 0.0
  vertex 0.03333289096031331 -0.03823326993604097 0.0
  vertex 0.03266063315425708 -0.04317388174671274 0.0
 endloop
endfacet
facet normal 0.0 0.0 -1.0
 outer loop
  vertex 0.0214142112534739 -0.06177194431352554 0.0
  vertex 0.02602903549478118 -0.05988383074612676 0.0
  vertex 0.02535677768872496 -0.0648244425567985 0.0
 endloop
endfacet
facet normal 0.0 0.0 -1.0
 outer loop
  vertex 0.02535677768872496 -0.0648244425567985 0.0
  vertex 0.02602903549478118 -0.05988383074612676 0.0
  vertex 0.02997160193003222 -0.0629363289893997 0.0
 endloop
endfacet
facet normal 0.0 0.0 -1.0
 outer loop
  vertex 0.02997160193003222 -0.0629363289893997 0.0
  vertex 0.02602903549478118 -0.05988383074612676 0.0
  vertex 0.03064386052727781 -0.05799571960584603 0.0
 endloop
endfacet
facet normal 0.0 -0.0 -1.0
 outer loop
  vertex 0.0214142112534739 -0.06177194431352554 0.0
  vertex 0.02535677768872496 -0.0648244425567985 0.0
  vertex 0.02074195344741769 -0.06671255612419728 0.0
 endloop
endfacet
facet normal 0.0 0.0 -1.0
 outer loop
  vertex 0.0214142112534739 -0.06177194431352554 0.0
  vertex 0.02074195344741769 -0.06671255612419728 0.0
  vertex 0.01679938701216663 -0.06366005788092434 0.0
 endloop
endfacet
facet normal -0.0 0.0 -1.0
 outer loop
  vertex 0.0214142112534739 -0.06177194431352554 0.0
  vertex 0.01679938701216663 -0.06366005788092434 0.0
  vertex 0.01747164481822285 -0.0587194460702526 0.0
 endloop
endfacet
facet normal 0.0 0.0 -1.0
 outer loop
  vertex -0.05138679719704084 0.04374352684797932 0.0
  vertex -0.05205905500309708 0.03880291503730757 0.0
  vertex -0.05600162143834811 0.04185541328058055 0.0
 endloop
endfacet
facet normal -0.0 0.0 -1.0
 outer loop
  vertex -0.05138679719704084 0.04374352684797932 0.0
  vertex -0.05600162143834811 0.04185541328058055 0.0
  vertex -0.05532936363229186 0.04679602509125236 0.0
 endloop
endfacet
facet normal 0.0 0.0 -1.0
 outer loop
  vertex -0.05138679719704084 0.04374352684797932 0.0
  vertex -0.05532936363229186 0.04679602509125236 0.0
  vertex -0.05071468010118427 0.04868445137428626 0.0
 endloop
endfacet
facet normal -0.0 0.0 -1.0
 outer loop
  vertex -0.0368700666670629 0.05434847936084742 0.0
  vertex -0.04148489090837014 0.05246036579344865 0.0
  vertex -0.04081263310231389 0.05740097760412039 0.0
 endloop
endfacet
facet normal 0.0 0.0 -1.0
 outer loop
  vertex -0.04081263310231389 0.05740097760412039 0.0
  vertex -0.04148489090837014 0.05246036579344865 0.0
  vertex -0.04542841369848209 0.05551498944851445 0.0
 endloop
endfacet
facet normal 0.0 -0.0 -1.0
 outer loop
  vertex -0.04542841369848209 0.05551498944851445 0.0
  vertex -0.04148489090837014 0.05246036579344865 0.0
  vertex -0.0460999672000808 0.05057281238517253 0.0
 endloop
endfacet
facet normal 0.0 -0.0 -1.0
 outer loop
  vertex -0.05600162143834811 0.04185541328058055 0.0
  vertex -0.05205905500309708 0.03880291503730757 0.0
  vertex -0.05667387924440436 0.03691480146990882 0.0
 endloop
endfacet
facet normal 0.0 0.0 -1.0
 outer loop
  vertex -0.05667387924440436 0.03691480146990882 0.0
  vertex -0.05205905500309708 0.03880291503730757 0.0
  vertex -0.05273131280867945 0.03386230322724787 0.0
 endloop
endfacet
facet normal 0.0 -0.0 -1.0
 outer loop
  vertex -0.05205905500309708 0.03880291503730757 0.0
  vertex -0.04811648856784605 0.0357504167940346 0.0
  vertex -0.05273131280867945 0.03386230322724787 0.0
 endloop
endfacet
facet normal -0.0 0.0 -1.0
 outer loop
  vertex -0.05618358224052922 -0.02353692493403536 0.0
  vertex -0.06079840648183311 -0.02542503850143047 0.0
  vertex -0.06012614867577261 -0.02048442669075412 0.0
 endloop
endfacet
facet normal 0.0 0.0 -1.0
 outer loop
  vertex -0.05618358224052922 -0.02353692493403536 0.0
  vertex -0.06012614867577261 -0.02048442669075412 0.0
  vertex -0.05551132449950232 -0.01859631313458158 0.0
 endloop
endfacet
facet normal -0.0 0.0 -1.0
 outer loop
  vertex -0.05156875805795 -0.02164881138416385 0.0
  vertex -0.05618358224052922 -0.02353692493403536 0.0
  vertex -0.05551132449950232 -0.01859631313458158 0.0
 endloop
endfacet
facet normal 0.0 0.0 -1.0
 outer loop
  vertex -0.06079840648183311 -0.02542503850143047 0.0
  vertex -0.06147066428788879 -0.0303656503121016 0.0
  vertex -0.06541319906943717 -0.02731315891289758 0.0
 endloop
endfacet
facet normal 0.0 0.0 -1.0
 outer loop
  vertex -0.06012614867577261 -0.02048442669075412 0.0
  vertex -0.06079840648183311 -0.02542503850143047 0.0
  vertex -0.06474097291708004 -0.02237254025815307 0.0
 endloop
endfacet
facet normal 0.0 -0.0 -1.0
 outer loop
  vertex -0.06474097291708004 -0.02237254025815307 0.0
  vertex -0.06079840648183311 -0.02542503850143047 0.0
  vertex -0.06541319906943717 -0.02731315891289758 0.0
 endloop
endfacet
facet normal 0.0 0.0 -1.0
 outer loop
  vertex 0.05658897296902204 0.03659963611555975 0.0
  vertex 0.05264640653377099 0.03965213435883268 0.0
  vertex 0.05726123077507825 0.04154024792623148 0.0
 endloop
endfacet
facet normal 0.0 0.0 -1.0
 outer loop
  vertex 0.06053153940427308 0.03354713787228682 0.0
  vertex 0.05658897296902204 0.03659963611555975 0.0
  vertex 0.06120379721032927 0.03848774968295852 0.0
 endloop
endfacet
facet normal 0.0 0.0 -1.0
 outer loop
  vertex 0.05658897296902204 0.03659963611555975 0.0
  vertex 0.05726123077507825 0.04154024792623148 0.0
  vertex 0.06120379721032927 0.03848774968295852 0.0
 endloop
endfacet
facet normal -0.0 0.0 -1.0
 outer loop
  vertex 0.05726123077507825 0.04154024792623148 0.0
  vertex 0.05264640653377099 0.03965213435883268 0.0
  vertex 0.0533186643398272 0.04459274616950441 0.0
 endloop
endfacet
facet normal 0.0 0.0 -1.0
 outer loop
  vertex 0.0533186643398272 0.04459274616950441 0.0
  vertex 0.05264640653377099 0.03965213435883268 0.0
  vertex 0.04870384009851995 0.04270463260210561 0.0
 endloop
endfacet
facet normal 0.0 -0.0 -1.0
 outer loop
  vertex 0.04870384009851995 0.04270463260210561 0.0
  vertex 0.05264640653377099 0.03965213435883268 0.0
  vertex 0.04803158229246374 0.0377640207914339 0.0
 endloop
endfacet
facet normal 0.0 0.0 -1.0
 outer loop
  vertex -0.06147066428788879 -0.0303656503121016 0.0
  vertex -0.06214292312588647 -0.0353062782360221 0.0
  vertex -0.0660852986069918 -0.03225380494392693 0.0
 endloop
endfacet
facet normal 0.0 0.0 -1.0
 outer loop
  vertex -0.06214292312588647 -0.0353062782360221 0.0
  vertex -0.06147066428788879 -0.0303656503121016 0.0
  vertex -0.05752810258135192 -0.03341815760530895 0.0
 endloop
endfacet
facet normal -0.0 0.0 -1.0
 outer loop
  vertex -0.06147066428788879 -0.0303656503121016 0.0
  vertex -0.0660852986069918 -0.03225380494392693 0.0
  vertex -0.06541319906943717 -0.02731315891289758 0.0
 endloop
endfacet
facet normal 0.0 0.0 -1.0
 outer loop
  vertex 0.05985928159821687 0.02860652606161508 0.0
  vertex 0.06053153940427308 0.03354713787228682 0.0
  vertex 0.06447410583952412 0.03049463962901387 0.0
 endloop
endfacet
facet normal 0.0 0.0 -1.0
 outer loop
  vertex 0.06447410583952412 0.03049463962901387 0.0
  vertex 0.06053153940427308 0.03354713787228682 0.0
  vertex 0.06514636364558032 0.03543525143968559 0.0
 endloop
endfacet
facet normal -0.0 0.0 -1.0
 outer loop
  vertex 0.06514636364558032 0.03543525143968559 0.0
  vertex 0.06053153940427308 0.03354713787228682 0.0
  vertex 0.06120379721032927 0.03848774968295852 0.0
 endloop
endfacet
facet normal 0.0 0.0 -1.0
 outer loop
  vertex 0.05985928159821687 0.02860652606161508 0.0
  vertex 0.06447410583952412 0.03049463962901387 0.0
  vertex 0.06380184803346792 0.02555402781834216 0.0
 endloop
endfacet
facet normal 0.0 -0.0 -1.0
 outer loop
  vertex 0.05985928159821687 0.02860652606161508 0.0
  vertex 0.06380184803346792 0.02555402781834216 0.0
  vertex 0.05918702379216068 0.02366591425094334 0.0
 endloop
endfacet
facet normal 0.0 0.0 -1.0
 outer loop
  vertex 0.05985928159821687 0.02860652606161508 0.0
  vertex 0.05918702379216068 0.02366591425094334 0.0
  vertex 0.05524445735690962 0.02671841249421628 0.0
 endloop
endfacet
facet normal 0.0 0.0 -1.0
 outer loop
  vertex 0.06765343406763281 -0.01019463953223395 0.0
  vertex 0.06832569187368899 -0.005254027721562222 0.0
  vertex 0.07226825830894001 -0.008306525964835113 0.0
 endloop
endfacet
facet normal 0.0 0.0 -1.0
 outer loop
  vertex 0.0669811762615766 -0.01513525134290569 0.0
  vertex 0.06765343406763281 -0.01019463953223395 0.0
  vertex 0.07159598334431927 -0.01324713544078002 0.0
 endloop
endfacet
facet normal 0.0 0.0 -1.0
 outer loop
  vertex 0.06765343406763281 -0.01019463953223395 0.0
  vertex 0.07226825830894001 -0.008306525964835113 0.0
  vertex 0.07159598334431927 -0.01324713544078002 0.0
 endloop
endfacet
facet normal 0.0 0.0 -1.0
 outer loop
  vertex 0.06832569187368899 -0.005254027721562222 0.0
  vertex 0.06438312543843794 -0.002201529478289316 0.0
  vertex 0.06899794967974518 -0.0003134159108904858 0.0
 endloop
endfacet
facet normal 0.0 0.0 -1.0
 outer loop
  vertex 0.06832569187368899 -0.005254027721562222 0.0
  vertex 0.06899794967974518 -0.0003134159108904858 0.0
  vertex 0.07294048845641457 -0.003365910390723155 0.0
 endloop
endfacet
facet normal 0.0 0.0 -1.0
 outer loop
  vertex 0.07226825830894001 -0.008306525964835113 0.0
  vertex 0.06832569187368899 -0.005254027721562222 0.0
  vertex 0.07294048845641457 -0.003365910390723155 0.0
 endloop
endfacet
facet normal 0.0 0.0 -1.0
 outer loop
  vertex 0.06236635202026936 -0.01702336491030455 0.0
  vertex 0.0669811762615766 -0.01513525134290569 0.0
  vertex 0.06630891845552038 -0.02007586315357746 0.0
 endloop
endfacet
facet normal 0.0 0.0 -1.0
 outer loop
  vertex 0.06630891845552038 -0.02007586315357746 0.0
  vertex 0.0669811762615766 -0.01513525134290569 0.0
  vertex 0.07092374269682761 -0.01818774958617857 0.0
 endloop
endfacet
facet normal 0.0 0.0 -1.0
 outer loop
  vertex 0.07092374269682761 -0.01818774958617857 0.0
  vertex 0.0669811762615766 -0.01513525134290569 0.0
  vertex 0.07159598334431927 -0.01324713544078002 0.0
 endloop
endfacet
facet normal -0.0 0.0 -1.0
 outer loop
  vertex 0.06899794967974518 -0.0003134159108904858 0.0
  vertex 0.06438312543843794 -0.002201529478289316 0.0
  vertex 0.06505538324449413 0.002739082332382425 0.0
 endloop
endfacet
facet normal 0.0 0.0 -1.0
 outer loop
  vertex 0.06505538324449413 0.002739082332382425 0.0
  vertex 0.06438312543843794 -0.002201529478289316 0.0
  vertex 0.06044055900318686 0.0008509687649836035 0.0
 endloop
endfacet
facet normal 0.0 -0.0 -1.0
 outer loop
  vertex 0.06044055900318686 0.0008509687649836035 0.0
  vertex 0.06438312543843794 -0.002201529478289316 0.0
  vertex 0.0597683011971307 -0.004089643045688139 0.0
 endloop
endfacet
facet normal 0.0 0.0 -1.0
 outer loop
  vertex 0.06899794967974518 -0.0003134159108904858 0.0
  vertex 0.06505538324449413 0.002739082332382425 0.0
  vertex 0.06967020748580141 0.00462719589978125 0.0
 endloop
endfacet
facet normal 0.0 0.0 -1.0
 outer loop
  vertex 0.06899794967974518 -0.0003134159108904858 0.0
  vertex 0.06967020748580141 0.00462719589978125 0.0
  vertex 0.07361277392105245 0.001574697656508305 0.0
 endloop
endfacet
facet normal 0.0 0.0 -1.0
 outer loop
  vertex 0.06899794967974518 -0.0003134159108904858 0.0
  vertex 0.07361277392105245 0.001574697656508305 0.0
  vertex 0.07294048845641457 -0.003365910390723155 0.0
 endloop
endfacet
facet normal 0.0 0.0 -1.0
 outer loop
  vertex -0.05600162143834811 0.04185541328058055 0.0
  vertex -0.05667387924440436 0.03691480146990882 0.0
  vertex -0.06061644567965538 0.03996729971318179 0.0
 endloop
endfacet
facet normal -0.0 0.0 -1.0
 outer loop
  vertex -0.05600162143834811 0.04185541328058055 0.0
  vertex -0.06061644567965538 0.03996729971318179 0.0
  vertex -0.05994355249857891 0.04490796033050182 0.0
 endloop
endfacet
facet normal 0.0 0.0 -1.0
 outer loop
  vertex -0.05532936363229186 0.04679602509125236 0.0
  vertex -0.05600162143834811 0.04185541328058055 0.0
  vertex -0.05994355249857891 0.04490796033050182 0.0
 endloop
endfacet
facet normal 0.0 -0.0 -1.0
 outer loop
  vertex -0.06061644567965538 0.03996729971318179 0.0
  vertex -0.05667387924440436 0.03691480146990882 0.0
  vertex -0.06128870348431435 0.03502668790431479 0.0
 endloop
endfacet
facet normal 0.0 0.0 -1.0
 outer loop
  vertex -0.06128870348431435 0.03502668790431479 0.0
  vertex -0.05667387924440436 0.03691480146990882 0.0
  vertex -0.05734613704967256 0.03197418966025495 0.0
 endloop
endfacet
facet normal 0.0 0.0 -1.0
 outer loop
  vertex -0.05734613704967256 0.03197418966025495 0.0
  vertex -0.05667387924440436 0.03691480146990882 0.0
  vertex -0.05273131280867945 0.03386230322724787 0.0
 endloop
endfacet
facet normal -0.0 0.0 -1.0
 outer loop
  vertex -0.06012614867577261 -0.02048442669075412 0.0
  vertex -0.06474097291708004 -0.02237254025815307 0.0
  vertex -0.06406871511102297 -0.01743192844748042 0.0
 endloop
endfacet
facet normal 0.0 0.0 -1.0
 outer loop
  vertex -0.06012614867577261 -0.02048442669075412 0.0
  vertex -0.06406871511102297 -0.01743192844748042 0.0
  vertex -0.05945389090273707 -0.01554381489367939 0.0
 endloop
endfacet
facet normal 0.0 0.0 -1.0
 outer loop
  vertex -0.06012614867577261 -0.02048442669075412 0.0
  vertex -0.05945389090273707 -0.01554381489367939 0.0
  vertex -0.05551132449950232 -0.01859631313458158 0.0
 endloop
endfacet
facet normal 0.0 0.0 -1.0
 outer loop
  vertex -0.06406871511102297 -0.01743192844748042 0.0
  vertex -0.06474097291708004 -0.02237254025815307 0.0
  vertex -0.06868353935233028 -0.01932004201487922 0.0
 endloop
endfacet
facet normal 0.0 -0.0 -1.0
 outer loop
  vertex -0.06868353935233028 -0.01932004201487922 0.0
  vertex -0.06474097291708004 -0.02237254025815307 0.0
  vertex -0.06935579715838659 -0.02426065382555096 0.0
 endloop
endfacet
facet normal 0.0 0.0 -1.0
 outer loop
  vertex -0.06935579715838659 -0.02426065382555096 0.0
  vertex -0.06474097291708004 -0.02237254025815307 0.0
  vertex -0.06541319906943717 -0.02731315891289758 0.0
 endloop
endfacet
facet normal 0.0 0.0 -1.0
 outer loop
  vertex -0.04811648856784605 0.0357504167940346 0.0
  vertex -0.04350166432653877 0.03763853036143339 0.0
  vertex -0.04417392213253788 0.03269791855083539 0.0
 endloop
endfacet
facet normal 0.0 0.0 -1.0
 outer loop
  vertex -0.04878874637360865 0.03080980498374205 0.0
  vertex -0.04811648856784605 0.0357504167940346 0.0
  vertex -0.04417392213253788 0.03269791855083539 0.0
 endloop
endfacet
facet normal 0.0 0.0 -1.0
 outer loop
  vertex -0.04811648856784605 0.0357504167940346 0.0
  vertex -0.04878874637360865 0.03080980498374205 0.0
  vertex -0.05273131280867945 0.03386230322724787 0.0
 endloop
endfacet
facet normal 0.0 -0.0 -1.0
 outer loop
  vertex 0.04852187929634756 -0.02268770561250099 0.0
  vertex 0.05246444573159863 -0.02574020385577393 0.0
  vertex 0.04784962149029136 -0.02762831742317274 0.0
 endloop
endfacet
facet normal 0.0 0.0 -1.0
 outer loop
  vertex 0.04852187929634756 -0.02268770561250099 0.0
  vertex 0.04784962149029136 -0.02762831742317274 0.0
  vertex 0.04390705505504031 -0.02457581917989979 0.0
 endloop
endfacet
facet normal -0.0 0.0 -1.0
 outer loop
  vertex 0.04852187929634756 -0.02268770561250099 0.0
  vertex 0.04390705505504031 -0.02457581917989979 0.0
  vertex 0.04457931286109643 -0.01963520736922816 0.0
 endloop
endfacet
facet normal 0.0 0.0 -1.0
 outer loop
  vertex 0.04784962149029136 -0.02762831742317274 0.0
  vertex 0.05246444573159863 -0.02574020385577393 0.0
  vertex 0.05179218792554243 -0.03068081566644568 0.0
 endloop
endfacet
facet normal 0.0 0.0 -1.0
 outer loop
  vertex 0.05179218792554243 -0.03068081566644568 0.0
  vertex 0.05246444573159863 -0.02574020385577393 0.0
  vertex 0.05640701216684969 -0.02879270209904686 0.0
 endloop
endfacet
facet normal 0.0 0.0 -1.0
 outer loop
  vertex 0.05640701216684969 -0.02879270209904686 0.0
  vertex 0.05246444573159863 -0.02574020385577393 0.0
  vertex 0.05707926997290587 -0.02385209028837511 0.0
 endloop
endfacet
facet normal -0.0 0.0 -1.0
 outer loop
  vertex 0.06967020748580141 0.00462719589978125 0.0
  vertex 0.06505538324449413 0.002739082332382425 0.0
  vertex 0.06572764105055035 0.007679694143054147 0.0
 endloop
endfacet
facet normal -0.0 0.0 -1.0
 outer loop
  vertex 0.06505538324449413 0.002739082332382425 0.0
  vertex 0.06044055900318686 0.0008509687649836035 0.0
  vertex 0.06111281680924305 0.005791580575655346 0.0
 endloop
endfacet
facet normal 0.0 0.0 -1.0
 outer loop
  vertex 0.06505538324449413 0.002739082332382425 0.0
  vertex 0.06111281680924305 0.005791580575655346 0.0
  vertex 0.06572764105055035 0.007679694143054147 0.0
 endloop
endfacet
facet normal 0.0 0.0 -1.0
 outer loop
  vertex 0.07361277392105245 0.001574697656508305 0.0
  vertex 0.06967020748580141 0.00462719589978125 0.0
  vertex 0.07428503172710868 0.006515309467180031 0.0
 endloop
endfacet
facet normal -0.0 0.0 -1.0
 outer loop
  vertex 0.07428503172710868 0.006515309467180031 0.0
  vertex 0.06967020748580141 0.00462719589978125 0.0
  vertex 0.07034246529185767 0.009567807710452972 0.0
 endloop
endfacet
facet normal 0.0 0.0 -1.0
 outer loop
  vertex 0.07034246529185767 0.009567807710452972 0.0
  vertex 0.06967020748580141 0.00462719589978125 0.0
  vertex 0.06572764105055035 0.007679694143054147 0.0
 endloop
endfacet
facet normal 0.0 0.0 -1.0
 outer loop
  vertex -0.04762619159181348 -0.02470130965772638 0.0
  vertex -0.05156875805795 -0.02164881138416385 0.0
  vertex -0.04695393388047579 -0.01976069792436222 0.0
 endloop
endfacet
facet normal 0.0 0.0 -1.0
 outer loop
  vertex -0.05156875805795 -0.02164881138416385 0.0
  vertex -0.05551132449950232 -0.01859631313458158 0.0
  vertex -0.0508965003376462 -0.01670819962387505 0.0
 endloop
endfacet
facet normal 0.0 0.0 -1.0
 outer loop
  vertex -0.05156875805795 -0.02164881138416385 0.0
  vertex -0.0508965003376462 -0.01670819962387505 0.0
  vertex -0.04695393388047579 -0.01976069792436222 0.0
 endloop
endfacet
facet normal 0.0 0.0 -1.0
 outer loop
  vertex 0.06447410583952412 0.03049463962901387 0.0
  vertex 0.06514636364558032 0.03543525143968559 0.0
  vertex 0.06908893008083129 0.03238275319641265 0.0
 endloop
endfacet
facet normal 0.0 0.0 -1.0
 outer loop
  vertex 0.06380184803346792 0.02555402781834216 0.0
  vertex 0.06447410583952412 0.03049463962901387 0.0
  vertex 0.06841667227477519 0.02744214138574095 0.0
 endloop
endfacet
facet normal 0.0 0.0 -1.0
 outer loop
  vertex 0.06841667227477519 0.02744214138574095 0.0
  vertex 0.06447410583952412 0.03049463962901387 0.0
  vertex 0.06908893008083129 0.03238275319641265 0.0
 endloop
endfacet
facet normal 0.0 0.0 -1.0
 outer loop
  vertex 0.02535677768872496 -0.0648244425567985 0.0
  vertex 0.02997160193003222 -0.0629363289893997 0.0
  vertex 0.02929934412397606 -0.06787694080007149 0.0
 endloop
endfacet
facet normal 0.0 0.0 -1.0
 outer loop
  vertex 0.02074195344741769 -0.06671255612419728 0.0
  vertex 0.02535677768872496 -0.0648244425567985 0.0
  vertex 0.0246845198826688 -0.06976505436747026 0.0
 endloop
endfacet
facet normal 0.0 0.0 -1.0
 outer loop
  vertex 0.0246845198826688 -0.06976505436747026 0.0
  vertex 0.02535677768872496 -0.0648244425567985 0.0
  vertex 0.02929934412397606 -0.06787694080007149 0.0
 endloop
endfacet
facet normal -0.0 0.0 -1.0
 outer loop
  vertex 0.03458643091847557 -0.06104822998470944 0.0
  vertex 0.02997160193003222 -0.0629363289893997 0.0
  vertex 0.03064386052727781 -0.05799571960584603 0.0
 endloop
endfacet
facet normal 0.0 0.0 -1.0
 outer loop
  vertex 0.02997160193003222 -0.0629363289893997 0.0
  vertex 0.03458643091847557 -0.06104822998470944 0.0
  vertex 0.03391417188227785 -0.06598883802169703 0.0
 endloop
endfacet
facet normal 0.0 -0.0 -1.0
 outer loop
  vertex 0.02997160193003222 -0.0629363289893997 0.0
  vertex 0.03391417188227785 -0.06598883802169703 0.0
  vertex 0.02929934412397606 -0.06787694080007149 0.0
 endloop
endfacet
facet normal 0.0 -0.0 -1.0
 outer loop
  vertex 0.01679938701216663 -0.06366005788092434 0.0
  vertex 0.02074195344741769 -0.06671255612419728 0.0
  vertex 0.01612712920611041 -0.06860066969159606 0.0
 endloop
endfacet
facet normal 0.0 0.0 -1.0
 outer loop
  vertex 0.01612712920611041 -0.06860066969159606 0.0
  vertex 0.02074195344741769 -0.06671255612419728 0.0
  vertex 0.02006930934672975 -0.07165222378134034 0.0
 endloop
endfacet
facet normal 0.0 -0.0 -1.0
 outer loop
  vertex 0.02074195344741769 -0.06671255612419728 0.0
  vertex 0.0246845198826688 -0.06976505436747026 0.0
  vertex 0.02006930934672975 -0.07165222378134034 0.0
 endloop
endfacet
facet normal 0.0 0.0 -1.0
 outer loop
  vertex 0.01679938701216663 -0.06366005788092434 0.0
  vertex 0.01612712920611041 -0.06860066969159606 0.0
  vertex 0.01218456277085938 -0.06554817144832312 0.0
 endloop
endfacet
facet normal -0.0 0.0 -1.0
 outer loop
  vertex 0.01679938701216663 -0.06366005788092434 0.0
  vertex 0.01218456277085938 -0.06554817144832312 0.0
  vertex 0.01285682057691557 -0.0606075596376514 0.0
 endloop
endfacet
facet normal 0.0 0.0 -1.0
 outer loop
  vertex 0.01679938701216663 -0.06366005788092434 0.0
  vertex 0.01285682057691557 -0.0606075596376514 0.0
  vertex 0.01747164481822285 -0.0587194460702526 0.0
 endloop
endfacet
facet normal 0.0 -0.0 -1.0
 outer loop
  vertex 0.01218456277085938 -0.06554817144832312 0.0
  vertex 0.01612712920611041 -0.06860066969159606 0.0
  vertex 0.01151230496480315 -0.07048878325899488 0.0
 endloop
endfacet
facet normal 0.0 0.0 -1.0
 outer loop
  vertex 0.01151230496480315 -0.07048878325899488 0.0
  vertex 0.01612712920611041 -0.06860066969159606 0.0
  vertex 0.01545487140005428 -0.07354128150226794 0.0
 endloop
endfacet
facet normal 0.0 0.0 -1.0
 outer loop
  vertex 0.01545487140005428 -0.07354128150226794 0.0
  vertex 0.01612712920611041 -0.06860066969159606 0.0
  vertex 0.02006930934672975 -0.07165222378134034 0.0
 endloop
endfacet
facet normal 0.0 0.0 -1.0
 outer loop
  vertex 0.01218456277085938 -0.06554817144832312 0.0
  vertex 0.01151230496480315 -0.07048878325899488 0.0
  vertex 0.00756973852955211 -0.06743628501572192 0.0
 endloop
endfacet
facet normal -0.0 0.0 -1.0
 outer loop
  vertex 0.01218456277085938 -0.06554817144832312 0.0
  vertex 0.00756973852955211 -0.06743628501572192 0.0
  vertex 0.008241996335608927 -0.06249567320505157 0.0
 endloop
endfacet
facet normal 0.0 0.0 -1.0
 outer loop
  vertex 0.01285682057691557 -0.0606075596376514 0.0
  vertex 0.01218456277085938 -0.06554817144832312 0.0
  vertex 0.008241996335608927 -0.06249567320505157 0.0
 endloop
endfacet
facet normal 0.0 -0.0 -1.0
 outer loop
  vertex 0.00756973852955211 -0.06743628501572192 0.0
  vertex 0.01151230496480315 -0.07048878325899488 0.0
  vertex 0.006897480723495879 -0.07237689682639367 0.0
 endloop
endfacet
facet normal 0.0 0.0 -1.0
 outer loop
  vertex 0.006897480723495879 -0.07237689682639367 0.0
  vertex 0.01151230496480315 -0.07048878325899488 0.0
  vertex 0.01083977986554266 -0.075428742471861 0.0
 endloop
endfacet
facet normal 0.0 -0.0 -1.0
 outer loop
  vertex 0.01151230496480315 -0.07048878325899488 0.0
  vertex 0.01545487140005428 -0.07354128150226794 0.0
  vertex 0.01083977986554266 -0.075428742471861 0.0
 endloop
endfacet
facet normal 0.0 0.0 -1.0
 outer loop
  vertex 0.00756973852955211 -0.06743628501572192 0.0
  vertex 0.006897480723495879 -0.07237689682639367 0.0
  vertex 0.00295491428824481 -0.0693243985831207 0.0
 endloop
endfacet
facet normal -0.0 0.0 -1.0
 outer loop
  vertex 0.00756973852955211 -0.06743628501572192 0.0
  vertex 0.00295491428824481 -0.0693243985831207 0.0
  vertex 0.003627172094301601 -0.06438378677245016 0.0
 endloop
endfacet
facet normal 0.0 0.0 -1.0
 outer loop
  vertex 0.00756973852955211 -0.06743628501572192 0.0
  vertex 0.003627172094301601 -0.06438378677245016 0.0
  vertex 0.008241996335608927 -0.06249567320505157 0.0
 endloop
endfacet
facet normal 0.0 0.0 -1.0
 outer loop
  vertex 0.05726123077507825 0.04154024792623148 0.0
  vertex 0.0533186643398272 0.04459274616950441 0.0
  vertex 0.05793348858113444 0.04648085973690322 0.0
 endloop
endfacet
facet normal 0.0 0.0 -1.0
 outer loop
  vertex 0.05726123077507825 0.04154024792623148 0.0
  vertex 0.05793348858113444 0.04648085973690322 0.0
  vertex 0.0618760550163855 0.04342836149363026 0.0
 endloop
endfacet
facet normal 0.0 0.0 -1.0
 outer loop
  vertex 0.05726123077507825 0.04154024792623148 0.0
  vertex 0.0618760550163855 0.04342836149363026 0.0
  vertex 0.06120379721032927 0.03848774968295852 0.0
 endloop
endfacet
facet normal -0.0 0.0 -1.0
 outer loop
  vertex 0.05793348858113444 0.04648085973690322 0.0
  vertex 0.0533186643398272 0.04459274616950441 0.0
  vertex 0.05399092214588339 0.04953335798017613 0.0
 endloop
endfacet
facet normal 0.0 0.0 -1.0
 outer loop
  vertex 0.05399092214588339 0.04953335798017613 0.0
  vertex 0.0533186643398272 0.04459274616950441 0.0
  vertex 0.04937609790457614 0.04764524441277733 0.0
 endloop
endfacet
facet normal 0.0 -0.0 -1.0
 outer loop
  vertex 0.04937609790457614 0.04764524441277733 0.0
  vertex 0.0533186643398272 0.04459274616950441 0.0
  vertex 0.04870384009851995 0.04270463260210561 0.0
 endloop
endfacet
facet normal 0.0 0.0 -1.0
 outer loop
  vertex 0.03217033615037326 0.01727784465722233 0.0
  vertex 0.03149807834431688 0.01233723284655039 0.0
  vertex 0.02755551190906597 0.01538973108982352 0.0
 endloop
endfacet
facet normal 0.0 -0.0 -1.0
 outer loop
  vertex 0.02755551190906597 0.01538973108982352 0.0
  vertex 0.03149807834431688 0.01233723284655039 0.0
  vertex 0.02688325410300976 0.01044911927915178 0.0
 endloop
endfacet
facet normal 0.0 0.0 -1.0
 outer loop
  vertex 0.02688325410300976 0.01044911927915178 0.0
  vertex 0.03149807834431688 0.01233723284655039 0.0
  vertex 0.03082582053826 0.007396621035877781 0.0
 endloop
endfacet
facet normal 0.0 0.0 -1.0
 outer loop
  vertex 0.005062668070003997 -0.0218063941872973 0.0
  vertex 0.004390410315520793 -0.02674700589613399 0.0
  vertex 0.0004478438919738181 -0.02369450773958312 0.0
 endloop
endfacet
facet normal -0.0 0.0 -1.0
 outer loop
  vertex 0.005062668070003997 -0.0218063941872973 0.0
  vertex 0.0004478438919738181 -0.02369450773958312 0.0
  vertex 0.001120101305739199 -0.01875389627740597 0.0
 endloop
endfacet
facet normal 0.0 0.0 -1.0
 outer loop
  vertex 0.005734925746401815 -0.01686578252667195 0.0
  vertex 0.005062668070003997 -0.0218063941872973 0.0
  vertex 0.001120101305739199 -0.01875389627740597 0.0
 endloop
endfacet
facet normal 0.0 -0.0 -1.0
 outer loop
  vertex 0.00295491428824481 -0.0693243985831207 0.0
  vertex 0.006897480723495879 -0.07237689682639367 0.0
  vertex 0.002282656482188572 -0.07426501039379241 0.0
 endloop
endfacet
facet normal 0.0 0.0 -1.0
 outer loop
  vertex 0.002282656482188572 -0.07426501039379241 0.0
  vertex 0.006897480723495879 -0.07237689682639367 0.0
  vertex 0.006225222917439635 -0.07731750863706538 0.0
 endloop
endfacet
facet normal 0.0 0.0 -1.0
 outer loop
  vertex 0.006225222917439635 -0.07731750863706538 0.0
  vertex 0.006897480723495879 -0.07237689682639367 0.0
  vertex 0.01083977986554266 -0.075428742471861 0.0
 endloop
endfacet
facet normal 0.0 0.0 -1.0
 outer loop
  vertex 0.00295491428824481 -0.0693243985831207 0.0
  vertex 0.002282656482188572 -0.07426501039379241 0.0
  vertex -0.00165990995306248 -0.07121251215051942 0.0
 endloop
endfacet
facet normal -0.0 0.0 -1.0
 outer loop
  vertex 0.00295491428824481 -0.0693243985831207 0.0
  vertex -0.00165990995306248 -0.07121251215051942 0.0
  vertex -0.00098765214700626 -0.06627190033984773 0.0
 endloop
endfacet
facet normal 0.0 0.0 -1.0
 outer loop
  vertex 0.00295491428824481 -0.0693243985831207 0.0
  vertex -0.00098765214700626 -0.06627190033984773 0.0
  vertex 0.003627172094301601 -0.06438378677245016 0.0
 endloop
endfacet
facet normal 0.0 0.0 -1.0
 outer loop
  vertex -0.06061644567965538 0.03996729971318179 0.0
  vertex -0.06128870348431435 0.03502668790431479 0.0
  vertex -0.06523126992072976 0.03807918614608383 0.0
 endloop
endfacet
facet normal -0.0 0.0 -1.0
 outer loop
  vertex -0.06061644567965538 0.03996729971318179 0.0
  vertex -0.06523126992072976 0.03807918614608383 0.0
  vertex -0.06455901211486759 0.0430197979565049 0.0
 endloop
endfacet
facet normal 0.0 0.0 -1.0
 outer loop
  vertex -0.06061644567965538 0.03996729971318179 0.0
  vertex -0.06455901211486759 0.0430197979565049 0.0
  vertex -0.05994355249857891 0.04490796033050182 0.0
 endloop
endfacet
facet normal 0.0 0.0 -1.0
 outer loop
  vertex -0.05532936363229186 0.04679602509125236 0.0
  vertex -0.05465753485007359 0.05173759036842687 0.0
  vertex -0.05071468010118427 0.04868445137428626 0.0
 endloop
endfacet
facet normal 0.0 0.0 -1.0
 outer loop
  vertex -0.05465753485007359 0.05173759036842687 0.0
  vertex -0.05532936363229186 0.04679602509125236 0.0
  vertex -0.05927153807090582 0.04984890433179862 0.0
 endloop
endfacet
facet normal 0.0 -0.0 -1.0
 outer loop
  vertex -0.05927153807090582 0.04984890433179862 0.0
  vertex -0.05532936363229186 0.04679602509125236 0.0
  vertex -0.05994355249857891 0.04490796033050182 0.0
 endloop
endfacet
facet normal 0.0 -0.0 -1.0
 outer loop
  vertex -0.00165990995306248 -0.07121251215051942 0.0
  vertex 0.002282656482188572 -0.07426501039379241 0.0
  vertex -0.002332167759118744 -0.07615312396119116 0.0
 endloop
endfacet
facet normal 0.0 0.0 -1.0
 outer loop
  vertex -0.002332167759118744 -0.07615312396119116 0.0
  vertex 0.002282656482188572 -0.07426501039379241 0.0
  vertex 0.001610942246842621 -0.07921132885425092 0.0
 endloop
endfacet
facet normal 0.0 -0.0 -1.0
 outer loop
  vertex 0.002282656482188572 -0.07426501039379241 0.0
  vertex 0.006225222917439635 -0.07731750863706538 0.0
  vertex 0.001610942246842621 -0.07921132885425092 0.0
 endloop
endfacet
facet normal 0.0 0.0 -1.0
 outer loop
  vertex -0.00165990995306248 -0.07121251215051942 0.0
  vertex -0.002332167759118744 -0.07615312396119116 0.0
  vertex -0.00627473419436978 -0.07310062571791817 0.0
 endloop
endfacet
facet normal -0.0 0.0 -1.0
 outer loop
  vertex -0.00165990995306248 -0.07121251215051942 0.0
  vertex -0.00627473419436978 -0.07310062571791817 0.0
  vertex -0.005602476388313586 -0.06816001390724646 0.0
 endloop
endfacet
facet normal 0.0 0.0 -1.0
 outer loop
  vertex -0.00098765214700626 -0.06627190033984773 0.0
  vertex -0.00165990995306248 -0.07121251215051942 0.0
  vertex -0.005602476388313586 -0.06816001390724646 0.0
 endloop
endfacet
facet normal 0.0 -0.0 -1.0
 outer loop
  vertex -0.06128870348431435 0.03502668790431479 0.0
  vertex -0.05734613704967256 0.03197418966025495 0.0
  vertex -0.06196096047020561 0.03008607595593589 0.0
 endloop
endfacet
facet normal 0.0 -0.0 -1.0
 outer loop
  vertex -0.06523126992072976 0.03807918614608383 0.0
  vertex -0.06128870348431435 0.03502668790431479 0.0
  vertex -0.06590352772534994 0.03313857433726697 0.0
 endloop
endfacet
facet normal 0.0 0.0 -1.0
 outer loop
  vertex -0.06590352772534994 0.03313857433726697 0.0
  vertex -0.06128870348431435 0.03502668790431479 0.0
  vertex -0.06196096047020561 0.03008607595593589 0.0
 endloop
endfacet
facet normal -0.0 0.0 -1.0
 outer loop
  vertex -0.06406871511102297 -0.01743192844748042 0.0
  vertex -0.06868353935233028 -0.01932004201487922 0.0
  vertex -0.06801128154627385 -0.01437943020420729 0.0
 endloop
endfacet
facet normal 0.0 0.0 -1.0
 outer loop
  vertex -0.06406871511102297 -0.01743192844748042 0.0
  vertex -0.06801128154627385 -0.01437943020420729 0.0
  vertex -0.06339645732462364 -0.01249131665316279 0.0
 endloop
endfacet
facet normal -0.0 0.0 -1.0
 outer loop
  vertex -0.05945389090273707 -0.01554381489367939 0.0
  vertex -0.06406871511102297 -0.01743192844748042 0.0
  vertex -0.06339645732462364 -0.01249131665316279 0.0
 endloop
endfacet
facet normal 0.0 0.0 -1.0
 outer loop
  vertex -0.06801128154627385 -0.01437943020420729 0.0
  vertex -0.06868353935233028 -0.01932004201487922 0.0
  vertex -0.07262610578758116 -0.01626754377160607 0.0
 endloop
endfacet
facet normal 0.0 0.0 -1.0
 outer loop
  vertex -0.06868353935233028 -0.01932004201487922 0.0
  vertex -0.06935579715838659 -0.02426065382555096 0.0
  vertex -0.07329199333761555 -0.02120784380854158 0.0
 endloop
endfacet
facet normal 0.0 -0.0 -1.0
 outer loop
  vertex -0.07262610578758116 -0.01626754377160607 0.0
  vertex -0.06868353935233028 -0.01932004201487922 0.0
  vertex -0.07329199333761555 -0.02120784380854158 0.0
 endloop
endfacet
facet normal 0.0 -0.0 -1.0
 outer loop
  vertex 0.04784962149029136 -0.02762831742317274 0.0
  vertex 0.05179218792554243 -0.03068081566644568 0.0
  vertex 0.04717736368423515 -0.03256892923384448 0.0
 endloop
endfacet
facet normal 0.0 0.0 -1.0
 outer loop
  vertex 0.04784962149029136 -0.02762831742317274 0.0
  vertex 0.04717736368423515 -0.03256892923384448 0.0
  vertex 0.04323479724898409 -0.02951643099057153 0.0
 endloop
endfacet
facet normal -0.0 0.0 -1.0
 outer loop
  vertex 0.04784962149029136 -0.02762831742317274 0.0
  vertex 0.04323479724898409 -0.02951643099057153 0.0
  vertex 0.04390705505504031 -0.02457581917989979 0.0
 endloop
endfacet
facet normal 0.0 0.0 -1.0
 outer loop
  vertex 0.05179218792554243 -0.03068081566644568 0.0
  vertex 0.05640701216684969 -0.02879270209904686 0.0
  vertex 0.0557347543607935 -0.03373331390971862 0.0
 endloop
endfacet
facet normal 0.0 -0.0 -1.0
 outer loop
  vertex 0.05179218792554243 -0.03068081566644568 0.0
  vertex 0.0557347543607935 -0.03373331390971862 0.0
  vertex 0.05111993011948622 -0.03562142747711742 0.0
 endloop
endfacet
facet normal 0.0 0.0 -1.0
 outer loop
  vertex 0.04717736368423515 -0.03256892923384448 0.0
  vertex 0.05179218792554243 -0.03068081566644568 0.0
  vertex 0.05111993011948622 -0.03562142747711742 0.0
 endloop
endfacet
facet normal 0.0 0.0 -1.0
 outer loop
  vertex 0.0557347543607935 -0.03373331390971862 0.0
  vertex 0.05640701216684969 -0.02879270209904686 0.0
  vertex 0.06034957860210076 -0.0318452003423198 0.0
 endloop
endfacet
facet normal 0.0 0.0 -1.0
 outer loop
  vertex 0.06034957860210076 -0.0318452003423198 0.0
  vertex 0.05640701216684969 -0.02879270209904686 0.0
  vertex 0.06102183640815695 -0.02690458853164804 0.0
 endloop
endfacet
facet normal 0.0 0.0 -1.0
 outer loop
  vertex 0.05640701216684969 -0.02879270209904686 0.0
  vertex 0.05707926997290587 -0.02385209028837511 0.0
  vertex 0.06102183640815695 -0.02690458853164804 0.0
 endloop
endfacet
facet normal 0.0 0.0 -1.0
 outer loop
  vertex 0.0557347543607935 -0.03373331390971862 0.0
  vertex 0.06034957860210076 -0.0318452003423198 0.0
  vertex 0.05967732079604456 -0.03678581215299155 0.0
 endloop
endfacet
facet normal 0.0 -0.0 -1.0
 outer loop
  vertex 0.0557347543607935 -0.03373331390971862 0.0
  vertex 0.05967732079604456 -0.03678581215299155 0.0
  vertex 0.05506249655473729 -0.03867392572039037 0.0
 endloop
endfacet
facet normal 0.0 0.0 -1.0
 outer loop
  vertex 0.0557347543607935 -0.03373331390971862 0.0
  vertex 0.05506249655473729 -0.03867392572039037 0.0
  vertex 0.05111993011948622 -0.03562142747711742 0.0
 endloop
endfacet
facet normal 0.0 0.0 -1.0
 outer loop
  vertex 0.05967732079604456 -0.03678581215299155 0.0
  vertex 0.06034957860210076 -0.0318452003423198 0.0
  vertex 0.06429214503735184 -0.03489769858559269 0.0
 endloop
endfacet
facet normal 0.0 0.0 -1.0
 outer loop
  vertex 0.06429214503735184 -0.03489769858559269 0.0
  vertex 0.06034957860210076 -0.0318452003423198 0.0
  vertex 0.06496440284340801 -0.02995708677492096 0.0
 endloop
endfacet
facet normal -0.0 0.0 -1.0
 outer loop
  vertex 0.06496440284340801 -0.02995708677492096 0.0
  vertex 0.06034957860210076 -0.0318452003423198 0.0
  vertex 0.06102183640815695 -0.02690458853164804 0.0
 endloop
endfacet
facet normal 0.0 0.0 -1.0
 outer loop
  vertex 0.05506249655473729 -0.03867392572039037 0.0
  vertex 0.05967732079604456 -0.03678581215299155 0.0
  vertex 0.05900506298998837 -0.04172642396366331 0.0
 endloop
endfacet
facet normal 0.0 0.0 -1.0
 outer loop
  vertex 0.05900506298998837 -0.04172642396366331 0.0
  vertex 0.05967732079604456 -0.03678581215299155 0.0
  vertex 0.06361988723129564 -0.03983831039626443 0.0
 endloop
endfacet
facet normal 0.0 0.0 -1.0
 outer loop
  vertex 0.05967732079604456 -0.03678581215299155 0.0
  vertex 0.06429214503735184 -0.03489769858559269 0.0
  vertex 0.06361988723129564 -0.03983831039626443 0.0
 endloop
endfacet
facet normal 0.0 -0.0 -1.0
 outer loop
  vertex 0.05506249655473729 -0.03867392572039037 0.0
  vertex 0.05900506298998837 -0.04172642396366331 0.0
  vertex 0.05439023874868108 -0.04361453753106211 0.0
 endloop
endfacet
facet normal 0.0 0.0 -1.0
 outer loop
  vertex 0.05506249655473729 -0.03867392572039037 0.0
  vertex 0.05439023874868108 -0.04361453753106211 0.0
  vertex 0.05044767231343001 -0.04056203928778916 0.0
 endloop
endfacet
facet normal 0.0 -0.0 -1.0
 outer loop
  vertex 0.05111993011948622 -0.03562142747711742 0.0
  vertex 0.05506249655473729 -0.03867392572039037 0.0
  vertex 0.05044767231343001 -0.04056203928778916 0.0
 endloop
endfacet
facet normal 0.0 0.0 -1.0
 outer loop
  vertex 0.05439023874868108 -0.04361453753106211 0.0
  vertex 0.05900506298998837 -0.04172642396366331 0.0
  vertex 0.05833280518393215 -0.04666703577433506 0.0
 endloop
endfacet
facet normal 0.0 0.0 -1.0
 outer loop
  vertex 0.05833280518393215 -0.04666703577433506 0.0
  vertex 0.05900506298998837 -0.04172642396366331 0.0
  vertex 0.06294762942523939 -0.04477892220693622 0.0
 endloop
endfacet
facet normal 0.0 0.0 -1.0
 outer loop
  vertex 0.06294762942523939 -0.04477892220693622 0.0
  vertex 0.05900506298998837 -0.04172642396366331 0.0
  vertex 0.06361988723129564 -0.03983831039626443 0.0
 endloop
endfacet
facet normal 0.0 -0.0 -1.0
 outer loop
  vertex 0.05439023874868108 -0.04361453753106211 0.0
  vertex 0.05833280518393215 -0.04666703577433506 0.0
  vertex 0.05371798094262487 -0.04855514934173386 0.0
 endloop
endfacet
facet normal 0.0 0.0 -1.0
 outer loop
  vertex 0.05439023874868108 -0.04361453753106211 0.0
  vertex 0.05371798094262487 -0.04855514934173386 0.0
  vertex 0.04977541450737381 -0.04550265109846092 0.0
 endloop
endfacet
facet normal -0.0 0.0 -1.0
 outer loop
  vertex 0.05439023874868108 -0.04361453753106211 0.0
  vertex 0.04977541450737381 -0.04550265109846092 0.0
  vertex 0.05044767231343001 -0.04056203928778916 0.0
 endloop
endfacet
facet normal 0.0 0.0 -1.0
 outer loop
  vertex 0.07226825830894001 -0.008306525964835113 0.0
  vertex 0.07294048845641457 -0.003365910390723155 0.0
  vertex 0.0768828244034851 -0.00641837727199388 0.0
 endloop
endfacet
facet normal 0.0 0.0 -1.0
 outer loop
  vertex 0.07226825830894001 -0.008306525964835113 0.0
  vertex 0.0768828244034851 -0.00641837727199388 0.0
  vertex 0.07621072179280378 -0.01135901019974705 0.0
 endloop
endfacet
facet normal 0.0 -0.0 -1.0
 outer loop
  vertex 0.07226825830894001 -0.008306525964835113 0.0
  vertex 0.07621072179280378 -0.01135901019974705 0.0
  vertex 0.07159598334431927 -0.01324713544078002 0.0
 endloop
endfacet
facet normal 0.0 0.0 -1.0
 outer loop
  vertex 0.06429214503735184 -0.03489769858559269 0.0
  vertex 0.06496440284340801 -0.02995708677492096 0.0
  vertex 0.0689069692786591 -0.03300958501819384 0.0
 endloop
endfacet
facet normal 0.0 0.0 -1.0
 outer loop
  vertex 0.06429214503735184 -0.03489769858559269 0.0
  vertex 0.0689069692786591 -0.03300958501819384 0.0
  vertex 0.06823366611509457 -0.03795005458944828 0.0
 endloop
endfacet
facet normal 0.0 0.0 -1.0
 outer loop
  vertex 0.06361988723129564 -0.03983831039626443 0.0
  vertex 0.06429214503735184 -0.03489769858559269 0.0
  vertex 0.06823366611509457 -0.03795005458944828 0.0
 endloop
endfacet
facet normal 0.0 0.0 -1.0
 outer loop
  vertex 0.05371798094262487 -0.04855514934173386 0.0
  vertex 0.05833280518393215 -0.04666703577433506 0.0
  vertex 0.05766054737787593 -0.0516076475850068 0.0
 endloop
endfacet
facet normal 0.0 0.0 -1.0
 outer loop
  vertex 0.05833280518393215 -0.04666703577433506 0.0
  vertex 0.06294762942523939 -0.04477892220693622 0.0
  vertex 0.06228369182579789 -0.04974743542599255 0.0
 endloop
endfacet
facet normal 0.0 0.0 -1.0
 outer loop
  vertex 0.05766054737787593 -0.0516076475850068 0.0
  vertex 0.05833280518393215 -0.04666703577433506 0.0
  vertex 0.06228369182579789 -0.04974743542599255 0.0
 endloop
endfacet
facet normal 0.0 -0.0 -1.0
 outer loop
  vertex 0.05371798094262487 -0.04855514934173386 0.0
  vertex 0.05766054737787593 -0.0516076475850068 0.0
  vertex 0.05304572313656868 -0.0534957611524056 0.0
 endloop
endfacet
facet normal 0.0 0.0 -1.0
 outer loop
  vertex 0.05371798094262487 -0.04855514934173386 0.0
  vertex 0.05304572313656868 -0.0534957611524056 0.0
  vertex 0.04910332080984379 -0.05044376634207194 0.0
 endloop
endfacet
facet normal 0.0 -0.0 -1.0
 outer loop
  vertex 0.04977541450737381 -0.04550265109846092 0.0
  vertex 0.05371798094262487 -0.04855514934173386 0.0
  vertex 0.04910332080984379 -0.05044376634207194 0.0
 endloop
endfacet
facet normal 0.0 0.0 -1.0
 outer loop
  vertex 0.0246845198826688 -0.06976505436747026 0.0
  vertex 0.02401053859820711 -0.07470145378437676 0.0
  vertex 0.02006930934672975 -0.07165222378134034 0.0
 endloop
endfacet
facet normal 0.0 0.0 -1.0
 outer loop
  vertex 0.02401053859820711 -0.07470145378437676 0.0
  vertex 0.0246845198826688 -0.06976505436747026 0.0
  vertex 0.02862623528927436 -0.07281547307036565 0.0
 endloop
endfacet
facet normal 0.0 0.0 -1.0
 outer loop
  vertex 0.0246845198826688 -0.06976505436747026 0.0
  vertex 0.02929934412397606 -0.06787694080007149 0.0
  vertex 0.02862623528927436 -0.07281547307036565 0.0
 endloop
endfacet
facet normal -0.0 0.0 -1.0
 outer loop
  vertex -0.06801128154627385 -0.01437943020420729 0.0
  vertex -0.07262610578758116 -0.01626754377160607 0.0
  vertex -0.07195384798152489 -0.01132693196093431 0.0
 endloop
endfacet
facet normal 0.0 0.0 -1.0
 outer loop
  vertex -0.06801128154627385 -0.01437943020420729 0.0
  vertex -0.07195384798152489 -0.01132693196093431 0.0
  vertex -0.06733902377078563 -0.009438818386178934 0.0
 endloop
endfacet
facet normal 0.0 0.0 -1.0
 outer loop
  vertex -0.06801128154627385 -0.01437943020420729 0.0
  vertex -0.06733902377078563 -0.009438818386178934 0.0
  vertex -0.06339645732462364 -0.01249131665316279 0.0
 endloop
endfacet
facet normal 0.0 0.0 -1.0
 outer loop
  vertex 0.0112039687630921 0.05535528135954706 0.0
  vertex 0.007261402327841086 0.05840777960282005 0.0
  vertex 0.01187622656914836 0.06029589317021879 0.0
 endloop
endfacet
facet normal 0.0 0.0 -1.0
 outer loop
  vertex 0.0112039687630921 0.05535528135954706 0.0
  vertex 0.01187622656914836 0.06029589317021879 0.0
  vertex 0.01581879300439936 0.05724339492694583 0.0
 endloop
endfacet
facet normal 0.0 0.0 -1.0
 outer loop
  vertex 0.0112039687630921 0.05535528135954706 0.0
  vertex 0.01581879300439936 0.05724339492694583 0.0
  vertex 0.01514653519834309 0.05230278311627409 0.0
 endloop
endfacet
facet normal -0.0 0.0 -1.0
 outer loop
  vertex 0.01187622656914836 0.06029589317021879 0.0
  vertex 0.007261402327841086 0.05840777960282005 0.0
  vertex 0.00793366013389734 0.06334839141349176 0.0
 endloop
endfacet
facet normal 0.0 0.0 -1.0
 outer loop
  vertex 0.00793366013389734 0.06334839141349176 0.0
  vertex 0.007261402327841086 0.05840777960282005 0.0
  vertex 0.003318835892590088 0.06146027784609299 0.0
 endloop
endfacet
facet normal -0.0 0.0 -1.0
 outer loop
  vertex 0.007261402327841086 0.05840777960282005 0.0
  vertex 0.002646578086533831 0.05651966603542127 0.0
  vertex 0.003318835892590088 0.06146027784609299 0.0
 endloop
endfacet
facet normal 0.0 0.0 -1.0
 outer loop
  vertex 0.01187622656914836 0.06029589317021879 0.0
  vertex 0.00793366013389734 0.06334839141349176 0.0
  vertex 0.01254848437520461 0.06523650498089052 0.0
 endloop
endfacet
facet normal 0.0 0.0 -1.0
 outer loop
  vertex 0.01187622656914836 0.06029589317021879 0.0
  vertex 0.01254848437520461 0.06523650498089052 0.0
  vertex 0.01649105081045562 0.06218400673761756 0.0
 endloop
endfacet
facet normal 0.0 0.0 -1.0
 outer loop
  vertex 0.01581879300439936 0.05724339492694583 0.0
  vertex 0.01187622656914836 0.06029589317021879 0.0
  vertex 0.01649105081045562 0.06218400673761756 0.0
 endloop
endfacet
facet normal -0.0 0.0 -1.0
 outer loop
  vertex 0.01254848437520461 0.06523650498089052 0.0
  vertex 0.00793366013389734 0.06334839141349176 0.0
  vertex 0.008605917939953581 0.06828900322416347 0.0
 endloop
endfacet
facet normal 0.0 0.0 -1.0
 outer loop
  vertex 0.008605917939953581 0.06828900322416347 0.0
  vertex 0.00793366013389734 0.06334839141349176 0.0
  vertex 0.003991093698646322 0.0664008896567647 0.0
 endloop
endfacet
facet normal 0.0 -0.0 -1.0
 outer loop
  vertex 0.003991093698646322 0.0664008896567647 0.0
  vertex 0.00793366013389734 0.06334839141349176 0.0
  vertex 0.003318835892590088 0.06146027784609299 0.0
 endloop
endfacet
facet normal 0.0 0.0 -1.0
 outer loop
  vertex 0.01254848437520461 0.06523650498089052 0.0
  vertex 0.008605917939953581 0.06828900322416347 0.0
  vertex 0.01322074218126084 0.07017711679156224 0.0
 endloop
endfacet
facet normal 0.0 0.0 -1.0
 outer loop
  vertex 0.01254848437520461 0.06523650498089052 0.0
  vertex 0.01322074218126084 0.07017711679156224 0.0
  vertex 0.01716330861651187 0.0671246185482893 0.0
 endloop
endfacet
facet normal 0.0 0.0 -1.0
 outer loop
  vertex 0.01254848437520461 0.06523650498089052 0.0
  vertex 0.01716330861651187 0.0671246185482893 0.0
  vertex 0.01649105081045562 0.06218400673761756 0.0
 endloop
endfacet
facet normal -0.0 0.0 -1.0
 outer loop
  vertex 0.01322074218126084 0.07017711679156224 0.0
  vertex 0.008605917939953581 0.06828900322416347 0.0
  vertex 0.009278064822050588 0.07322947176691377 0.0
 endloop
endfacet
facet normal -0.0 0.0 -1.0
 outer loop
  vertex 0.008605917939953581 0.06828900322416347 0.0
  vertex 0.003991093698646322 0.0664008896567647 0.0
  vertex 0.004663351504702543 0.07134150146743641 0.0
 endloop
endfacet
facet normal 0.0 0.0 -1.0
 outer loop
  vertex 0.008605917939953581 0.06828900322416347 0.0
  vertex 0.004663351504702543 0.07134150146743641 0.0
  vertex 0.009278064822050588 0.07322947176691377 0.0
 endloop
endfacet
facet normal 0.0 0.0 -1.0
 outer loop
  vertex 0.01716330861651187 0.0671246185482893 0.0
  vertex 0.01322074218126084 0.07017711679156224 0.0
  vertex 0.0178355664225681 0.07206523035896102 0.0
 endloop
endfacet
facet normal -0.0 0.0 -1.0
 outer loop
  vertex 0.0178355664225681 0.07206523035896102 0.0
  vertex 0.01322074218126084 0.07017711679156224 0.0
  vertex 0.01389299998731706 0.075117728602234 0.0
 endloop
endfacet
facet normal 0.0 0.0 -1.0
 outer loop
  vertex 0.01389299998731706 0.075117728602234 0.0
  vertex 0.01322074218126084 0.07017711679156224 0.0
  vertex 0.009278064822050588 0.07322947176691377 0.0
 endloop
endfacet
facet normal 0.0 0.0 -1.0
 outer loop
  vertex 0.01716330861651187 0.0671246185482893 0.0
  vertex 0.0178355664225681 0.07206523035896102 0.0
  vertex 0.02177813285781912 0.06901273211568806 0.0
 endloop
endfacet
facet normal 0.0 0.0 -1.0
 outer loop
  vertex 0.01716330861651187 0.0671246185482893 0.0
  vertex 0.02177813285781912 0.06901273211568806 0.0
  vertex 0.02110587505176286 0.06407212030501636 0.0
 endloop
endfacet
facet normal 0.0 -0.0 -1.0
 outer loop
  vertex 0.01716330861651187 0.0671246185482893 0.0
  vertex 0.02110587505176286 0.06407212030501636 0.0
  vertex 0.01649105081045562 0.06218400673761756 0.0
 endloop
endfacet
facet normal 0.0 0.0 -1.0
 outer loop
  vertex 0.004663351504702543 0.07134150146743641 0.0
  vertex 0.003991093698646322 0.0664008896567647 0.0
  vertex 4.85272633952894e-05 0.06945338790003763 0.0
 endloop
endfacet
facet normal 0.0 -0.0 -1.0
 outer loop
  vertex 4.85272633952894e-05 0.06945338790003763 0.0
  vertex 0.003991093698646322 0.0664008896567647 0.0
  vertex -0.0006237305426609234 0.06451277608936593 0.0
 endloop
endfacet
facet normal 0.0 0.0 -1.0
 outer loop
  vertex -0.0006237305426609234 0.06451277608936593 0.0
  vertex 0.003991093698646322 0.0664008896567647 0.0
  vertex 0.003318835892590088 0.06146027784609299 0.0
 endloop
endfacet
facet normal -0.0 0.0 -1.0
 outer loop
  vertex 0.004663351504702543 0.07134150146743641 0.0
  vertex 4.85272633952894e-05 0.06945338790003763 0.0
  vertex 0.0007207850694515056 0.07439399971070937 0.0
 endloop
endfacet
facet normal 0.0 0.0 -1.0
 outer loop
  vertex 0.004663351504702543 0.07134150146743641 0.0
  vertex 0.0007207850694515056 0.07439399971070937 0.0
  vertex 0.00533551423307943 0.07628199047703263 0.0
 endloop
endfacet
facet normal 0.0 0.0 -1.0
 outer loop
  vertex 0.004663351504702543 0.07134150146743641 0.0
  vertex 0.00533551423307943 0.07628199047703263 0.0
  vertex 0.009278064822050588 0.07322947176691377 0.0
 endloop
endfacet
facet normal 0.0 0.0 -1.0
 outer loop
  vertex 0.0007207850694515056 0.07439399971070937 0.0
  vertex 4.85272633952894e-05 0.06945338790003763 0.0
  vertex -0.003894039171855741 0.07250588614331058 0.0
 endloop
endfacet
facet normal 0.0 -0.0 -1.0
 outer loop
  vertex -0.003894039171855741 0.07250588614331058 0.0
  vertex 4.85272633952894e-05 0.06945338790003763 0.0
  vertex -0.00456629697791196 0.06756527433263886 0.0
 endloop
endfacet
facet normal 0.0 0.0 -1.0
 outer loop
  vertex 4.85272633952894e-05 0.06945338790003763 0.0
  vertex -0.0006237305426609234 0.06451277608936593 0.0
  vertex -0.00456629697791196 0.06756527433263886 0.0
 endloop
endfacet
facet normal -0.0 0.0 -1.0
 outer loop
  vertex 0.0007207850694515056 0.07439399971070937 0.0
  vertex -0.003894039171855741 0.07250588614331058 0.0
  vertex -0.003221781365799531 0.0774464979539823 0.0
 endloop
endfacet
facet normal 0.0 0.0 -1.0
 outer loop
  vertex 0.0007207850694515056 0.07439399971070937 0.0
  vertex -0.003221781365799531 0.0774464979539823 0.0
  vertex 0.001393042875507713 0.07933461152138109 0.0
 endloop
endfacet
facet normal 0.0 0.0 -1.0
 outer loop
  vertex 0.0007207850694515056 0.07439399971070937 0.0
  vertex 0.001393042875507713 0.07933461152138109 0.0
  vertex 0.00533551423307943 0.07628199047703263 0.0
 endloop
endfacet
facet normal 0.0 0.0 -1.0
 outer loop
  vertex -0.003221781365799531 0.0774464979539823 0.0
  vertex -0.003894039171855741 0.07250588614331058 0.0
  vertex -0.007836605607106778 0.07555838438658352 0.0
 endloop
endfacet
facet normal 0.0 -0.0 -1.0
 outer loop
  vertex -0.007836605607106778 0.07555838438658352 0.0
  vertex -0.003894039171855741 0.07250588614331058 0.0
  vertex -0.008508863413162999 0.07061777257591179 0.0
 endloop
endfacet
facet normal 0.0 0.0 -1.0
 outer loop
  vertex -0.008508863413162999 0.07061777257591179 0.0
  vertex -0.003894039171855741 0.07250588614331058 0.0
  vertex -0.00456629697791196 0.06756527433263886 0.0
 endloop
endfacet
facet normal 0.0 0.0 -1.0
 outer loop
  vertex 0.02177813285781912 0.06901273211568806 0.0
  vertex 0.0178355664225681 0.07206523035896102 0.0
  vertex 0.02245039066387538 0.0739533439263598 0.0
 endloop
endfacet
facet normal 0.0 0.0 -1.0
 outer loop
  vertex 0.0178355664225681 0.07206523035896102 0.0
  vertex 0.01389299998731706 0.075117728602234 0.0
  vertex 0.01850782422862438 0.07700584216963281 0.0
 endloop
endfacet
facet normal -0.0 0.0 -1.0
 outer loop
  vertex 0.02245039066387538 0.0739533439263598 0.0
  vertex 0.0178355664225681 0.07206523035896102 0.0
  vertex 0.01850782422862438 0.07700584216963281 0.0
 endloop
endfacet
facet normal 0.0 0.0 -1.0
 outer loop
  vertex 0.02177813285781912 0.06901273211568806 0.0
  vertex 0.02245039066387538 0.0739533439263598 0.0
  vertex 0.0263929570991264 0.07090084568308683 0.0
 endloop
endfacet
facet normal 0.0 0.0 -1.0
 outer loop
  vertex 0.02110587505176286 0.06407212030501636 0.0
  vertex 0.02177813285781912 0.06901273211568806 0.0
  vertex 0.02572069929307009 0.0659602338724151 0.0
 endloop
endfacet
facet normal 0.0 0.0 -1.0
 outer loop
  vertex 0.02177813285781912 0.06901273211568806 0.0
  vertex 0.0263929570991264 0.07090084568308683 0.0
  vertex 0.02572069929307009 0.0659602338724151 0.0
 endloop
endfacet
facet normal 0.0 0.0 -1.0
 outer loop
  vertex -0.05340357061344804 0.02892169141823923 0.0
  vertex -0.05734613704967256 0.03197418966025495 0.0
  vertex -0.05273131280867945 0.03386230322724787 0.0
 endloop
endfacet
facet normal 0.0 -0.0 -1.0
 outer loop
  vertex -0.05734613704967256 0.03197418966025495 0.0
  vertex -0.05340357061344804 0.02892169141823923 0.0
  vertex -0.05801839389853856 0.02703357768799924 0.0
 endloop
endfacet
facet normal 0.0 0.0 -1.0
 outer loop
  vertex -0.06196096047020561 0.03008607595593589 0.0
  vertex -0.05734613704967256 0.03197418966025495 0.0
  vertex -0.05801839389853856 0.02703357768799924 0.0
 endloop
endfacet
facet normal 0.0 -0.0 -1.0
 outer loop
  vertex -0.01675791788650629 -0.05406190737026251 0.0
  vertex -0.01281535145252827 -0.05711440561055769 0.0
  vertex -0.01743017569377747 -0.05900251917810022 0.0
 endloop
endfacet
facet normal 0.0 0.0 -1.0
 outer loop
  vertex -0.01675791788650629 -0.05406190737026251 0.0
  vertex -0.01743017569377747 -0.05900251917810022 0.0
  vertex -0.02137274212901882 -0.05595002093485125 0.0
 endloop
endfacet
facet normal -0.0 0.0 -1.0
 outer loop
  vertex -0.01675791788650629 -0.05406190737026251 0.0
  vertex -0.02137274212901882 -0.05595002093485125 0.0
  vertex -0.02070048432120235 -0.05100940912882698 0.0
 endloop
endfacet
facet normal 0.0 0.0 -1.0
 outer loop
  vertex 0.01303878137876739 0.004784778576466811 0.0
  vertex 0.01236652357100702 -0.0001558332364660569 0.0
  vertex 0.008423957137658172 0.002896665008533969 0.0
 endloop
endfacet
facet normal 0.0 0.0 -1.0
 outer loop
  vertex 0.01236652357100702 -0.0001558332364660569 0.0
  vertex 0.01303878137876739 0.004784778576466811 0.0
  vertex 0.01698134781394817 0.001732280333142755 0.0
 endloop
endfacet
facet normal 0.0 0.0 -1.0
 outer loop
  vertex 0.01236652357100702 -0.0001558332364660569 0.0
  vertex 0.01698134781394817 0.001732280333142755 0.0
  vertex 0.01630909000253914 -0.003208331484471878 0.0
 endloop
endfacet
facet normal 0.0 0.0 -1.0
 outer loop
  vertex -0.07397042281286637 -0.02614879480286156 0.0
  vertex -0.06935579715838659 -0.02426065382555096 0.0
  vertex -0.07002761668708132 -0.02920132980878239 0.0
 endloop
endfacet
facet normal -0.0 0.0 -1.0
 outer loop
  vertex -0.06935579715838659 -0.02426065382555096 0.0
  vertex -0.07397042281286637 -0.02614879480286156 0.0
  vertex -0.07329199333761555 -0.02120784380854158 0.0
 endloop
endfacet
facet normal 0.0 -0.0 -1.0
 outer loop
  vertex -0.06935579715838659 -0.02426065382555096 0.0
  vertex -0.06541319906943717 -0.02731315891289758 0.0
  vertex -0.07002761668708132 -0.02920132980878239 0.0
 endloop
endfacet
facet normal 0.0 0.0 -1.0
 outer loop
  vertex 0.06514636364558032 0.03543525143968559 0.0
  vertex 0.06120379721032927 0.03848774968295852 0.0
  vertex 0.0658186214516365 0.0403758632503573 0.0
 endloop
endfacet
facet normal 0.0 0.0 -1.0
 outer loop
  vertex 0.06908893008083129 0.03238275319641265 0.0
  vertex 0.06514636364558032 0.03543525143968559 0.0
  vertex 0.06975904391755712 0.03732059588459966 0.0
 endloop
endfacet
facet normal 0.0 0.0 -1.0
 outer loop
  vertex 0.06514636364558032 0.03543525143968559 0.0
  vertex 0.0658186214516365 0.0403758632503573 0.0
  vertex 0.06975904391755712 0.03732059588459966 0.0
 endloop
endfacet
facet normal -0.0 0.0 -1.0
 outer loop
  vertex 0.02217744946053634 -0.02413516339573302 0.0
  vertex 0.01756262521882902 -0.02602327696404518 0.0
  vertex 0.01823488302181993 -0.02108266516002341 0.0
 endloop
endfacet
facet normal 0.0 0.0 -1.0
 outer loop
  vertex 0.01756262521882902 -0.02602327696404518 0.0
  vertex 0.02217744946053634 -0.02413516339573302 0.0
  vertex 0.02150519165443721 -0.02907577520650277 0.0
 endloop
endfacet
facet normal 0.0 0.0 -1.0
 outer loop
  vertex 0.01689036741307864 -0.03096388877401873 0.0
  vertex 0.01756262521882902 -0.02602327696404518 0.0
  vertex 0.02150519165443721 -0.02907577520650277 0.0
 endloop
endfacet
facet normal 0.0 -0.0 -1.0
 outer loop
  vertex 0.04323479724898409 -0.02951643099057153 0.0
  vertex 0.04717736368423515 -0.03256892923384448 0.0
  vertex 0.04256253944292788 -0.03445704280124328 0.0
 endloop
endfacet
facet normal 0.0 0.0 -1.0
 outer loop
  vertex 0.04256253944292788 -0.03445704280124328 0.0
  vertex 0.04717736368423515 -0.03256892923384448 0.0
  vertex 0.04650510587817894 -0.03750954104451622 0.0
 endloop
endfacet
facet normal 0.0 -0.0 -1.0
 outer loop
  vertex 0.04717736368423515 -0.03256892923384448 0.0
  vertex 0.05111993011948622 -0.03562142747711742 0.0
  vertex 0.04650510587817894 -0.03750954104451622 0.0
 endloop
endfacet
facet normal 0.0 0.0 -1.0
 outer loop
  vertex 0.04323479724898409 -0.02951643099057153 0.0
  vertex 0.04256253944292788 -0.03445704280124328 0.0
  vertex 0.03861997300767682 -0.03140454455797034 0.0
 endloop
endfacet
facet normal -0.0 0.0 -1.0
 outer loop
  vertex 0.04323479724898409 -0.02951643099057153 0.0
  vertex 0.03861997300767682 -0.03140454455797034 0.0
  vertex 0.03929223081373304 -0.02646393274729859 0.0
 endloop
endfacet
facet normal 0.0 0.0 -1.0
 outer loop
  vertex 0.04323479724898409 -0.02951643099057153 0.0
  vertex 0.03929223081373304 -0.02646393274729859 0.0
  vertex 0.04390705505504031 -0.02457581917989979 0.0
 endloop
endfacet
facet normal 0.0 0.0 -1.0
 outer loop
  vertex -0.01908302750789003 0.05696032181977088 0.0
  vertex -0.02302559394314106 0.06001282006304384 0.0
  vertex -0.01841076970183377 0.06190093363044258 0.0
 endloop
endfacet
facet normal 0.0 0.0 -1.0
 outer loop
  vertex -0.01514046107263901 0.05390782357649793 0.0
  vertex -0.01908302750789003 0.05696032181977088 0.0
  vertex -0.01446820326658276 0.05884843538716963 0.0
 endloop
endfacet
facet normal 0.0 0.0 -1.0
 outer loop
  vertex -0.01908302750789003 0.05696032181977088 0.0
  vertex -0.01841076970183377 0.06190093363044258 0.0
  vertex -0.01446820326658276 0.05884843538716963 0.0
 endloop
endfacet
facet normal -0.0 0.0 -1.0
 outer loop
  vertex -0.02302559394314106 0.06001282006304384 0.0
  vertex -0.02764041818444831 0.05812470649564507 0.0
  vertex -0.02696816037839208 0.06306531830631677 0.0
 endloop
endfacet
facet normal 0.0 0.0 -1.0
 outer loop
  vertex -0.02302559394314106 0.06001282006304384 0.0
  vertex -0.02696816037839208 0.06306531830631677 0.0
  vertex -0.02235333613708479 0.06495343187371552 0.0
 endloop
endfacet
facet normal 0.0 0.0 -1.0
 outer loop
  vertex -0.02302559394314106 0.06001282006304384 0.0
  vertex -0.02235333613708479 0.06495343187371552 0.0
  vertex -0.01841076970183377 0.06190093363044258 0.0
 endloop
endfacet
facet normal 0.0 -0.0 -1.0
 outer loop
  vertex 0.03275161355531473 -0.01047771263944625 0.0
  vertex 0.03669417999059352 -0.0135302108826833 0.0
  vertex 0.03207935574926575 -0.01541832445010862 0.0
 endloop
endfacet
facet normal 0.0 -0.0 -1.0
 outer loop
  vertex 0.03669417999059352 -0.0135302108826833 0.0
  vertex 0.04063674642584512 -0.01658270912595552 0.0
  vertex 0.03602192218453799 -0.01847082269335416 0.0
 endloop
endfacet
facet normal 0.0 0.0 -1.0
 outer loop
  vertex 0.03669417999059352 -0.0135302108826833 0.0
  vertex 0.03602192218453799 -0.01847082269335416 0.0
  vertex 0.03207935574926575 -0.01541832445010862 0.0
 endloop
endfacet
facet normal 0.0 0.0 -1.0
 outer loop
  vertex -0.01715723449080769 0.03908598814448275 0.0
  vertex -0.01254241024950045 0.04097410171188154 0.0
  vertex -0.01321466805555675 0.03603348990120978 0.0
 endloop
endfacet
facet normal 0.0 0.0 -1.0
 outer loop
  vertex -0.01321466805555675 0.03603348990120978 0.0
  vertex -0.01254241024950045 0.04097410171188154 0.0
  vertex -0.008599843814249532 0.03792160346860846 0.0
 endloop
endfacet
facet normal 0.0 0.0 -1.0
 outer loop
  vertex -0.01254241024950045 0.04097410171188154 0.0
  vertex -0.00792758600819319 0.0428622152792803 0.0
  vertex -0.008599843814249532 0.03792160346860846 0.0
 endloop
endfacet
facet normal 0.0 0.0 -1.0
 outer loop
  vertex 0.06111281680924305 0.005791580575655346 0.0
  vertex 0.06044055900318686 0.0008509687649836035 0.0
  vertex 0.0564979925679358 0.003903467008256541 0.0
 endloop
endfacet
facet normal 0.0 -0.0 -1.0
 outer loop
  vertex 0.0564979925679358 0.003903467008256541 0.0
  vertex 0.06044055900318686 0.0008509687649836035 0.0
  vertex 0.05582573476187962 -0.001037144802415203 0.0
 endloop
endfacet
facet normal 0.0 0.0 -1.0
 outer loop
  vertex 0.05582573476187962 -0.001037144802415203 0.0
  vertex 0.06044055900318686 0.0008509687649836035 0.0
  vertex 0.0597683011971307 -0.004089643045688139 0.0
 endloop
endfacet
facet normal -0.0 0.0 -1.0
 outer loop
  vertex 0.06111281680924305 0.005791580575655346 0.0
  vertex 0.0564979925679358 0.003903467008256541 0.0
  vertex 0.05717025037399199 0.00884407881892825 0.0
 endloop
endfacet
facet normal 0.0 0.0 -1.0
 outer loop
  vertex 0.06111281680924305 0.005791580575655346 0.0
  vertex 0.05717025037399199 0.00884407881892825 0.0
  vertex 0.06178507461529929 0.01073219238632705 0.0
 endloop
endfacet
facet normal -0.0 0.0 -1.0
 outer loop
  vertex 0.06572764105055035 0.007679694143054147 0.0
  vertex 0.06111281680924305 0.005791580575655346 0.0
  vertex 0.06178507461529929 0.01073219238632705 0.0
 endloop
endfacet
facet normal 0.0 0.0 -1.0
 outer loop
  vertex 0.07361277392105245 0.001574697656508305 0.0
  vertex 0.07428503172710868 0.006515309467180031 0.0
  vertex 0.07822759816235972 0.003462811223907078 0.0
 endloop
endfacet
facet normal 0.0 0.0 -1.0
 outer loop
  vertex 0.07361277392105245 0.001574697656508305 0.0
  vertex 0.07822759816235972 0.003462811223907078 0.0
  vertex 0.07755517440481352 -0.001477778006123044 0.0
 endloop
endfacet
facet normal 0.0 -0.0 -1.0
 outer loop
  vertex 0.07361277392105245 0.001574697656508305 0.0
  vertex 0.07755517440481352 -0.001477778006123044 0.0
  vertex 0.07294048845641457 -0.003365910390723155 0.0
 endloop
endfacet
facet normal 0.0 0.0 -1.0
 outer loop
  vertex 0.07822759816235972 0.003462811223907078 0.0
  vertex 0.07428503172710868 0.006515309467180031 0.0
  vertex 0.07889985596841595 0.008403423034578826 0.0
 endloop
endfacet
facet normal -0.0 0.0 -1.0
 outer loop
  vertex 0.07889985596841595 0.008403423034578826 0.0
  vertex 0.07428503172710868 0.006515309467180031 0.0
  vertex 0.07495728953316493 0.01145592127785177 0.0
 endloop
endfacet
facet normal 0.0 0.0 -1.0
 outer loop
  vertex 0.07495728953316493 0.01145592127785177 0.0
  vertex 0.07428503172710868 0.006515309467180031 0.0
  vertex 0.07034246529185767 0.009567807710452972 0.0
 endloop
endfacet
facet normal 0.0 0.0 -1.0
 outer loop
  vertex 0.06380184803346792 0.02555402781834216 0.0
  vertex 0.06841667227477519 0.02744214138574095 0.0
  vertex 0.067744414468719 0.02250152957506925 0.0
 endloop
endfacet
facet normal 0.0 0.0 -1.0
 outer loop
  vertex 0.05918702379216068 0.02366591425094334 0.0
  vertex 0.06380184803346792 0.02555402781834216 0.0
  vertex 0.06312959022741173 0.02061341600767043 0.0
 endloop
endfacet
facet normal 0.0 0.0 -1.0
 outer loop
  vertex 0.06312959022741173 0.02061341600767043 0.0
  vertex 0.06380184803346792 0.02555402781834216 0.0
  vertex 0.067744414468719 0.02250152957506925 0.0
 endloop
endfacet
facet normal 0.0 0.0 -1.0
 outer loop
  vertex 0.06841667227477519 0.02744214138574095 0.0
  vertex 0.06908893008083129 0.03238275319641265 0.0
  vertex 0.07303024358270234 0.0293304254369336 0.0
 endloop
endfacet
facet normal 0.0 0.0 -1.0
 outer loop
  vertex 0.067744414468719 0.02250152957506925 0.0
  vertex 0.06841667227477519 0.02744214138574095 0.0
  vertex 0.07235902988779622 0.02438967155643372 0.0
 endloop
endfacet
facet normal 0.0 0.0 -1.0
 outer loop
  vertex 0.06841667227477519 0.02744214138574095 0.0
  vertex 0.07303024358270234 0.0293304254369336 0.0
  vertex 0.07235902988779622 0.02438967155643372 0.0
 endloop
endfacet
facet normal -0.0 0.0 -1.0
 outer loop
  vertex 0.005153648508630985 0.01088977506342001 0.0
  vertex 0.0005388242677799974 0.00900166149520007 0.0
  vertex 0.001211082073425862 0.01394227330661022 0.0
 endloop
endfacet
facet normal 0.0 0.0 -1.0
 outer loop
  vertex 0.001211082073425862 0.01394227330661022 0.0
  vertex 0.0005388242677799974 0.00900166149520007 0.0
  vertex -0.003403742167870075 0.01205415973919105 0.0
 endloop
endfacet
facet normal 0.0 -0.0 -1.0
 outer loop
  vertex -0.003403742167870075 0.01205415973919105 0.0
  vertex 0.0005388242677799974 0.00900166149520007 0.0
  vertex -0.004075999972409451 0.007113547925789497 0.0
 endloop
endfacet
facet normal 0.0 0.0 -1.0
 outer loop
  vertex 0.005153648508630985 0.01088977506342001 0.0
  vertex 0.001211082073425862 0.01394227330661022 0.0
  vertex 0.005825906314653607 0.01583038687415214 0.0
 endloop
endfacet
facet normal 0.0 0.0 -1.0
 outer loop
  vertex 0.005153648508630985 0.01088977506342001 0.0
  vertex 0.005825906314653607 0.01583038687415214 0.0
  vertex 0.009768472749902588 0.01277788863088307 0.0
 endloop
endfacet
facet normal 0.0 0.0 -1.0
 outer loop
  vertex 0.005153648508630985 0.01088977506342001 0.0
  vertex 0.009768472749902588 0.01277788863088307 0.0
  vertex 0.009096214943936178 0.007837276820049751 0.0
 endloop
endfacet
facet normal -0.0 0.0 -1.0
 outer loop
  vertex 0.005825906314653607 0.01583038687415214 0.0
  vertex 0.001211082073425862 0.01394227330661022 0.0
  vertex 0.001883339879408058 0.01888288511741509 0.0
 endloop
endfacet
facet normal 0.0 0.0 -1.0
 outer loop
  vertex 0.001883339879408058 0.01888288511741509 0.0
  vertex 0.001211082073425862 0.01394227330661022 0.0
  vertex -0.002731484361898266 0.0169947715500146 0.0
 endloop
endfacet
facet normal 0.0 -0.0 -1.0
 outer loop
  vertex -0.002731484361898266 0.0169947715500146 0.0
  vertex 0.001211082073425862 0.01394227330661022 0.0
  vertex -0.003403742167870075 0.01205415973919105 0.0
 endloop
endfacet
facet normal 0.0 0.0 -1.0
 outer loop
  vertex 0.005825906314653607 0.01583038687415214 0.0
  vertex 0.001883339879408058 0.01888288511741509 0.0
  vertex 0.006498164120698192 0.02077099868484472 0.0
 endloop
endfacet
facet normal 0.0 0.0 -1.0
 outer loop
  vertex 0.009768472749902588 0.01277788863088307 0.0
  vertex 0.005825906314653607 0.01583038687415214 0.0
  vertex 0.01044073055594934 0.01771850044157186 0.0
 endloop
endfacet
facet normal 0.0 0.0 -1.0
 outer loop
  vertex 0.005825906314653607 0.01583038687415214 0.0
  vertex 0.006498164120698192 0.02077099868484472 0.0
  vertex 0.01044073055594934 0.01771850044157186 0.0
 endloop
endfacet
facet normal -0.0 0.0 -1.0
 outer loop
  vertex 0.001883339879408058 0.01888288511741509 0.0
  vertex -0.002731484361898266 0.0169947715500146 0.0
  vertex -0.002059226555854274 0.02193538336070825 0.0
 endloop
endfacet
facet normal 0.0 0.0 -1.0
 outer loop
  vertex 0.001883339879408058 0.01888288511741509 0.0
  vertex -0.002059226555854274 0.02193538336070825 0.0
  vertex 0.002555597685451288 0.02382349692811036 0.0
 endloop
endfacet
facet normal -0.0 0.0 -1.0
 outer loop
  vertex 0.006498164120698192 0.02077099868484472 0.0
  vertex 0.001883339879408058 0.01888288511741509 0.0
  vertex 0.002555597685451288 0.02382349692811036 0.0
 endloop
endfacet
facet normal -0.0 0.0 -1.0
 outer loop
  vertex 0.014383296991202 0.01466600219829608 0.0
  vertex 0.009768472749902588 0.01277788863088307 0.0
  vertex 0.01044073055594934 0.01771850044157186 0.0
 endloop
endfacet
facet normal 0.0 0.0 -1.0
 outer loop
  vertex 0.009768472749902588 0.01277788863088307 0.0
  vertex 0.014383296991202 0.01466600219829608 0.0
  vertex 0.01371103918514606 0.009725390387623859 0.0
 endloop
endfacet
facet normal 0.0 -0.0 -1.0
 outer loop
  vertex 0.009768472749902588 0.01277788863088307 0.0
  vertex 0.01371103918514606 0.009725390387623859 0.0
  vertex 0.009096214943936178 0.007837276820049751 0.0
 endloop
endfacet
facet normal 0.0 0.0 -1.0
 outer loop
  vertex -0.002059226555854274 0.02193538336070825 0.0
  vertex -0.002731484361898266 0.0169947715500146 0.0
  vertex -0.006674050797163393 0.02004726979331279 0.0
 endloop
endfacet
facet normal 0.0 -0.0 -1.0
 outer loop
  vertex -0.006674050797163393 0.02004726979331279 0.0
  vertex -0.002731484361898266 0.0169947715500146 0.0
  vertex -0.007346308603219713 0.01510665798264134 0.0
 endloop
endfacet
facet normal 0.0 0.0 -1.0
 outer loop
  vertex -0.007346308603219713 0.01510665798264134 0.0
  vertex -0.002731484361898266 0.0169947715500146 0.0
  vertex -0.003403742167870075 0.01205415973919105 0.0
 endloop
endfacet
facet normal -0.0 0.0 -1.0
 outer loop
  vertex -0.002059226555854274 0.02193538336070825 0.0
  vertex -0.006674050797163393 0.02004726979331279 0.0
  vertex -0.006001792991109569 0.02498788160398874 0.0
 endloop
endfacet
facet normal 0.0 0.0 -1.0
 outer loop
  vertex -0.002059226555854274 0.02193538336070825 0.0
  vertex -0.006001792991109569 0.02498788160398874 0.0
  vertex -0.001386968749802579 0.0268759951713884 0.0
 endloop
endfacet
facet normal 0.0 0.0 -1.0
 outer loop
  vertex -0.002059226555854274 0.02193538336070825 0.0
  vertex -0.001386968749802579 0.0268759951713884 0.0
  vertex 0.002555597685451288 0.02382349692811036 0.0
 endloop
endfacet
facet normal 0.0 0.0 -1.0
 outer loop
  vertex -0.006001792991109569 0.02498788160398874 0.0
  vertex -0.006674050797163393 0.02004726979331279 0.0
  vertex -0.01061661723241778 0.02309976803659165 0.0
 endloop
endfacet
facet normal 0.0 -0.0 -1.0
 outer loop
  vertex -0.01061661723241778 0.02309976803659165 0.0
  vertex -0.006674050797163393 0.02004726979331279 0.0
  vertex -0.01128887503847384 0.01815915622591972 0.0
 endloop
endfacet
facet normal 0.0 0.0 -1.0
 outer loop
  vertex -0.01128887503847384 0.01815915622591972 0.0
  vertex -0.006674050797163393 0.02004726979331279 0.0
  vertex -0.007346308603219713 0.01510665798264134 0.0
 endloop
endfacet
facet normal 0.0 0.0 -1.0
 outer loop
  vertex -0.05945389090273707 -0.01554381489367939 0.0
  vertex -0.06339645732462364 -0.01249131665316279 0.0
  vertex -0.05878163295663207 -0.01060320314022007 0.0
 endloop
endfacet
facet normal 0.0 0.0 -1.0
 outer loop
  vertex -0.05551132449950232 -0.01859631313458158 0.0
  vertex -0.05945389090273707 -0.01554381489367939 0.0
  vertex -0.05483906668330655 -0.013655701384909 0.0
 endloop
endfacet
facet normal 0.0 0.0 -1.0
 outer loop
  vertex -0.05945389090273707 -0.01554381489367939 0.0
  vertex -0.05878163295663207 -0.01060320314022007 0.0
  vertex -0.05483906668330655 -0.013655701384909 0.0
 endloop
endfacet
facet normal 0.0 0.0 -1.0
 outer loop
  vertex 0.05793348858113444 0.04648085973690322 0.0
  vertex 0.05399092214588339 0.04953335798017613 0.0
  vertex 0.05860487551314066 0.05142034673814828 0.0
 endloop
endfacet
facet normal 0.0 0.0 -1.0
 outer loop
  vertex 0.0618760550163855 0.04342836149363026 0.0
  vertex 0.05793348858113444 0.04648085973690322 0.0
  vertex 0.0625483128224417 0.04836897330430201 0.0
 endloop
endfacet
facet normal -0.0 0.0 -1.0
 outer loop
  vertex 0.0625483128224417 0.04836897330430201 0.0
  vertex 0.05793348858113444 0.04648085973690322 0.0
  vertex 0.05860487551314066 0.05142034673814828 0.0
 endloop
endfacet
facet normal -0.0 0.0 -1.0
 outer loop
  vertex 0.05399092214588339 0.04953335798017613 0.0
  vertex 0.04937609790457614 0.04764524441277733 0.0
  vertex 0.05004835571063235 0.05258585622344907 0.0
 endloop
endfacet
facet normal 0.0 0.0 -1.0
 outer loop
  vertex 0.05399092214588339 0.04953335798017613 0.0
  vertex 0.05004835571063235 0.05258585622344907 0.0
  vertex 0.05466317995193961 0.05447396979084786 0.0
 endloop
endfacet
facet normal 0.0 0.0 -1.0
 outer loop
  vertex 0.05399092214588339 0.04953335798017613 0.0
  vertex 0.05466317995193961 0.05447396979084786 0.0
  vertex 0.05860487551314066 0.05142034673814828 0.0
 endloop
endfacet
facet normal 0.0 0.0 -1.0
 outer loop
  vertex 0.05004835571063235 0.05258585622344907 0.0
  vertex 0.04937609790457614 0.04764524441277733 0.0
  vertex 0.04543353146932509 0.05069774265605025 0.0
 endloop
endfacet
facet normal 0.0 -0.0 -1.0
 outer loop
  vertex 0.04543353146932509 0.05069774265605025 0.0
  vertex 0.04937609790457614 0.04764524441277733 0.0
  vertex 0.04476127366326889 0.04575713084537853 0.0
 endloop
endfacet
facet normal 0.0 0.0 -1.0
 outer loop
  vertex 0.04476127366326889 0.04575713084537853 0.0
  vertex 0.04937609790457614 0.04764524441277733 0.0
  vertex 0.04870384009851995 0.04270463260210561 0.0
 endloop
endfacet
facet normal -0.0 0.0 -1.0
 outer loop
  vertex 0.05004835571063235 0.05258585622344907 0.0
  vertex 0.04543353146932509 0.05069774265605025 0.0
  vertex 0.0461057892753813 0.05563835446672197 0.0
 endloop
endfacet
facet normal 0.0 0.0 -1.0
 outer loop
  vertex 0.05004835571063235 0.05258585622344907 0.0
  vertex 0.0461057892753813 0.05563835446672197 0.0
  vertex 0.05072061351668856 0.05752646803412076 0.0
 endloop
endfacet
facet normal -0.0 0.0 -1.0
 outer loop
  vertex 0.05466317995193961 0.05447396979084786 0.0
  vertex 0.05004835571063235 0.05258585622344907 0.0
  vertex 0.05072061351668856 0.05752646803412076 0.0
 endloop
endfacet
facet normal 0.0 0.0 -1.0
 outer loop
  vertex 0.0461057892753813 0.05563835446672197 0.0
  vertex 0.04543353146932509 0.05069774265605025 0.0
  vertex 0.04149096503407404 0.05375024089932316 0.0
 endloop
endfacet
facet normal 0.0 -0.0 -1.0
 outer loop
  vertex 0.04149096503407404 0.05375024089932316 0.0
  vertex 0.04543353146932509 0.05069774265605025 0.0
  vertex 0.04081870722801784 0.04880962908865145 0.0
 endloop
endfacet
facet normal 0.0 0.0 -1.0
 outer loop
  vertex 0.04543353146932509 0.05069774265605025 0.0
  vertex 0.04476127366326889 0.04575713084537853 0.0
  vertex 0.04081870722801784 0.04880962908865145 0.0
 endloop
endfacet
facet normal -0.0 0.0 -1.0
 outer loop
  vertex 0.0461057892753813 0.05563835446672197 0.0
  vertex 0.04149096503407404 0.05375024089932316 0.0
  vertex 0.04216322284013028 0.05869085270999492 0.0
 endloop
endfacet
facet normal 0.0 0.0 -1.0
 outer loop
  vertex 0.0461057892753813 0.05563835446672197 0.0
  vertex 0.04216322284013028 0.05869085270999492 0.0
  vertex 0.04677804708143753 0.06057896627739373 0.0
 endloop
endfacet
facet normal 0.0 0.0 -1.0
 outer loop
  vertex 0.0461057892753813 0.05563835446672197 0.0
  vertex 0.04677804708143753 0.06057896627739373 0.0
  vertex 0.05072061351668856 0.05752646803412076 0.0
 endloop
endfacet
facet normal 0.0 0.0 -1.0
 outer loop
  vertex 0.04216322284013028 0.05869085270999492 0.0
  vertex 0.04149096503407404 0.05375024089932316 0.0
  vertex 0.03754839859882299 0.05680273914259609 0.0
 endloop
endfacet
facet normal 0.0 -0.0 -1.0
 outer loop
  vertex 0.03754839859882299 0.05680273914259609 0.0
  vertex 0.04149096503407404 0.05375024089932316 0.0
  vertex 0.03687614079276678 0.05186212733192437 0.0
 endloop
endfacet
facet normal 0.0 0.0 -1.0
 outer loop
  vertex 0.03687614079276678 0.05186212733192437 0.0
  vertex 0.04149096503407404 0.05375024089932316 0.0
  vertex 0.04081870722801784 0.04880962908865145 0.0
 endloop
endfacet
facet normal -0.0 0.0 -1.0
 outer loop
  vertex 0.04216322284013028 0.05869085270999492 0.0
  vertex 0.03754839859882299 0.05680273914259609 0.0
  vertex 0.03822065640487929 0.06174335095326786 0.0
 endloop
endfacet
facet normal 0.0 0.0 -1.0
 outer loop
  vertex 0.04216322284013028 0.05869085270999492 0.0
  vertex 0.03822065640487929 0.06174335095326786 0.0
  vertex 0.04283554469912791 0.06363130796595966 0.0
 endloop
endfacet
facet normal -0.0 0.0 -1.0
 outer loop
  vertex 0.04677804708143753 0.06057896627739373 0.0
  vertex 0.04216322284013028 0.05869085270999492 0.0
  vertex 0.04283554469912791 0.06363130796595966 0.0
 endloop
endfacet
facet normal 0.0 0.0 -1.0
 outer loop
  vertex 0.03822065640487929 0.06174335095326786 0.0
  vertex 0.03754839859882299 0.05680273914259609 0.0
  vertex 0.03360583216357196 0.05985523738586902 0.0
 endloop
endfacet
facet normal 0.0 -0.0 -1.0
 outer loop
  vertex 0.03360583216357196 0.05985523738586902 0.0
  vertex 0.03754839859882299 0.05680273914259609 0.0
  vertex 0.03293357435751574 0.05491462557519729 0.0
 endloop
endfacet
facet normal 0.0 0.0 -1.0
 outer loop
  vertex 0.03293357435751574 0.05491462557519729 0.0
  vertex 0.03754839859882299 0.05680273914259609 0.0
  vertex 0.03687614079276678 0.05186212733192437 0.0
 endloop
endfacet
facet normal -0.0 0.0 -1.0
 outer loop
  vertex 0.03822065640487929 0.06174335095326786 0.0
  vertex 0.03360583216357196 0.05985523738586902 0.0
  vertex 0.03427817791036736 0.064795634256581 0.0
 endloop
endfacet
facet normal 0.0 0.0 -1.0
 outer loop
  vertex 0.03822065640487929 0.06174335095326786 0.0
  vertex 0.03889316779552517 0.06668334296631137 0.0
  vertex 0.04283554469912791 0.06363130796595966 0.0
 endloop
endfacet
facet normal 0.0 0.0 -1.0
 outer loop
  vertex 0.03889316779552517 0.06668334296631137 0.0
  vertex 0.03822065640487929 0.06174335095326786 0.0
  vertex 0.03427817791036736 0.064795634256581 0.0
 endloop
endfacet
facet normal 0.0 0.0 -1.0
 outer loop
  vertex -0.07195384798152489 -0.01132693196093431 0.0
  vertex -0.07262610578758116 -0.01626754377160607 0.0
  vertex -0.07648508439954722 -0.01310708459921375 0.0
 endloop
endfacet
facet normal 0.0 -0.0 -1.0
 outer loop
  vertex -0.07648508439954722 -0.01310708459921375 0.0
  vertex -0.07262610578758116 -0.01626754377160607 0.0
  vertex -0.07720290707958413 -0.01815375928667507 0.0
 endloop
endfacet
facet normal 0.0 0.0 -1.0
 outer loop
  vertex -0.07720290707958413 -0.01815375928667507 0.0
  vertex -0.07262610578758116 -0.01626754377160607 0.0
  vertex -0.07329199333761555 -0.02120784380854158 0.0
 endloop
endfacet
facet normal 0.0 -0.0 -1.0
 outer loop
  vertex -0.00627473419436978 -0.07310062571791817 0.0
  vertex -0.002332167759118744 -0.07615312396119116 0.0
  vertex -0.006946992000426028 -0.07804123752858992 0.0
 endloop
endfacet
facet normal 0.0 0.0 -1.0
 outer loop
  vertex -0.006946992000426028 -0.07804123752858992 0.0
  vertex -0.002332167759118744 -0.07615312396119116 0.0
  vertex -0.003004425565174987 -0.08109373577186291 0.0
 endloop
endfacet
facet normal 0.0 0.0 -1.0
 outer loop
  vertex -0.003004425565174987 -0.08109373577186291 0.0
  vertex -0.002332167759118744 -0.07615312396119116 0.0
  vertex 0.001610942246842621 -0.07921132885425092 0.0
 endloop
endfacet
facet normal 0.0 0.0 -1.0
 outer loop
  vertex -0.00627473419436978 -0.07310062571791817 0.0
  vertex -0.006946992000426028 -0.07804123752858992 0.0
  vertex -0.01088955843567707 -0.07498873928531694 0.0
 endloop
endfacet
facet normal -0.0 0.0 -1.0
 outer loop
  vertex -0.00627473419436978 -0.07310062571791817 0.0
  vertex -0.01088955843567707 -0.07498873928531694 0.0
  vertex -0.01021730062962082 -0.0700481274746452 0.0
 endloop
endfacet
facet normal 0.0 0.0 -1.0
 outer loop
  vertex -0.00627473419436978 -0.07310062571791817 0.0
  vertex -0.01021730062962082 -0.0700481274746452 0.0
  vertex -0.005602476388313586 -0.06816001390724646 0.0
 endloop
endfacet
facet normal 0.0 0.0 -1.0
 outer loop
  vertex 0.01939684354592024 -0.07659232721813387 0.0
  vertex 0.01545487140005428 -0.07354128150226794 0.0
  vertex 0.02006930934672975 -0.07165222378134034 0.0
 endloop
endfacet
facet normal 0.0 -0.0 -1.0
 outer loop
  vertex 0.01545487140005428 -0.07354128150226794 0.0
  vertex 0.01939684354592024 -0.07659232721813387 0.0
  vertex 0.01477847186668923 -0.0784717711546774 0.0
 endloop
endfacet
facet normal 0.0 0.0 -1.0
 outer loop
  vertex 0.01083977986554266 -0.075428742471861 0.0
  vertex 0.01545487140005428 -0.07354128150226794 0.0
  vertex 0.01477847186668923 -0.0784717711546774 0.0
 endloop
endfacet
facet normal 0.0 0.0 -1.0
 outer loop
  vertex -0.06523126992072976 0.03807918614608383 0.0
  vertex -0.06590352772534994 0.03313857433726697 0.0
  vertex -0.06984609416195295 0.03619107257879373 0.0
 endloop
endfacet
facet normal 0.0 0.0 -1.0
 outer loop
  vertex -0.06455901211486759 0.0430197979565049 0.0
  vertex -0.06523126992072976 0.03807918614608383 0.0
  vertex -0.06917349343083604 0.04113195955186019 0.0
 endloop
endfacet
facet normal -0.0 0.0 -1.0
 outer loop
  vertex -0.06523126992072976 0.03807918614608383 0.0
  vertex -0.06984609416195295 0.03619107257879373 0.0
  vertex -0.06917349343083604 0.04113195955186019 0.0
 endloop
endfacet
facet normal 0.0 -0.0 -1.0
 outer loop
  vertex -0.06984609416195295 0.03619107257879373 0.0
  vertex -0.06590352772534994 0.03313857433726697 0.0
  vertex -0.07051835197031708 0.0312504607738151 0.0
 endloop
endfacet
facet normal 0.0 0.0 -1.0
 outer loop
  vertex -0.07051835197031708 0.0312504607738151 0.0
  vertex -0.06590352772534994 0.03313857433726697 0.0
  vertex -0.06657578554459723 0.02819796253702516 0.0
 endloop
endfacet
facet normal 0.0 0.0 -1.0
 outer loop
  vertex -0.06657578554459723 0.02819796253702516 0.0
  vertex -0.06590352772534994 0.03313857433726697 0.0
  vertex -0.06196096047020561 0.03008607595593589 0.0
 endloop
endfacet
facet normal 0.0 -0.0 -1.0
 outer loop
  vertex 0.009949863085990088 0.07816949003905395 0.0
  vertex 0.01389299998731706 0.075117728602234 0.0
  vertex 0.009278064822050588 0.07322947176691377 0.0
 endloop
endfacet
facet normal 0.0 0.0 -1.0
 outer loop
  vertex 0.01389299998731706 0.075117728602234 0.0
  vertex 0.009949863085990088 0.07816949003905395 0.0
  vertex 0.01456080247824229 0.08004886261380133 0.0
 endloop
endfacet
facet normal -0.0 0.0 -1.0
 outer loop
  vertex 0.01850782422862438 0.07700584216963281 0.0
  vertex 0.01389299998731706 0.075117728602234 0.0
  vertex 0.01456080247824229 0.08004886261380133 0.0
 endloop
endfacet
facet normal 0.0 0.0 -1.0
 outer loop
  vertex 0.05466317995193961 0.05447396979084786 0.0
  vertex 0.0592727789489469 0.05635533450168673 0.0
  vertex 0.05860487551314066 0.05142034673814828 0.0
 endloop
endfacet
facet normal -0.0 0.0 -1.0
 outer loop
  vertex 0.0592727789489469 0.05635533450168673 0.0
  vertex 0.05466317995193961 0.05447396979084786 0.0
  vertex 0.05534964459776468 0.05941559945105513 0.0
 endloop
endfacet
facet normal 0.0 0.0 -1.0
 outer loop
  vertex 0.05466317995193961 0.05447396979084786 0.0
  vertex 0.05072061351668856 0.05752646803412076 0.0
  vertex 0.05534964459776468 0.05941559945105513 0.0
 endloop
endfacet
facet normal 0.0 0.0 -1.0
 outer loop
  vertex -0.06455901211486759 0.0430197979565049 0.0
  vertex -0.06849952099848673 0.0460739471755431 0.0
  vertex -0.06388333405540471 0.0479603216096927 0.0
 endloop
endfacet
facet normal 0.0 -0.0 -1.0
 outer loop
  vertex -0.06849952099848673 0.0460739471755431 0.0
  vertex -0.06455901211486759 0.0430197979565049 0.0
  vertex -0.06917349343083604 0.04113195955186019 0.0
 endloop
endfacet
facet normal 0.0 0.0 -1.0
 outer loop
  vertex -0.06455901211486759 0.0430197979565049 0.0
  vertex -0.06388333405540471 0.0479603216096927 0.0
  vertex -0.05994355249857891 0.04490796033050182 0.0
 endloop
endfacet
facet normal 0.0 0.0 -1.0
 outer loop
  vertex 0.05072061351668856 0.05752646803412076 0.0
  vertex 0.04677804708143753 0.06057896627739373 0.0
  vertex 0.05140120696693919 0.06246313957874274 0.0
 endloop
endfacet
facet normal -0.0 0.0 -1.0
 outer loop
  vertex 0.05140120696693919 0.06246313957874274 0.0
  vertex 0.04677804708143753 0.06057896627739373 0.0
  vertex 0.04744642253313642 0.06551198335658626 0.0
 endloop
endfacet
facet normal 0.0 0.0 -1.0
 outer loop
  vertex 0.04677804708143753 0.06057896627739373 0.0
  vertex 0.04283554469912791 0.06363130796595966 0.0
  vertex 0.04744642253313642 0.06551198335658626 0.0
 endloop
endfacet
facet normal 0.0 0.0 -1.0
 outer loop
  vertex 0.06294762942523939 -0.04477892220693622 0.0
  vertex 0.06361988723129564 -0.03983831039626443 0.0
  vertex 0.06756055950003292 -0.04289055090461028 0.0
 endloop
endfacet
facet normal 0.0 0.0 -1.0
 outer loop
  vertex 0.06228369182579789 -0.04974743542599255 0.0
  vertex 0.06294762942523939 -0.04477892220693622 0.0
  vertex 0.06690171537989627 -0.04785668961202899 0.0
 endloop
endfacet
facet normal 0.0 0.0 -1.0
 outer loop
  vertex 0.06294762942523939 -0.04477892220693622 0.0
  vertex 0.06756055950003292 -0.04289055090461028 0.0
  vertex 0.06690171537989627 -0.04785668961202899 0.0
 endloop
endfacet
facet normal 0.0 0.0 -1.0
 outer loop
  vertex 0.0263929570991264 0.07090084568308683 0.0
  vertex 0.02245039066387538 0.0739533439263598 0.0
  vertex 0.02706521490518264 0.07584145749375851 0.0
 endloop
endfacet
facet normal -0.0 0.0 -1.0
 outer loop
  vertex 0.02706521490518264 0.07584145749375851 0.0
  vertex 0.02245039066387538 0.0739533439263598 0.0
  vertex 0.02312264846993169 0.07889395573703148 0.0
 endloop
endfacet
facet normal 0.0 0.0 -1.0
 outer loop
  vertex 0.02312264846993169 0.07889395573703148 0.0
  vertex 0.02245039066387538 0.0739533439263598 0.0
  vertex 0.01850782422862438 0.07700584216963281 0.0
 endloop
endfacet
facet normal 0.0 0.0 -1.0
 outer loop
  vertex 0.05304572313656868 -0.0534957611524056 0.0
  vertex 0.05766054737787593 -0.0516076475850068 0.0
  vertex 0.05701774422344403 -0.05663861693034689 0.0
 endloop
endfacet
facet normal 0.0 0.0 -1.0
 outer loop
  vertex 0.05701774422344403 -0.05663861693034689 0.0
  vertex 0.05766054737787593 -0.0516076475850068 0.0
  vertex 0.0616530350528153 -0.05482755427858716 0.0
 endloop
endfacet
facet normal 0.0 0.0 -1.0
 outer loop
  vertex 0.0616530350528153 -0.05482755427858716 0.0
  vertex 0.05766054737787593 -0.0516076475850068 0.0
  vertex 0.06228369182579789 -0.04974743542599255 0.0
 endloop
endfacet
facet normal 0.0 -0.0 -1.0
 outer loop
  vertex 0.05304572313656868 -0.0534957611524056 0.0
  vertex 0.05701774422344403 -0.05663861693034689 0.0
  vertex 0.05237837443911653 -0.05845143255218875 0.0
 endloop
endfacet
facet normal 0.0 0.0 -1.0
 outer loop
  vertex 0.05304572313656868 -0.0534957611524056 0.0
  vertex 0.05237837443911653 -0.05845143255218875 0.0
  vertex 0.04843171708002875 -0.05538638465132299 0.0
 endloop
endfacet
facet normal -0.0 0.0 -1.0
 outer loop
  vertex 0.05304572313656868 -0.0534957611524056 0.0
  vertex 0.04843171708002875 -0.05538638465132299 0.0
  vertex 0.04910332080984379 -0.05044376634207194 0.0
 endloop
endfacet
facet normal -0.0 0.0 -1.0
 outer loop
  vertex -0.003221781365799531 0.0774464979539823 0.0
  vertex -0.007836605607106778 0.07555838438658352 0.0
  vertex -0.007164347801050552 0.08049899619725523 0.0
 endloop
endfacet
facet normal -0.0 0.0 -1.0
 outer loop
  vertex 0.001393042875507713 0.07933461152138109 0.0
  vertex -0.003221781365799531 0.0774464979539823 0.0
  vertex -0.00254952355974333 0.08238710976465402 0.0
 endloop
endfacet
facet normal 0.0 0.0 -1.0
 outer loop
  vertex -0.00254952355974333 0.08238710976465402 0.0
  vertex -0.003221781365799531 0.0774464979539823 0.0
  vertex -0.007164347801050552 0.08049899619725523 0.0
 endloop
endfacet
facet normal 0.0 0.0 -1.0
 outer loop
  vertex -0.007836605607106778 0.07555838438658352 0.0
  vertex -0.008508863413162999 0.07061777257591179 0.0
  vertex -0.01245142984841401 0.07367027081918473 0.0
 endloop
endfacet
facet normal -0.0 0.0 -1.0
 outer loop
  vertex -0.007836605607106778 0.07555838438658352 0.0
  vertex -0.01245142984841401 0.07367027081918473 0.0
  vertex -0.01177917204235782 0.07861088262985644 0.0
 endloop
endfacet
facet normal 0.0 0.0 -1.0
 outer loop
  vertex -0.007836605607106778 0.07555838438658352 0.0
  vertex -0.01177917204235782 0.07861088262985644 0.0
  vertex -0.007164347801050552 0.08049899619725523 0.0
 endloop
endfacet
facet normal 0.0 -0.0 -1.0
 outer loop
  vertex -0.01088955843567707 -0.07498873928531694 0.0
  vertex -0.006946992000426028 -0.07804123752858992 0.0
  vertex -0.01156181624173331 -0.07992935109598866 0.0
 endloop
endfacet
facet normal 0.0 -0.0 -1.0
 outer loop
  vertex -0.006946992000426028 -0.07804123752858992 0.0
  vertex -0.003004425565174987 -0.08109373577186291 0.0
  vertex -0.007619249806482277 -0.08298184933926164 0.0
 endloop
endfacet
facet normal 0.0 0.0 -1.0
 outer loop
  vertex -0.006946992000426028 -0.07804123752858992 0.0
  vertex -0.007619249806482277 -0.08298184933926164 0.0
  vertex -0.01156181624173331 -0.07992935109598866 0.0
 endloop
endfacet
facet normal 0.0 0.0 -1.0
 outer loop
  vertex -0.01021730062962082 -0.0700481274746452 0.0
  vertex -0.01088955843567707 -0.07498873928531694 0.0
  vertex -0.01483212487092811 -0.07193624104204398 0.0
 endloop
endfacet
facet normal 0.0 -0.0 -1.0
 outer loop
  vertex -0.01483212487092811 -0.07193624104204398 0.0
  vertex -0.01088955843567707 -0.07498873928531694 0.0
  vertex -0.01550438267698435 -0.07687685285271571 0.0
 endloop
endfacet
facet normal 0.0 0.0 -1.0
 outer loop
  vertex -0.01550438267698435 -0.07687685285271571 0.0
  vertex -0.01088955843567707 -0.07498873928531694 0.0
  vertex -0.01156181624173331 -0.07992935109598866 0.0
 endloop
endfacet
facet normal -0.0 0.0 -1.0
 outer loop
  vertex -0.07195384798152489 -0.01132693196093431 0.0
  vertex -0.07648508439954722 -0.01310708459921375 0.0
  vertex -0.07588248311289505 -0.008256440229474781 0.0
 endloop
endfacet
facet normal 0.0 0.0 -1.0
 outer loop
  vertex -0.07195384798152489 -0.01132693196093431 0.0
  vertex -0.07588248311289505 -0.008256440229474781 0.0
  vertex -0.07127880301080054 -0.006382718684196391 0.0
 endloop
endfacet
facet normal -0.0 0.0 -1.0
 outer loop
  vertex -0.06733902377078563 -0.009438818386178934 0.0
  vertex -0.07195384798152489 -0.01132693196093431 0.0
  vertex -0.07127880301080054 -0.006382718684196391 0.0
 endloop
endfacet
facet normal 0.0 0.0 -1.0
 outer loop
  vertex -0.07648508439954722 -0.01310708459921375 0.0
  vertex -0.07720290707958413 -0.01815375928667507 0.0
  vertex -0.080767198521263 -0.01466223954720666 0.0
 endloop
endfacet
facet normal 0.0 0.0 -1.0
 outer loop
  vertex -0.07588248311289505 -0.008256440229474781 0.0
  vertex -0.07648508439954722 -0.01310708459921375 0.0
  vertex -0.08041139764693728 -0.01003359395305643 0.0
 endloop
endfacet
facet normal 0.0 -0.0 -1.0
 outer loop
  vertex -0.08041139764693728 -0.01003359395305643 0.0
  vertex -0.07648508439954722 -0.01310708459921375 0.0
  vertex -0.080767198521263 -0.01466223954720666 0.0
 endloop
endfacet
facet normal -0.0 0.0 -1.0
 outer loop
  vertex 0.01111298836200558 0.02265911225224359 0.0
  vertex 0.006498164120698192 0.02077099868484472 0.0
  vertex 0.007170421926754581 0.02571161049551656 0.0
 endloop
endfacet
facet normal 0.0 0.0 -1.0
 outer loop
  vertex 0.006498164120698192 0.02077099868484472 0.0
  vertex 0.01111298836200558 0.02265911225224359 0.0
  vertex 0.01044073055594934 0.01771850044157186 0.0
 endloop
endfacet
facet normal 0.0 0.0 -1.0
 outer loop
  vertex 0.007170421926754581 0.02571161049551656 0.0
  vertex 0.006498164120698192 0.02077099868484472 0.0
  vertex 0.002555597685451288 0.02382349692811036 0.0
 endloop
endfacet
facet normal 0.0 0.0 -1.0
 outer loop
  vertex 0.04977541450737381 -0.04550265109846092 0.0
  vertex 0.04583284807212273 -0.04245015285518798 0.0
  vertex 0.05044767231343001 -0.04056203928778916 0.0
 endloop
endfacet
facet normal 0.0 -0.0 -1.0
 outer loop
  vertex 0.04583284807212273 -0.04245015285518798 0.0
  vertex 0.04977541450737381 -0.04550265109846092 0.0
  vertex 0.0451606508156998 -0.04739095041294156 0.0
 endloop
endfacet
facet normal 0.0 0.0 -1.0
 outer loop
  vertex 0.04977541450737381 -0.04550265109846092 0.0
  vertex 0.04910332080984379 -0.05044376634207194 0.0
  vertex 0.0451606508156998 -0.04739095041294156 0.0
 endloop
endfacet
facet normal 0.0 -0.0 -1.0
 outer loop
  vertex 0.05918702379216068 0.02366591425094334 0.0
  vertex 0.06312959022741173 0.02061341600767043 0.0
  vertex 0.05851476598610448 0.01872530244027163 0.0
 endloop
endfacet
facet normal 0.0 0.0 -1.0
 outer loop
  vertex 0.05918702379216068 0.02366591425094334 0.0
  vertex 0.05851476598610448 0.01872530244027163 0.0
  vertex 0.05457219955085341 0.02177780068354456 0.0
 endloop
endfacet
facet normal -0.0 0.0 -1.0
 outer loop
  vertex 0.05918702379216068 0.02366591425094334 0.0
  vertex 0.05457219955085341 0.02177780068354456 0.0
  vertex 0.05524445735690962 0.02671841249421628 0.0
 endloop
endfacet
facet normal -0.0 0.0 -1.0
 outer loop
  vertex 0.01747164481822285 -0.0587194460702526 0.0
  vertex 0.01285682057691557 -0.0606075596376514 0.0
  vertex 0.01352907838297223 -0.05566694782698078 0.0
 endloop
endfacet
facet normal -0.0 0.0 -1.0
 outer loop
  vertex 0.01285682057691557 -0.0606075596376514 0.0
  vertex 0.008241996335608927 -0.06249567320505157 0.0
  vertex 0.008914254141666026 -0.05755506139438182 0.0
 endloop
endfacet
facet normal 0.0 0.0 -1.0
 outer loop
  vertex 0.01285682057691557 -0.0606075596376514 0.0
  vertex 0.008914254141666026 -0.05755506139438182 0.0
  vertex 0.01352907838297223 -0.05566694782698078 0.0
 endloop
endfacet
facet normal -0.0 0.0 -1.0
 outer loop
  vertex -0.00098765214700626 -0.06627190033984773 0.0
  vertex -0.005602476388313586 -0.06816001390724646 0.0
  vertex -0.004930218582247086 -0.0632194020965979 0.0
 endloop
endfacet
facet normal -0.0 0.0 -1.0
 outer loop
  vertex 0.003627172094301601 -0.06438378677245016 0.0
  vertex -0.00098765214700626 -0.06627190033984773 0.0
  vertex -0.0003153943409403177 -0.06133128852919782 0.0
 endloop
endfacet
facet normal 0.0 0.0 -1.0
 outer loop
  vertex -0.0003153943409403177 -0.06133128852919782 0.0
  vertex -0.00098765214700626 -0.06627190033984773 0.0
  vertex -0.004930218582247086 -0.0632194020965979 0.0
 endloop
endfacet
facet normal 0.0 -0.0 -1.0
 outer loop
  vertex 0.006225222917439635 -0.07731750863706538 0.0
  vertex 0.01016618559346484 -0.08036609129350437 0.0
  vertex 0.005551579357077356 -0.08225849666888331 0.0
 endloop
endfacet
facet normal 0.0 0.0 -1.0
 outer loop
  vertex 0.01016618559346484 -0.08036609129350437 0.0
  vertex 0.006225222917439635 -0.07731750863706538 0.0
  vertex 0.01083977986554266 -0.075428742471861 0.0
 endloop
endfacet
facet normal 0.0 0.0 -1.0
 outer loop
  vertex 0.006225222917439635 -0.07731750863706538 0.0
  vertex 0.005551579357077356 -0.08225849666888331 0.0
  vertex 0.001610942246842621 -0.07921132885425092 0.0
 endloop
endfacet
facet normal 0.0 0.0 -1.0
 outer loop
  vertex 0.001393042875507713 0.07933461152138109 0.0
  vertex -0.00254952355974333 0.08238710976465402 0.0
  vertex 0.002065300681563908 0.08427522333205281 0.0
 endloop
endfacet
facet normal 0.0 0.0 -1.0
 outer loop
  vertex 0.001393042875507713 0.07933461152138109 0.0
  vertex 0.002065300681563908 0.08427522333205281 0.0
  vertex 0.006007867116814951 0.0812227250887799 0.0
 endloop
endfacet
facet normal 0.0 0.0 -1.0
 outer loop
  vertex 0.001393042875507713 0.07933461152138109 0.0
  vertex 0.006007867116814951 0.0812227250887799 0.0
  vertex 0.00533551423307943 0.07628199047703263 0.0
 endloop
endfacet
facet normal 0.0 -0.0 -1.0
 outer loop
  vertex -0.07720290707958413 -0.01815375928667507 0.0
  vertex -0.07329199333761555 -0.02120784380854158 0.0
  vertex -0.07784510042818812 -0.02323275799014977 0.0
 endloop
endfacet
facet normal 0.0 0.0 -1.0
 outer loop
  vertex -0.07720290707958413 -0.01815375928667507 0.0
  vertex -0.07784510042818812 -0.02323275799014977 0.0
  vertex -0.08156445526090618 -0.0207557480632598 0.0
 endloop
endfacet
facet normal -0.0 0.0 -1.0
 outer loop
  vertex -0.07720290707958413 -0.01815375928667507 0.0
  vertex -0.08156445526090618 -0.0207557480632598 0.0
  vertex -0.080767198521263 -0.01466223954720666 0.0
 endloop
endfacet
facet normal 0.0 0.0 -1.0
 outer loop
  vertex -0.06984609416195295 0.03619107257879373 0.0
  vertex -0.07051835197031708 0.0312504607738151 0.0
  vertex -0.07446091840385617 0.03430295901207092 0.0
 endloop
endfacet
facet normal -0.0 0.0 -1.0
 outer loop
  vertex -0.06984609416195295 0.03619107257879373 0.0
  vertex -0.07446091840385617 0.03430295901207092 0.0
  vertex -0.07378866059751457 0.03924357082190647 0.0
 endloop
endfacet
facet normal 0.0 0.0 -1.0
 outer loop
  vertex -0.06984609416195295 0.03619107257879373 0.0
  vertex -0.07378866059751457 0.03924357082190647 0.0
  vertex -0.06917349343083604 0.04113195955186019 0.0
 endloop
endfacet
facet normal 0.0 -0.0 -1.0
 outer loop
  vertex -0.07051835197031708 0.0312504607738151 0.0
  vertex -0.06657578554459723 0.02819796253702516 0.0
  vertex -0.07119048085108962 0.02630982938311669 0.0
 endloop
endfacet
facet normal 0.0 -0.0 -1.0
 outer loop
  vertex -0.07446091840385617 0.03430295901207092 0.0
  vertex -0.07051835197031708 0.0312504607738151 0.0
  vertex -0.07513317621233365 0.02936234720718683 0.0
 endloop
endfacet
facet normal 0.0 0.0 -1.0
 outer loop
  vertex -0.07513317621233365 0.02936234720718683 0.0
  vertex -0.07051835197031708 0.0312504607738151 0.0
  vertex -0.07119048085108962 0.02630982938311669 0.0
 endloop
endfacet
facet normal 0.0 0.0 -1.0
 outer loop
  vertex 0.07822759816235972 0.003462811223907078 0.0
  vertex 0.07889985596841595 0.008403423034578826 0.0
  vertex 0.08284242240366699 0.005350924791305869 0.0
 endloop
endfacet
facet normal 0.0 0.0 -1.0
 outer loop
  vertex 0.07822759816235972 0.003462811223907078 0.0
  vertex 0.08284242240366699 0.005350924791305869 0.0
  vertex 0.08217016459761076 0.0004103129806341236 0.0
 endloop
endfacet
facet normal 0.0 -0.0 -1.0
 outer loop
  vertex 0.07822759816235972 0.003462811223907078 0.0
  vertex 0.08217016459761076 0.0004103129806341236 0.0
  vertex 0.07755517440481352 -0.001477778006123044 0.0
 endloop
endfacet
facet normal 0.0 0.0 -1.0
 outer loop
  vertex 0.07889985596841595 0.008403423034578826 0.0
  vertex 0.07495728953316493 0.01145592127785177 0.0
  vertex 0.07957211377447218 0.01334403484525058 0.0
 endloop
endfacet
facet normal 0.0 0.0 -1.0
 outer loop
  vertex 0.07889985596841595 0.008403423034578826 0.0
  vertex 0.07957211377447218 0.01334403484525058 0.0
  vertex 0.08345765712906668 0.01028691552603424 0.0
 endloop
endfacet
facet normal 0.0 0.0 -1.0
 outer loop
  vertex 0.08284242240366699 0.005350924791305869 0.0
  vertex 0.07889985596841595 0.008403423034578826 0.0
  vertex 0.08345765712906668 0.01028691552603424 0.0
 endloop
endfacet
facet normal -0.0 0.0 -1.0
 outer loop
  vertex -0.006001792991109569 0.02498788160398874 0.0
  vertex -0.01061661723241778 0.02309976803659165 0.0
  vertex -0.009944359426361873 0.02804037984726402 0.0
 endloop
endfacet
facet normal -0.0 0.0 -1.0
 outer loop
  vertex -0.001386968749802579 0.0268759951713884 0.0
  vertex -0.006001792991109569 0.02498788160398874 0.0
  vertex -0.005329535185054327 0.02992849341466251 0.0
 endloop
endfacet
facet normal 0.0 0.0 -1.0
 outer loop
  vertex -0.006001792991109569 0.02498788160398874 0.0
  vertex -0.009944359426361873 0.02804037984726402 0.0
  vertex -0.005329535185054327 0.02992849341466251 0.0
 endloop
endfacet
facet normal 0.0 0.0 -1.0
 outer loop
  vertex -0.009944359426361873 0.02804037984726402 0.0
  vertex -0.01061661723241778 0.02309976803659165 0.0
  vertex -0.01455918366766951 0.02615226627986575 0.0
 endloop
endfacet
facet normal 0.0 0.0 -1.0
 outer loop
  vertex -0.01061661723241778 0.02309976803659165 0.0
  vertex -0.01128887503847384 0.01815915622591972 0.0
  vertex -0.01523144147372569 0.02121165446919402 0.0
 endloop
endfacet
facet normal -0.0 0.0 -1.0
 outer loop
  vertex -0.01061661723241778 0.02309976803659165 0.0
  vertex -0.01523144147372569 0.02121165446919402 0.0
  vertex -0.01455918366766951 0.02615226627986575 0.0
 endloop
endfacet
facet normal 0.0 0.0 -1.0
 outer loop
  vertex -0.001386968749802579 0.0268759951713884 0.0
  vertex -0.0007147109437472925 0.03181660698206214 0.0
  vertex 0.003227855491503753 0.0287641087387891 0.0
 endloop
endfacet
facet normal 0.0 0.0 -1.0
 outer loop
  vertex -0.0007147109437472925 0.03181660698206214 0.0
  vertex -0.001386968749802579 0.0268759951713884 0.0
  vertex -0.005329535185054327 0.02992849341466251 0.0
 endloop
endfacet
facet normal 0.0 0.0 -1.0
 outer loop
  vertex -0.001386968749802579 0.0268759951713884 0.0
  vertex 0.003227855491503753 0.0287641087387891 0.0
  vertex 0.002555597685451288 0.02382349692811036 0.0
 endloop
endfacet
facet normal 0.0 -0.0 -1.0
 outer loop
  vertex -0.01245142984841401 0.07367027081918473 0.0
  vertex -0.008508863413162999 0.07061777257591179 0.0
  vertex -0.01312368765447024 0.06872965900851302 0.0
 endloop
endfacet
facet normal 0.0 0.0 -1.0
 outer loop
  vertex -0.01312368765447024 0.06872965900851302 0.0
  vertex -0.008508863413162999 0.07061777257591179 0.0
  vertex -0.009181121219219225 0.06567716076524009 0.0
 endloop
endfacet
facet normal 0.0 0.0 -1.0
 outer loop
  vertex -0.009181121219219225 0.06567716076524009 0.0
  vertex -0.008508863413162999 0.07061777257591179 0.0
  vertex -0.00456629697791196 0.06756527433263886 0.0
 endloop
endfacet
facet normal 0.0 0.0 -1.0
 outer loop
  vertex -0.01177917204235782 0.07861088262985644 0.0
  vertex -0.01245142984841401 0.07367027081918473 0.0
  vertex -0.01639399628366505 0.07672276906245767 0.0
 endloop
endfacet
facet normal 0.0 -0.0 -1.0
 outer loop
  vertex -0.01639399628366505 0.07672276906245767 0.0
  vertex -0.01245142984841401 0.07367027081918473 0.0
  vertex -0.01706626425197743 0.07178215267840739 0.0
 endloop
endfacet
facet normal 0.0 0.0 -1.0
 outer loop
  vertex -0.01245142984841401 0.07367027081918473 0.0
  vertex -0.01312368765447024 0.06872965900851302 0.0
  vertex -0.01706626425197743 0.07178215267840739 0.0
 endloop
endfacet
facet normal 0.0 0.0 -1.0
 outer loop
  vertex 0.04265351984401276 -0.001760873693941578 0.0
  vertex 0.0433257776500694 0.003179738116730729 0.0
  vertex 0.04726834408532092 0.0001272398734583871 0.0
 endloop
endfacet
facet normal 0.0 0.0 -1.0
 outer loop
  vertex 0.0433257776500694 0.003179738116730729 0.0
  vertex 0.043998035456126 0.008120349927402985 0.0
  vertex 0.04794060189137722 0.005067851684130271 0.0
 endloop
endfacet
facet normal 0.0 0.0 -1.0
 outer loop
  vertex 0.04726834408532092 0.0001272398734583871 0.0
  vertex 0.0433257776500694 0.003179738116730729 0.0
  vertex 0.04794060189137722 0.005067851684130271 0.0
 endloop
endfacet
facet normal -0.0 0.0 -1.0
 outer loop
  vertex 0.07957211377447218 0.01334403484525058 0.0
  vertex 0.07495728953316493 0.01145592127785177 0.0
  vertex 0.07562954733922114 0.0163965330885235 0.0
 endloop
endfacet
facet normal 0.0 0.0 -1.0
 outer loop
  vertex 0.07562954733922114 0.0163965330885235 0.0
  vertex 0.07495728953316493 0.01145592127785177 0.0
  vertex 0.07101472309791387 0.01450841952112468 0.0
 endloop
endfacet
facet normal -0.0 0.0 -1.0
 outer loop
  vertex 0.07495728953316493 0.01145592127785177 0.0
  vertex 0.07034246529185767 0.009567807710452972 0.0
  vertex 0.07101472309791387 0.01450841952112468 0.0
 endloop
endfacet
facet normal -0.0 0.0 -1.0
 outer loop
  vertex -0.01021730062962082 -0.0700481274746452 0.0
  vertex -0.01483212487092811 -0.07193624104204398 0.0
  vertex -0.0141598670648719 -0.06699562923137228 0.0
 endloop
endfacet
facet normal 0.0 0.0 -1.0
 outer loop
  vertex -0.01021730062962082 -0.0700481274746452 0.0
  vertex -0.0141598670648719 -0.06699562923137228 0.0
  vertex -0.009545042823553028 -0.06510751566400035 0.0
 endloop
endfacet
facet normal -0.0 0.0 -1.0
 outer loop
  vertex -0.005602476388313586 -0.06816001390724646 0.0
  vertex -0.01021730062962082 -0.0700481274746452 0.0
  vertex -0.009545042823553028 -0.06510751566400035 0.0
 endloop
endfacet
facet normal 0.0 0.0 -1.0
 outer loop
  vertex -0.01483212487092811 -0.07193624104204398 0.0
  vertex -0.01550438267698435 -0.07687685285271571 0.0
  vertex -0.01944694911223539 -0.07382435460944275 0.0
 endloop
endfacet
facet normal -0.0 0.0 -1.0
 outer loop
  vertex -0.01483212487092811 -0.07193624104204398 0.0
  vertex -0.01944694911223539 -0.07382435460944275 0.0
  vertex -0.01877469130617915 -0.06888374279877103 0.0
 endloop
endfacet
facet normal 0.0 0.0 -1.0
 outer loop
  vertex -0.01483212487092811 -0.07193624104204398 0.0
  vertex -0.01877469130617915 -0.06888374279877103 0.0
  vertex -0.0141598670648719 -0.06699562923137228 0.0
 endloop
endfacet
facet normal 0.0 -0.0 -1.0
 outer loop
  vertex -0.01944694911223539 -0.07382435460944275 0.0
  vertex -0.01550438267698435 -0.07687685285271571 0.0
  vertex -0.02011920691829164 -0.07876496642011449 0.0
 endloop
endfacet
facet normal 0.0 0.0 -1.0
 outer loop
  vertex -0.02011920691829164 -0.07876496642011449 0.0
  vertex -0.01550438267698435 -0.07687685285271571 0.0
  vertex -0.01617664048304058 -0.08181746466338745 0.0
 endloop
endfacet
facet normal 0.0 0.0 -1.0
 outer loop
  vertex -0.01617664048304058 -0.08181746466338745 0.0
  vertex -0.01550438267698435 -0.07687685285271571 0.0
  vertex -0.01156181624173331 -0.07992935109598866 0.0
 endloop
endfacet
facet normal 0.0 0.0 -1.0
 outer loop
  vertex -0.01877469130617915 -0.06888374279877103 0.0
  vertex -0.01944694911223539 -0.07382435460944275 0.0
  vertex -0.0233895155474864 -0.07077185636616984 0.0
 endloop
endfacet
facet normal 0.0 0.0 -1.0
 outer loop
  vertex -0.01944694911223539 -0.07382435460944275 0.0
  vertex -0.02011920691829164 -0.07876496642011449 0.0
  vertex -0.02406177335354268 -0.07571246817684149 0.0
 endloop
endfacet
facet normal -0.0 0.0 -1.0
 outer loop
  vertex -0.01944694911223539 -0.07382435460944275 0.0
  vertex -0.02406177335354268 -0.07571246817684149 0.0
  vertex -0.0233895155474864 -0.07077185636616984 0.0
 endloop
endfacet
facet normal -0.0 0.0 -1.0
 outer loop
  vertex -0.01177917204235782 0.07861088262985644 0.0
  vertex -0.01639399628366505 0.07672276906245767 0.0
  vertex -0.01572173847760883 0.08166338087312935 0.0
 endloop
endfacet
facet normal 0.0 0.0 -1.0
 outer loop
  vertex -0.01177917204235782 0.07861088262985644 0.0
  vertex -0.01572173847760883 0.08166338087312935 0.0
  vertex -0.01110691423630158 0.08355149444052815 0.0
 endloop
endfacet
facet normal 0.0 0.0 -1.0
 outer loop
  vertex -0.01177917204235782 0.07861088262985644 0.0
  vertex -0.01110691423630158 0.08355149444052815 0.0
  vertex -0.007164347801050552 0.08049899619725523 0.0
 endloop
endfacet
facet normal 0.0 0.0 -1.0
 outer loop
  vertex -0.01572173847760883 0.08166338087312935 0.0
  vertex -0.01639399628366505 0.07672276906245767 0.0
  vertex -0.0203365627189161 0.07977526730573063 0.0
 endloop
endfacet
facet normal 0.0 -0.0 -1.0
 outer loop
  vertex -0.0203365627189161 0.07977526730573063 0.0
  vertex -0.01639399628366505 0.07672276906245767 0.0
  vertex -0.02100888149850924 0.07483462805478748 0.0
 endloop
endfacet
facet normal 0.0 0.0 -1.0
 outer loop
  vertex -0.02100888149850924 0.07483462805478748 0.0
  vertex -0.01639399628366505 0.07672276906245767 0.0
  vertex -0.01706626425197743 0.07178215267840739 0.0
 endloop
endfacet
facet normal 0.0 0.0 -1.0
 outer loop
  vertex 0.07957211377447218 0.01334403484525058 0.0
  vertex 0.07562954733922114 0.0163965330885235 0.0
  vertex 0.08024437158052841 0.01828464665592235 0.0
 endloop
endfacet
facet normal 0.0 0.0 -1.0
 outer loop
  vertex 0.07957211377447218 0.01334403484525058 0.0
  vertex 0.08024437158052841 0.01828464665592235 0.0
  vertex 0.08418693801577949 0.01523214841264945 0.0
 endloop
endfacet
facet normal 0.0 0.0 -1.0
 outer loop
  vertex 0.07957211377447218 0.01334403484525058 0.0
  vertex 0.08418693801577949 0.01523214841264945 0.0
  vertex 0.08345765712906668 0.01028691552603424 0.0
 endloop
endfacet
facet normal 0.0 0.0 -1.0
 outer loop
  vertex 0.05237837443911653 -0.05845143255218875 0.0
  vertex 0.05701774422344403 -0.05663861693034689 0.0
  vertex 0.05630841079424129 -0.06165343514783412 0.0
 endloop
endfacet
facet normal 0.0 0.0 -1.0
 outer loop
  vertex 0.05701774422344403 -0.05663861693034689 0.0
  vertex 0.0616530350528153 -0.05482755427858716 0.0
  vertex 0.06089187533709239 -0.05986952297693472 0.0
 endloop
endfacet
facet normal 0.0 0.0 -1.0
 outer loop
  vertex 0.05630841079424129 -0.06165343514783412 0.0
  vertex 0.05701774422344403 -0.05663861693034689 0.0
  vertex 0.06089187533709239 -0.05986952297693472 0.0
 endloop
endfacet
facet normal 0.0 -0.0 -1.0
 outer loop
  vertex 0.04843171708002875 -0.05538638465132299 0.0
  vertex 0.05237837443911653 -0.05845143255218875 0.0
  vertex 0.04775959563810044 -0.06032741478391449 0.0
 endloop
endfacet
facet normal 0.0 0.0 -1.0
 outer loop
  vertex 0.04775959563810044 -0.06032741478391449 0.0
  vertex 0.05237837443911653 -0.05845143255218875 0.0
  vertex 0.05170120752445629 -0.06337698477374908 0.0
 endloop
endfacet
facet normal 0.0 -0.0 -1.0
 outer loop
  vertex 0.05237837443911653 -0.05845143255218875 0.0
  vertex 0.05630841079424129 -0.06165343514783412 0.0
  vertex 0.05170120752445629 -0.06337698477374908 0.0
 endloop
endfacet
facet normal 0.0 0.0 -1.0
 outer loop
  vertex 0.04843171708002875 -0.05538638465132299 0.0
  vertex 0.04775959563810044 -0.06032741478391449 0.0
  vertex 0.04381622539661253 -0.05727245071789684 0.0
 endloop
endfacet
facet normal -0.0 0.0 -1.0
 outer loop
  vertex 0.04843171708002875 -0.05538638465132299 0.0
  vertex 0.04381622539661253 -0.05727245071789684 0.0
  vertex 0.04448849892640006 -0.05233188714264862 0.0
 endloop
endfacet
facet normal 0.0 0.0 -1.0
 outer loop
  vertex 0.04843171708002875 -0.05538638465132299 0.0
  vertex 0.04448849892640006 -0.05233188714264862 0.0
  vertex 0.04910332080984379 -0.05044376634207194 0.0
 endloop
endfacet
facet normal 0.0 -0.0 -1.0
 outer loop
  vertex 0.04381622539661253 -0.05727245071789684 0.0
  vertex 0.04775959563810044 -0.06032741478391449 0.0
  vertex 0.04314400106315686 -0.06221316521189699 0.0
 endloop
endfacet
facet normal 0.0 0.0 -1.0
 outer loop
  vertex 0.04314400106315686 -0.06221316521189699 0.0
  vertex 0.04775959563810044 -0.06032741478391449 0.0
  vertex 0.04708657307717469 -0.06526568056905796 0.0
 endloop
endfacet
facet normal 0.0 0.0 -1.0
 outer loop
  vertex 0.04708657307717469 -0.06526568056905796 0.0
  vertex 0.04775959563810044 -0.06032741478391449 0.0
  vertex 0.05170120752445629 -0.06337698477374908 0.0
 endloop
endfacet
facet normal -0.0 0.0 -1.0
 outer loop
  vertex -0.07588248311289505 -0.008256440229474781 0.0
  vertex -0.08041139764693728 -0.01003359395305643 0.0
  vertex -0.07982002276855982 -0.005197440809347963 0.0
 endloop
endfacet
facet normal 0.0 0.0 -1.0
 outer loop
  vertex -0.07588248311289505 -0.008256440229474781 0.0
  vertex -0.07982002276855982 -0.005197440809347963 0.0
  vertex -0.07522136465871099 -0.003330206783495242 0.0
 endloop
endfacet
facet normal 0.0 0.0 -1.0
 outer loop
  vertex -0.07588248311289505 -0.008256440229474781 0.0
  vertex -0.07522136465871099 -0.003330206783495242 0.0
  vertex -0.07127880301080054 -0.006382718684196391 0.0
 endloop
endfacet
facet normal 0.0 0.0 -1.0
 outer loop
  vertex -0.06724802871671479 0.02325734818699291 0.0
  vertex -0.06657578554459723 0.02819796253702516 0.0
  vertex -0.06263321416916642 0.0251454634373597 0.0
 endloop
endfacet
facet normal 0.0 0.0 -1.0
 outer loop
  vertex -0.06657578554459723 0.02819796253702516 0.0
  vertex -0.06724802871671479 0.02325734818699291 0.0
  vertex -0.07119048085108962 0.02630982938311669 0.0
 endloop
endfacet
facet normal 0.0 0.0 -1.0
 outer loop
  vertex -0.06263321416916642 0.0251454634373597 0.0
  vertex -0.06657578554459723 0.02819796253702516 0.0
  vertex -0.06196096047020561 0.03008607595593589 0.0
 endloop
endfacet
facet normal 0.0 0.0 -1.0
 outer loop
  vertex -0.06339645732462364 -0.01249131665316279 0.0
  vertex -0.06733902377078563 -0.009438818386178934 0.0
  vertex -0.06272419904059297 -0.007550704935027433 0.0
 endloop
endfacet
facet normal 0.0 0.0 -1.0
 outer loop
  vertex -0.06733902377078563 -0.009438818386178934 0.0
  vertex -0.07127880301080054 -0.006382718684196391 0.0
  vertex -0.06666625186776581 -0.004497550806272668 0.0
 endloop
endfacet
facet normal -0.0 0.0 -1.0
 outer loop
  vertex -0.06272419904059297 -0.007550704935027433 0.0
  vertex -0.06733902377078563 -0.009438818386178934 0.0
  vertex -0.06666625186776581 -0.004497550806272668 0.0
 endloop
endfacet
facet normal 0.0 0.0 -1.0
 outer loop
  vertex -0.02696816037839208 0.06306531830631677 0.0
  vertex -0.02764041818444831 0.05812470649564507 0.0
  vertex -0.03158298461969935 0.06117720473891798 0.0
 endloop
endfacet
facet normal 0.0 -0.0 -1.0
 outer loop
  vertex -0.03158298461969935 0.06117720473891798 0.0
  vertex -0.02764041818444831 0.05812470649564507 0.0
  vertex -0.03225524242575557 0.05623659292824627 0.0
 endloop
endfacet
facet normal 0.0 0.0 -1.0
 outer loop
  vertex -0.03225524242575557 0.05623659292824627 0.0
  vertex -0.02764041818444831 0.05812470649564507 0.0
  vertex -0.02831267599050454 0.05318409468497333 0.0
 endloop
endfacet
facet normal -0.0 0.0 -1.0
 outer loop
  vertex -0.02696816037839208 0.06306531830631677 0.0
  vertex -0.03158298461969935 0.06117720473891798 0.0
  vertex -0.0309107268136431 0.06611781654958972 0.0
 endloop
endfacet
facet normal 0.0 0.0 -1.0
 outer loop
  vertex -0.02696816037839208 0.06306531830631677 0.0
  vertex -0.0309107268136431 0.06611781654958972 0.0
  vertex -0.02629590257233581 0.06800593011698847 0.0
 endloop
endfacet
facet normal -0.0 0.0 -1.0
 outer loop
  vertex -0.02235333613708479 0.06495343187371552 0.0
  vertex -0.02696816037839208 0.06306531830631677 0.0
  vertex -0.02629590257233581 0.06800593011698847 0.0
 endloop
endfacet
facet normal 0.0 0.0 -1.0
 outer loop
  vertex -0.0309107268136431 0.06611781654958972 0.0
  vertex -0.03158298461969935 0.06117720473891798 0.0
  vertex -0.03552555105495038 0.06422970298219097 0.0
 endloop
endfacet
facet normal 0.0 -0.0 -1.0
 outer loop
  vertex -0.03552555105495038 0.06422970298219097 0.0
  vertex -0.03158298461969935 0.06117720473891798 0.0
  vertex -0.03619780886100665 0.05928909117151916 0.0
 endloop
endfacet
facet normal 0.0 0.0 -1.0
 outer loop
  vertex -0.03158298461969935 0.06117720473891798 0.0
  vertex -0.03225524242575557 0.05623659292824627 0.0
  vertex -0.03619780886100665 0.05928909117151916 0.0
 endloop
endfacet
facet normal -0.0 0.0 -1.0
 outer loop
  vertex -0.0309107268136431 0.06611781654958972 0.0
  vertex -0.03552555105495038 0.06422970298219097 0.0
  vertex -0.03485329324889413 0.06917031479286267 0.0
 endloop
endfacet
facet normal 0.0 0.0 -1.0
 outer loop
  vertex -0.0309107268136431 0.06611781654958972 0.0
  vertex -0.03485329324889413 0.06917031479286267 0.0
  vertex -0.03023846900758685 0.07105842836026142 0.0
 endloop
endfacet
facet normal 0.0 0.0 -1.0
 outer loop
  vertex -0.0309107268136431 0.06611781654958972 0.0
  vertex -0.03023846900758685 0.07105842836026142 0.0
  vertex -0.02629590257233581 0.06800593011698847 0.0
 endloop
endfacet
facet normal 0.0 0.0 -1.0
 outer loop
  vertex -0.03485329324889413 0.06917031479286267 0.0
  vertex -0.03552555105495038 0.06422970298219097 0.0
  vertex -0.0394681174902014 0.06728220122546391 0.0
 endloop
endfacet
facet normal 0.0 -0.0 -1.0
 outer loop
  vertex -0.0394681174902014 0.06728220122546391 0.0
  vertex -0.03552555105495038 0.06422970298219097 0.0
  vertex -0.04014037529625765 0.06234158941479218 0.0
 endloop
endfacet
facet normal 0.0 0.0 -1.0
 outer loop
  vertex -0.04014037529625765 0.06234158941479218 0.0
  vertex -0.03552555105495038 0.06422970298219097 0.0
  vertex -0.03619780886100665 0.05928909117151916 0.0
 endloop
endfacet
facet normal -0.0 0.0 -1.0
 outer loop
  vertex -0.03485329324889413 0.06917031479286267 0.0
  vertex -0.0394681174902014 0.06728220122546391 0.0
  vertex -0.03879585968414516 0.07222281303613562 0.0
 endloop
endfacet
facet normal -0.0 0.0 -1.0
 outer loop
  vertex -0.03023846900758685 0.07105842836026142 0.0
  vertex -0.03485329324889413 0.06917031479286267 0.0
  vertex -0.03418103544283788 0.0741109266035344 0.0
 endloop
endfacet
facet normal 0.0 0.0 -1.0
 outer loop
  vertex -0.03418103544283788 0.0741109266035344 0.0
  vertex -0.03485329324889413 0.06917031479286267 0.0
  vertex -0.03879585968414516 0.07222281303613562 0.0
 endloop
endfacet
facet normal 0.0 0.0 -1.0
 outer loop
  vertex -0.0394681174902014 0.06728220122546391 0.0
  vertex -0.04014037529625765 0.06234158941479218 0.0
  vertex -0.04408294173150867 0.06539408765806512 0.0
 endloop
endfacet
facet normal -0.0 0.0 -1.0
 outer loop
  vertex -0.0394681174902014 0.06728220122546391 0.0
  vertex -0.04408294173150867 0.06539408765806512 0.0
  vertex -0.04341068392545244 0.07033469946873684 0.0
 endloop
endfacet
facet normal 0.0 0.0 -1.0
 outer loop
  vertex -0.0394681174902014 0.06728220122546391 0.0
  vertex -0.04341068392545244 0.07033469946873684 0.0
  vertex -0.03879585968414516 0.07222281303613562 0.0
 endloop
endfacet
facet normal 0.0 0.0 -1.0
 outer loop
  vertex 0.01649105081045562 0.06218400673761756 0.0
  vertex 0.02110587505176286 0.06407212030501636 0.0
  vertex 0.02043361724570659 0.05913150849434462 0.0
 endloop
endfacet
facet normal 0.0 0.0 -1.0
 outer loop
  vertex 0.02043361724570659 0.05913150849434462 0.0
  vertex 0.02110587505176286 0.06407212030501636 0.0
  vertex 0.0250484414870138 0.06101962206174333 0.0
 endloop
endfacet
facet normal 0.0 0.0 -1.0
 outer loop
  vertex 0.02110587505176286 0.06407212030501636 0.0
  vertex 0.02572069929307009 0.0659602338724151 0.0
  vertex 0.0250484414870138 0.06101962206174333 0.0
 endloop
endfacet
facet normal 0.0 -0.0 -1.0
 outer loop
  vertex -0.03494427364998045 0.0364741456855593 0.0
  vertex -0.03100170721472939 0.0334216474422864 0.0
  vertex -0.03561653145603665 0.0315335338748876 0.0
 endloop
endfacet
facet normal 0.0 0.0 -1.0
 outer loop
  vertex -0.03494427364998045 0.0364741456855593 0.0
  vertex -0.03561653145603665 0.0315335338748876 0.0
  vertex -0.03955909789127819 0.03458603211817277 0.0
 endloop
endfacet
facet normal 0.0 -0.0 -1.0
 outer loop
  vertex -0.03888684008523152 0.03952664392883218 0.0
  vertex -0.03494427364998045 0.0364741456855593 0.0
  vertex -0.03955909789127819 0.03458603211817277 0.0
 endloop
endfacet
facet normal 0.0 0.0 -1.0
 outer loop
  vertex -0.03561653145603665 0.0315335338748876 0.0
  vertex -0.03100170721472939 0.0334216474422864 0.0
  vertex -0.03167396502078558 0.02848103563161467 0.0
 endloop
endfacet
facet normal 0.0 0.0 -1.0
 outer loop
  vertex -0.03167396502078558 0.02848103563161467 0.0
  vertex -0.03100170721472939 0.0334216474422864 0.0
  vertex -0.02705914077947833 0.03036914919901348 0.0
 endloop
endfacet
facet normal 0.0 0.0 -1.0
 outer loop
  vertex -0.02705914077947833 0.03036914919901348 0.0
  vertex -0.03100170721472939 0.0334216474422864 0.0
  vertex -0.02638688297342215 0.03530976100968519 0.0
 endloop
endfacet
facet normal 0.0 -0.0 -1.0
 outer loop
  vertex -0.03561653145603665 0.0315335338748876 0.0
  vertex -0.03167396502078558 0.02848103563161467 0.0
  vertex -0.03628878926209282 0.02659292206421586 0.0
 endloop
endfacet
facet normal 0.0 0.0 -1.0
 outer loop
  vertex -0.03561653145603665 0.0315335338748876 0.0
  vertex -0.03628878926209282 0.02659292206421586 0.0
  vertex -0.04023135569734389 0.02964542030748875 0.0
 endloop
endfacet
facet normal -0.0 0.0 -1.0
 outer loop
  vertex -0.03561653145603665 0.0315335338748876 0.0
  vertex -0.04023135569734389 0.02964542030748875 0.0
  vertex -0.03955909789127819 0.03458603211817277 0.0
 endloop
endfacet
facet normal 0.0 0.0 -1.0
 outer loop
  vertex -0.03628878926209282 0.02659292206421586 0.0
  vertex -0.03167396502078558 0.02848103563161467 0.0
  vertex -0.03234622282684185 0.02354042382094296 0.0
 endloop
endfacet
facet normal 0.0 0.0 -1.0
 outer loop
  vertex -0.03167396502078558 0.02848103563161467 0.0
  vertex -0.02705914077947833 0.03036914919901348 0.0
  vertex -0.0277313985855346 0.02542853738834171 0.0
 endloop
endfacet
facet normal 0.0 -0.0 -1.0
 outer loop
  vertex -0.03167396502078558 0.02848103563161467 0.0
  vertex -0.0277313985855346 0.02542853738834171 0.0
  vertex -0.03234622282684185 0.02354042382094296 0.0
 endloop
endfacet
facet normal 0.0 -0.0 -1.0
 outer loop
  vertex -0.04023135569734389 0.02964542030748875 0.0
  vertex -0.03628878926209282 0.02659292206421586 0.0
  vertex -0.04090361350340006 0.02470480849681702 0.0
 endloop
endfacet
facet normal 0.0 0.0 -1.0
 outer loop
  vertex -0.04090361350340006 0.02470480849681702 0.0
  vertex -0.03628878926209282 0.02659292206421586 0.0
  vertex -0.03696104706814899 0.02165231025354412 0.0
 endloop
endfacet
facet normal 0.0 0.0 -1.0
 outer loop
  vertex -0.03696104706814899 0.02165231025354412 0.0
  vertex -0.03628878926209282 0.02659292206421586 0.0
  vertex -0.03234622282684185 0.02354042382094296 0.0
 endloop
endfacet
facet normal 0.0 0.0 -1.0
 outer loop
  vertex -0.0277313985855346 0.02542853738834171 0.0
  vertex -0.02705914077947833 0.03036914919901348 0.0
  vertex -0.02311657434422733 0.02731665095574048 0.0
 endloop
endfacet
facet normal 0.0 0.0 -1.0
 outer loop
  vertex -0.02311657434422733 0.02731665095574048 0.0
  vertex -0.02705914077947833 0.03036914919901348 0.0
  vertex -0.0224443165381711 0.03225726276641225 0.0
 endloop
endfacet
facet normal -0.0 0.0 -1.0
 outer loop
  vertex -0.0224443165381711 0.03225726276641225 0.0
  vertex -0.02705914077947833 0.03036914919901348 0.0
  vertex -0.02638688297342215 0.03530976100968519 0.0
 endloop
endfacet
facet normal 0.0 0.0 -1.0
 outer loop
  vertex -0.0277313985855346 0.02542853738834171 0.0
  vertex -0.02311657434422733 0.02731665095574048 0.0
  vertex -0.02378883215028392 0.02237603914506831 0.0
 endloop
endfacet
facet normal 0.0 -0.0 -1.0
 outer loop
  vertex -0.0277313985855346 0.02542853738834171 0.0
  vertex -0.02378883215028392 0.02237603914506831 0.0
  vertex -0.02840365639163031 0.02048792557751247 0.0
 endloop
endfacet
facet normal 0.0 0.0 -1.0
 outer loop
  vertex -0.03234622282684185 0.02354042382094296 0.0
  vertex -0.0277313985855346 0.02542853738834171 0.0
  vertex -0.02840365639163031 0.02048792557751247 0.0
 endloop
endfacet
facet normal 0.0 0.0 -1.0
 outer loop
  vertex -0.03023846900758685 0.07105842836026142 0.0
  vertex -0.03418103544283788 0.0741109266035344 0.0
  vertex -0.02956621120153061 0.07599904017093313 0.0
 endloop
endfacet
facet normal 0.0 0.0 -1.0
 outer loop
  vertex -0.03023846900758685 0.07105842836026142 0.0
  vertex -0.02956621120153061 0.07599904017093313 0.0
  vertex -0.02562364476627958 0.07294654192766016 0.0
 endloop
endfacet
facet normal 0.0 0.0 -1.0
 outer loop
  vertex -0.03023846900758685 0.07105842836026142 0.0
  vertex -0.02562364476627958 0.07294654192766016 0.0
  vertex -0.02629590257233581 0.06800593011698847 0.0
 endloop
endfacet
facet normal -0.0 0.0 -1.0
 outer loop
  vertex 0.02553873849078982 0.0005678956576691205 0.0
  vertex 0.02092391424798979 -0.00132021791167539 0.0
  vertex 0.02159617205529653 0.003620393900620649 0.0
 endloop
endfacet
facet normal -0.0 0.0 -1.0
 outer loop
  vertex 0.03015356273216609 0.002456009225157251 0.0
  vertex 0.02553873849078982 0.0005678956576691205 0.0
  vertex 0.02621099629687079 0.005508507468371603 0.0
 endloop
endfacet
facet normal 0.0 0.0 -1.0
 outer loop
  vertex 0.02553873849078982 0.0005678956576691205 0.0
  vertex 0.02159617205529653 0.003620393900620649 0.0
  vertex 0.02621099629687079 0.005508507468371603 0.0
 endloop
endfacet
facet normal 0.0 -0.0 -1.0
 outer loop
  vertex 0.01093102755982973 -0.04273322596237152 0.0
  vertex 0.01487359399508326 -0.04578572420563851 0.0
  vertex 0.01025876975377688 -0.04767383777303839 0.0
 endloop
endfacet
facet normal 0.0 -0.0 -1.0
 outer loop
  vertex 0.01487359399508326 -0.04578572420563851 0.0
  vertex 0.01881616043033493 -0.04883822244890998 0.0
  vertex 0.014201336189028 -0.05072633601630886 0.0
 endloop
endfacet
facet normal 0.0 0.0 -1.0
 outer loop
  vertex 0.01487359399508326 -0.04578572420563851 0.0
  vertex 0.014201336189028 -0.05072633601630886 0.0
  vertex 0.01025876975377688 -0.04767383777303839 0.0
 endloop
endfacet
facet normal 0.0 0.0 -1.0
 outer loop
  vertex 0.02352196507265066 -0.01425393977430799 0.0
  vertex 0.02813678931393754 -0.01236582620693554 0.0
  vertex 0.02746453150794686 -0.01730643801752249 0.0
 endloop
endfacet
facet normal 0.0 0.0 -1.0
 outer loop
  vertex 0.01890714082759069 -0.01614205334826382 0.0
  vertex 0.02352196507265066 -0.01425393977430799 0.0
  vertex 0.02284970726621299 -0.01919455158577331 0.0
 endloop
endfacet
facet normal 0.0 -0.0 -1.0
 outer loop
  vertex 0.02352196507265066 -0.01425393977430799 0.0
  vertex 0.02746453150794686 -0.01730643801752249 0.0
  vertex 0.02284970726621299 -0.01919455158577331 0.0
 endloop
endfacet
facet normal 0.0 0.0 -1.0
 outer loop
  vertex 0.04381622539661253 -0.05727245071789684 0.0
  vertex 0.04314400106315686 -0.06221316521189699 0.0
  vertex 0.03920127889546297 -0.05916018923085338 0.0
 endloop
endfacet
facet normal -0.0 0.0 -1.0
 outer loop
  vertex 0.04381622539661253 -0.05727245071789684 0.0
  vertex 0.03920127889546297 -0.05916018923085338 0.0
  vertex 0.03987353808961551 -0.05421958167842112 0.0
 endloop
endfacet
facet normal 0.0 0.0 -1.0
 outer loop
  vertex 0.04381622539661253 -0.05727245071789684 0.0
  vertex 0.03987353808961551 -0.05421958167842112 0.0
  vertex 0.04448849892640006 -0.05233188714264862 0.0
 endloop
endfacet
facet normal 0.0 -0.0 -1.0
 outer loop
  vertex 0.04314400106315686 -0.06221316521189699 0.0
  vertex 0.04708657307717469 -0.06526568056905796 0.0
  vertex 0.04247162137672248 -0.0671534031322021 0.0
 endloop
endfacet
facet normal 0.0 0.0 -1.0
 outer loop
  vertex 0.04314400106315686 -0.06221316521189699 0.0
  vertex 0.04247162137672248 -0.0671534031322021 0.0
  vertex 0.03852904203742747 -0.06410086530341269 0.0
 endloop
endfacet
facet normal 0.0 -0.0 -1.0
 outer loop
  vertex 0.03920127889546297 -0.05916018923085338 0.0
  vertex 0.04314400106315686 -0.06221316521189699 0.0
  vertex 0.03852904203742747 -0.06410086530341269 0.0
 endloop
endfacet
facet normal 0.0 -0.0 -1.0
 outer loop
  vertex 0.03861997300767682 -0.03140454455797034 0.0
  vertex 0.04256253944292788 -0.03445704280124328 0.0
  vertex 0.0379477152016206 -0.03634515636864211 0.0
 endloop
endfacet
facet normal 0.0 0.0 -1.0
 outer loop
  vertex 0.0379477152016206 -0.03634515636864211 0.0
  vertex 0.04256253944292788 -0.03445704280124328 0.0
  vertex 0.04189028163687167 -0.03939765461191503 0.0
 endloop
endfacet
facet normal 0.0 0.0 -1.0
 outer loop
  vertex 0.04189028163687167 -0.03939765461191503 0.0
  vertex 0.04256253944292788 -0.03445704280124328 0.0
  vertex 0.04650510587817894 -0.03750954104451622 0.0
 endloop
endfacet
facet normal 0.0 0.0 -1.0
 outer loop
  vertex 0.03929223081373304 -0.02646393274729859 0.0
  vertex 0.03861997300767682 -0.03140454455797034 0.0
  vertex 0.03467740657242577 -0.02835204631469739 0.0
 endloop
endfacet
facet normal 0.0 -0.0 -1.0
 outer loop
  vertex 0.03467740657242577 -0.02835204631469739 0.0
  vertex 0.03861997300767682 -0.03140454455797034 0.0
  vertex 0.03400514876636954 -0.03329265812536918 0.0
 endloop
endfacet
facet normal 0.0 0.0 -1.0
 outer loop
  vertex 0.03861997300767682 -0.03140454455797034 0.0
  vertex 0.0379477152016206 -0.03634515636864211 0.0
  vertex 0.03400514876636954 -0.03329265812536918 0.0
 endloop
endfacet
facet normal 0.0 0.0 -1.0
 outer loop
  vertex 0.0689069692786591 -0.03300958501819384 0.0
  vertex 0.06496440284340801 -0.02995708677492096 0.0
  vertex 0.06957922708471527 -0.02806897320752211 0.0
 endloop
endfacet
facet normal -0.0 0.0 -1.0
 outer loop
  vertex 0.06957922708471527 -0.02806897320752211 0.0
  vertex 0.06496440284340801 -0.02995708677492096 0.0
  vertex 0.06563666064946422 -0.02501647496424921 0.0
 endloop
endfacet
facet normal 0.0 0.0 -1.0
 outer loop
  vertex 0.06563666064946422 -0.02501647496424921 0.0
  vertex 0.06496440284340801 -0.02995708677492096 0.0
  vertex 0.06102183640815695 -0.02690458853164804 0.0
 endloop
endfacet
facet normal 0.0 0.0 -1.0
 outer loop
  vertex 0.0689069692786591 -0.03300958501819384 0.0
  vertex 0.06957922708471527 -0.02806897320752211 0.0
  vertex 0.07352179351996635 -0.03112147145079501 0.0
 endloop
endfacet
facet normal 0.0 0.0 -1.0
 outer loop
  vertex 0.0689069692786591 -0.03300958501819384 0.0
  vertex 0.07352179351996635 -0.03112147145079501 0.0
  vertex 0.07284953571391019 -0.03606208326146678 0.0
 endloop
endfacet
facet normal 0.0 -0.0 -1.0
 outer loop
  vertex 0.0689069692786591 -0.03300958501819384 0.0
  vertex 0.07284953571391019 -0.03606208326146678 0.0
  vertex 0.06823366611509457 -0.03795005458944828 0.0
 endloop
endfacet
facet normal 0.0 0.0 -1.0
 outer loop
  vertex 0.0263929570991264 0.07090084568308683 0.0
  vertex 0.02706521490518264 0.07584145749375851 0.0
  vertex 0.03100778134043369 0.07278895925048559 0.0
 endloop
endfacet
facet normal 0.0 0.0 -1.0
 outer loop
  vertex 0.0263929570991264 0.07090084568308683 0.0
  vertex 0.03100778134043369 0.07278895925048559 0.0
  vertex 0.03033552353437745 0.06784834743981388 0.0
 endloop
endfacet
facet normal 0.0 -0.0 -1.0
 outer loop
  vertex 0.0263929570991264 0.07090084568308683 0.0
  vertex 0.03033552353437745 0.06784834743981388 0.0
  vertex 0.02572069929307009 0.0659602338724151 0.0
 endloop
endfacet
facet normal 0.0 0.0 -1.0
 outer loop
  vertex -0.002150207130911884 -0.01076078678960744 0.0
  vertex 0.002464617130646729 -0.008872672650804622 0.0
  vertex 0.001792359227555941 -0.01381328463084974 0.0
 endloop
endfacet
facet normal -0.0 0.0 -1.0
 outer loop
  vertex 0.002464617130646729 -0.008872672650804622 0.0
  vertex -0.002150207130911884 -0.01076078678960744 0.0
  vertex -0.00147794921443526 -0.005820174277004904 0.0
 endloop
endfacet
facet normal 0.0 0.0 -1.0
 outer loop
  vertex 0.001792359227555941 -0.01381328463084974 0.0
  vertex 0.002464617130646729 -0.008872672650804622 0.0
  vertex 0.006407183636489578 -0.01192517072862916 0.0
 endloop
endfacet
facet normal 0.0 0.0 -1.0
 outer loop
  vertex -0.05031522278818749 -0.04446375685258735 0.0
  vertex -0.04570039854703185 -0.04257564328535279 0.0
  vertex -0.04637265635296173 -0.04751625509588772 0.0
 endloop
endfacet
facet normal 0.0 0.0 -1.0
 outer loop
  vertex -0.04637265635296173 -0.04751625509588772 0.0
  vertex -0.04570039854703185 -0.04257564328535279 0.0
  vertex -0.04175783211165951 -0.04562814152849444 0.0
 endloop
endfacet
facet normal 0.0 0.0 -1.0
 outer loop
  vertex -0.04175783211165951 -0.04562814152849444 0.0
  vertex -0.04570039854703185 -0.04257564328535279 0.0
  vertex -0.04108557430789559 -0.04068752972030418 0.0
 endloop
endfacet
facet normal 0.0 -0.0 -1.0
 outer loop
  vertex -0.05031522278818749 -0.04446375685258735 0.0
  vertex -0.04637265635296173 -0.04751625509588772 0.0
  vertex -0.05098748059424799 -0.04940436866326365 0.0
 endloop
endfacet
facet normal 0.0 0.0 -1.0
 outer loop
  vertex -0.05031522278818749 -0.04446375685258735 0.0
  vertex -0.05098748059424799 -0.04940436866326365 0.0
  vertex -0.05493004702949553 -0.0463518704199869 0.0
 endloop
endfacet
facet normal -0.0 0.0 -1.0
 outer loop
  vertex -0.05031522278818749 -0.04446375685258735 0.0
  vertex -0.05493004702949553 -0.0463518704199869 0.0
  vertex -0.05425781824743784 -0.04141129664374209 0.0
 endloop
endfacet
facet normal 0.0 0.0 -1.0
 outer loop
  vertex -0.05098748059424799 -0.04940436866326365 0.0
  vertex -0.04637265635296173 -0.04751625509588772 0.0
  vertex -0.04704491415899768 -0.0524568669065374 0.0
 endloop
endfacet
facet normal 0.0 0.0 -1.0
 outer loop
  vertex -0.04704491415899768 -0.0524568669065374 0.0
  vertex -0.04637265635296173 -0.04751625509588772 0.0
  vertex -0.0424300899176905 -0.05056875333913882 0.0
 endloop
endfacet
facet normal 0.0 0.0 -1.0
 outer loop
  vertex -0.0424300899176905 -0.05056875333913882 0.0
  vertex -0.04637265635296173 -0.04751625509588772 0.0
  vertex -0.04175783211165951 -0.04562814152849444 0.0
 endloop
endfacet
facet normal 0.0 -0.0 -1.0
 outer loop
  vertex -0.05098748059424799 -0.04940436866326365 0.0
  vertex -0.04704491415899768 -0.0524568669065374 0.0
  vertex -0.05165973840030083 -0.05434498047393166 0.0
 endloop
endfacet
facet normal 0.0 -0.0 -1.0
 outer loop
  vertex -0.05493004702949553 -0.0463518704199869 0.0
  vertex -0.05098748059424799 -0.04940436866326365 0.0
  vertex -0.05560283220789322 -0.05129316337781293 0.0
 endloop
endfacet
facet normal 0.0 0.0 -1.0
 outer loop
  vertex -0.05098748059424799 -0.04940436866326365 0.0
  vertex -0.05165973840030083 -0.05434498047393166 0.0
  vertex -0.05560283220789322 -0.05129316337781293 0.0
 endloop
endfacet
facet normal 0.0 0.0 -1.0
 outer loop
  vertex -0.05165973840030083 -0.05434498047393166 0.0
  vertex -0.04704491415899768 -0.0524568669065374 0.0
  vertex -0.04771717196504999 -0.05739747871720485 0.0
 endloop
endfacet
facet normal 0.0 0.0 -1.0
 outer loop
  vertex -0.04771717196504999 -0.05739747871720485 0.0
  vertex -0.04704491415899768 -0.0524568669065374 0.0
  vertex -0.04310234772373162 -0.05550936514984951 0.0
 endloop
endfacet
facet normal 0.0 0.0 -1.0
 outer loop
  vertex -0.04704491415899768 -0.0524568669065374 0.0
  vertex -0.0424300899176905 -0.05056875333913882 0.0
  vertex -0.04310234772373162 -0.05550936514984951 0.0
 endloop
endfacet
facet normal 0.0 0.0 -1.0
 outer loop
  vertex -0.05493004702949553 -0.0463518704199869 0.0
  vertex -0.05560283220789322 -0.05129316337781293 0.0
  vertex -0.05954634845354043 -0.04824189196553728 0.0
 endloop
endfacet
facet normal 0.0 -0.0 -1.0
 outer loop
  vertex -0.05887276026831358 -0.04329956219683016 0.0
  vertex -0.05493004702949553 -0.0463518704199869 0.0
  vertex -0.05954634845354043 -0.04824189196553728 0.0
 endloop
endfacet
facet normal 0.0 0.0 -1.0
 outer loop
  vertex -0.05493004702949553 -0.0463518704199869 0.0
  vertex -0.05887276026831358 -0.04329956219683016 0.0
  vertex -0.05425781824743784 -0.04141129664374209 0.0
 endloop
endfacet
facet normal 0.0 -0.0 -1.0
 outer loop
  vertex -0.05165973840030083 -0.05434498047393166 0.0
  vertex -0.04771717196504999 -0.05739747871720485 0.0
  vertex -0.05233199620635653 -0.05928559228460278 0.0
 endloop
endfacet
facet normal 0.0 0.0 -1.0
 outer loop
  vertex -0.05165973840030083 -0.05434498047393166 0.0
  vertex -0.05233199620635653 -0.05928559228460278 0.0
  vertex -0.05627456264160753 -0.05623309404132976 0.0
 endloop
endfacet
facet normal -0.0 0.0 -1.0
 outer loop
  vertex -0.05165973840030083 -0.05434498047393166 0.0
  vertex -0.05627456264160753 -0.05623309404132976 0.0
  vertex -0.05560283220789322 -0.05129316337781293 0.0
 endloop
endfacet
facet normal 0.0 0.0 -1.0
 outer loop
  vertex -0.05233199620635653 -0.05928559228460278 0.0
  vertex -0.04771717196504999 -0.05739747871720485 0.0
  vertex -0.04838942977110552 -0.06233809052787578 0.0
 endloop
endfacet
facet normal 0.0 0.0 -1.0
 outer loop
  vertex -0.04838942977110552 -0.06233809052787578 0.0
  vertex -0.04771717196504999 -0.05739747871720485 0.0
  vertex -0.04377460552979823 -0.06044997696047705 0.0
 endloop
endfacet
facet normal 0.0 0.0 -1.0
 outer loop
  vertex -0.04377460552979823 -0.06044997696047705 0.0
  vertex -0.04771717196504999 -0.05739747871720485 0.0
  vertex -0.04310234772373162 -0.05550936514984951 0.0
 endloop
endfacet
facet normal 0.0 -0.0 -1.0
 outer loop
  vertex -0.05233199620635653 -0.05928559228460278 0.0
  vertex -0.04838942977110552 -0.06233809052787578 0.0
  vertex -0.05299105090303789 -0.06421003944941593 0.0
 endloop
endfacet
facet normal 0.0 -0.0 -1.0
 outer loop
  vertex -0.05627456264160753 -0.05623309404132976 0.0
  vertex -0.05233199620635653 -0.05928559228460278 0.0
  vertex -0.05694682044766364 -0.06117370585200137 0.0
 endloop
endfacet
facet normal 0.0 0.0 -1.0
 outer loop
  vertex -0.05694682044766364 -0.06117370585200137 0.0
  vertex -0.05233199620635653 -0.05928559228460278 0.0
  vertex -0.05299105090303789 -0.06421003944941593 0.0
 endloop
endfacet
facet normal 0.0 0.0 -1.0
 outer loop
  vertex -0.04838942977110552 -0.06233809052787578 0.0
  vertex -0.04377460552979823 -0.06044997696047705 0.0
  vertex -0.0444468633358544 -0.06539058877114869 0.0
 endloop
endfacet
facet normal 0.0 -0.0 -1.0
 outer loop
  vertex -0.04838942977110552 -0.06233809052787578 0.0
  vertex -0.0444468633358544 -0.06539058877114869 0.0
  vertex -0.04906168757716164 -0.06727870233854731 0.0
 endloop
endfacet
facet normal 0.0 0.0 -1.0
 outer loop
  vertex -0.04838942977110552 -0.06233809052787578 0.0
  vertex -0.04906168757716164 -0.06727870233854731 0.0
  vertex -0.05299105090303789 -0.06421003944941593 0.0
 endloop
endfacet
facet normal 0.0 0.0 -1.0
 outer loop
  vertex -0.0444468633358544 -0.06539058877114869 0.0
  vertex -0.04377460552979823 -0.06044997696047705 0.0
  vertex -0.03983203909454706 -0.06350247520374994 0.0
 endloop
endfacet
facet normal 0.0 0.0 -1.0
 outer loop
  vertex -0.03983203909454706 -0.06350247520374994 0.0
  vertex -0.04377460552979823 -0.06044997696047705 0.0
  vertex -0.03915978128848051 -0.05856186339311451 0.0
 endloop
endfacet
facet normal -0.0 0.0 -1.0
 outer loop
  vertex -0.03915978128848051 -0.05856186339311451 0.0
  vertex -0.04377460552979823 -0.06044997696047705 0.0
  vertex -0.04310234772373162 -0.05550936514984951 0.0
 endloop
endfacet
facet normal 0.0 0.0 -1.0
 outer loop
  vertex -0.0444468633358544 -0.06539058877114869 0.0
  vertex -0.03983203909454706 -0.06350247520374994 0.0
  vertex -0.04050429690060334 -0.06844308701442166 0.0
 endloop
endfacet
facet normal 0.0 -0.0 -1.0
 outer loop
  vertex -0.0444468633358544 -0.06539058877114869 0.0
  vertex -0.04050429690060334 -0.06844308701442166 0.0
  vertex -0.04511267058298407 -0.07031743668524283 0.0
 endloop
endfacet
facet normal 0.0 0.0 -1.0
 outer loop
  vertex -0.04906168757716164 -0.06727870233854731 0.0
  vertex -0.0444468633358544 -0.06539058877114869 0.0
  vertex -0.04511267058298407 -0.07031743668524283 0.0
 endloop
endfacet
facet normal 0.0 0.0 -1.0
 outer loop
  vertex -0.04050429690060334 -0.06844308701442166 0.0
  vertex -0.03983203909454706 -0.06350247520374994 0.0
  vertex -0.03588947265929603 -0.06655497344702292 0.0
 endloop
endfacet
facet normal 0.0 0.0 -1.0
 outer loop
  vertex -0.03588947265929603 -0.06655497344702292 0.0
  vertex -0.03983203909454706 -0.06350247520374994 0.0
  vertex -0.03521721485323972 -0.0616143616363512 0.0
 endloop
endfacet
facet normal -0.0 0.0 -1.0
 outer loop
  vertex -0.03521721485323972 -0.0616143616363512 0.0
  vertex -0.03983203909454706 -0.06350247520374994 0.0
  vertex -0.03915978128848051 -0.05856186339311451 0.0
 endloop
endfacet
facet normal 0.0 0.0 -1.0
 outer loop
  vertex -0.05627456264160753 -0.05623309404132976 0.0
  vertex -0.05694682044766364 -0.06117370585200137 0.0
  vertex -0.0609083722871954 -0.05814572890627274 0.0
 endloop
endfacet
facet normal -0.0 0.0 -1.0
 outer loop
  vertex -0.05627456264160753 -0.05623309404132976 0.0
  vertex -0.0609083722871954 -0.05814572890627274 0.0
  vertex -0.06022029331090523 -0.05318468268098071 0.0
 endloop
endfacet
facet normal 0.0 0.0 -1.0
 outer loop
  vertex -0.05627456264160753 -0.05623309404132976 0.0
  vertex -0.06022029331090523 -0.05318468268098071 0.0
  vertex -0.05560283220789322 -0.05129316337781293 0.0
 endloop
endfacet
facet normal 0.0 0.0 -1.0
 outer loop
  vertex -0.04050429690060334 -0.06844308701442166 0.0
  vertex -0.03588947265929603 -0.06655497344702292 0.0
  vertex -0.03656173046535233 -0.07149558525769464 0.0
 endloop
endfacet
facet normal 0.0 -0.0 -1.0
 outer loop
  vertex -0.04050429690060334 -0.06844308701442166 0.0
  vertex -0.03656173046535233 -0.07149558525769464 0.0
  vertex -0.04117655470665961 -0.07338369882509342 0.0
 endloop
endfacet
facet normal 0.0 0.0 -1.0
 outer loop
  vertex -0.04050429690060334 -0.06844308701442166 0.0
  vertex -0.04117655470665961 -0.07338369882509342 0.0
  vertex -0.04511267058298407 -0.07031743668524283 0.0
 endloop
endfacet
facet normal 0.0 0.0 -1.0
 outer loop
  vertex -0.03656173046535233 -0.07149558525769464 0.0
  vertex -0.03588947265929603 -0.06655497344702292 0.0
  vertex -0.03194690622404502 -0.06960747169029591 0.0
 endloop
endfacet
facet normal 0.0 0.0 -1.0
 outer loop
  vertex -0.03588947265929603 -0.06655497344702292 0.0
  vertex -0.03521721485323972 -0.0616143616363512 0.0
  vertex -0.03127464841798862 -0.06466685987962419 0.0
 endloop
endfacet
facet normal 0.0 0.0 -1.0
 outer loop
  vertex -0.03588947265929603 -0.06655497344702292 0.0
  vertex -0.03127464841798862 -0.06466685987962419 0.0
  vertex -0.03194690622404502 -0.06960747169029591 0.0
 endloop
endfacet
facet normal 0.0 0.0 -1.0
 outer loop
  vertex -0.04117655470665961 -0.07338369882509342 0.0
  vertex -0.03656173046535233 -0.07149558525769464 0.0
  vertex -0.03723398827140856 -0.07643619706836635 0.0
 endloop
endfacet
facet normal 0.0 0.0 -1.0
 outer loop
  vertex -0.03723398827140856 -0.07643619706836635 0.0
  vertex -0.03656173046535233 -0.07149558525769464 0.0
  vertex -0.03261842783667809 -0.07454955666295333 0.0
 endloop
endfacet
facet normal 0.0 0.0 -1.0
 outer loop
  vertex -0.03656173046535233 -0.07149558525769464 0.0
  vertex -0.03194690622404502 -0.06960747169029591 0.0
  vertex -0.03261842783667809 -0.07454955666295333 0.0
 endloop
endfacet
facet normal 0.0 0.0 -1.0
 outer loop
  vertex -0.03127464841798862 -0.06466685987962419 0.0
  vertex -0.03521721485323972 -0.0616143616363512 0.0
  vertex -0.03060239061193237 -0.05972624806895244 0.0
 endloop
endfacet
facet normal -0.0 0.0 -1.0
 outer loop
  vertex -0.03060239061193237 -0.05972624806895244 0.0
  vertex -0.03521721485323972 -0.0616143616363512 0.0
  vertex -0.03454495704718341 -0.05667374982567945 0.0
 endloop
endfacet
facet normal 0.0 0.0 -1.0
 outer loop
  vertex -0.03454495704718341 -0.05667374982567945 0.0
  vertex -0.03521721485323972 -0.0616143616363512 0.0
  vertex -0.03915978128848051 -0.05856186339311451 0.0
 endloop
endfacet
facet normal 0.0 -0.0 -1.0
 outer loop
  vertex 0.04476127366326889 0.04575713084537853 0.0
  vertex 0.04870384009851995 0.04270463260210561 0.0
  vertex 0.0440890158572127 0.04081651903470682 0.0
 endloop
endfacet
facet normal 0.0 -0.0 -1.0
 outer loop
  vertex 0.04081870722801784 0.04880962908865145 0.0
  vertex 0.04476127366326889 0.04575713084537853 0.0
  vertex 0.04014644942196165 0.04386901727797974 0.0
 endloop
endfacet
facet normal 0.0 0.0 -1.0
 outer loop
  vertex 0.04014644942196165 0.04386901727797974 0.0
  vertex 0.04476127366326889 0.04575713084537853 0.0
  vertex 0.0440890158572127 0.04081651903470682 0.0
 endloop
endfacet
facet normal 0.0 0.0 -1.0
 outer loop
  vertex 0.05851476598610448 0.01872530244027163 0.0
  vertex 0.06312959022741173 0.02061341600767043 0.0
  vertex 0.06245733242135552 0.01567280419699872 0.0
 endloop
endfacet
facet normal 0.0 0.0 -1.0
 outer loop
  vertex 0.06245733242135552 0.01567280419699872 0.0
  vertex 0.06312959022741173 0.02061341600767043 0.0
  vertex 0.06707215666266281 0.01756091776439755 0.0
 endloop
endfacet
facet normal 0.0 0.0 -1.0
 outer loop
  vertex 0.06707215666266281 0.01756091776439755 0.0
  vertex 0.06312959022741173 0.02061341600767043 0.0
  vertex 0.067744414468719 0.02250152957506925 0.0
 endloop
endfacet
facet normal 0.0 0.0 -1.0
 outer loop
  vertex -0.003985019572942162 0.03980971703600734 0.0
  vertex 0.0006298046683650964 0.04169783060340611 0.0
  vertex -4.245313769113271e-05 0.03675721879273439 0.0
 endloop
endfacet
facet normal 0.0 0.0 -1.0
 outer loop
  vertex -4.245313769113271e-05 0.03675721879273439 0.0
  vertex 0.0006298046683650964 0.04169783060340611 0.0
  vertex 0.004572371103616118 0.03864533236013314 0.0
 endloop
endfacet
facet normal 0.0 0.0 -1.0
 outer loop
  vertex 0.004572371103616118 0.03864533236013314 0.0
  vertex 0.0006298046683650964 0.04169783060340611 0.0
  vertex 0.005244628909672347 0.04358594417080488 0.0
 endloop
endfacet
facet normal 0.0 0.0 -1.0
 outer loop
  vertex 0.07352179351996635 -0.03112147145079501 0.0
  vertex 0.06957922708471527 -0.02806897320752211 0.0
  vertex 0.07419405132602253 -0.02618085964012325 0.0
 endloop
endfacet
facet normal -0.0 0.0 -1.0
 outer loop
  vertex 0.07419405132602253 -0.02618085964012325 0.0
  vertex 0.06957922708471527 -0.02806897320752211 0.0
  vertex 0.07025148489077142 -0.02312836139685035 0.0
 endloop
endfacet
facet normal 0.0 0.0 -1.0
 outer loop
  vertex 0.06957922708471527 -0.02806897320752211 0.0
  vertex 0.06563666064946422 -0.02501647496424921 0.0
  vertex 0.07025148489077142 -0.02312836139685035 0.0
 endloop
endfacet
facet normal -0.0 0.0 -1.0
 outer loop
  vertex -0.0141598670648719 -0.06699562923137228 0.0
  vertex -0.01877469130617915 -0.06888374279877103 0.0
  vertex -0.0181024335000584 -0.06394313098824948 0.0
 endloop
endfacet
facet normal -0.0 0.0 -1.0
 outer loop
  vertex -0.01877469130617915 -0.06888374279877103 0.0
  vertex -0.0233895155474864 -0.07077185636616984 0.0
  vertex -0.02271725774140033 -0.06583124455556756 0.0
 endloop
endfacet
facet normal 0.0 0.0 -1.0
 outer loop
  vertex -0.0181024335000584 -0.06394313098824948 0.0
  vertex -0.01877469130617915 -0.06888374279877103 0.0
  vertex -0.02271725774140033 -0.06583124455556756 0.0
 endloop
endfacet
facet normal 0.0 -0.0 -1.0
 outer loop
  vertex 0.05851476598610448 0.01872530244027163 0.0
  vertex 0.06245733242135552 0.01567280419699872 0.0
  vertex 0.05784250818004823 0.01378469062959994 0.0
 endloop
endfacet
facet normal 0.0 -0.0 -1.0
 outer loop
  vertex 0.05457219955085341 0.02177780068354456 0.0
  vertex 0.05851476598610448 0.01872530244027163 0.0
  vertex 0.05389994174479718 0.01683718887287285 0.0
 endloop
endfacet
facet normal 0.0 0.0 -1.0
 outer loop
  vertex 0.05389994174479718 0.01683718887287285 0.0
  vertex 0.05851476598610448 0.01872530244027163 0.0
  vertex 0.05784250818004823 0.01378469062959994 0.0
 endloop
endfacet
facet normal 0.0 0.0 -1.0
 outer loop
  vertex 0.07352179351996635 -0.03112147145079501 0.0
  vertex 0.07419405132602253 -0.02618085964012325 0.0
  vertex 0.07813661776127362 -0.02923335788339612 0.0
 endloop
endfacet
facet normal 0.0 0.0 -1.0
 outer loop
  vertex 0.07284953571391019 -0.03606208326146678 0.0
  vertex 0.07352179351996635 -0.03112147145079501 0.0
  vertex 0.07743412948591931 -0.034169856302904 0.0
 endloop
endfacet
facet normal 0.0 0.0 -1.0
 outer loop
  vertex 0.07352179351996635 -0.03112147145079501 0.0
  vertex 0.07813661776127362 -0.02923335788339612 0.0
  vertex 0.07743412948591931 -0.034169856302904 0.0
 endloop
endfacet
facet normal 0.0 0.0 -1.0
 outer loop
  vertex 0.07813661776127362 -0.02923335788339612 0.0
  vertex 0.07419405132602253 -0.02618085964012325 0.0
  vertex 0.07880887556732974 -0.02429274607272435 0.0
 endloop
endfacet
facet normal -0.0 0.0 -1.0
 outer loop
  vertex 0.07880887556732974 -0.02429274607272435 0.0
  vertex 0.07419405132602253 -0.02618085964012325 0.0
  vertex 0.07486630913207862 -0.02124024782945148 0.0
 endloop
endfacet
facet normal 0.0 0.0 -1.0
 outer loop
  vertex 0.07486630913207862 -0.02124024782945148 0.0
  vertex 0.07419405132602253 -0.02618085964012325 0.0
  vertex 0.07025148489077142 -0.02312836139685035 0.0
 endloop
endfacet
facet normal 0.0 0.0 -1.0
 outer loop
  vertex 0.07284953571391019 -0.03606208326146678 0.0
  vertex 0.07743412948591931 -0.034169856302904 0.0
  vertex 0.07675446927886134 -0.03910946088571664 0.0
 endloop
endfacet
facet normal 0.0 -0.0 -1.0
 outer loop
  vertex 0.07284953571391019 -0.03606208326146678 0.0
  vertex 0.07675446927886134 -0.03910946088571664 0.0
  vertex 0.07217100576280398 -0.04100184163563467 0.0
 endloop
endfacet
facet normal 0.0 0.0 -1.0
 outer loop
  vertex 0.07284953571391019 -0.03606208326146678 0.0
  vertex 0.07217100576280398 -0.04100184163563467 0.0
  vertex 0.06823366611509457 -0.03795005458944828 0.0
 endloop
endfacet
facet normal 0.0 0.0 -1.0
 outer loop
  vertex 0.03100778134043369 0.07278895925048559 0.0
  vertex 0.02706521490518264 0.07584145749375851 0.0
  vertex 0.03168003914648991 0.07772957106115726 0.0
 endloop
endfacet
facet normal 0.0 0.0 -1.0
 outer loop
  vertex 0.02706521490518264 0.07584145749375851 0.0
  vertex 0.02312264846993169 0.07889395573703148 0.0
  vertex 0.02778100423128112 0.08068597116840218 0.0
 endloop
endfacet
facet normal -0.0 0.0 -1.0
 outer loop
  vertex 0.03168003914648991 0.07772957106115726 0.0
  vertex 0.02706521490518264 0.07584145749375851 0.0
  vertex 0.02778100423128112 0.08068597116840218 0.0
 endloop
endfacet
facet normal 0.0 0.0 -1.0
 outer loop
  vertex 0.03100778134043369 0.07278895925048559 0.0
  vertex 0.03168003914648991 0.07772957106115726 0.0
  vertex 0.03562260558174091 0.07467707281788433 0.0
 endloop
endfacet
facet normal 0.0 0.0 -1.0
 outer loop
  vertex 0.03100778134043369 0.07278895925048559 0.0
  vertex 0.03562260558174091 0.07467707281788433 0.0
  vertex 0.03495062183552934 0.06973579116508191 0.0
 endloop
endfacet
facet normal 0.0 0.0 -1.0
 outer loop
  vertex 0.03033552353437745 0.06784834743981388 0.0
  vertex 0.03100778134043369 0.07278895925048559 0.0
  vertex 0.03495062183552934 0.06973579116508191 0.0
 endloop
endfacet
facet normal 0.0 0.0 -1.0
 outer loop
  vertex -0.07446091840385617 0.03430295901207092 0.0
  vertex -0.07513317621233365 0.02936234720718683 0.0
  vertex -0.07907574264538102 0.03241484544491324 0.0
 endloop
endfacet
facet normal 0.0 0.0 -1.0
 outer loop
  vertex -0.07378866059751457 0.03924357082190647 0.0
  vertex -0.07446091840385617 0.03430295901207092 0.0
  vertex -0.07837796490297241 0.03729308281851935 0.0
 endloop
endfacet
facet normal -0.0 0.0 -1.0
 outer loop
  vertex -0.07446091840385617 0.03430295901207092 0.0
  vertex -0.07907574264538102 0.03241484544491324 0.0
  vertex -0.07837796490297241 0.03729308281851935 0.0
 endloop
endfacet
facet normal 0.0 -0.0 -1.0
 outer loop
  vertex -0.07907574264538102 0.03241484544491324 0.0
  vertex -0.07513317621233365 0.02936234720718683 0.0
  vertex -0.07974800045147352 0.02747423363428166 0.0
 endloop
endfacet
facet normal 0.0 0.0 -1.0
 outer loop
  vertex -0.07974800045147352 0.02747423363428166 0.0
  vertex -0.07513317621233365 0.02936234720718683 0.0
  vertex -0.07580543430854587 0.02442173502536635 0.0
 endloop
endfacet
facet normal 0.0 0.0 -1.0
 outer loop
  vertex -0.07580543430854587 0.02442173502536635 0.0
  vertex -0.07513317621233365 0.02936234720718683 0.0
  vertex -0.07119048085108962 0.02630982938311669 0.0
 endloop
endfacet
facet normal -0.0 0.0 -1.0
 outer loop
  vertex 0.02312264846993169 0.07889395573703148 0.0
  vertex 0.01850782422862438 0.07700584216963281 0.0
  vertex 0.01917683365921574 0.0819390669589537 0.0
 endloop
endfacet
facet normal 0.0 0.0 -1.0
 outer loop
  vertex 0.02312264846993169 0.07889395573703148 0.0
  vertex 0.01917683365921574 0.0819390669589537 0.0
  vertex 0.02388336721302903 0.08361580172769258 0.0
 endloop
endfacet
facet normal 0.0 0.0 -1.0
 outer loop
  vertex 0.02312264846993169 0.07889395573703148 0.0
  vertex 0.02388336721302903 0.08361580172769258 0.0
  vertex 0.02778100423128112 0.08068597116840218 0.0
 endloop
endfacet
facet normal 0.0 0.0 -1.0
 outer loop
  vertex 0.04247162137672248 -0.0671534031322021 0.0
  vertex 0.04708657307717469 -0.06526568056905796 0.0
  vertex 0.04641416749857721 -0.07020583906041392 0.0
 endloop
endfacet
facet normal 0.0 0.0 -1.0
 outer loop
  vertex 0.04641416749857721 -0.07020583906041392 0.0
  vertex 0.04708657307717469 -0.06526568056905796 0.0
  vertex 0.05102898835431842 -0.06831771510717158 0.0
 endloop
endfacet
facet normal 0.0 0.0 -1.0
 outer loop
  vertex 0.05102898835431842 -0.06831771510717158 0.0
  vertex 0.04708657307717469 -0.06526568056905796 0.0
  vertex 0.05170120752445629 -0.06337698477374908 0.0
 endloop
endfacet
facet normal 0.0 -0.0 -1.0
 outer loop
  vertex 0.04247162137672248 -0.0671534031322021 0.0
  vertex 0.04641416749857721 -0.07020583906041392 0.0
  vertex 0.04179931862851306 -0.07209387707459342 0.0
 endloop
endfacet
facet normal 0.0 0.0 -1.0
 outer loop
  vertex 0.04247162137672248 -0.0671534031322021 0.0
  vertex 0.04179931862851306 -0.07209387707459342 0.0
  vertex 0.03785674808846914 -0.06904136623911727 0.0
 endloop
endfacet
facet normal -0.0 0.0 -1.0
 outer loop
  vertex 0.04247162137672248 -0.0671534031322021 0.0
  vertex 0.03785674808846914 -0.06904136623911727 0.0
  vertex 0.03852904203742747 -0.06410086530341269 0.0
 endloop
endfacet
facet normal 0.0 0.0 -1.0
 outer loop
  vertex -0.07982002276855982 -0.005197440809347963 0.0
  vertex -0.08041139764693728 -0.01003359395305643 0.0
  vertex -0.084393670516802 -0.007032378574119653 0.0
 endloop
endfacet
facet normal 0.0 -0.0 -1.0
 outer loop
  vertex -0.084393670516802 -0.007032378574119653 0.0
  vertex -0.08041139764693728 -0.01003359395305643 0.0
  vertex -0.08562869588296076 -0.01227949435652959 0.0
 endloop
endfacet
facet normal 0.0 0.0 -1.0
 outer loop
  vertex -0.08562869588296076 -0.01227949435652959 0.0
  vertex -0.08041139764693728 -0.01003359395305643 0.0
  vertex -0.080767198521263 -0.01466223954720666 0.0
 endloop
endfacet
facet normal 0.0 -0.0 -1.0
 outer loop
  vertex -0.02011920691829164 -0.07876496642011449 0.0
  vertex -0.01617664048304058 -0.08181746466338745 0.0
  vertex -0.02077819713740816 -0.0836884419906391 0.0
 endloop
endfacet
facet normal 0.0 -0.0 -1.0
 outer loop
  vertex -0.02406177335354268 -0.07571246817684149 0.0
  vertex -0.02011920691829164 -0.07876496642011449 0.0
  vertex -0.02473403115959894 -0.08065307998751323 0.0
 endloop
endfacet
facet normal 0.0 0.0 -1.0
 outer loop
  vertex -0.02473403115959894 -0.08065307998751323 0.0
  vertex -0.02011920691829164 -0.07876496642011449 0.0
  vertex -0.02077819713740816 -0.0836884419906391 0.0
 endloop
endfacet
facet normal 0.0 0.0 -1.0
 outer loop
  vertex -0.007619249806482277 -0.08298184933926164 0.0
  vertex -0.003004425565174987 -0.08109373577186291 0.0
  vertex -0.003648800299824142 -0.08623752964798162 0.0
 endloop
endfacet
facet normal 0.0 0.0 -1.0
 outer loop
  vertex -0.003648800299824142 -0.08623752964798162 0.0
  vertex -0.003004425565174987 -0.08109373577186291 0.0
  vertex 0.0009427880486438966 -0.08418009769271043 0.0
 endloop
endfacet
facet normal 0.0 0.0 -1.0
 outer loop
  vertex 0.0009427880486438966 -0.08418009769271043 0.0
  vertex -0.003004425565174987 -0.08109373577186291 0.0
  vertex 0.001610942246842621 -0.07921132885425092 0.0
 endloop
endfacet
facet normal -0.0 0.0 -1.0
 outer loop
  vertex 0.002065300681563908 0.08427522333205281 0.0
  vertex -0.00254952355974333 0.08238710976465402 0.0
  vertex -0.001877265753687144 0.08732772157532574 0.0
 endloop
endfacet
facet normal 0.0 0.0 -1.0
 outer loop
  vertex -0.001877265753687144 0.08732772157532574 0.0
  vertex -0.00254952355974333 0.08238710976465402 0.0
  vertex -0.006472348161756036 0.08558469629635279 0.0
 endloop
endfacet
facet normal -0.0 0.0 -1.0
 outer loop
  vertex -0.00254952355974333 0.08238710976465402 0.0
  vertex -0.007164347801050552 0.08049899619725523 0.0
  vertex -0.006472348161756036 0.08558469629635279 0.0
 endloop
endfacet
facet normal -0.0 0.0 -1.0
 outer loop
  vertex -0.02956621120153061 0.07599904017093313 0.0
  vertex -0.03418103544283788 0.0741109266035344 0.0
  vertex -0.03350877763678161 0.0790515384142061 0.0
 endloop
endfacet
facet normal 0.0 0.0 -1.0
 outer loop
  vertex -0.03350877763678161 0.0790515384142061 0.0
  vertex -0.03418103544283788 0.0741109266035344 0.0
  vertex -0.03812360187808888 0.07716342484680737 0.0
 endloop
endfacet
facet normal 0.0 -0.0 -1.0
 outer loop
  vertex -0.03812360187808888 0.07716342484680737 0.0
  vertex -0.03418103544283788 0.0741109266035344 0.0
  vertex -0.03879585968414516 0.07222281303613562 0.0
 endloop
endfacet
facet normal 0.0 0.0 -1.0
 outer loop
  vertex -0.02562364476627958 0.07294654192766016 0.0
  vertex -0.02956621120153061 0.07599904017093313 0.0
  vertex -0.02495175280144509 0.07788698909670322 0.0
 endloop
endfacet
facet normal 0.0 0.0 -1.0
 outer loop
  vertex -0.02956621120153061 0.07599904017093313 0.0
  vertex -0.03350877763678161 0.0790515384142061 0.0
  vertex -0.02889395339547433 0.08093965198160484 0.0
 endloop
endfacet
facet normal 0.0 0.0 -1.0
 outer loop
  vertex -0.02956621120153061 0.07599904017093313 0.0
  vertex -0.02889395339547433 0.08093965198160484 0.0
  vertex -0.02495175280144509 0.07788698909670322 0.0
 endloop
endfacet
facet normal -0.0 0.0 -1.0
 outer loop
  vertex -0.07378866059751457 0.03924357082190647 0.0
  vertex -0.07837796490297241 0.03729308281851935 0.0
  vertex -0.0776168358999024 0.04206314204314014 0.0
 endloop
endfacet
facet normal 0.0 0.0 -1.0
 outer loop
  vertex -0.07378866059751457 0.03924357082190647 0.0
  vertex -0.0776168358999024 0.04206314204314014 0.0
  vertex -0.07309715553015182 0.04414840440020318 0.0
 endloop
endfacet
facet normal -0.0 0.0 -1.0
 outer loop
  vertex -0.06917349343083604 0.04113195955186019 0.0
  vertex -0.07378866059751457 0.03924357082190647 0.0
  vertex -0.07309715553015182 0.04414840440020318 0.0
 endloop
endfacet
facet normal 0.0 0.0 -1.0
 outer loop
  vertex 0.06563902512513795 -0.05808459203071879 0.0
  vertex 0.0616530350528153 -0.05482755427858716 0.0
  vertex 0.06627065360954523 -0.05290190275332447 0.0
 endloop
endfacet
facet normal 0.0 -0.0 -1.0
 outer loop
  vertex 0.0616530350528153 -0.05482755427858716 0.0
  vertex 0.06563902512513795 -0.05808459203071879 0.0
  vertex 0.06089187533709239 -0.05986952297693472 0.0
 endloop
endfacet
facet normal 0.0 0.0 -1.0
 outer loop
  vertex 0.0616530350528153 -0.05482755427858716 0.0
  vertex 0.06228369182579789 -0.04974743542599255 0.0
  vertex 0.06627065360954523 -0.05290190275332447 0.0
 endloop
endfacet
facet normal 0.0 0.0 -1.0
 outer loop
  vertex -0.02077819713740816 -0.0836884419906391 0.0
  vertex -0.01617664048304058 -0.08181746466338745 0.0
  vertex -0.01670765214206648 -0.08657564481513266 0.0
 endloop
endfacet
facet normal 0.0 0.0 -1.0
 outer loop
  vertex -0.01670765214206648 -0.08657564481513266 0.0
  vertex -0.01617664048304058 -0.08181746466338745 0.0
  vertex -0.01217707035179678 -0.08484706150436519 0.0
 endloop
endfacet
facet normal 0.0 0.0 -1.0
 outer loop
  vertex -0.01617664048304058 -0.08181746466338745 0.0
  vertex -0.01156181624173331 -0.07992935109598866 0.0
  vertex -0.01217707035179678 -0.08484706150436519 0.0
 endloop
endfacet
facet normal -0.0 0.0 -1.0
 outer loop
  vertex -0.07982002276855982 -0.005197440809347963 0.0
  vertex -0.084393670516802 -0.007032378574119653 0.0
  vertex -0.08376837515009358 -0.002152396888521386 0.0
 endloop
endfacet
facet normal 0.0 0.0 -1.0
 outer loop
  vertex -0.07982002276855982 -0.005197440809347963 0.0
  vertex -0.08376837515009358 -0.002152396888521386 0.0
  vertex -0.07915533238143774 -0.0002730582922630692 0.0
 endloop
endfacet
facet normal -0.0 0.0 -1.0
 outer loop
  vertex -0.07522136465871099 -0.003330206783495242 0.0
  vertex -0.07982002276855982 -0.005197440809347963 0.0
  vertex -0.07915533238143774 -0.0002730582922630692 0.0
 endloop
endfacet
facet normal -0.0 0.0 -1.0
 outer loop
  vertex -0.005329535185054327 0.02992849341466251 0.0
  vertex -0.009944359426361873 0.02804037984726402 0.0
  vertex -0.009272101620305822 0.03298099165793638 0.0
 endloop
endfacet
facet normal -0.0 0.0 -1.0
 outer loop
  vertex -0.009944359426361873 0.02804037984726402 0.0
  vertex -0.01455918366766951 0.02615226627986575 0.0
  vertex -0.01388692586161304 0.03109287809053767 0.0
 endloop
endfacet
facet normal 0.0 0.0 -1.0
 outer loop
  vertex -0.009272101620305822 0.03298099165793638 0.0
  vertex -0.009944359426361873 0.02804037984726402 0.0
  vertex -0.01388692586161304 0.03109287809053767 0.0
 endloop
endfacet
facet normal 0.0 0.0 -1.0
 outer loop
  vertex -0.02406177335354268 -0.07571246817684149 0.0
  vertex -0.02473403115959894 -0.08065307998751323 0.0
  vertex -0.02867659759485002 -0.07760058174424028 0.0
 endloop
endfacet
facet normal -0.0 0.0 -1.0
 outer loop
  vertex -0.02406177335354268 -0.07571246817684149 0.0
  vertex -0.02867659759485002 -0.07760058174424028 0.0
  vertex -0.02800433978879377 -0.07265996993356867 0.0
 endloop
endfacet
facet normal 0.0 0.0 -1.0
 outer loop
  vertex -0.02406177335354268 -0.07571246817684149 0.0
  vertex -0.02800433978879377 -0.07265996993356867 0.0
  vertex -0.0233895155474864 -0.07077185636616984 0.0
 endloop
endfacet
facet normal 0.0 0.0 -1.0
 outer loop
  vertex -0.03127464841798862 -0.06466685987962419 0.0
  vertex -0.03060239061193237 -0.05972624806895244 0.0
  vertex -0.02665982417666488 -0.06277874631226332 0.0
 endloop
endfacet
facet normal 0.0 0.0 -1.0
 outer loop
  vertex -0.03127464841798862 -0.06466685987962419 0.0
  vertex -0.02665982417666488 -0.06277874631226332 0.0
  vertex -0.02733208198272984 -0.06771935812291491 0.0
 endloop
endfacet
facet normal 0.0 0.0 -1.0
 outer loop
  vertex -0.03194690622404502 -0.06960747169029591 0.0
  vertex -0.03127464841798862 -0.06466685987962419 0.0
  vertex -0.02733208198272984 -0.06771935812291491 0.0
 endloop
endfacet
facet normal 0.0 0.0 -1.0
 outer loop
  vertex -0.03060239061193237 -0.05972624806895244 0.0
  vertex -0.03454495704718341 -0.05667374982567945 0.0
  vertex -0.02993013280587608 -0.05478563625828071 0.0
 endloop
endfacet
facet normal 0.0 0.0 -1.0
 outer loop
  vertex -0.03060239061193237 -0.05972624806895244 0.0
  vertex -0.02993013280587608 -0.05478563625828071 0.0
  vertex -0.02598756637055613 -0.05783813450171403 0.0
 endloop
endfacet
facet normal 0.0 0.0 -1.0
 outer loop
  vertex -0.02665982417666488 -0.06277874631226332 0.0
  vertex -0.03060239061193237 -0.05972624806895244 0.0
  vertex -0.02598756637055613 -0.05783813450171403 0.0
 endloop
endfacet
facet normal 0.0 -0.0 -1.0
 outer loop
  vertex -0.00456629697791196 0.06756527433263886 0.0
  vertex -0.0006237305426609234 0.06451277608936593 0.0
  vertex -0.005238554783968149 0.06262466252196713 0.0
 endloop
endfacet
facet normal 0.0 0.0 -1.0
 outer loop
  vertex -0.005238554783968149 0.06262466252196713 0.0
  vertex -0.0006237305426609234 0.06451277608936593 0.0
  vertex -0.001295988348717148 0.05957216427869422 0.0
 endloop
endfacet
facet normal 0.0 -0.0 -1.0
 outer loop
  vertex -0.0006237305426609234 0.06451277608936593 0.0
  vertex 0.003318835892590088 0.06146027784609299 0.0
  vertex -0.001295988348717148 0.05957216427869422 0.0
 endloop
endfacet
facet normal 0.0 0.0 -1.0
 outer loop
  vertex 0.0564979925679358 0.003903467008256541 0.0
  vertex 0.05582573476187962 -0.001037144802415203 0.0
  vertex 0.05188316832662843 0.002015353440857551 0.0
 endloop
endfacet
facet normal 0.0 0.0 -1.0
 outer loop
  vertex 0.05717025037399199 0.00884407881892825 0.0
  vertex 0.0564979925679358 0.003903467008256541 0.0
  vertex 0.05255542613268475 0.006955965251529439 0.0
 endloop
endfacet
facet normal 0.0 -0.0 -1.0
 outer loop
  vertex 0.05255542613268475 0.006955965251529439 0.0
  vertex 0.0564979925679358 0.003903467008256541 0.0
  vertex 0.05188316832662843 0.002015353440857551 0.0
 endloop
endfacet
facet normal -0.0 0.0 -1.0
 outer loop
  vertex 0.03929223081373304 -0.02646393274729859 0.0
  vertex 0.03467740657242577 -0.02835204631469739 0.0
  vertex 0.035349664378482 -0.02341143450402564 0.0
 endloop
endfacet
facet normal 0.0 0.0 -1.0
 outer loop
  vertex 0.03929223081373304 -0.02646393274729859 0.0
  vertex 0.035349664378482 -0.02341143450402564 0.0
  vertex 0.03996448861978926 -0.02152332093662685 0.0
 endloop
endfacet
facet normal 0.0 0.0 -1.0
 outer loop
  vertex 0.03929223081373304 -0.02646393274729859 0.0
  vertex 0.03996448861978926 -0.02152332093662685 0.0
  vertex 0.04390705505504031 -0.02457581917989979 0.0
 endloop
endfacet
facet normal 0.0 0.0 -1.0
 outer loop
  vertex 0.035349664378482 -0.02341143450402564 0.0
  vertex 0.03467740657242577 -0.02835204631469739 0.0
  vertex 0.03073484013717472 -0.02529954807142444 0.0
 endloop
endfacet
facet normal 0.0 -0.0 -1.0
 outer loop
  vertex 0.03073484013717472 -0.02529954807142444 0.0
  vertex 0.03467740657242577 -0.02835204631469739 0.0
  vertex 0.0300625823311185 -0.03024015988209625 0.0
 endloop
endfacet
facet normal 0.0 0.0 -1.0
 outer loop
  vertex 0.0300625823311185 -0.03024015988209625 0.0
  vertex 0.03467740657242577 -0.02835204631469739 0.0
  vertex 0.03400514876636954 -0.03329265812536918 0.0
 endloop
endfacet
facet normal 0.0 -0.0 -1.0
 outer loop
  vertex -0.01312368765447024 0.06872965900851302 0.0
  vertex -0.009181121219219225 0.06567716076524009 0.0
  vertex -0.01379594546052651 0.06378904719784131 0.0
 endloop
endfacet
facet normal 0.0 0.0 -1.0
 outer loop
  vertex -0.01312368765447024 0.06872965900851302 0.0
  vertex -0.01379594546052651 0.06378904719784131 0.0
  vertex -0.0177385118957775 0.06684154544111427 0.0
 endloop
endfacet
facet normal -0.0 0.0 -1.0
 outer loop
  vertex -0.01312368765447024 0.06872965900851302 0.0
  vertex -0.0177385118957775 0.06684154544111427 0.0
  vertex -0.01706626425197743 0.07178215267840739 0.0
 endloop
endfacet
facet normal -0.0 0.0 -1.0
 outer loop
  vertex 0.08024437158052841 0.01828464665592235 0.0
  vertex 0.07562954733922114 0.0163965330885235 0.0
  vertex 0.07630180514527732 0.02133714489919521 0.0
 endloop
endfacet
facet normal 0.0 0.0 -1.0
 outer loop
  vertex 0.07630180514527732 0.02133714489919521 0.0
  vertex 0.07562954733922114 0.0163965330885235 0.0
  vertex 0.07168698090397008 0.01944903133179639 0.0
 endloop
endfacet
facet normal 0.0 -0.0 -1.0
 outer loop
  vertex 0.07168698090397008 0.01944903133179639 0.0
  vertex 0.07562954733922114 0.0163965330885235 0.0
  vertex 0.07101472309791387 0.01450841952112468 0.0
 endloop
endfacet
facet normal 0.0 0.0 -1.0
 outer loop
  vertex 0.08418693801577949 0.01523214841264945 0.0
  vertex 0.08024437158052841 0.01828464665592235 0.0
  vertex 0.08469274070842484 0.02019563491005426 0.0
 endloop
endfacet
facet normal 0.0 0.0 -1.0
 outer loop
  vertex 0.08024437158052841 0.01828464665592235 0.0
  vertex 0.07630180514527732 0.02133714489919521 0.0
  vertex 0.08091662938658456 0.02322525846659412 0.0
 endloop
endfacet
facet normal 0.0 0.0 -1.0
 outer loop
  vertex 0.08024437158052841 0.01828464665592235 0.0
  vertex 0.08091662938658456 0.02322525846659412 0.0
  vertex 0.08469274070842484 0.02019563491005426 0.0
 endloop
endfacet
facet normal 0.0 -0.0 -1.0
 outer loop
  vertex -0.01523144147372569 0.02121165446919402 0.0
  vertex -0.01128887503847384 0.01815915622591972 0.0
  vertex -0.01590369927978173 0.01627104265852206 0.0
 endloop
endfacet
facet normal 0.0 0.0 -1.0
 outer loop
  vertex -0.01590369927978173 0.01627104265852206 0.0
  vertex -0.01128887503847384 0.01815915622591972 0.0
  vertex -0.01196113284453062 0.01321854441524913 0.0
 endloop
endfacet
facet normal 0.0 0.0 -1.0
 outer loop
  vertex -0.01196113284453062 0.01321854441524913 0.0
  vertex -0.01128887503847384 0.01815915622591972 0.0
  vertex -0.007346308603219713 0.01510665798264134 0.0
 endloop
endfacet
facet normal 0.0 -0.0 -1.0
 outer loop
  vertex -0.01715723449080769 0.03908598814448275 0.0
  vertex -0.01321466805555675 0.03603348990120978 0.0
  vertex -0.01782949229686399 0.03414537633381101 0.0
 endloop
endfacet
facet normal 0.0 -0.0 -1.0
 outer loop
  vertex -0.02109980092605871 0.0421384863877557 0.0
  vertex -0.01715723449080769 0.03908598814448275 0.0
  vertex -0.02177205873211491 0.03719787457708397 0.0
 endloop
endfacet
facet normal 0.0 0.0 -1.0
 outer loop
  vertex -0.02177205873211491 0.03719787457708397 0.0
  vertex -0.01715723449080769 0.03908598814448275 0.0
  vertex -0.01782949229686399 0.03414537633381101 0.0
 endloop
endfacet
facet normal 0.0 0.0 -1.0
 outer loop
  vertex 0.03360583216357196 0.05985523738586902 0.0
  vertex 0.03293357435751574 0.05491462557519729 0.0
  vertex 0.02899100792226471 0.05796712381847027 0.0
 endloop
endfacet
facet normal -0.0 0.0 -1.0
 outer loop
  vertex 0.03360583216357196 0.05985523738586902 0.0
  vertex 0.02899100792226471 0.05796712381847027 0.0
  vertex 0.02966326572832099 0.06290773562914204 0.0
 endloop
endfacet
facet normal 0.0 0.0 -1.0
 outer loop
  vertex 0.03360583216357196 0.05985523738586902 0.0
  vertex 0.02966326572832099 0.06290773562914204 0.0
  vertex 0.03427817791036736 0.064795634256581 0.0
 endloop
endfacet
facet normal 0.0 -0.0 -1.0
 outer loop
  vertex 0.02899100792226471 0.05796712381847027 0.0
  vertex 0.03293357435751574 0.05491462557519729 0.0
  vertex 0.02831875011620851 0.05302651200779852 0.0
 endloop
endfacet
facet normal 0.0 0.0 -1.0
 outer loop
  vertex 0.02831875011620851 0.05302651200779852 0.0
  vertex 0.03293357435751574 0.05491462557519729 0.0
  vertex 0.03226131655145952 0.04997401376452558 0.0
 endloop
endfacet
facet normal 0.0 0.0 -1.0
 outer loop
  vertex 0.03226131655145952 0.04997401376452558 0.0
  vertex 0.03293357435751574 0.05491462557519729 0.0
  vertex 0.03687614079276678 0.05186212733192437 0.0
 endloop
endfacet
facet normal 0.0 0.0 -1.0
 outer loop
  vertex -0.01281535145252827 -0.05711440561055769 0.0
  vertex -0.008200527211211252 -0.05522629204317028 0.0
  vertex -0.00887278501750839 -0.06016690385330192 0.0
 endloop
endfacet
facet normal 0.0 0.0 -1.0
 outer loop
  vertex -0.01743017569377747 -0.05900251917810022 0.0
  vertex -0.01281535145252827 -0.05711440561055769 0.0
  vertex -0.01348760925874605 -0.06205501742086149 0.0
 endloop
endfacet
facet normal 0.0 -0.0 -1.0
 outer loop
  vertex -0.01281535145252827 -0.05711440561055769 0.0
  vertex -0.00887278501750839 -0.06016690385330192 0.0
  vertex -0.01348760925874605 -0.06205501742086149 0.0
 endloop
endfacet
facet normal 0.0 0.0 -1.0
 outer loop
  vertex -0.00887278501750839 -0.06016690385330192 0.0
  vertex -0.008200527211211252 -0.05522629204317028 0.0
  vertex -0.004257960776160938 -0.05827879028599314 0.0
 endloop
endfacet
facet normal 0.0 0.0 -1.0
 outer loop
  vertex -0.004257960776160938 -0.05827879028599314 0.0
  vertex -0.008200527211211252 -0.05522629204317028 0.0
  vertex -0.003585702970097988 -0.05333817847533645 0.0
 endloop
endfacet
facet normal -0.0 0.0 -1.0
 outer loop
  vertex -0.003585702970097988 -0.05333817847533645 0.0
  vertex -0.008200527211211252 -0.05522629204317028 0.0
  vertex -0.007528269403948903 -0.05028568023479483 0.0
 endloop
endfacet
facet normal 0.0 0.0 -1.0
 outer loop
  vertex -0.01523144147372569 0.02121165446919402 0.0
  vertex -0.01590369927978173 0.01627104265852206 0.0
  vertex -0.01984626571503292 0.01932354090179515 0.0
 endloop
endfacet
facet normal -0.0 0.0 -1.0
 outer loop
  vertex -0.01523144147372569 0.02121165446919402 0.0
  vertex -0.01984626571503292 0.01932354090179515 0.0
  vertex -0.01917400790897661 0.02426415271246714 0.0
 endloop
endfacet
facet normal 0.0 0.0 -1.0
 outer loop
  vertex -0.01523144147372569 0.02121165446919402 0.0
  vertex -0.01917400790897661 0.02426415271246714 0.0
  vertex -0.01455918366766951 0.02615226627986575 0.0
 endloop
endfacet
facet normal 0.0 0.0 -1.0
 outer loop
  vertex 0.006007867116814951 0.0812227250887799 0.0
  vertex 0.002065300681563908 0.08427522333205281 0.0
  vertex 0.006659588144138124 0.08613681186714428 0.0
 endloop
endfacet
facet normal -0.0 0.0 -1.0
 outer loop
  vertex 0.006659588144138124 0.08613681186714428 0.0
  vertex 0.002065300681563908 0.08427522333205281 0.0
  vertex 0.002519324947784656 0.0888633515974139 0.0
 endloop
endfacet
facet normal 0.0 0.0 -1.0
 outer loop
  vertex 0.002065300681563908 0.08427522333205281 0.0
  vertex -0.001877265753687144 0.08732772157532574 0.0
  vertex 0.002519324947784656 0.0888633515974139 0.0
 endloop
endfacet
facet normal 0.0 -0.0 -1.0
 outer loop
  vertex -0.0609083722871954 -0.05814572890627274 0.0
  vertex -0.05694682044766364 -0.06117370585200137 0.0
  vertex -0.06145838779181426 -0.06296043354712696 0.0
 endloop
endfacet
facet normal 0.0 0.0 -1.0
 outer loop
  vertex -0.06145838779181426 -0.06296043354712696 0.0
  vertex -0.05694682044766364 -0.06117370585200137 0.0
  vertex -0.05753985959747117 -0.06601732978752228 0.0
 endloop
endfacet
facet normal 0.0 0.0 -1.0
 outer loop
  vertex -0.05753985959747117 -0.06601732978752228 0.0
  vertex -0.05694682044766364 -0.06117370585200137 0.0
  vertex -0.05299105090303789 -0.06421003944941593 0.0
 endloop
endfacet
facet normal 0.0 0.0 -1.0
 outer loop
  vertex -0.06022029331090523 -0.05318468268098071 0.0
  vertex -0.0609083722871954 -0.05814572890627274 0.0
  vertex -0.06485463032883433 -0.05509799869307781 0.0
 endloop
endfacet
facet normal 0.0 -0.0 -1.0
 outer loop
  vertex -0.06485463032883433 -0.05509799869307781 0.0
  vertex -0.0609083722871954 -0.05814572890627274 0.0
  vertex -0.06526333473447248 -0.05993563510590068 0.0
 endloop
endfacet
facet normal 0.0 0.0 -1.0
 outer loop
  vertex -0.0609083722871954 -0.05814572890627274 0.0
  vertex -0.06145838779181426 -0.06296043354712696 0.0
  vertex -0.06526333473447248 -0.05993563510590068 0.0
 endloop
endfacet
facet normal 0.0 0.0 -1.0
 outer loop
  vertex 0.08217016459761076 0.0004103129806341236 0.0
  vertex 0.08284242240366699 0.005350924791305869 0.0
  vertex 0.08674914331708568 0.00230330396661738 0.0
 endloop
endfacet
facet normal 0.0 0.0 -1.0
 outer loop
  vertex 0.08674914331708568 0.00230330396661738 0.0
  vertex 0.08284242240366699 0.005350924791305869 0.0
  vertex 0.08732925110600093 0.007218626061734221 0.0
 endloop
endfacet
facet normal -0.0 0.0 -1.0
 outer loop
  vertex 0.08732925110600093 0.007218626061734221 0.0
  vertex 0.08284242240366699 0.005350924791305869 0.0
  vertex 0.08345765712906668 0.01028691552603424 0.0
 endloop
endfacet
facet normal 0.0 0.0 -1.0
 outer loop
  vertex 0.08217016459761076 0.0004103129806341236 0.0
  vertex 0.08674914331708568 0.00230330396661738 0.0
  vertex 0.0861067567792231 -0.002641372359541428 0.0
 endloop
endfacet
facet normal 0.0 -0.0 -1.0
 outer loop
  vertex 0.08217016459761076 0.0004103129806341236 0.0
  vertex 0.0861067567792231 -0.002641372359541428 0.0
  vertex 0.08149691108261475 -0.004530163346188047 0.0
 endloop
endfacet
facet normal 0.0 0.0 -1.0
 outer loop
  vertex 0.08217016459761076 0.0004103129806341236 0.0
  vertex 0.08149691108261475 -0.004530163346188047 0.0
  vertex 0.07755517440481352 -0.001477778006123044 0.0
 endloop
endfacet
facet normal 0.0 -0.0 -1.0
 outer loop
  vertex -0.04906168757716164 -0.06727870233854731 0.0
  vertex -0.04511267058298407 -0.07031743668524283 0.0
  vertex -0.04966404276680953 -0.07212269100618615 0.0
 endloop
endfacet
facet normal 0.0 0.0 -1.0
 outer loop
  vertex -0.04906168757716164 -0.06727870233854731 0.0
  vertex -0.04966404276680953 -0.07212269100618615 0.0
  vertex -0.05358482151502073 -0.0690483699812347 0.0
 endloop
endfacet
facet normal 0.0 -0.0 -1.0
 outer loop
  vertex -0.05299105090303789 -0.06421003944941593 0.0
  vertex -0.04906168757716164 -0.06727870233854731 0.0
  vertex -0.05358482151502073 -0.0690483699812347 0.0
 endloop
endfacet
facet normal 0.0 0.0 -1.0
 outer loop
  vertex 0.05630841079424129 -0.06165343514783412 0.0
  vertex 0.05562029223681608 -0.06656111932111591 0.0
  vertex 0.05170120752445629 -0.06337698477374908 0.0
 endloop
endfacet
facet normal 0.0 0.0 -1.0
 outer loop
  vertex 0.05562029223681608 -0.06656111932111591 0.0
  vertex 0.05630841079424129 -0.06165343514783412 0.0
  vertex 0.06000783876699943 -0.06469639718773279 0.0
 endloop
endfacet
facet normal 0.0 0.0 -1.0
 outer loop
  vertex 0.05630841079424129 -0.06165343514783412 0.0
  vertex 0.06089187533709239 -0.05986952297693472 0.0
  vertex 0.06000783876699943 -0.06469639718773279 0.0
 endloop
endfacet
facet normal 0.0 0.0 -1.0
 outer loop
  vertex 0.07813661776127362 -0.02923335788339612 0.0
  vertex 0.07880887556732974 -0.02429274607272435 0.0
  vertex 0.08272879755194139 -0.02734216313712919 0.0
 endloop
endfacet
facet normal 0.0 0.0 -1.0
 outer loop
  vertex 0.07813661776127362 -0.02923335788339612 0.0
  vertex 0.08272879755194139 -0.02734216313712919 0.0
  vertex 0.08189780138073591 -0.03226117577968549 0.0
 endloop
endfacet
facet normal 0.0 -0.0 -1.0
 outer loop
  vertex 0.07813661776127362 -0.02923335788339612 0.0
  vertex 0.08189780138073591 -0.03226117577968549 0.0
  vertex 0.07743412948591931 -0.034169856302904 0.0
 endloop
endfacet
facet normal 0.0 0.0 -1.0
 outer loop
  vertex 0.07880887556732974 -0.02429274607272435 0.0
  vertex 0.07486630913207862 -0.02124024782945148 0.0
  vertex 0.07948113337338587 -0.01935213426205264 0.0
 endloop
endfacet
facet normal 0.0 0.0 -1.0
 outer loop
  vertex 0.07880887556732974 -0.02429274607272435 0.0
  vertex 0.07948113337338587 -0.01935213426205264 0.0
  vertex 0.08339728128289084 -0.0224010377966461 0.0
 endloop
endfacet
facet normal 0.0 0.0 -1.0
 outer loop
  vertex 0.08272879755194139 -0.02734216313712919 0.0
  vertex 0.07880887556732974 -0.02429274607272435 0.0
  vertex 0.08339728128289084 -0.0224010377966461 0.0
 endloop
endfacet
facet normal -0.0 0.0 -1.0
 outer loop
  vertex -0.01572173847760883 0.08166338087312935 0.0
  vertex -0.0203365627189161 0.07977526730573063 0.0
  vertex -0.01963285694238326 0.08463901570150974 0.0
 endloop
endfacet
facet normal -0.0 0.0 -1.0
 outer loop
  vertex -0.01110691423630158 0.08355149444052815 0.0
  vertex -0.01572173847760883 0.08166338087312935 0.0
  vertex -0.01501279137266327 0.08651431869975973 0.0
 endloop
endfacet
facet normal 0.0 0.0 -1.0
 outer loop
  vertex -0.01572173847760883 0.08166338087312935 0.0
  vertex -0.01963285694238326 0.08463901570150974 0.0
  vertex -0.01501279137266327 0.08651431869975973 0.0
 endloop
endfacet
facet normal 0.0 0.0 -1.0
 outer loop
  vertex -0.07907574264538102 0.03241484544491324 0.0
  vertex -0.07974800045147352 0.02747423363428166 0.0
  vertex -0.08349826353494436 0.0302253606580914 0.0
 endloop
endfacet
facet normal 0.0 0.0 -1.0
 outer loop
  vertex -0.07837796490297241 0.03729308281851935 0.0
  vertex -0.07907574264538102 0.03241484544491324 0.0
  vertex -0.08385507942226378 0.03526993702523663 0.0
 endloop
endfacet
facet normal 0.0 0.0 -1.0
 outer loop
  vertex -0.08385507942226378 0.03526993702523663 0.0
  vertex -0.07907574264538102 0.03241484544491324 0.0
  vertex -0.08349826353494436 0.0302253606580914 0.0
 endloop
endfacet
facet normal 0.0 -0.0 -1.0
 outer loop
  vertex -0.07974800045147352 0.02747423363428166 0.0
  vertex -0.07580543430854587 0.02442173502536635 0.0
  vertex -0.08042025965368765 0.02253361959000988 0.0
 endloop
endfacet
facet normal 0.0 0.0 -1.0
 outer loop
  vertex -0.07974800045147352 0.02747423363428166 0.0
  vertex -0.08042025965368765 0.02253361959000988 0.0
  vertex -0.08416464140706505 0.02555915331339663 0.0
 endloop
endfacet
facet normal -0.0 0.0 -1.0
 outer loop
  vertex -0.07974800045147352 0.02747423363428166 0.0
  vertex -0.08416464140706505 0.02555915331339663 0.0
  vertex -0.08349826353494436 0.0302253606580914 0.0
 endloop
endfacet
facet normal 0.0 0.0 -1.0
 outer loop
  vertex 0.03562260558174091 0.07467707281788433 0.0
  vertex 0.03168003914648991 0.07772957106115726 0.0
  vertex 0.03634493126903145 0.07949531144294872 0.0
 endloop
endfacet
facet normal -0.0 0.0 -1.0
 outer loop
  vertex 0.03634493126903145 0.07949531144294872 0.0
  vertex 0.03168003914648991 0.07772957106115726 0.0
  vertex 0.03252502513575829 0.08231235987567201 0.0
 endloop
endfacet
facet normal 0.0 0.0 -1.0
 outer loop
  vertex 0.03252502513575829 0.08231235987567201 0.0
  vertex 0.03168003914648991 0.07772957106115726 0.0
  vertex 0.02778100423128112 0.08068597116840218 0.0
 endloop
endfacet
facet normal 0.0 0.0 -1.0
 outer loop
  vertex 0.03562260558174091 0.07467707281788433 0.0
  vertex 0.03634493126903145 0.07949531144294872 0.0
  vertex 0.04024577446992054 0.07654479085434854 0.0
 endloop
endfacet
facet normal 0.0 0.0 -1.0
 outer loop
  vertex 0.03562260558174091 0.07467707281788433 0.0
  vertex 0.04024577446992054 0.07654479085434854 0.0
  vertex 0.03956656279147067 0.07162117531945562 0.0
 endloop
endfacet
facet normal 0.0 -0.0 -1.0
 outer loop
  vertex 0.03562260558174091 0.07467707281788433 0.0
  vertex 0.03956656279147067 0.07162117531945562 0.0
  vertex 0.03495062183552934 0.06973579116508191 0.0
 endloop
endfacet
facet normal 0.0 0.0 -1.0
 outer loop
  vertex 0.04179931862851306 -0.07209387707459342 0.0
  vertex 0.04641416749857721 -0.07020583906041392 0.0
  vertex 0.04571196321117844 -0.07507323336228179 0.0
 endloop
endfacet
facet normal 0.0 0.0 -1.0
 outer loop
  vertex 0.04641416749857721 -0.07020583906041392 0.0
  vertex 0.05102898835431842 -0.06831771510717158 0.0
  vertex 0.05028841103144603 -0.07309132445663291 0.0
 endloop
endfacet
facet normal 0.0 0.0 -1.0
 outer loop
  vertex 0.04571196321117844 -0.07507323336228179 0.0
  vertex 0.04641416749857721 -0.07020583906041392 0.0
  vertex 0.05028841103144603 -0.07309132445663291 0.0
 endloop
endfacet
facet normal 0.0 -0.0 -1.0
 outer loop
  vertex 0.03785674808846914 -0.06904136623911727 0.0
  vertex 0.04179931862851306 -0.07209387707459342 0.0
  vertex 0.03718448210792198 -0.07398195297304175 0.0
 endloop
endfacet
facet normal 0.0 0.0 -1.0
 outer loop
  vertex 0.03718448210792198 -0.07398195297304175 0.0
  vertex 0.04179931862851306 -0.07209387707459342 0.0
  vertex 0.04108423777026127 -0.0769298150969062 0.0
 endloop
endfacet
facet normal 0.0 -0.0 -1.0
 outer loop
  vertex 0.04179931862851306 -0.07209387707459342 0.0
  vertex 0.04571196321117844 -0.07507323336228179 0.0
  vertex 0.04108423777026127 -0.0769298150969062 0.0
 endloop
endfacet
facet normal 0.0 -0.0 -1.0
 outer loop
  vertex -0.04117655470665961 -0.07338369882509342 0.0
  vertex -0.03723398827140856 -0.07643619706836635 0.0
  vertex -0.04183877926630483 -0.07800066500689998 0.0
 endloop
endfacet
facet normal 0.0 0.0 -1.0
 outer loop
  vertex -0.04117655470665961 -0.07338369882509342 0.0
  vertex -0.04183877926630483 -0.07800066500689998 0.0
  vertex -0.04575267559440754 -0.07518922901302677 0.0
 endloop
endfacet
facet normal -0.0 0.0 -1.0
 outer loop
  vertex -0.04117655470665961 -0.07338369882509342 0.0
  vertex -0.04575267559440754 -0.07518922901302677 0.0
  vertex -0.04511267058298407 -0.07031743668524283 0.0
 endloop
endfacet
facet normal 0.0 0.0 -1.0
 outer loop
  vertex -0.04183877926630483 -0.07800066500689998 0.0
  vertex -0.03723398827140856 -0.07643619706836635 0.0
  vertex -0.03804027444203507 -0.08163718285435653 0.0
 endloop
endfacet
facet normal 0.0 0.0 -1.0
 outer loop
  vertex -0.03804027444203507 -0.08163718285435653 0.0
  vertex -0.03723398827140856 -0.07643619706836635 0.0
  vertex -0.03328700467561885 -0.07949753428355422 0.0
 endloop
endfacet
facet normal 0.0 0.0 -1.0
 outer loop
  vertex -0.03328700467561885 -0.07949753428355422 0.0
  vertex -0.03723398827140856 -0.07643619706836635 0.0
  vertex -0.03261842783667809 -0.07454955666295333 0.0
 endloop
endfacet
facet normal 0.0 -0.0 -1.0
 outer loop
  vertex -0.02867659759485002 -0.07760058174424028 0.0
  vertex -0.02473403115959894 -0.08065307998751323 0.0
  vertex -0.0292187190044589 -0.08237311110317977 0.0
 endloop
endfacet
facet normal 0.0 0.0 -1.0
 outer loop
  vertex -0.0292187190044589 -0.08237311110317977 0.0
  vertex -0.02473403115959894 -0.08065307998751323 0.0
  vertex -0.02532668344401682 -0.08549087435730228 0.0
 endloop
endfacet
facet normal 0.0 0.0 -1.0
 outer loop
  vertex -0.02532668344401682 -0.08549087435730228 0.0
  vertex -0.02473403115959894 -0.08065307998751323 0.0
  vertex -0.02077819713740816 -0.0836884419906391 0.0
 endloop
endfacet
facet normal 0.0 0.0 -1.0
 outer loop
  vertex 0.08418693801577949 0.01523214841264945 0.0
  vertex 0.08469274070842484 0.02019563491005426 0.0
  vertex 0.08930591435688422 0.01735609732998568 0.0
 endloop
endfacet
facet normal 0.0 0.0 -1.0
 outer loop
  vertex 0.08418693801577949 0.01523214841264945 0.0
  vertex 0.08930591435688422 0.01735609732998568 0.0
  vertex 0.08791536150606455 0.01217233601068653 0.0
 endloop
endfacet
facet normal 0.0 -0.0 -1.0
 outer loop
  vertex 0.08418693801577949 0.01523214841264945 0.0
  vertex 0.08791536150606455 0.01217233601068653 0.0
  vertex 0.08345765712906668 0.01028691552603424 0.0
 endloop
endfacet
facet normal 0.0 0.0 -1.0
 outer loop
  vertex -0.084393670516802 -0.007032378574119653 0.0
  vertex -0.08562869588296076 -0.01227949435652959 0.0
  vertex -0.08953694066521146 -0.00801991901456782 0.0
 endloop
endfacet
facet normal 0.0 0.0 -1.0
 outer loop
  vertex -0.08376837515009358 -0.002152396888521386 0.0
  vertex -0.084393670516802 -0.007032378574119653 0.0
  vertex -0.08818058089314997 -0.003822238910333511 0.0
 endloop
endfacet
facet normal 0.0 -0.0 -1.0
 outer loop
  vertex -0.08818058089314997 -0.003822238910333511 0.0
  vertex -0.084393670516802 -0.007032378574119653 0.0
  vertex -0.08953694066521146 -0.00801991901456782 0.0
 endloop
endfacet
facet normal -0.0 0.0 -1.0
 outer loop
  vertex -0.08562869588296076 -0.01227949435652959 0.0
  vertex -0.08914707524838131 -0.01650070088816975 0.0
  vertex -0.09188465334433636 -0.0121859133663676 0.0
 endloop
endfacet
facet normal 0.0 0.0 -1.0
 outer loop
  vertex -0.08914707524838131 -0.01650070088816975 0.0
  vertex -0.08562869588296076 -0.01227949435652959 0.0
  vertex -0.08476377116204907 -0.01717039903264631 0.0
 endloop
endfacet
facet normal 0.0 0.0 -1.0
 outer loop
  vertex -0.08562869588296076 -0.01227949435652959 0.0
  vertex -0.09188465334433636 -0.0121859133663676 0.0
  vertex -0.08953694066521146 -0.00801991901456782 0.0
 endloop
endfacet
facet normal 0.0 0.0 -1.0
 outer loop
  vertex -0.08476377116204907 -0.01717039903264631 0.0
  vertex -0.08562869588296076 -0.01227949435652959 0.0
  vertex -0.080767198521263 -0.01466223954720666 0.0
 endloop
endfacet
facet normal -0.0 0.0 -1.0
 outer loop
  vertex -0.08376837515009358 -0.002152396888521386 0.0
  vertex -0.08818058089314997 -0.003822238910333511 0.0
  vertex -0.08759051994454978 0.0009113627545657527 0.0
 endloop
endfacet
facet normal 0.0 0.0 -1.0
 outer loop
  vertex -0.08376837515009358 -0.002152396888521386 0.0
  vertex -0.08759051994454978 0.0009113627545657527 0.0
  vertex -0.08307771908219216 0.002775251048249165 0.0
 endloop
endfacet
facet normal 0.0 0.0 -1.0
 outer loop
  vertex -0.08376837515009358 -0.002152396888521386 0.0
  vertex -0.08307771908219216 0.002775251048249165 0.0
  vertex -0.07915533238143774 -0.0002730582922630692 0.0
 endloop
endfacet
facet normal 0.0 0.0 -1.0
 outer loop
  vertex -0.08042025965368765 0.02253361959000988 0.0
  vertex -0.07580543430854587 0.02442173502536635 0.0
  vertex -0.07647364877221566 0.01948052500365117 0.0
 endloop
endfacet
facet normal 0.0 0.0 -1.0
 outer loop
  vertex -0.07647364877221566 0.01948052500365117 0.0
  vertex -0.07580543430854587 0.02442173502536635 0.0
  vertex -0.07186210835402915 0.02136912256831381 0.0
 endloop
endfacet
facet normal 0.0 0.0 -1.0
 outer loop
  vertex -0.07186210835402915 0.02136912256831381 0.0
  vertex -0.07580543430854587 0.02442173502536635 0.0
  vertex -0.07119048085108962 0.02630982938311669 0.0
 endloop
endfacet
facet normal 0.0 0.0 -1.0
 outer loop
  vertex -0.07522136465871099 -0.003330206783495242 0.0
  vertex -0.07455116436827619 0.001607348638904786 0.0
  vertex -0.0706090542595309 -0.001445371697399461 0.0
 endloop
endfacet
facet normal 0.0 0.0 -1.0
 outer loop
  vertex -0.07455116436827619 0.001607348638904786 0.0
  vertex -0.07522136465871099 -0.003330206783495242 0.0
  vertex -0.07915533238143774 -0.0002730582922630692 0.0
 endloop
endfacet
facet normal 0.0 0.0 -1.0
 outer loop
  vertex -0.07127880301080054 -0.006382718684196391 0.0
  vertex -0.07522136465871099 -0.003330206783495242 0.0
  vertex -0.0706090542595309 -0.001445371697399461 0.0
 endloop
endfacet
facet normal -0.0 0.0 -1.0
 outer loop
  vertex -0.06022029331090523 -0.05318468268098071 0.0
  vertex -0.06485463032883433 -0.05509799869307781 0.0
  vertex -0.06416400238622867 -0.05013366025654142 0.0
 endloop
endfacet
facet normal 0.0 0.0 -1.0
 outer loop
  vertex -0.06022029331090523 -0.05318468268098071 0.0
  vertex -0.06416400238622867 -0.05013366025654142 0.0
  vertex -0.05954634845354043 -0.04824189196553728 0.0
 endloop
endfacet
facet normal -0.0 0.0 -1.0
 outer loop
  vertex -0.05560283220789322 -0.05129316337781293 0.0
  vertex -0.06022029331090523 -0.05318468268098071 0.0
  vertex -0.05954634845354043 -0.04824189196553728 0.0
 endloop
endfacet
facet normal 0.0 0.0 -1.0
 outer loop
  vertex -0.06416400238622867 -0.05013366025654142 0.0
  vertex -0.06485463032883433 -0.05509799869307781 0.0
  vertex -0.06877901706754802 -0.0520220197937458 0.0
 endloop
endfacet
facet normal 0.0 -0.0 -1.0
 outer loop
  vertex -0.06877901706754802 -0.0520220197937458 0.0
  vertex -0.06485463032883433 -0.05509799869307781 0.0
  vertex -0.06953598064317923 -0.0571467459672382 0.0
 endloop
endfacet
facet normal 0.0 0.0 -1.0
 outer loop
  vertex -0.06953598064317923 -0.0571467459672382 0.0
  vertex -0.06485463032883433 -0.05509799869307781 0.0
  vertex -0.06526333473447248 -0.05993563510590068 0.0
 endloop
endfacet
facet normal -0.0 0.0 -1.0
 outer loop
  vertex -0.06416400238622867 -0.05013366025654142 0.0
  vertex -0.06877901706754802 -0.0520220197937458 0.0
  vertex -0.06810226194736047 -0.04707559931151069 0.0
 endloop
endfacet
facet normal 0.0 0.0 -1.0
 outer loop
  vertex -0.06416400238622867 -0.05013366025654142 0.0
  vertex -0.06810226194736047 -0.04707559931151069 0.0
  vertex -0.06348815551840636 -0.04518841286107159 0.0
 endloop
endfacet
facet normal 0.0 0.0 -1.0
 outer loop
  vertex -0.06416400238622867 -0.05013366025654142 0.0
  vertex -0.06348815551840636 -0.04518841286107159 0.0
  vertex -0.05954634845354043 -0.04824189196553728 0.0
 endloop
endfacet
facet normal 0.0 0.0 -1.0
 outer loop
  vertex -0.06810226194736047 -0.04707559931151069 0.0
  vertex -0.06877901706754802 -0.0520220197937458 0.0
  vertex -0.07243886028296168 -0.04904593237638397 0.0
 endloop
endfacet
facet normal 0.0 0.0 -1.0
 outer loop
  vertex -0.06877901706754802 -0.0520220197937458 0.0
  vertex -0.06953598064317923 -0.0571467459672382 0.0
  vertex -0.07325435981350807 -0.05413276594374312 0.0
 endloop
endfacet
facet normal -0.0 0.0 -1.0
 outer loop
  vertex -0.06877901706754802 -0.0520220197937458 0.0
  vertex -0.07325435981350807 -0.05413276594374312 0.0
  vertex -0.07243886028296168 -0.04904593237638397 0.0
 endloop
endfacet
facet normal -0.0 0.0 -1.0
 outer loop
  vertex -0.06348815551840636 -0.04518841286107159 0.0
  vertex -0.06810226194736047 -0.04707559931151069 0.0
  vertex -0.06743012377669634 -0.04213514202033222 0.0
 endloop
endfacet
facet normal 0.0 0.0 -1.0
 outer loop
  vertex -0.06743012377669634 -0.04213514202033222 0.0
  vertex -0.06810226194736047 -0.04707559931151069 0.0
  vertex -0.07204484832184348 -0.04402312682148658 0.0
 endloop
endfacet
facet normal 0.0 -0.0 -1.0
 outer loop
  vertex -0.07204484832184348 -0.04402312682148658 0.0
  vertex -0.06810226194736047 -0.04707559931151069 0.0
  vertex -0.07243886028296168 -0.04904593237638397 0.0
 endloop
endfacet
facet normal 0.0 0.0 -1.0
 outer loop
  vertex -0.02311657434422733 0.02731665095574048 0.0
  vertex -0.0224443165381711 0.03225726276641225 0.0
  vertex -0.0185017501029203 0.02920476452313912 0.0
 endloop
endfacet
facet normal 0.0 0.0 -1.0
 outer loop
  vertex -0.02311657434422733 0.02731665095574048 0.0
  vertex -0.0185017501029203 0.02920476452313912 0.0
  vertex -0.01917400790897661 0.02426415271246714 0.0
 endloop
endfacet
facet normal 0.0 0.0 -1.0
 outer loop
  vertex -0.02378883215028392 0.02237603914506831 0.0
  vertex -0.02311657434422733 0.02731665095574048 0.0
  vertex -0.01917400790897661 0.02426415271246714 0.0
 endloop
endfacet
facet normal -0.0 0.0 -1.0
 outer loop
  vertex -0.02993013280587608 -0.05478563625828071 0.0
  vertex -0.03454495704718341 -0.05667374982567945 0.0
  vertex -0.03387269924095151 -0.05173313801560599 0.0
 endloop
endfacet
facet normal 0.0 0.0 -1.0
 outer loop
  vertex -0.03387269924095151 -0.05173313801560599 0.0
  vertex -0.03454495704718341 -0.05667374982567945 0.0
  vertex -0.03848752348237285 -0.05362125158262441 0.0
 endloop
endfacet
facet normal 0.0 -0.0 -1.0
 outer loop
  vertex -0.03848752348237285 -0.05362125158262441 0.0
  vertex -0.03454495704718341 -0.05667374982567945 0.0
  vertex -0.03915978128848051 -0.05856186339311451 0.0
 endloop
endfacet
facet normal 0.0 -0.0 -1.0
 outer loop
  vertex -0.04408294173150867 0.06539408765806512 0.0
  vertex -0.04014037529625765 0.06234158941479218 0.0
  vertex -0.04475659133503666 0.06045656899082834 0.0
 endloop
endfacet
facet normal 0.0 0.0 -1.0
 outer loop
  vertex -0.04081263310231389 0.05740097760412039 0.0
  vertex -0.04014037529625765 0.06234158941479218 0.0
  vertex -0.03619780886100665 0.05928909117151916 0.0
 endloop
endfacet
facet normal 0.0 0.0 -1.0
 outer loop
  vertex -0.04014037529625765 0.06234158941479218 0.0
  vertex -0.04081263310231389 0.05740097760412039 0.0
  vertex -0.04475659133503666 0.06045656899082834 0.0
 endloop
endfacet
facet normal 0.0 0.0 -1.0
 outer loop
  vertex -0.04341068392545244 0.07033469946873684 0.0
  vertex -0.04408294173150867 0.06539408765806512 0.0
  vertex -0.04807561287574275 0.06855793906499671 0.0
 endloop
endfacet
facet normal 0.0 -0.0 -1.0
 outer loop
  vertex -0.04807561287574275 0.06855793906499671 0.0
  vertex -0.04408294173150867 0.06539408765806512 0.0
  vertex -0.04870611675764644 0.06352453295127614 0.0
 endloop
endfacet
facet normal 0.0 0.0 -1.0
 outer loop
  vertex -0.04870611675764644 0.06352453295127614 0.0
  vertex -0.04408294173150867 0.06539408765806512 0.0
  vertex -0.04475659133503666 0.06045656899082834 0.0
 endloop
endfacet
facet normal -0.0 0.0 -1.0
 outer loop
  vertex -0.04341068392545244 0.07033469946873684 0.0
  vertex -0.04807561287574275 0.06855793906499671 0.0
  vertex -0.0473532503607035 0.07338719771200979 0.0
 endloop
endfacet
facet normal 0.0 0.0 -1.0
 outer loop
  vertex -0.04341068392545244 0.07033469946873684 0.0
  vertex -0.0473532503607035 0.07338719771200979 0.0
  vertex -0.04272361162505498 0.075301494734289 0.0
 endloop
endfacet
facet normal -0.0 0.0 -1.0
 outer loop
  vertex -0.03879585968414516 0.07222281303613562 0.0
  vertex -0.04341068392545244 0.07033469946873684 0.0
  vertex -0.04272361162505498 0.075301494734289 0.0
 endloop
endfacet
facet normal 0.0 0.0 -1.0
 outer loop
  vertex -0.04807561287574275 0.06855793906499671 0.0
  vertex -0.04870611675764644 0.06352453295127614 0.0
  vertex -0.05270017969935226 0.0666914775016427 0.0
 endloop
endfacet
facet normal -0.0 0.0 -1.0
 outer loop
  vertex -0.04807561287574275 0.06855793906499671 0.0
  vertex -0.05270017969935226 0.0666914775016427 0.0
  vertex -0.05206034145846651 0.0718786269591063 0.0
 endloop
endfacet
facet normal 0.0 0.0 -1.0
 outer loop
  vertex -0.0473532503607035 0.07338719771200979 0.0
  vertex -0.04807561287574275 0.06855793906499671 0.0
  vertex -0.05206034145846651 0.0718786269591063 0.0
 endloop
endfacet
facet normal 0.0 -0.0 -1.0
 outer loop
  vertex -0.05270017969935226 0.0666914775016427 0.0
  vertex -0.04870611675764644 0.06352453295127614 0.0
  vertex -0.05332395656014248 0.06164312119465315 0.0
 endloop
endfacet
facet normal 0.0 0.0 -1.0
 outer loop
  vertex -0.05332395656014248 0.06164312119465315 0.0
  vertex -0.04870611675764644 0.06352453295127614 0.0
  vertex -0.04937395487320607 0.05857409878000847 0.0
 endloop
endfacet
facet normal 0.0 -0.0 -1.0
 outer loop
  vertex -0.04870611675764644 0.06352453295127614 0.0
  vertex -0.04475659133503666 0.06045656899082834 0.0
  vertex -0.04937395487320607 0.05857409878000847 0.0
 endloop
endfacet
facet normal 0.0 0.0 -1.0
 outer loop
  vertex -0.05270017969935226 0.0666914775016427 0.0
  vertex -0.05332395656014248 0.06164312119465315 0.0
  vertex -0.05726702558892497 0.06469673640638873 0.0
 endloop
endfacet
facet normal -0.0 0.0 -1.0
 outer loop
  vertex -0.05270017969935226 0.0666914775016427 0.0
  vertex -0.05726702558892497 0.06469673640638873 0.0
  vertex -0.05683476727348975 0.06988130923655003 0.0
 endloop
endfacet
facet normal 0.0 0.0 -1.0
 outer loop
  vertex -0.05270017969935226 0.0666914775016427 0.0
  vertex -0.05683476727348975 0.06988130923655003 0.0
  vertex -0.05206034145846651 0.0718786269591063 0.0
 endloop
endfacet
facet normal 0.0 -0.0 -1.0
 outer loop
  vertex -0.05726702558892497 0.06469673640638873 0.0
  vertex -0.05332395656014248 0.06164312119465315 0.0
  vertex -0.05792842251134336 0.05973198726855256 0.0
 endloop
endfacet
facet normal 0.0 0.0 -1.0
 outer loop
  vertex -0.05792842251134336 0.05973198726855256 0.0
  vertex -0.05332395656014248 0.06164312119465315 0.0
  vertex -0.05398691042050142 0.05668183220994078 0.0
 endloop
endfacet
facet normal 0.0 0.0 -1.0
 outer loop
  vertex -0.05398691042050142 0.05668183220994078 0.0
  vertex -0.05332395656014248 0.06164312119465315 0.0
  vertex -0.04937395487320607 0.05857409878000847 0.0
 endloop
endfacet
facet normal 0.0 0.0 -1.0
 outer loop
  vertex -0.05726702558892497 0.06469673640638873 0.0
  vertex -0.05792842251134336 0.05973198726855256 0.0
  vertex -0.06186998089068146 0.06278224519914181 0.0
 endloop
endfacet
facet normal 0.0 0.0 -1.0
 outer loop
  vertex -0.05683476727348975 0.06988130923655003 0.0
  vertex -0.05726702558892497 0.06469673640638873 0.0
  vertex -0.06115317704710556 0.06775755730825522 0.0
 endloop
endfacet
facet normal 0.0 -0.0 -1.0
 outer loop
  vertex -0.06115317704710556 0.06775755730825522 0.0
  vertex -0.05726702558892497 0.06469673640638873 0.0
  vertex -0.06186998089068146 0.06278224519914181 0.0
 endloop
endfacet
facet normal 0.0 -0.0 -1.0
 outer loop
  vertex -0.05792842251134336 0.05973198726855256 0.0
  vertex -0.05398691042050142 0.05668183220994078 0.0
  vertex -0.05860018400419249 0.05479027244686853 0.0
 endloop
endfacet
facet normal 0.0 0.0 -1.0
 outer loop
  vertex -0.05792842251134336 0.05973198726855256 0.0
  vertex -0.05860018400419249 0.05479027244686853 0.0
  vertex -0.06254249199650748 0.05784219632419592 0.0
 endloop
endfacet
facet normal -0.0 0.0 -1.0
 outer loop
  vertex -0.05792842251134336 0.05973198726855256 0.0
  vertex -0.06254249199650748 0.05784219632419592 0.0
  vertex -0.06186998089068146 0.06278224519914181 0.0
 endloop
endfacet
facet normal 0.0 0.0 -1.0
 outer loop
  vertex -0.05860018400419249 0.05479027244686853 0.0
  vertex -0.05398691042050142 0.05668183220994078 0.0
  vertex -0.05465753485007359 0.05173759036842687 0.0
 endloop
endfacet
facet normal 0.0 0.0 -1.0
 outer loop
  vertex -0.05465753485007359 0.05173759036842687 0.0
  vertex -0.05398691042050142 0.05668183220994078 0.0
  vertex -0.05004269682228837 0.05362567329663086 0.0
 endloop
endfacet
facet normal 0.0 0.0 -1.0
 outer loop
  vertex -0.05004269682228837 0.05362567329663086 0.0
  vertex -0.05398691042050142 0.05668183220994078 0.0
  vertex -0.04937395487320607 0.05857409878000847 0.0
 endloop
endfacet
facet normal 0.0 -0.0 -1.0
 outer loop
  vertex -0.06254249199650748 0.05784219632419592 0.0
  vertex -0.05860018400419249 0.05479027244686853 0.0
  vertex -0.0632146240098732 0.05290130495069784 0.0
 endloop
endfacet
facet normal 0.0 0.0 -1.0
 outer loop
  vertex -0.0632146240098732 0.05290130495069784 0.0
  vertex -0.05860018400419249 0.05479027244686853 0.0
  vertex -0.05927153807090582 0.04984890433179862 0.0
 endloop
endfacet
facet normal 0.0 -0.0 -1.0
 outer loop
  vertex -0.05860018400419249 0.05479027244686853 0.0
  vertex -0.05465753485007359 0.05173759036842687 0.0
  vertex -0.05927153807090582 0.04984890433179862 0.0
 endloop
endfacet
facet normal 0.0 0.0 -1.0
 outer loop
  vertex -0.06254249199650748 0.05784219632419592 0.0
  vertex -0.0632146240098732 0.05290130495069784 0.0
  vertex -0.06704538657471094 0.05593845668796425 0.0
 endloop
endfacet
facet normal -0.0 0.0 -1.0
 outer loop
  vertex -0.06254249199650748 0.05784219632419592 0.0
  vertex -0.06704538657471094 0.05593845668796425 0.0
  vertex -0.06671086324487625 0.06160756041013097 0.0
 endloop
endfacet
facet normal 0.0 0.0 -1.0
 outer loop
  vertex -0.06254249199650748 0.05784219632419592 0.0
  vertex -0.06671086324487625 0.06160756041013097 0.0
  vertex -0.06186998089068146 0.06278224519914181 0.0
 endloop
endfacet
facet normal 0.0 0.0 -1.0
 outer loop
  vertex 0.03987353808961551 -0.05421958167842112 0.0
  vertex 0.03920127889546297 -0.05916018923085338 0.0
  vertex 0.03525868397739582 -0.05610760361132912 0.0
 endloop
endfacet
facet normal 0.0 -0.0 -1.0
 outer loop
  vertex 0.03525868397739582 -0.05610760361132912 0.0
  vertex 0.03920127889546297 -0.05916018923085338 0.0
  vertex 0.03458643091847557 -0.06104822998470944 0.0
 endloop
endfacet
facet normal 0.0 0.0 -1.0
 outer loop
  vertex 0.03458643091847557 -0.06104822998470944 0.0
  vertex 0.03920127889546297 -0.05916018923085338 0.0
  vertex 0.03852904203742747 -0.06410086530341269 0.0
 endloop
endfacet
facet normal 0.0 0.0 -1.0
 outer loop
  vertex 0.03785674808846914 -0.06904136623911727 0.0
  vertex 0.03718448210792198 -0.07398195297304175 0.0
  vertex 0.03324191362612357 -0.07092944845161041 0.0
 endloop
endfacet
facet normal -0.0 0.0 -1.0
 outer loop
  vertex 0.03785674808846914 -0.06904136623911727 0.0
  vertex 0.03324191362612357 -0.07092944845161041 0.0
  vertex 0.03391417188227785 -0.06598883802169703 0.0
 endloop
endfacet
facet normal 0.0 0.0 -1.0
 outer loop
  vertex 0.03785674808846914 -0.06904136623911727 0.0
  vertex 0.03391417188227785 -0.06598883802169703 0.0
  vertex 0.03852904203742747 -0.06410086530341269 0.0
 endloop
endfacet
facet normal 0.0 -0.0 -1.0
 outer loop
  vertex 0.03324191362612357 -0.07092944845161041 0.0
  vertex 0.03718448210792198 -0.07398195297304175 0.0
  vertex 0.03256965411656103 -0.07587005503646455 0.0
 endloop
endfacet
facet normal 0.0 0.0 -1.0
 outer loop
  vertex 0.03256965411656103 -0.07587005503646455 0.0
  vertex 0.03718448210792198 -0.07398195297304175 0.0
  vertex 0.0364947992567012 -0.07887997292300467 0.0
 endloop
endfacet
facet normal 0.0 0.0 -1.0
 outer loop
  vertex 0.0364947992567012 -0.07887997292300467 0.0
  vertex 0.03718448210792198 -0.07398195297304175 0.0
  vertex 0.04108423777026127 -0.0769298150969062 0.0
 endloop
endfacet
facet normal 0.0 -0.0 -1.0
 outer loop
  vertex -0.06704538657471094 0.05593845668796425 0.0
  vertex -0.0632146240098732 0.05290130495069784 0.0
  vertex -0.06781072926805877 0.05101044471703162 0.0
 endloop
endfacet
facet normal 0.0 0.0 -1.0
 outer loop
  vertex -0.06781072926805877 0.05101044471703162 0.0
  vertex -0.0632146240098732 0.05290130495069784 0.0
  vertex -0.06388333405540471 0.0479603216096927 0.0
 endloop
endfacet
facet normal 0.0 0.0 -1.0
 outer loop
  vertex -0.06388333405540471 0.0479603216096927 0.0
  vertex -0.0632146240098732 0.05290130495069784 0.0
  vertex -0.05927153807090582 0.04984890433179862 0.0
 endloop
endfacet
facet normal 0.0 -0.0 -1.0
 outer loop
  vertex 0.05062963311560235 0.0248302989268175 0.0
  vertex 0.05457219955085341 0.02177780068354456 0.0
  vertex 0.04995737530954614 0.01988968711614578 0.0
 endloop
endfacet
facet normal 0.0 0.0 -1.0
 outer loop
  vertex 0.05457219955085341 0.02177780068354456 0.0
  vertex 0.05062963311560235 0.0248302989268175 0.0
  vertex 0.05524445735690962 0.02671841249421628 0.0
 endloop
endfacet
facet normal 0.0 0.0 -1.0
 outer loop
  vertex 0.04601480887429507 0.02294218535941871 0.0
  vertex 0.05062963311560235 0.0248302989268175 0.0
  vertex 0.04995737530954614 0.01988968711614578 0.0
 endloop
endfacet
facet normal 0.0 0.0 -1.0
 outer loop
  vertex 0.006007867116814951 0.0812227250887799 0.0
  vertex 0.006659588144138124 0.08613681186714428 0.0
  vertex 0.0106192685616667 0.08310641781746078 0.0
 endloop
endfacet
facet normal 0.0 0.0 -1.0
 outer loop
  vertex 0.006007867116814951 0.0812227250887799 0.0
  vertex 0.0106192685616667 0.08310641781746078 0.0
  vertex 0.009949863085990088 0.07816949003905395 0.0
 endloop
endfacet
facet normal 0.0 -0.0 -1.0
 outer loop
  vertex 0.006007867116814951 0.0812227250887799 0.0
  vertex 0.009949863085990088 0.07816949003905395 0.0
  vertex 0.00533551423307943 0.07628199047703263 0.0
 endloop
endfacet
facet normal 0.0 0.0 -1.0
 outer loop
  vertex 0.0618760550163855 0.04342836149363026 0.0
  vertex 0.0625483128224417 0.04836897330430201 0.0
  vertex 0.06649087925769274 0.04531647506102906 0.0
 endloop
endfacet
facet normal 0.0 0.0 -1.0
 outer loop
  vertex 0.0618760550163855 0.04342836149363026 0.0
  vertex 0.06649087925769274 0.04531647506102906 0.0
  vertex 0.0658186214516365 0.0403758632503573 0.0
 endloop
endfacet
facet normal 0.0 0.0 -1.0
 outer loop
  vertex 0.06120379721032927 0.03848774968295852 0.0
  vertex 0.0618760550163855 0.04342836149363026 0.0
  vertex 0.0658186214516365 0.0403758632503573 0.0
 endloop
endfacet
facet normal 0.0 0.0 -1.0
 outer loop
  vertex 0.06649087925769274 0.04531647506102906 0.0
  vertex 0.0625483128224417 0.04836897330430201 0.0
  vertex 0.06716313706374896 0.05025708687170079 0.0
 endloop
endfacet
facet normal -0.0 0.0 -1.0
 outer loop
  vertex 0.06716313706374896 0.05025708687170079 0.0
  vertex 0.0625483128224417 0.04836897330430201 0.0
  vertex 0.06322057062849794 0.05330958511497373 0.0
 endloop
endfacet
facet normal 0.0 0.0 -1.0
 outer loop
  vertex 0.06322057062849794 0.05330958511497373 0.0
  vertex 0.0625483128224417 0.04836897330430201 0.0
  vertex 0.05860487551314066 0.05142034673814828 0.0
 endloop
endfacet
facet normal 0.0 0.0 -1.0
 outer loop
  vertex 0.06649087925769274 0.04531647506102906 0.0
  vertex 0.06716313706374896 0.05025708687170079 0.0
  vertex 0.07110570349899999 0.04720458862842782 0.0
 endloop
endfacet
facet normal 0.0 0.0 -1.0
 outer loop
  vertex 0.06649087925769274 0.04531647506102906 0.0
  vertex 0.07110570349899999 0.04720458862842782 0.0
  vertex 0.07043344569294374 0.04226397681775608 0.0
 endloop
endfacet
facet normal 0.0 -0.0 -1.0
 outer loop
  vertex 0.06649087925769274 0.04531647506102906 0.0
  vertex 0.07043344569294374 0.04226397681775608 0.0
  vertex 0.0658186214516365 0.0403758632503573 0.0
 endloop
endfacet
facet normal 0.0 0.0 -1.0
 outer loop
  vertex 0.07110570349899999 0.04720458862842782 0.0
  vertex 0.06716313706374896 0.05025708687170079 0.0
  vertex 0.07158184815226061 0.05191320985683578 0.0
 endloop
endfacet
facet normal 0.0 0.0 -1.0
 outer loop
  vertex 0.06716313706374896 0.05025708687170079 0.0
  vertex 0.06322057062849794 0.05330958511497373 0.0
  vertex 0.06780852218483392 0.05516299027720759 0.0
 endloop
endfacet
facet normal 0.0 0.0 -1.0
 outer loop
  vertex 0.06716313706374896 0.05025708687170079 0.0
  vertex 0.06780852218483392 0.05516299027720759 0.0
  vertex 0.07158184815226061 0.05191320985683578 0.0
 endloop
endfacet
facet normal 0.0 0.0 -1.0
 outer loop
  vertex 0.07043344569294374 0.04226397681775608 0.0
  vertex 0.07110570349899999 0.04720458862842782 0.0
  vertex 0.07497108703835809 0.04405240197570413 0.0
 endloop
endfacet
facet normal 0.0 0.0 -1.0
 outer loop
  vertex 0.07497108703835809 0.04405240197570413 0.0
  vertex 0.07110570349899999 0.04720458862842782 0.0
  vertex 0.07550966602742104 0.0489481954531172 0.0
 endloop
endfacet
facet normal -0.0 0.0 -1.0
 outer loop
  vertex 0.07550966602742104 0.0489481954531172 0.0
  vertex 0.07110570349899999 0.04720458862842782 0.0
  vertex 0.07158184815226061 0.05191320985683578 0.0
 endloop
endfacet
facet normal -0.0 0.0 -1.0
 outer loop
  vertex 0.06780852218483392 0.05516299027720759 0.0
  vertex 0.06322057062849794 0.05330958511497373 0.0
  vertex 0.06386147696875424 0.05820970378628627 0.0
 endloop
endfacet
facet normal 0.0 0.0 -1.0
 outer loop
  vertex 0.06386147696875424 0.05820970378628627 0.0
  vertex 0.06322057062849794 0.05330958511497373 0.0
  vertex 0.0592727789489469 0.05635533450168673 0.0
 endloop
endfacet
facet normal 0.0 -0.0 -1.0
 outer loop
  vertex 0.0592727789489469 0.05635533450168673 0.0
  vertex 0.06322057062849794 0.05330958511497373 0.0
  vertex 0.05860487551314066 0.05142034673814828 0.0
 endloop
endfacet
facet normal 0.0 0.0 -1.0
 outer loop
  vertex -0.0424300899176905 -0.05056875333913882 0.0
  vertex -0.04175783211165951 -0.04562814152849444 0.0
  vertex -0.03781526567617918 -0.04868063977243901 0.0
 endloop
endfacet
facet normal 0.0 0.0 -1.0
 outer loop
  vertex -0.0424300899176905 -0.05056875333913882 0.0
  vertex -0.03781526567617918 -0.04868063977243901 0.0
  vertex -0.03848752348237285 -0.05362125158262441 0.0
 endloop
endfacet
facet normal 0.0 -0.0 -1.0
 outer loop
  vertex -0.0424300899176905 -0.05056875333913882 0.0
  vertex -0.03848752348237285 -0.05362125158262441 0.0
  vertex -0.04310234772373162 -0.05550936514984951 0.0
 endloop
endfacet
facet normal 0.0 0.0 -1.0
 outer loop
  vertex -0.06348815551840636 -0.04518841286107159 0.0
  vertex -0.06743012377669634 -0.04213514202033222 0.0
  vertex -0.06281531947462107 -0.04024705420618238 0.0
 endloop
endfacet
facet normal 0.0 0.0 -1.0
 outer loop
  vertex -0.06348815551840636 -0.04518841286107159 0.0
  vertex -0.06281531947462107 -0.04024705420618238 0.0
  vertex -0.05887276026831358 -0.04329956219683016 0.0
 endloop
endfacet
facet normal 0.0 0.0 -1.0
 outer loop
  vertex -0.06348815551840636 -0.04518841286107159 0.0
  vertex -0.05887276026831358 -0.04329956219683016 0.0
  vertex -0.05954634845354043 -0.04824189196553728 0.0
 endloop
endfacet
facet normal -0.0 0.0 -1.0
 outer loop
  vertex -0.06743012377669634 -0.04213514202033222 0.0
  vertex -0.07204484832184348 -0.04402312682148658 0.0
  vertex -0.07137259383899253 -0.03908251930302298 0.0
 endloop
endfacet
facet normal 0.0 0.0 -1.0
 outer loop
  vertex -0.06743012377669634 -0.04213514202033222 0.0
  vertex -0.07137259383899253 -0.03908251930302298 0.0
  vertex -0.06675762375057709 -0.0371944607060276 0.0
 endloop
endfacet
facet normal -0.0 0.0 -1.0
 outer loop
  vertex -0.06281531947462107 -0.04024705420618238 0.0
  vertex -0.06743012377669634 -0.04213514202033222 0.0
  vertex -0.06675762375057709 -0.0371944607060276 0.0
 endloop
endfacet
facet normal 0.0 0.0 -1.0
 outer loop
  vertex -0.07137259383899253 -0.03908251930302298 0.0
  vertex -0.07204484832184348 -0.04402312682148658 0.0
  vertex -0.07595058468357796 -0.04097562177568023 0.0
 endloop
endfacet
facet normal 0.0 -0.0 -1.0
 outer loop
  vertex -0.07595058468357796 -0.04097562177568023 0.0
  vertex -0.07204484832184348 -0.04402312682148658 0.0
  vertex -0.07613481448997744 -0.04603227641493818 0.0
 endloop
endfacet
facet normal 0.0 0.0 -1.0
 outer loop
  vertex -0.07613481448997744 -0.04603227641493818 0.0
  vertex -0.07204484832184348 -0.04402312682148658 0.0
  vertex -0.07243886028296168 -0.04904593237638397 0.0
 endloop
endfacet
facet normal -0.0 0.0 -1.0
 outer loop
  vertex -0.07137259383899253 -0.03908251930302298 0.0
  vertex -0.07595058468357796 -0.04097562177568023 0.0
  vertex -0.07530900586649837 -0.03603083251365506 0.0
 endloop
endfacet
facet normal 0.0 0.0 -1.0
 outer loop
  vertex -0.07137259383899253 -0.03908251930302298 0.0
  vertex -0.07530900586649837 -0.03603083251365506 0.0
  vertex -0.07069929479002049 -0.03414202270436407 0.0
 endloop
endfacet
facet normal 0.0 0.0 -1.0
 outer loop
  vertex -0.07137259383899253 -0.03908251930302298 0.0
  vertex -0.07069929479002049 -0.03414202270436407 0.0
  vertex -0.06675762375057709 -0.0371944607060276 0.0
 endloop
endfacet
facet normal 0.0 0.0 -1.0
 outer loop
  vertex -0.06281531947462107 -0.04024705420618238 0.0
  vertex -0.06675762375057709 -0.0371944607060276 0.0
  vertex -0.06214292312588647 -0.0353062782360221 0.0
 endloop
endfacet
facet normal 0.0 0.0 -1.0
 outer loop
  vertex -0.06281531947462107 -0.04024705420618238 0.0
  vertex -0.06214292312588647 -0.0353062782360221 0.0
  vertex -0.05820037909311788 -0.03835879309704075 0.0
 endloop
endfacet
facet normal 0.0 0.0 -1.0
 outer loop
  vertex -0.06281531947462107 -0.04024705420618238 0.0
  vertex -0.05820037909311788 -0.03835879309704075 0.0
  vertex -0.05887276026831358 -0.04329956219683016 0.0
 endloop
endfacet
facet normal 0.0 0.0 -1.0
 outer loop
  vertex -0.02235333613708479 0.06495343187371552 0.0
  vertex -0.0177385118957775 0.06684154544111427 0.0
  vertex -0.01841076970183377 0.06190093363044258 0.0
 endloop
endfacet
facet normal -0.0 0.0 -1.0
 outer loop
  vertex -0.0177385118957775 0.06684154544111427 0.0
  vertex -0.02235333613708479 0.06495343187371552 0.0
  vertex -0.02168107833102852 0.06989404368438723 0.0
 endloop
endfacet
facet normal 0.0 0.0 -1.0
 outer loop
  vertex -0.02168107833102852 0.06989404368438723 0.0
  vertex -0.02235333613708479 0.06495343187371552 0.0
  vertex -0.02629590257233581 0.06800593011698847 0.0
 endloop
endfacet
facet normal 0.0 0.0 -1.0
 outer loop
  vertex -0.01379594546052651 0.06378904719784131 0.0
  vertex -0.009181121219219225 0.06567716076524009 0.0
  vertex -0.009853379025275489 0.06073654895456838 0.0
 endloop
endfacet
facet normal 0.0 0.0 -1.0
 outer loop
  vertex -0.009181121219219225 0.06567716076524009 0.0
  vertex -0.00456629697791196 0.06756527433263886 0.0
  vertex -0.005238554783968149 0.06262466252196713 0.0
 endloop
endfacet
facet normal 0.0 -0.0 -1.0
 outer loop
  vertex -0.009181121219219225 0.06567716076524009 0.0
  vertex -0.005238554783968149 0.06262466252196713 0.0
  vertex -0.009853379025275489 0.06073654895456838 0.0
 endloop
endfacet
facet normal -0.0 0.0 -1.0
 outer loop
  vertex 0.03987353808961551 -0.05421958167842112 0.0
  vertex 0.03525868397739582 -0.05610760361132912 0.0
  vertex 0.03593094178345201 -0.05116699180065737 0.0
 endloop
endfacet
facet normal -0.0 0.0 -1.0
 outer loop
  vertex 0.04448849892640006 -0.05233188714264862 0.0
  vertex 0.03987353808961551 -0.05421958167842112 0.0
  vertex 0.04054579874764297 -0.04927897861669318 0.0
 endloop
endfacet
facet normal 0.0 0.0 -1.0
 outer loop
  vertex 0.04054579874764297 -0.04927897861669318 0.0
  vertex 0.03987353808961551 -0.05421958167842112 0.0
  vertex 0.03593094178345201 -0.05116699180065737 0.0
 endloop
endfacet
facet normal 0.0 0.0 -1.0
 outer loop
  vertex 0.06630891845552038 -0.02007586315357746 0.0
  vertex 0.06563666064946422 -0.02501647496424921 0.0
  vertex 0.06169409421421315 -0.02196397672097627 0.0
 endloop
endfacet
facet normal 0.0 0.0 -1.0
 outer loop
  vertex 0.06563666064946422 -0.02501647496424921 0.0
  vertex 0.06630891845552038 -0.02007586315357746 0.0
  vertex 0.07025148489077142 -0.02312836139685035 0.0
 endloop
endfacet
facet normal -0.0 0.0 -1.0
 outer loop
  vertex 0.06563666064946422 -0.02501647496424921 0.0
  vertex 0.06102183640815695 -0.02690458853164804 0.0
  vertex 0.06169409421421315 -0.02196397672097627 0.0
 endloop
endfacet
facet normal 0.0 -0.0 -1.0
 outer loop
  vertex 0.05582573476187962 -0.001037144802415203 0.0
  vertex 0.0597683011971307 -0.004089643045688139 0.0
  vertex 0.05515347695582344 -0.005977756613086953 0.0
 endloop
endfacet
facet normal 0.0 0.0 -1.0
 outer loop
  vertex 0.05582573476187962 -0.001037144802415203 0.0
  vertex 0.05515347695582344 -0.005977756613086953 0.0
  vertex 0.0512109105205723 -0.002925258369814128 0.0
 endloop
endfacet
facet normal -0.0 0.0 -1.0
 outer loop
  vertex 0.05582573476187962 -0.001037144802415203 0.0
  vertex 0.0512109105205723 -0.002925258369814128 0.0
  vertex 0.05188316832662843 0.002015353440857551 0.0
 endloop
endfacet
facet normal 0.0 0.0 -1.0
 outer loop
  vertex -0.04023135569734389 0.02964542030748875 0.0
  vertex -0.04090361350340006 0.02470480849681702 0.0
  vertex -0.04484617993860221 0.02775730674015311 0.0
 endloop
endfacet
facet normal -0.0 0.0 -1.0
 outer loop
  vertex -0.04023135569734389 0.02964542030748875 0.0
  vertex -0.04484617993860221 0.02775730674015311 0.0
  vertex -0.04417392213253788 0.03269791855083539 0.0
 endloop
endfacet
facet normal 0.0 0.0 -1.0
 outer loop
  vertex -0.04023135569734389 0.02964542030748875 0.0
  vertex -0.04417392213253788 0.03269791855083539 0.0
  vertex -0.03955909789127819 0.03458603211817277 0.0
 endloop
endfacet
facet normal 0.0 -0.0 -1.0
 outer loop
  vertex -0.04090361350340006 0.02470480849681702 0.0
  vertex -0.03696104706814899 0.02165231025354412 0.0
  vertex -0.04157587130945622 0.01976419668614528 0.0
 endloop
endfacet
facet normal 0.0 0.0 -1.0
 outer loop
  vertex -0.04090361350340006 0.02470480849681702 0.0
  vertex -0.04157587130945622 0.01976419668614528 0.0
  vertex -0.0455184377447073 0.02281669492941818 0.0
 endloop
endfacet
facet normal -0.0 0.0 -1.0
 outer loop
  vertex -0.04090361350340006 0.02470480849681702 0.0
  vertex -0.0455184377447073 0.02281669492941818 0.0
  vertex -0.04484617993860221 0.02775730674015311 0.0
 endloop
endfacet
facet normal 0.0 0.0 -1.0
 outer loop
  vertex -0.04157587130945622 0.01976419668614528 0.0
  vertex -0.03696104706814899 0.02165231025354412 0.0
  vertex -0.03763330487420515 0.0167116984428724 0.0
 endloop
endfacet
facet normal 0.0 0.0 -1.0
 outer loop
  vertex -0.03763330487420515 0.0167116984428724 0.0
  vertex -0.03696104706814899 0.02165231025354412 0.0
  vertex -0.0330184806328979 0.01859981201027124 0.0
 endloop
endfacet
facet normal 0.0 0.0 -1.0
 outer loop
  vertex -0.0330184806328979 0.01859981201027124 0.0
  vertex -0.03696104706814899 0.02165231025354412 0.0
  vertex -0.03234622282684185 0.02354042382094296 0.0
 endloop
endfacet
facet normal 0.0 -0.0 -1.0
 outer loop
  vertex -0.0455184377447073 0.02281669492941818 0.0
  vertex -0.04157587130945622 0.01976419668614528 0.0
  vertex -0.04619069555076355 0.01787608311874638 0.0
 endloop
endfacet
facet normal 0.0 0.0 -1.0
 outer loop
  vertex -0.04619069555076355 0.01787608311874638 0.0
  vertex -0.04157587130945622 0.01976419668614528 0.0
  vertex -0.04224812911349144 0.01482358487546235 0.0
 endloop
endfacet
facet normal 0.0 -0.0 -1.0
 outer loop
  vertex -0.04157587130945622 0.01976419668614528 0.0
  vertex -0.03763330487420515 0.0167116984428724 0.0
  vertex -0.04224812911349144 0.01482358487546235 0.0
 endloop
endfacet
facet normal 0.0 0.0 -1.0
 outer loop
  vertex -0.0455184377447073 0.02281669492941818 0.0
  vertex -0.04619069555076355 0.01787608311874638 0.0
  vertex -0.05013326198601455 0.02092858136201932 0.0
 endloop
endfacet
facet normal -0.0 0.0 -1.0
 outer loop
  vertex -0.0455184377447073 0.02281669492941818 0.0
  vertex -0.05013326198601455 0.02092858136201932 0.0
  vertex -0.04946100417995844 0.02586919317269105 0.0
 endloop
endfacet
facet normal 0.0 0.0 -1.0
 outer loop
  vertex -0.0455184377447073 0.02281669492941818 0.0
  vertex -0.04946100417995844 0.02586919317269105 0.0
  vertex -0.04484617993860221 0.02775730674015311 0.0
 endloop
endfacet
facet normal 0.0 0.0 -1.0
 outer loop
  vertex 0.02899100792226471 0.05796712381847027 0.0
  vertex 0.02831875011620851 0.05302651200779852 0.0
  vertex 0.02437618368095754 0.05607901025107159 0.0
 endloop
endfacet
facet normal 0.0 0.0 -1.0
 outer loop
  vertex 0.02966326572832099 0.06290773562914204 0.0
  vertex 0.02899100792226471 0.05796712381847027 0.0
  vertex 0.0250484414870138 0.06101962206174333 0.0
 endloop
endfacet
facet normal -0.0 0.0 -1.0
 outer loop
  vertex 0.02899100792226471 0.05796712381847027 0.0
  vertex 0.02437618368095754 0.05607901025107159 0.0
  vertex 0.0250484414870138 0.06101962206174333 0.0
 endloop
endfacet
facet normal 0.0 -0.0 -1.0
 outer loop
  vertex 0.0379477152016206 -0.03634515636864211 0.0
  vertex 0.04189028163687167 -0.03939765461191503 0.0
  vertex 0.03727545739556438 -0.04128576817931386 0.0
 endloop
endfacet
facet normal 0.0 0.0 -1.0
 outer loop
  vertex 0.0379477152016206 -0.03634515636864211 0.0
  vertex 0.03727545739556438 -0.04128576817931386 0.0
  vertex 0.03333289096031331 -0.03823326993604097 0.0
 endloop
endfacet
facet normal 0.0 -0.0 -1.0
 outer loop
  vertex 0.03400514876636954 -0.03329265812536918 0.0
  vertex 0.0379477152016206 -0.03634515636864211 0.0
  vertex 0.03333289096031331 -0.03823326993604097 0.0
 endloop
endfacet
facet normal 0.0 -0.0 -1.0
 outer loop
  vertex -0.003985019572942162 0.03980971703600734 0.0
  vertex -4.245313769113271e-05 0.03675721879273439 0.0
  vertex -0.00465727737899854 0.03486910522533546 0.0
 endloop
endfacet
facet normal 0.0 0.0 -1.0
 outer loop
  vertex -0.003985019572942162 0.03980971703600734 0.0
  vertex -0.00465727737899854 0.03486910522533546 0.0
  vertex -0.008599843814249532 0.03792160346860846 0.0
 endloop
endfacet
facet normal 0.0 -0.0 -1.0
 outer loop
  vertex -0.00792758600819319 0.0428622152792803 0.0
  vertex -0.003985019572942162 0.03980971703600734 0.0
  vertex -0.008599843814249532 0.03792160346860846 0.0
 endloop
endfacet
facet normal 0.0 0.0 -1.0
 outer loop
  vertex -0.00465727737899854 0.03486910522533546 0.0
  vertex -4.245313769113271e-05 0.03675721879273439 0.0
  vertex -0.0007147109437472925 0.03181660698206214 0.0
 endloop
endfacet
facet normal 0.0 0.0 -1.0
 outer loop
  vertex -4.245313769113271e-05 0.03675721879273439 0.0
  vertex 0.004572371103616118 0.03864533236013314 0.0
  vertex 0.003900113297559875 0.03370472054946141 0.0
 endloop
endfacet
facet normal 0.0 -0.0 -1.0
 outer loop
  vertex -4.245313769113271e-05 0.03675721879273439 0.0
  vertex 0.003900113297559875 0.03370472054946141 0.0
  vertex -0.0007147109437472925 0.03181660698206214 0.0
 endloop
endfacet
facet normal 0.0 0.0 -1.0
 outer loop
  vertex 0.03727545739556438 -0.04128576817931386 0.0
  vertex 0.04189028163687167 -0.03939765461191503 0.0
  vertex 0.04121802383081547 -0.04433826642258677 0.0
 endloop
endfacet
facet normal 0.0 0.0 -1.0
 outer loop
  vertex 0.04121802383081547 -0.04433826642258677 0.0
  vertex 0.04189028163687167 -0.03939765461191503 0.0
  vertex 0.04583284807212273 -0.04245015285518798 0.0
 endloop
endfacet
facet normal 0.0 0.0 -1.0
 outer loop
  vertex 0.04583284807212273 -0.04245015285518798 0.0
  vertex 0.04189028163687167 -0.03939765461191503 0.0
  vertex 0.04650510587817894 -0.03750954104451622 0.0
 endloop
endfacet
facet normal 0.0 0.0 -1.0
 outer loop
  vertex 0.01581879300439936 0.05724339492694583 0.0
  vertex 0.01649105081045562 0.06218400673761756 0.0
  vertex 0.02043361724570659 0.05913150849434462 0.0
 endloop
endfacet
facet normal 0.0 0.0 -1.0
 outer loop
  vertex 0.01514653519834309 0.05230278311627409 0.0
  vertex 0.01581879300439936 0.05724339492694583 0.0
  vertex 0.01976135943965033 0.05419089668367284 0.0
 endloop
endfacet
facet normal 0.0 0.0 -1.0
 outer loop
  vertex 0.01581879300439936 0.05724339492694583 0.0
  vertex 0.02043361724570659 0.05913150849434462 0.0
  vertex 0.01976135943965033 0.05419089668367284 0.0
 endloop
endfacet
facet normal 0.0 0.0 -1.0
 outer loop
  vertex 0.05028841103144603 -0.07309132445663291 0.0
  vertex 0.05102898835431842 -0.06831771510717158 0.0
  vertex 0.05560412196843595 -0.07172468044830423 0.0
 endloop
endfacet
facet normal 0.0 0.0 -1.0
 outer loop
  vertex 0.05560412196843595 -0.07172468044830423 0.0
  vertex 0.05102898835431842 -0.06831771510717158 0.0
  vertex 0.05562029223681608 -0.06656111932111591 0.0
 endloop
endfacet
facet normal -0.0 0.0 -1.0
 outer loop
  vertex 0.05562029223681608 -0.06656111932111591 0.0
  vertex 0.05102898835431842 -0.06831771510717158 0.0
  vertex 0.05170120752445629 -0.06337698477374908 0.0
 endloop
endfacet
facet normal 0.0 0.0 -1.0
 outer loop
  vertex -0.01963285694238326 0.08463901570150974 0.0
  vertex -0.0203365627189161 0.07977526730573063 0.0
  vertex -0.02428132420149763 0.08282677769923169 0.0
 endloop
endfacet
facet normal 0.0 -0.0 -1.0
 outer loop
  vertex -0.02428132420149763 0.08282677769923169 0.0
  vertex -0.0203365627189161 0.07977526730573063 0.0
  vertex -0.02495175280144509 0.07788698909670322 0.0
 endloop
endfacet
facet normal 0.0 0.0 -1.0
 outer loop
  vertex -0.02495175280144509 0.07788698909670322 0.0
  vertex -0.0203365627189161 0.07977526730573063 0.0
  vertex -0.02100888149850924 0.07483462805478748 0.0
 endloop
endfacet
facet normal 0.0 0.0 -1.0
 outer loop
  vertex 0.02477550028375502 -0.03706888526016683 0.0
  vertex 0.02083293384850116 -0.03401638701690027 0.0
  vertex 0.02544775808981074 -0.03212827344949613 0.0
 endloop
endfacet
facet normal -0.0 0.0 -1.0
 outer loop
  vertex 0.02544775808981074 -0.03212827344949613 0.0
  vertex 0.02083293384850116 -0.03401638701690027 0.0
  vertex 0.02150519165443721 -0.02907577520650277 0.0
 endloop
endfacet
facet normal 0.0 0.0 -1.0
 outer loop
  vertex 0.02083293384850116 -0.03401638701690027 0.0
  vertex 0.01689036741307864 -0.03096388877401873 0.0
  vertex 0.02150519165443721 -0.02907577520650277 0.0
 endloop
endfacet
facet normal -0.0 0.0 -1.0
 outer loop
  vertex 0.08091662938658456 0.02322525846659412 0.0
  vertex 0.07630180514527732 0.02133714489919521 0.0
  vertex 0.07697406295133345 0.02627775670986694 0.0
 endloop
endfacet
facet normal 0.0 0.0 -1.0
 outer loop
  vertex 0.07697406295133345 0.02627775670986694 0.0
  vertex 0.07630180514527732 0.02133714489919521 0.0
  vertex 0.07235902988779622 0.02438967155643372 0.0
 endloop
endfacet
facet normal -0.0 0.0 -1.0
 outer loop
  vertex 0.07630180514527732 0.02133714489919521 0.0
  vertex 0.07168698090397008 0.01944903133179639 0.0
  vertex 0.07235902988779622 0.02438967155643372 0.0
 endloop
endfacet
facet normal 0.0 0.0 -1.0
 outer loop
  vertex 0.08091662938658456 0.02322525846659412 0.0
  vertex 0.07697406295133345 0.02627775670986694 0.0
  vertex 0.08154378159096015 0.02817200769384268 0.0
 endloop
endfacet
facet normal 0.0 0.0 -1.0
 outer loop
  vertex 0.08091662938658456 0.02322525846659412 0.0
  vertex 0.08154378159096015 0.02817200769384268 0.0
  vertex 0.08513818210661198 0.02516823670440393 0.0
 endloop
endfacet
facet normal 0.0 0.0 -1.0
 outer loop
  vertex 0.08091662938658456 0.02322525846659412 0.0
  vertex 0.08513818210661198 0.02516823670440393 0.0
  vertex 0.08469274070842484 0.02019563491005426 0.0
 endloop
endfacet
facet normal -0.0 0.0 -1.0
 outer loop
  vertex 0.08154378159096015 0.02817200769384268 0.0
  vertex 0.07697406295133345 0.02627775670986694 0.0
  vertex 0.07763880315710947 0.03121939142330145 0.0
 endloop
endfacet
facet normal 0.0 0.0 -1.0
 outer loop
  vertex 0.07763880315710947 0.03121939142330145 0.0
  vertex 0.07697406295133345 0.02627775670986694 0.0
  vertex 0.07303024358270234 0.0293304254369336 0.0
 endloop
endfacet
facet normal 0.0 -0.0 -1.0
 outer loop
  vertex 0.07303024358270234 0.0293304254369336 0.0
  vertex 0.07697406295133345 0.02627775670986694 0.0
  vertex 0.07235902988779622 0.02438967155643372 0.0
 endloop
endfacet
facet normal 0.0 0.0 -1.0
 outer loop
  vertex 0.01814390262427908 -0.05377883425958085 0.0
  vertex 0.01747164481822285 -0.0587194460702526 0.0
  vertex 0.01352907838297223 -0.05566694782698078 0.0
 endloop
endfacet
facet normal 0.0 0.0 -1.0
 outer loop
  vertex 0.01881616043033493 -0.04883822244890998 0.0
  vertex 0.01814390262427908 -0.05377883425958085 0.0
  vertex 0.014201336189028 -0.05072633601630886 0.0
 endloop
endfacet
facet normal 0.0 -0.0 -1.0
 outer loop
  vertex 0.014201336189028 -0.05072633601630886 0.0
  vertex 0.01814390262427908 -0.05377883425958085 0.0
  vertex 0.01352907838297223 -0.05566694782698078 0.0
 endloop
endfacet
facet normal -0.0 0.0 -1.0
 outer loop
  vertex -0.005910812590024477 0.05768405071129547 0.0
  vertex -0.01052563683133174 0.0557959371438967 0.0
  vertex -0.009853379025275489 0.06073654895456838 0.0
 endloop
endfacet
facet normal -0.0 0.0 -1.0
 outer loop
  vertex -0.01052563683133174 0.0557959371438967 0.0
  vertex -0.01514046107263901 0.05390782357649793 0.0
  vertex -0.01446820326658276 0.05884843538716963 0.0
 endloop
endfacet
facet normal 0.0 0.0 -1.0
 outer loop
  vertex -0.009853379025275489 0.06073654895456838 0.0
  vertex -0.01052563683133174 0.0557959371438967 0.0
  vertex -0.01446820326658276 0.05884843538716963 0.0
 endloop
endfacet
facet normal 0.0 -0.0 -1.0
 outer loop
  vertex -0.007619249806482277 -0.08298184933926164 0.0
  vertex -0.003648800299824142 -0.08623752964798162 0.0
  vertex -0.008090731583612322 -0.08796748439508897 0.0
 endloop
endfacet
facet normal 0.0 0.0 -1.0
 outer loop
  vertex -0.007619249806482277 -0.08298184933926164 0.0
  vertex -0.008090731583612322 -0.08796748439508897 0.0
  vertex -0.01217707035179678 -0.08484706150436519 0.0
 endloop
endfacet
facet normal 0.0 -0.0 -1.0
 outer loop
  vertex -0.01156181624173331 -0.07992935109598866 0.0
  vertex -0.007619249806482277 -0.08298184933926164 0.0
  vertex -0.01217707035179678 -0.08484706150436519 0.0
 endloop
endfacet
facet normal 0.0 0.0 -1.0
 outer loop
  vertex 0.04659608627926491 -0.00481337193721309 0.0
  vertex 0.04265351984401276 -0.001760873693941578 0.0
  vertex 0.04726834408532092 0.0001272398734583871 0.0
 endloop
endfacet
facet normal 0.0 0.0 -1.0
 outer loop
  vertex 0.04659608627926491 -0.00481337193721309 0.0
  vertex 0.04726834408532092 0.0001272398734583871 0.0
  vertex 0.0512109105205723 -0.002925258369814128 0.0
 endloop
endfacet
facet normal 0.0 0.0 -1.0
 outer loop
  vertex 0.05053865271451612 -0.007865870180485842 0.0
  vertex 0.04659608627926491 -0.00481337193721309 0.0
  vertex 0.0512109105205723 -0.002925258369814128 0.0
 endloop
endfacet
facet normal -0.0 0.0 -1.0
 outer loop
  vertex 0.0434167580511565 0.03587590722403512 0.0
  vertex 0.03880193380984923 0.03398779365663633 0.0
  vertex 0.03947419161590544 0.03892840546730803 0.0
 endloop
endfacet
facet normal -0.0 0.0 -1.0
 outer loop
  vertex 0.04803158229246374 0.0377640207914339 0.0
  vertex 0.0434167580511565 0.03587590722403512 0.0
  vertex 0.0440890158572127 0.04081651903470682 0.0
 endloop
endfacet
facet normal 0.0 0.0 -1.0
 outer loop
  vertex 0.0440890158572127 0.04081651903470682 0.0
  vertex 0.0434167580511565 0.03587590722403512 0.0
  vertex 0.03947419161590544 0.03892840546730803 0.0
 endloop
endfacet
facet normal 0.0 -0.0 -1.0
 outer loop
  vertex -0.02562364476627958 0.07294654192766016 0.0
  vertex -0.02168107833102852 0.06989404368438723 0.0
  vertex -0.02629590257233581 0.06800593011698847 0.0
 endloop
endfacet
facet normal 0.0 0.0 -1.0
 outer loop
  vertex -0.02168107833102852 0.06989404368438723 0.0
  vertex -0.02562364476627958 0.07294654192766016 0.0
  vertex -0.02100888149850924 0.07483462805478748 0.0
 endloop
endfacet
facet normal 0.0 0.0 -1.0
 outer loop
  vertex -0.02562364476627958 0.07294654192766016 0.0
  vertex -0.02495175280144509 0.07788698909670322 0.0
  vertex -0.02100888149850924 0.07483462805478748 0.0
 endloop
endfacet
facet normal -0.0 0.0 -1.0
 outer loop
  vertex 0.035349664378482 -0.02341143450402564 0.0
  vertex 0.03073484013717472 -0.02529954807142444 0.0
  vertex 0.03140709794323092 -0.0203589362607527 0.0
 endloop
endfacet
facet normal 0.0 0.0 -1.0
 outer loop
  vertex 0.035349664378482 -0.02341143450402564 0.0
  vertex 0.03140709794323092 -0.0203589362607527 0.0
  vertex 0.03602192218453799 -0.01847082269335416 0.0
 endloop
endfacet
facet normal -0.0 0.0 -1.0
 outer loop
  vertex 0.03996448861978926 -0.02152332093662685 0.0
  vertex 0.035349664378482 -0.02341143450402564 0.0
  vertex 0.03602192218453799 -0.01847082269335416 0.0
 endloop
endfacet
facet normal 0.0 0.0 -1.0
 outer loop
  vertex 0.03073484013717472 -0.02529954807142444 0.0
  vertex 0.0300625823311185 -0.03024015988209625 0.0
  vertex 0.02612001589586736 -0.02718766163882333 0.0
 endloop
endfacet
facet normal 0.0 0.0 -1.0
 outer loop
  vertex 0.03140709794323092 -0.0203589362607527 0.0
  vertex 0.03073484013717472 -0.02529954807142444 0.0
  vertex 0.02679227370192364 -0.02224704982815151 0.0
 endloop
endfacet
facet normal 0.0 -0.0 -1.0
 outer loop
  vertex 0.02679227370192364 -0.02224704982815151 0.0
  vertex 0.03073484013717472 -0.02529954807142444 0.0
  vertex 0.02612001589586736 -0.02718766163882333 0.0
 endloop
endfacet
facet normal 0.0 0.0 -1.0
 outer loop
  vertex 0.0300625823311185 -0.03024015988209625 0.0
  vertex 0.02939032452506228 -0.03518077169276802 0.0
  vertex 0.02544775808981074 -0.03212827344949613 0.0
 endloop
endfacet
facet normal 0.0 0.0 -1.0
 outer loop
  vertex 0.02939032452506228 -0.03518077169276802 0.0
  vertex 0.0300625823311185 -0.03024015988209625 0.0
  vertex 0.03400514876636954 -0.03329265812536918 0.0
 endloop
endfacet
facet normal -0.0 0.0 -1.0
 outer loop
  vertex 0.0300625823311185 -0.03024015988209625 0.0
  vertex 0.02544775808981074 -0.03212827344949613 0.0
  vertex 0.02612001589586736 -0.02718766163882333 0.0
 endloop
endfacet
facet normal 0.0 0.0 -1.0
 outer loop
  vertex -0.01110691423630158 0.08355149444052815 0.0
  vertex -0.01501279137266327 0.08651431869975973 0.0
  vertex -0.01043465643024545 0.0884921062511999 0.0
 endloop
endfacet
facet normal 0.0 0.0 -1.0
 outer loop
  vertex -0.01110691423630158 0.08355149444052815 0.0
  vertex -0.01043465643024545 0.0884921062511999 0.0
  vertex -0.006472348161756036 0.08558469629635279 0.0
 endloop
endfacet
facet normal 0.0 0.0 -1.0
 outer loop
  vertex -0.007164347801050552 0.08049899619725523 0.0
  vertex -0.01110691423630158 0.08355149444052815 0.0
  vertex -0.006472348161756036 0.08558469629635279 0.0
 endloop
endfacet
facet normal 0.0 0.0 -1.0
 outer loop
  vertex 0.06245733242135552 0.01567280419699872 0.0
  vertex 0.06707215666266281 0.01756091776439755 0.0
  vertex 0.06639989885660659 0.01262030595372586 0.0
 endloop
endfacet
facet normal 0.0 0.0 -1.0
 outer loop
  vertex 0.06245733242135552 0.01567280419699872 0.0
  vertex 0.06178507461529929 0.01073219238632705 0.0
  vertex 0.05784250818004823 0.01378469062959994 0.0
 endloop
endfacet
facet normal 0.0 0.0 -1.0
 outer loop
  vertex 0.06178507461529929 0.01073219238632705 0.0
  vertex 0.06245733242135552 0.01567280419699872 0.0
  vertex 0.06639989885660659 0.01262030595372586 0.0
 endloop
endfacet
facet normal -0.0 0.0 -1.0
 outer loop
  vertex 0.03140709794323092 -0.0203589362607527 0.0
  vertex 0.02679227370192364 -0.02224704982815151 0.0
  vertex 0.02746453150794686 -0.01730643801752249 0.0
 endloop
endfacet
facet normal -0.0 0.0 -1.0
 outer loop
  vertex 0.03602192218453799 -0.01847082269335416 0.0
  vertex 0.03140709794323092 -0.0203589362607527 0.0
  vertex 0.03207935574926575 -0.01541832445010862 0.0
 endloop
endfacet
facet normal 0.0 0.0 -1.0
 outer loop
  vertex 0.03207935574926575 -0.01541832445010862 0.0
  vertex 0.03140709794323092 -0.0203589362607527 0.0
  vertex 0.02746453150794686 -0.01730643801752249 0.0
 endloop
endfacet
facet normal -0.0 0.0 -1.0
 outer loop
  vertex 0.05717025037399199 0.00884407881892825 0.0
  vertex 0.05255542613268475 0.006955965251529439 0.0
  vertex 0.05322768393874096 0.01189657706220115 0.0
 endloop
endfacet
facet normal 0.0 0.0 -1.0
 outer loop
  vertex 0.05717025037399199 0.00884407881892825 0.0
  vertex 0.05322768393874096 0.01189657706220115 0.0
  vertex 0.05784250818004823 0.01378469062959994 0.0
 endloop
endfacet
facet normal -0.0 0.0 -1.0
 outer loop
  vertex 0.06178507461529929 0.01073219238632705 0.0
  vertex 0.05717025037399199 0.00884407881892825 0.0
  vertex 0.05784250818004823 0.01378469062959994 0.0
 endloop
endfacet
facet normal 0.0 0.0 -1.0
 outer loop
  vertex 0.05322768393874096 0.01189657706220115 0.0
  vertex 0.05255542613268475 0.006955965251529439 0.0
  vertex 0.04861285969743355 0.01000846349480218 0.0
 endloop
endfacet
facet normal -0.0 0.0 -1.0
 outer loop
  vertex 0.05255542613268475 0.006955965251529439 0.0
  vertex 0.04794060189137722 0.005067851684130271 0.0
  vertex 0.04861285969743355 0.01000846349480218 0.0
 endloop
endfacet
facet normal 0.0 0.0 -1.0
 outer loop
  vertex 0.04794060189137722 0.005067851684130271 0.0
  vertex 0.05255542613268475 0.006955965251529439 0.0
  vertex 0.05188316832662843 0.002015353440857551 0.0
 endloop
endfacet
facet normal -0.0 0.0 -1.0
 outer loop
  vertex 0.05322768393874096 0.01189657706220115 0.0
  vertex 0.04861285969743355 0.01000846349480218 0.0
  vertex 0.04928511750348986 0.01494907530547403 0.0
 endloop
endfacet
facet normal 0.0 0.0 -1.0
 outer loop
  vertex 0.05389994174479718 0.01683718887287285 0.0
  vertex 0.05322768393874096 0.01189657706220115 0.0
  vertex 0.04928511750348986 0.01494907530547403 0.0
 endloop
endfacet
facet normal 0.0 0.0 -1.0
 outer loop
  vertex 0.05322768393874096 0.01189657706220115 0.0
  vertex 0.05389994174479718 0.01683718887287285 0.0
  vertex 0.05784250818004823 0.01378469062959994 0.0
 endloop
endfacet
facet normal 0.0 -0.0 -1.0
 outer loop
  vertex -0.01984626571503292 0.01932354090179515 0.0
  vertex -0.01590369927978173 0.01627104265852206 0.0
  vertex -0.02051852352108907 0.01438292909112344 0.0
 endloop
endfacet
facet normal 0.0 -0.0 -1.0
 outer loop
  vertex -0.01590369927978173 0.01627104265852206 0.0
  vertex -0.01196113284453062 0.01321854441524913 0.0
  vertex -0.01657595708547934 0.0113304308471923 0.0
 endloop
endfacet
facet normal 0.0 0.0 -1.0
 outer loop
  vertex -0.02051852352108907 0.01438292909112344 0.0
  vertex -0.01590369927978173 0.01627104265852206 0.0
  vertex -0.01657595708547934 0.0113304308471923 0.0
 endloop
endfacet
facet normal 0.0 0.0 -1.0
 outer loop
  vertex -0.01984626571503292 0.01932354090179515 0.0
  vertex -0.02051852352108907 0.01438292909112344 0.0
  vertex -0.02446108995634013 0.01743542733439666 0.0
 endloop
endfacet
facet normal -0.0 0.0 -1.0
 outer loop
  vertex -0.01984626571503292 0.01932354090179515 0.0
  vertex -0.02446108995634013 0.01743542733439666 0.0
  vertex -0.02378883215028392 0.02237603914506831 0.0
 endloop
endfacet
facet normal 0.0 0.0 -1.0
 outer loop
  vertex -0.01984626571503292 0.01932354090179515 0.0
  vertex -0.02378883215028392 0.02237603914506831 0.0
  vertex -0.01917400790897661 0.02426415271246714 0.0
 endloop
endfacet
facet normal 0.0 0.0 -1.0
 outer loop
  vertex 0.07043344569294374 0.04226397681775608 0.0
  vertex 0.07497108703835809 0.04405240197570413 0.0
  vertex 0.07436314831221258 0.03919486383957473 0.0
 endloop
endfacet
facet normal 0.0 -0.0 -1.0
 outer loop
  vertex 0.07043344569294374 0.04226397681775608 0.0
  vertex 0.07436314831221258 0.03919486383957473 0.0
  vertex 0.06975904391755712 0.03732059588459966 0.0
 endloop
endfacet
facet normal 0.0 0.0 -1.0
 outer loop
  vertex 0.0658186214516365 0.0403758632503573 0.0
  vertex 0.07043344569294374 0.04226397681775608 0.0
  vertex 0.06975904391755712 0.03732059588459966 0.0
 endloop
endfacet
facet normal 0.0 -0.0 -1.0
 outer loop
  vertex -0.02137274212901882 -0.05595002093485125 0.0
  vertex -0.01743017569377747 -0.05900251917810022 0.0
  vertex -0.02204499993527596 -0.06089063274505467 0.0
 endloop
endfacet
facet normal 0.0 0.0 -1.0
 outer loop
  vertex -0.02204499993527596 -0.06089063274505467 0.0
  vertex -0.01743017569377747 -0.05900251917810022 0.0
  vertex -0.0181024335000584 -0.06394313098824948 0.0
 endloop
endfacet
facet normal 0.0 0.0 -1.0
 outer loop
  vertex -0.0181024335000584 -0.06394313098824948 0.0
  vertex -0.01743017569377747 -0.05900251917810022 0.0
  vertex -0.01348760925874605 -0.06205501742086149 0.0
 endloop
endfacet
facet normal 0.0 0.0 -1.0
 outer loop
  vertex -0.02137274212901882 -0.05595002093485125 0.0
  vertex -0.02204499993527596 -0.06089063274505467 0.0
  vertex -0.02598756637055613 -0.05783813450171403 0.0
 endloop
endfacet
facet normal 0.0 0.0 -1.0
 outer loop
  vertex -0.02070048432120235 -0.05100940912882698 0.0
  vertex -0.02137274212901882 -0.05595002093485125 0.0
  vertex -0.02531530856267769 -0.05289752269675084 0.0
 endloop
endfacet
facet normal -0.0 0.0 -1.0
 outer loop
  vertex -0.02137274212901882 -0.05595002093485125 0.0
  vertex -0.02598756637055613 -0.05783813450171403 0.0
  vertex -0.02531530856267769 -0.05289752269675084 0.0
 endloop
endfacet
facet normal 0.0 0.0 -1.0
 outer loop
  vertex 0.02679227370192364 -0.02224704982815151 0.0
  vertex 0.02612001589586736 -0.02718766163882333 0.0
  vertex 0.02217744946053634 -0.02413516339573302 0.0
 endloop
endfacet
facet normal -0.0 0.0 -1.0
 outer loop
  vertex 0.02679227370192364 -0.02224704982815151 0.0
  vertex 0.02217744946053634 -0.02413516339573302 0.0
  vertex 0.02284970726621299 -0.01919455158577331 0.0
 endloop
endfacet
facet normal 0.0 0.0 -1.0
 outer loop
  vertex 0.02746453150794686 -0.01730643801752249 0.0
  vertex 0.02679227370192364 -0.02224704982815151 0.0
  vertex 0.02284970726621299 -0.01919455158577331 0.0
 endloop
endfacet
facet normal -0.0 0.0 -1.0
 outer loop
  vertex -0.02204499993527596 -0.06089063274505467 0.0
  vertex -0.02665982417666488 -0.06277874631226332 0.0
  vertex -0.02598756637055613 -0.05783813450171403 0.0
 endloop
endfacet
facet normal 0.0 0.0 -1.0
 outer loop
  vertex -0.02665982417666488 -0.06277874631226332 0.0
  vertex -0.02204499993527596 -0.06089063274505467 0.0
  vertex -0.02271725774140033 -0.06583124455556756 0.0
 endloop
endfacet
facet normal 0.0 -0.0 -1.0
 outer loop
  vertex -0.02204499993527596 -0.06089063274505467 0.0
  vertex -0.0181024335000584 -0.06394313098824948 0.0
  vertex -0.02271725774140033 -0.06583124455556756 0.0
 endloop
endfacet
facet normal 0.0 0.0 -1.0
 outer loop
  vertex -0.00887278501750839 -0.06016690385330192 0.0
  vertex -0.004257960776160938 -0.05827879028599314 0.0
  vertex -0.004930218582247086 -0.0632194020965979 0.0
 endloop
endfacet
facet normal 0.0 0.0 -1.0
 outer loop
  vertex -0.01348760925874605 -0.06205501742086149 0.0
  vertex -0.00887278501750839 -0.06016690385330192 0.0
  vertex -0.009545042823553028 -0.06510751566400035 0.0
 endloop
endfacet
facet normal 0.0 0.0 -1.0
 outer loop
  vertex -0.009545042823553028 -0.06510751566400035 0.0
  vertex -0.00887278501750839 -0.06016690385330192 0.0
  vertex -0.004930218582247086 -0.0632194020965979 0.0
 endloop
endfacet
facet normal 0.0 -0.0 -1.0
 outer loop
  vertex 0.02831875011620851 0.05302651200779852 0.0
  vertex 0.03226131655145952 0.04997401376452558 0.0
  vertex 0.02764649231015229 0.04808590019712684 0.0
 endloop
endfacet
facet normal 0.0 -0.0 -1.0
 outer loop
  vertex 0.02437618368095754 0.05607901025107159 0.0
  vertex 0.02831875011620851 0.05302651200779852 0.0
  vertex 0.0237039258749013 0.05113839844039984 0.0
 endloop
endfacet
facet normal 0.0 0.0 -1.0
 outer loop
  vertex 0.02831875011620851 0.05302651200779852 0.0
  vertex 0.02764649231015229 0.04808590019712684 0.0
  vertex 0.0237039258749013 0.05113839844039984 0.0
 endloop
endfacet
facet normal 0.0 0.0 -1.0
 outer loop
  vertex 0.02764649231015229 0.04808590019712684 0.0
  vertex 0.03226131655145952 0.04997401376452558 0.0
  vertex 0.03158905874540333 0.0450334019538539 0.0
 endloop
endfacet
facet normal 0.0 0.0 -1.0
 outer loop
  vertex 0.03226131655145952 0.04997401376452558 0.0
  vertex 0.03687614079276678 0.05186212733192437 0.0
  vertex 0.03620388298671057 0.04692151552125266 0.0
 endloop
endfacet
facet normal 0.0 -0.0 -1.0
 outer loop
  vertex 0.03226131655145952 0.04997401376452558 0.0
  vertex 0.03620388298671057 0.04692151552125266 0.0
  vertex 0.03158905874540333 0.0450334019538539 0.0
 endloop
endfacet
facet normal -0.0 0.0 -1.0
 outer loop
  vertex 0.07948113337338587 -0.01935213426205264 0.0
  vertex 0.07486630913207862 -0.02124024782945148 0.0
  vertex 0.07553856693813485 -0.01629963601877975 0.0
 endloop
endfacet
facet normal 0.0 0.0 -1.0
 outer loop
  vertex 0.07553856693813485 -0.01629963601877975 0.0
  vertex 0.07486630913207862 -0.02124024782945148 0.0
  vertex 0.07092374269682761 -0.01818774958617857 0.0
 endloop
endfacet
facet normal -0.0 0.0 -1.0
 outer loop
  vertex 0.07486630913207862 -0.02124024782945148 0.0
  vertex 0.07025148489077142 -0.02312836139685035 0.0
  vertex 0.07092374269682761 -0.01818774958617857 0.0
 endloop
endfacet
facet normal 0.0 0.0 -1.0
 outer loop
  vertex 0.07948113337338587 -0.01935213426205264 0.0
  vertex 0.07553856693813485 -0.01629963601877975 0.0
  vertex 0.08015327183778417 -0.01441150621283316 0.0
 endloop
endfacet
facet normal 0.0 0.0 -1.0
 outer loop
  vertex 0.08339728128289084 -0.0224010377966461 0.0
  vertex 0.07948113337338587 -0.01935213426205264 0.0
  vertex 0.08425183641933136 -0.01750081944678149 0.0
 endloop
endfacet
facet normal 0.0 0.0 -1.0
 outer loop
  vertex 0.07948113337338587 -0.01935213426205264 0.0
  vertex 0.08015327183778417 -0.01441150621283316 0.0
  vertex 0.08425183641933136 -0.01750081944678149 0.0
 endloop
endfacet
facet normal 0.0 0.0 -1.0
 outer loop
  vertex -0.004257960776160938 -0.05827879028599314 0.0
  vertex -0.003585702970097988 -0.05333817847533645 0.0
  vertex 0.0003568634651207239 -0.05639067671853688 0.0
 endloop
endfacet
facet normal 0.0 0.0 -1.0
 outer loop
  vertex -0.004257960776160938 -0.05827879028599314 0.0
  vertex 0.0003568634651207239 -0.05639067671853688 0.0
  vertex -0.0003153943409403177 -0.06133128852919782 0.0
 endloop
endfacet
facet normal 0.0 -0.0 -1.0
 outer loop
  vertex -0.004257960776160938 -0.05827879028599314 0.0
  vertex -0.0003153943409403177 -0.06133128852919782 0.0
  vertex -0.004930218582247086 -0.0632194020965979 0.0
 endloop
endfacet
facet normal 0.0 0.0 -1.0
 outer loop
  vertex -0.003648800299824142 -0.08623752964798162 0.0
  vertex 0.0009427880486438966 -0.08418009769271043 0.0
  vertex 0.0002658830640197582 -0.08908684582580767 0.0
 endloop
endfacet
facet normal 0.0 0.0 -1.0
 outer loop
  vertex -0.008090731583612322 -0.08796748439508897 0.0
  vertex -0.003648800299824142 -0.08623752964798162 0.0
  vertex -0.004128681981212189 -0.09180784174459333 0.0
 endloop
endfacet
facet normal 0.0 -0.0 -1.0
 outer loop
  vertex -0.003648800299824142 -0.08623752964798162 0.0
  vertex 0.0002658830640197582 -0.08908684582580767 0.0
  vertex -0.004128681981212189 -0.09180784174459333 0.0
 endloop
endfacet
facet normal 0.0 0.0 -1.0
 outer loop
  vertex 0.0002658830640197582 -0.08908684582580767 0.0
  vertex 0.0009427880486438966 -0.08418009769271043 0.0
  vertex 0.004880707305327058 -0.08719873225840898 0.0
 endloop
endfacet
facet normal 0.0 0.0 -1.0
 outer loop
  vertex 0.004880707305327058 -0.08719873225840898 0.0
  vertex 0.0009427880486438966 -0.08418009769271043 0.0
  vertex 0.005551579357077356 -0.08225849666888331 0.0
 endloop
endfacet
facet normal -0.0 0.0 -1.0
 outer loop
  vertex 0.005551579357077356 -0.08225849666888331 0.0
  vertex 0.0009427880486438966 -0.08418009769271043 0.0
  vertex 0.001610942246842621 -0.07921132885425092 0.0
 endloop
endfacet
facet normal 0.0 0.0 -1.0
 outer loop
  vertex 0.08154378159096015 0.02817200769384268 0.0
  vertex 0.07763880315710947 0.03121939142330145 0.0
  vertex 0.08191100183774105 0.03318458428080346 0.0
 endloop
endfacet
facet normal 0.0 0.0 -1.0
 outer loop
  vertex 0.08513818210661198 0.02516823670440393 0.0
  vertex 0.08154378159096015 0.02817200769384268 0.0
  vertex 0.08607420319850817 0.0306155097413324 0.0
 endloop
endfacet
facet normal 0.0 0.0 -1.0
 outer loop
  vertex 0.08154378159096015 0.02817200769384268 0.0
  vertex 0.08191100183774105 0.03318458428080346 0.0
  vertex 0.08607420319850817 0.0306155097413324 0.0
 endloop
endfacet
facet normal -0.0 0.0 -1.0
 outer loop
  vertex 0.08191100183774105 0.03318458428080346 0.0
  vertex 0.07763880315710947 0.03121939142330145 0.0
  vertex 0.07815105106784459 0.03611923973808903 0.0
 endloop
endfacet
facet normal -0.0 0.0 -1.0
 outer loop
  vertex 0.07763880315710947 0.03121939142330145 0.0
  vertex 0.07303024358270234 0.0293304254369336 0.0
  vertex 0.07369979126897641 0.03426783501867206 0.0
 endloop
endfacet
facet normal 0.0 0.0 -1.0
 outer loop
  vertex 0.07763880315710947 0.03121939142330145 0.0
  vertex 0.07369979126897641 0.03426783501867206 0.0
  vertex 0.07815105106784459 0.03611923973808903 0.0
 endloop
endfacet
facet normal 0.0 0.0 -1.0
 outer loop
  vertex -0.07530900586649837 -0.03603083251365506 0.0
  vertex -0.07595058468357796 -0.04097562177568023 0.0
  vertex -0.0797411938156454 -0.03801365882644341 0.0
 endloop
endfacet
facet normal 0.0 0.0 -1.0
 outer loop
  vertex -0.07595058468357796 -0.04097562177568023 0.0
  vertex -0.07613481448997744 -0.04603227641493818 0.0
  vertex -0.08039786072167564 -0.04356235868332339 0.0
 endloop
endfacet
facet normal 0.0 -0.0 -1.0
 outer loop
  vertex -0.0797411938156454 -0.03801365882644341 0.0
  vertex -0.07595058468357796 -0.04097562177568023 0.0
  vertex -0.08039786072167564 -0.04356235868332339 0.0
 endloop
endfacet
facet normal -0.0 0.0 -1.0
 outer loop
  vertex -0.07069929479002049 -0.03414202270436407 0.0
  vertex -0.07530900586649837 -0.03603083251365506 0.0
  vertex -0.0746416876847856 -0.03108954366309322 0.0
 endloop
endfacet
facet normal 0.0 0.0 -1.0
 outer loop
  vertex -0.0746416876847856 -0.03108954366309322 0.0
  vertex -0.07530900586649837 -0.03603083251365506 0.0
  vertex -0.07925648300267857 -0.03297766043082567 0.0
 endloop
endfacet
facet normal 0.0 -0.0 -1.0
 outer loop
  vertex -0.07925648300267857 -0.03297766043082567 0.0
  vertex -0.07530900586649837 -0.03603083251365506 0.0
  vertex -0.0797411938156454 -0.03801365882644341 0.0
 endloop
endfacet
facet normal 0.0 0.0 -1.0
 outer loop
  vertex -0.07069929479002049 -0.03414202270436407 0.0
  vertex -0.0746416876847856 -0.03108954366309322 0.0
  vertex -0.07002761668708132 -0.02920132980878239 0.0
 endloop
endfacet
facet normal 0.0 0.0 -1.0
 outer loop
  vertex -0.06675762375057709 -0.0371944607060276 0.0
  vertex -0.07069929479002049 -0.03414202270436407 0.0
  vertex -0.0660852986069918 -0.03225380494392693 0.0
 endloop
endfacet
facet normal -0.0 0.0 -1.0
 outer loop
  vertex -0.0660852986069918 -0.03225380494392693 0.0
  vertex -0.07069929479002049 -0.03414202270436407 0.0
  vertex -0.07002761668708132 -0.02920132980878239 0.0
 endloop
endfacet
facet normal -0.0 0.0 -1.0
 outer loop
  vertex -0.0746416876847856 -0.03108954366309322 0.0
  vertex -0.07925648300267857 -0.03297766043082567 0.0
  vertex -0.07858544564100102 -0.02803688096034826 0.0
 endloop
endfacet
facet normal 0.0 0.0 -1.0
 outer loop
  vertex -0.0746416876847856 -0.03108954366309322 0.0
  vertex -0.07858544564100102 -0.02803688096034826 0.0
  vertex -0.07397042281286637 -0.02614879480286156 0.0
 endloop
endfacet
facet normal 0.0 0.0 -1.0
 outer loop
  vertex -0.0746416876847856 -0.03108954366309322 0.0
  vertex -0.07397042281286637 -0.02614879480286156 0.0
  vertex -0.07002761668708132 -0.02920132980878239 0.0
 endloop
endfacet
facet normal 0.0 0.0 -1.0
 outer loop
  vertex -0.07858544564100102 -0.02803688096034826 0.0
  vertex -0.07925648300267857 -0.03297766043082567 0.0
  vertex -0.08305576705701868 -0.02986784718371308 0.0
 endloop
endfacet
facet normal 0.0 -0.0 -1.0
 outer loop
  vertex -0.08305576705701868 -0.02986784718371308 0.0
  vertex -0.07925648300267857 -0.03297766043082567 0.0
  vertex -0.08414795713692372 -0.03522823499203707 0.0
 endloop
endfacet
facet normal 0.0 0.0 -1.0
 outer loop
  vertex -0.08414795713692372 -0.03522823499203707 0.0
  vertex -0.07925648300267857 -0.03297766043082567 0.0
  vertex -0.0797411938156454 -0.03801365882644341 0.0
 endloop
endfacet
facet normal -0.0 0.0 -1.0
 outer loop
  vertex -0.07858544564100102 -0.02803688096034826 0.0
  vertex -0.08305576705701868 -0.02986784718371308 0.0
  vertex -0.08245537843715553 -0.02509352101921238 0.0
 endloop
endfacet
facet normal 0.0 0.0 -1.0
 outer loop
  vertex -0.07858544564100102 -0.02803688096034826 0.0
  vertex -0.08245537843715553 -0.02509352101921238 0.0
  vertex -0.07784510042818812 -0.02323275799014977 0.0
 endloop
endfacet
facet normal -0.0 0.0 -1.0
 outer loop
  vertex -0.07397042281286637 -0.02614879480286156 0.0
  vertex -0.07858544564100102 -0.02803688096034826 0.0
  vertex -0.07784510042818812 -0.02323275799014977 0.0
 endloop
endfacet
facet normal -0.0 0.0 -1.0
 outer loop
  vertex -0.03350877763678161 0.0790515384142061 0.0
  vertex -0.03812360187808888 0.07716342484680737 0.0
  vertex -0.03745063323706711 0.08228031440972894 0.0
 endloop
endfacet
facet normal -0.0 0.0 -1.0
 outer loop
  vertex -0.02889395339547433 0.08093965198160484 0.0
  vertex -0.03350877763678161 0.0790515384142061 0.0
  vertex -0.03291590017222165 0.08415649613698167 0.0
 endloop
endfacet
facet normal 0.0 0.0 -1.0
 outer loop
  vertex -0.03350877763678161 0.0790515384142061 0.0
  vertex -0.03745063323706711 0.08228031440972894 0.0
  vertex -0.03291590017222165 0.08415649613698167 0.0
 endloop
endfacet
facet normal 0.0 0.0 -1.0
 outer loop
  vertex -0.03745063323706711 0.08228031440972894 0.0
  vertex -0.03812360187808888 0.07716342484680737 0.0
  vertex -0.04197728134729263 0.08037302381936298 0.0
 endloop
endfacet
facet normal 0.0 -0.0 -1.0
 outer loop
  vertex -0.04197728134729263 0.08037302381936298 0.0
  vertex -0.03812360187808888 0.07716342484680737 0.0
  vertex -0.04272361162505498 0.075301494734289 0.0
 endloop
endfacet
facet normal 0.0 0.0 -1.0
 outer loop
  vertex -0.03812360187808888 0.07716342484680737 0.0
  vertex -0.03879585968414516 0.07222281303613562 0.0
  vertex -0.04272361162505498 0.075301494734289 0.0
 endloop
endfacet
facet normal 0.0 0.0 -1.0
 outer loop
  vertex -0.02889395339547433 0.08093965198160484 0.0
  vertex -0.03291590017222165 0.08415649613698167 0.0
  vertex -0.02830373852284372 0.08593435766506553 0.0
 endloop
endfacet
facet normal 0.0 0.0 -1.0
 outer loop
  vertex -0.02889395339547433 0.08093965198160484 0.0
  vertex -0.02830373852284372 0.08593435766506553 0.0
  vertex -0.02428132420149763 0.08282677769923169 0.0
 endloop
endfacet
facet normal 0.0 0.0 -1.0
 outer loop
  vertex -0.02889395339547433 0.08093965198160484 0.0
  vertex -0.02428132420149763 0.08282677769923169 0.0
  vertex -0.02495175280144509 0.07788698909670322 0.0
 endloop
endfacet
facet normal 0.0 0.0 -1.0
 outer loop
  vertex 0.0106192685616667 0.08310641781746078 0.0
  vertex 0.006659588144138124 0.08613681186714428 0.0
  vertex 0.01121635214600806 0.0878350429463911 0.0
 endloop
endfacet
facet normal -0.0 0.0 -1.0
 outer loop
  vertex 0.01121635214600806 0.0878350429463911 0.0
  vertex 0.006659588144138124 0.08613681186714428 0.0
  vertex 0.006976629512048744 0.09122957721975761 0.0
 endloop
endfacet
facet normal 0.0 0.0 -1.0
 outer loop
  vertex 0.006659588144138124 0.08613681186714428 0.0
  vertex 0.002519324947784656 0.0888633515974139 0.0
  vertex 0.006976629512048744 0.09122957721975761 0.0
 endloop
endfacet
facet normal 0.0 0.0 -1.0
 outer loop
  vertex 0.0106192685616667 0.08310641781746078 0.0
  vertex 0.01121635214600806 0.0878350429463911 0.0
  vertex 0.01521802534663981 0.08495463009547283 0.0
 endloop
endfacet
facet normal 0.0 0.0 -1.0
 outer loop
  vertex 0.0106192685616667 0.08310641781746078 0.0
  vertex 0.01521802534663981 0.08495463009547283 0.0
  vertex 0.01456080247824229 0.08004886261380133 0.0
 endloop
endfacet
facet normal 0.0 0.0 -1.0
 outer loop
  vertex 0.009949863085990088 0.07816949003905395 0.0
  vertex 0.0106192685616667 0.08310641781746078 0.0
  vertex 0.01456080247824229 0.08004886261380133 0.0
 endloop
endfacet
facet normal 0.0 0.0 -1.0
 outer loop
  vertex 0.08189780138073591 -0.03226117577968549 0.0
  vertex 0.08272879755194139 -0.02734216313712919 0.0
  vertex 0.08623449526628109 -0.03094375373212267 0.0
 endloop
endfacet
facet normal 0.0 0.0 -1.0
 outer loop
  vertex 0.08623449526628109 -0.03094375373212267 0.0
  vertex 0.08272879755194139 -0.02734216313712919 0.0
  vertex 0.08724613198343995 -0.02567422742325104 0.0
 endloop
endfacet
facet normal 0.0 0.0 -1.0
 outer loop
  vertex 0.08272879755194139 -0.02734216313712919 0.0
  vertex 0.08339728128289084 -0.0224010377966461 0.0
  vertex 0.08724613198343995 -0.02567422742325104 0.0
 endloop
endfacet
facet normal -0.0 0.0 -1.0
 outer loop
  vertex -0.01501279137266327 0.08651431869975973 0.0
  vertex -0.01963285694238326 0.08463901570150974 0.0
  vertex -0.0189541470059329 0.08937667092579772 0.0
 endloop
endfacet
facet normal -0.0 0.0 -1.0
 outer loop
  vertex -0.01963285694238326 0.08463901570150974 0.0
  vertex -0.02428132420149763 0.08282677769923169 0.0
  vertex -0.02374589874087275 0.08776614725489618 0.0
 endloop
endfacet
facet normal 0.0 0.0 -1.0
 outer loop
  vertex -0.01963285694238326 0.08463901570150974 0.0
  vertex -0.02374589874087275 0.08776614725489618 0.0
  vertex -0.0189541470059329 0.08937667092579772 0.0
 endloop
endfacet
facet normal 0.0 0.0 -1.0
 outer loop
  vertex 0.04571196321117844 -0.07507323336228179 0.0
  vertex 0.05028841103144603 -0.07309132445663291 0.0
  vertex 0.04966978171893256 -0.07738681890813999 0.0
 endloop
endfacet
facet normal 0.0 0.0 -1.0
 outer loop
  vertex 0.04108423777026127 -0.0769298150969062 0.0
  vertex 0.04571196321117844 -0.07507323336228179 0.0
  vertex 0.04523108742168345 -0.07954090194948162 0.0
 endloop
endfacet
facet normal 0.0 0.0 -1.0
 outer loop
  vertex 0.04523108742168345 -0.07954090194948162 0.0
  vertex 0.04571196321117844 -0.07507323336228179 0.0
  vertex 0.04966978171893256 -0.07738681890813999 0.0
 endloop
endfacet
facet normal 0.0 0.0 -1.0
 outer loop
  vertex 0.07436314831221258 0.03919486383957473 0.0
  vertex 0.07497108703835809 0.04405240197570413 0.0
  vertex 0.07866267356335233 0.04076050750292571 0.0
 endloop
endfacet
facet normal 0.0 0.0 -1.0
 outer loop
  vertex 0.07866267356335233 0.04076050750292571 0.0
  vertex 0.07497108703835809 0.04405240197570413 0.0
  vertex 0.07919999680020069 0.04544207349584937 0.0
 endloop
endfacet
facet normal 0.0 0.0 -1.0
 outer loop
  vertex 0.07497108703835809 0.04405240197570413 0.0
  vertex 0.07550966602742104 0.0489481954531172 0.0
  vertex 0.07919999680020069 0.04544207349584937 0.0
 endloop
endfacet
facet normal 0.0 0.0 -1.0
 outer loop
  vertex 0.06780852218483392 0.05516299027720759 0.0
  vertex 0.06386147696875424 0.05820970378628627 0.0
  vertex 0.06840477511514836 0.06057325073157175 0.0
 endloop
endfacet
facet normal 0.0 0.0 -1.0
 outer loop
  vertex 0.07158184815226061 0.05191320985683578 0.0
  vertex 0.06780852218483392 0.05516299027720759 0.0
  vertex 0.07260350428668251 0.05705742271233273 0.0
 endloop
endfacet
facet normal -0.0 0.0 -1.0
 outer loop
  vertex 0.07260350428668251 0.05705742271233273 0.0
  vertex 0.06780852218483392 0.05516299027720759 0.0
  vertex 0.06840477511514836 0.06057325073157175 0.0
 endloop
endfacet
facet normal -0.0 0.0 -1.0
 outer loop
  vertex 0.06386147696875424 0.05820970378628627 0.0
  vertex 0.0592727789489469 0.05635533450168673 0.0
  vertex 0.05995026199930303 0.06130269516891818 0.0
 endloop
endfacet
facet normal 0.0 0.0 -1.0
 outer loop
  vertex 0.06386147696875424 0.05820970378628627 0.0
  vertex 0.05995026199930303 0.06130269516891818 0.0
  vertex 0.06457936478918128 0.0633895039638786 0.0
 endloop
endfacet
facet normal 0.0 0.0 -1.0
 outer loop
  vertex 0.06386147696875424 0.05820970378628627 0.0
  vertex 0.06457936478918128 0.0633895039638786 0.0
  vertex 0.06840477511514836 0.06057325073157175 0.0
 endloop
endfacet
facet normal -0.0 0.0 -1.0
 outer loop
  vertex 0.002519324947784656 0.0888633515974139 0.0
  vertex -0.001877265753687144 0.08732772157532574 0.0
  vertex -0.00130230914902502 0.091813503501872 0.0
 endloop
endfacet
facet normal 0.0 -0.0 -1.0
 outer loop
  vertex -0.005701381189508158 0.09125074954915383 0.0
  vertex -0.001877265753687144 0.08732772157532574 0.0
  vertex -0.006472348161756036 0.08558469629635279 0.0
 endloop
endfacet
facet normal 0.0 0.0 -1.0
 outer loop
  vertex -0.001877265753687144 0.08732772157532574 0.0
  vertex -0.005701381189508158 0.09125074954915383 0.0
  vertex -0.00130230914902502 0.091813503501872 0.0
 endloop
endfacet
facet normal 0.0 0.0 -1.0
 outer loop
  vertex 0.04024577446992054 0.07654479085434854 0.0
  vertex 0.03634493126903145 0.07949531144294872 0.0
  vertex 0.04101010379788515 0.0814522046794314 0.0
 endloop
endfacet
facet normal 0.0 0.0 -1.0
 outer loop
  vertex 0.03634493126903145 0.07949531144294872 0.0
  vertex 0.03252502513575829 0.08231235987567201 0.0
  vertex 0.03713800740445447 0.08393621977831905 0.0
 endloop
endfacet
facet normal -0.0 0.0 -1.0
 outer loop
  vertex 0.04101010379788515 0.0814522046794314 0.0
  vertex 0.03634493126903145 0.07949531144294872 0.0
  vertex 0.03713800740445447 0.08393621977831905 0.0
 endloop
endfacet
facet normal 0.0 0.0 -1.0
 outer loop
  vertex 0.03956656279147067 0.07162117531945562 0.0
  vertex 0.04024577446992054 0.07654479085434854 0.0
  vertex 0.04418161882852437 0.07350872234432843 0.0
 endloop
endfacet
facet normal 0.0 0.0 -1.0
 outer loop
  vertex 0.04418161882852437 0.07350872234432843 0.0
  vertex 0.04024577446992054 0.07654479085434854 0.0
  vertex 0.04485225406435542 0.07845329995268194 0.0
 endloop
endfacet
facet normal 0.0 0.0 -1.0
 outer loop
  vertex 0.04024577446992054 0.07654479085434854 0.0
  vertex 0.04101010379788515 0.0814522046794314 0.0
  vertex 0.04485225406435542 0.07845329995268194 0.0
 endloop
endfacet
facet normal 0.0 0.0 -1.0
 outer loop
  vertex 0.03956656279147067 0.07162117531945562 0.0
  vertex 0.04418161882852437 0.07350872234432843 0.0
  vertex 0.04350786918530138 0.06857175680072455 0.0
 endloop
endfacet
facet normal 0.0 -0.0 -1.0
 outer loop
  vertex 0.03956656279147067 0.07162117531945562 0.0
  vertex 0.04350786918530138 0.06857175680072455 0.0
  vertex 0.03889316779552517 0.06668334296631137 0.0
 endloop
endfacet
facet normal 0.0 0.0 -1.0
 outer loop
  vertex 0.03956656279147067 0.07162117531945562 0.0
  vertex 0.03889316779552517 0.06668334296631137 0.0
  vertex 0.03495062183552934 0.06973579116508191 0.0
 endloop
endfacet
facet normal 0.0 0.0 -1.0
 outer loop
  vertex 0.04350786918530138 0.06857175680072455 0.0
  vertex 0.04418161882852437 0.07350872234432843 0.0
  vertex 0.04812285491076412 0.07045947567735455 0.0
 endloop
endfacet
facet normal 0.0 0.0 -1.0
 outer loop
  vertex 0.04812285491076412 0.07045947567735455 0.0
  vertex 0.04418161882852437 0.07350872234432843 0.0
  vertex 0.04857458314443393 0.07520392488592494 0.0
 endloop
endfacet
facet normal -0.0 0.0 -1.0
 outer loop
  vertex 0.04857458314443393 0.07520392488592494 0.0
  vertex 0.04418161882852437 0.07350872234432843 0.0
  vertex 0.04485225406435542 0.07845329995268194 0.0
 endloop
endfacet
facet normal -0.0 0.0 -1.0
 outer loop
  vertex -0.0473532503607035 0.07338719771200979 0.0
  vertex -0.05206034145846651 0.0718786269591063 0.0
  vertex -0.05093433898524641 0.0764748554661406 0.0
 endloop
endfacet
facet normal -0.0 0.0 -1.0
 outer loop
  vertex -0.04272361162505498 0.075301494734289 0.0
  vertex -0.0473532503607035 0.07338719771200979 0.0
  vertex -0.04647461439486186 0.07846259902799281 0.0
 endloop
endfacet
facet normal 0.0 0.0 -1.0
 outer loop
  vertex -0.04647461439486186 0.07846259902799281 0.0
  vertex -0.0473532503607035 0.07338719771200979 0.0
  vertex -0.05093433898524641 0.0764748554661406 0.0
 endloop
endfacet
facet normal 0.0 0.0 -1.0
 outer loop
  vertex 0.0861067567792231 -0.002641372359541428 0.0
  vertex 0.08674914331708568 0.00230330396661738 0.0
  vertex 0.09092939842081085 -0.0003038151066776527 0.0
 endloop
endfacet
facet normal 0.0 0.0 -1.0
 outer loop
  vertex 0.08674914331708568 0.00230330396661738 0.0
  vertex 0.08732925110600093 0.007218626061734221 0.0
  vertex 0.09126765672594675 0.004506789403293424 0.0
 endloop
endfacet
facet normal 0.0 0.0 -1.0
 outer loop
  vertex 0.09092939842081085 -0.0003038151066776527 0.0
  vertex 0.08674914331708568 0.00230330396661738 0.0
  vertex 0.09126765672594675 0.004506789403293424 0.0
 endloop
endfacet
facet normal 0.0 0.0 -1.0
 outer loop
  vertex 0.08149691108261475 -0.004530163346188047 0.0
  vertex 0.0861067567792231 -0.002641372359541428 0.0
  vertex 0.08543931156637587 -0.007582639008819417 0.0
 endloop
endfacet
facet normal 0.0 0.0 -1.0
 outer loop
  vertex 0.08543931156637587 -0.007582639008819417 0.0
  vertex 0.0861067567792231 -0.002641372359541428 0.0
  vertex 0.09053223720557786 -0.005091648484624081 0.0
 endloop
endfacet
facet normal 0.0 0.0 -1.0
 outer loop
  vertex 0.0861067567792231 -0.002641372359541428 0.0
  vertex 0.09092939842081085 -0.0003038151066776527 0.0
  vertex 0.09053223720557786 -0.005091648484624081 0.0
 endloop
endfacet
facet normal 0.0 -0.0 -1.0
 outer loop
  vertex 0.08149691108261475 -0.004530163346188047 0.0
  vertex 0.08543931156637587 -0.007582639008819417 0.0
  vertex 0.08082528942393676 -0.009470861715985861 0.0
 endloop
endfacet
facet normal 0.0 0.0 -1.0
 outer loop
  vertex 0.08149691108261475 -0.004530163346188047 0.0
  vertex 0.08082528942393676 -0.009470861715985861 0.0
  vertex 0.0768828244034851 -0.00641837727199388 0.0
 endloop
endfacet
facet normal 0.0 -0.0 -1.0
 outer loop
  vertex 0.07755517440481352 -0.001477778006123044 0.0
  vertex 0.08149691108261475 -0.004530163346188047 0.0
  vertex 0.0768828244034851 -0.00641837727199388 0.0
 endloop
endfacet
facet normal 0.0 0.0 -1.0
 outer loop
  vertex 0.08082528942393676 -0.009470861715985861 0.0
  vertex 0.08543931156637587 -0.007582639008819417 0.0
  vertex 0.08476796188375083 -0.01252337438577981 0.0
 endloop
endfacet
facet normal 0.0 0.0 -1.0
 outer loop
  vertex 0.08476796188375083 -0.01252337438577981 0.0
  vertex 0.08543931156637587 -0.007582639008819417 0.0
  vertex 0.08947523249152434 -0.01048348764574424 0.0
 endloop
endfacet
facet normal 0.0 0.0 -1.0
 outer loop
  vertex 0.08947523249152434 -0.01048348764574424 0.0
  vertex 0.08543931156637587 -0.007582639008819417 0.0
  vertex 0.09053223720557786 -0.005091648484624081 0.0
 endloop
endfacet
facet normal 0.0 -0.0 -1.0
 outer loop
  vertex 0.08082528942393676 -0.009470861715985861 0.0
  vertex 0.08476796188375083 -0.01252337438577981 0.0
  vertex 0.08015327183778417 -0.01441150621283316 0.0
 endloop
endfacet
facet normal 0.0 -0.0 -1.0
 outer loop
  vertex 0.0768828244034851 -0.00641837727199388 0.0
  vertex 0.08082528942393676 -0.009470861715985861 0.0
  vertex 0.07621072179280378 -0.01135901019974705 0.0
 endloop
endfacet
facet normal 0.0 0.0 -1.0
 outer loop
  vertex 0.07621072179280378 -0.01135901019974705 0.0
  vertex 0.08082528942393676 -0.009470861715985861 0.0
  vertex 0.08015327183778417 -0.01441150621283316 0.0
 endloop
endfacet
facet normal 0.0 0.0 -1.0
 outer loop
  vertex 0.08476796188375083 -0.01252337438577981 0.0
  vertex 0.08947523249152434 -0.01048348764574424 0.0
  vertex 0.08967284608823264 -0.01580034508545071 0.0
 endloop
endfacet
facet normal 0.0 -0.0 -1.0
 outer loop
  vertex 0.08476796188375083 -0.01252337438577981 0.0
  vertex 0.08967284608823264 -0.01580034508545071 0.0
  vertex 0.08425183641933136 -0.01750081944678149 0.0
 endloop
endfacet
facet normal 0.0 0.0 -1.0
 outer loop
  vertex 0.08015327183778417 -0.01441150621283316 0.0
  vertex 0.08476796188375083 -0.01252337438577981 0.0
  vertex 0.08425183641933136 -0.01750081944678149 0.0
 endloop
endfacet
facet normal 0.0 0.0 -1.0
 outer loop
  vertex 0.08791536150606455 0.01217233601068653 0.0
  vertex 0.08732925110600093 0.007218626061734221 0.0
  vertex 0.08345765712906668 0.01028691552603424 0.0
 endloop
endfacet
facet normal 0.0 0.0 -1.0
 outer loop
  vertex 0.08732925110600093 0.007218626061734221 0.0
  vertex 0.08791536150606455 0.01217233601068653 0.0
  vertex 0.09149992375062746 0.009494033263886904 0.0
 endloop
endfacet
facet normal 0.0 0.0 -1.0
 outer loop
  vertex 0.09126765672594675 0.004506789403293424 0.0
  vertex 0.08732925110600093 0.007218626061734221 0.0
  vertex 0.09149992375062746 0.009494033263886904 0.0
 endloop
endfacet
facet normal 0.0 -0.0 -1.0
 outer loop
  vertex -0.08416464140706505 0.02555915331339663 0.0
  vertex -0.08042025965368765 0.02253361959000988 0.0
  vertex -0.08492955797235863 0.02063097708761953 0.0
 endloop
endfacet
facet normal 0.0 0.0 -1.0
 outer loop
  vertex -0.08492955797235863 0.02063097708761953 0.0
  vertex -0.08042025965368765 0.02253361959000988 0.0
  vertex -0.08107122157232582 0.01758993088729387 0.0
 endloop
endfacet
facet normal 0.0 0.0 -1.0
 outer loop
  vertex -0.08107122157232582 0.01758993088729387 0.0
  vertex -0.08042025965368765 0.02253361959000988 0.0
  vertex -0.07647364877221566 0.01948052500365117 0.0
 endloop
endfacet
facet normal 0.0 -0.0 -1.0
 outer loop
  vertex -0.05013326198601455 0.02092858136201932 0.0
  vertex -0.04619069555076355 0.01787608311874638 0.0
  vertex -0.05080551972728697 0.01598796954017439 0.0
 endloop
endfacet
facet normal 0.0 0.0 -1.0
 outer loop
  vertex -0.0468629533438966 0.01293547130606014 0.0
  vertex -0.04619069555076355 0.01787608311874638 0.0
  vertex -0.04224812911349144 0.01482358487546235 0.0
 endloop
endfacet
facet normal 0.0 0.0 -1.0
 outer loop
  vertex -0.04619069555076355 0.01787608311874638 0.0
  vertex -0.0468629533438966 0.01293547130606014 0.0
  vertex -0.05080551972728697 0.01598796954017439 0.0
 endloop
endfacet
facet normal 0.0 0.0 -1.0
 outer loop
  vertex -0.04946100417995844 0.02586919317269105 0.0
  vertex -0.05013326198601455 0.02092858136201932 0.0
  vertex -0.05407582841986837 0.02398107960709696 0.0
 endloop
endfacet
facet normal 0.0 -0.0 -1.0
 outer loop
  vertex -0.05407582841986837 0.02398107960709696 0.0
  vertex -0.05013326198601455 0.02092858136201932 0.0
  vertex -0.05474808622829494 0.01904046779508162 0.0
 endloop
endfacet
facet normal 0.0 0.0 -1.0
 outer loop
  vertex -0.05474808622829494 0.01904046779508162 0.0
  vertex -0.05013326198601455 0.02092858136201932 0.0
  vertex -0.05080551972728697 0.01598796954017439 0.0
 endloop
endfacet
facet normal -0.0 0.0 -1.0
 outer loop
  vertex -0.04946100417995844 0.02586919317269105 0.0
  vertex -0.05407582841986837 0.02398107960709696 0.0
  vertex -0.05340357061344804 0.02892169141823923 0.0
 endloop
endfacet
facet normal 0.0 0.0 -1.0
 outer loop
  vertex -0.04946100417995844 0.02586919317269105 0.0
  vertex -0.05340357061344804 0.02892169141823923 0.0
  vertex -0.04878874637360865 0.03080980498374205 0.0
 endloop
endfacet
facet normal 0.0 0.0 -1.0
 outer loop
  vertex -0.04946100417995844 0.02586919317269105 0.0
  vertex -0.04878874637360865 0.03080980498374205 0.0
  vertex -0.04484617993860221 0.02775730674015311 0.0
 endloop
endfacet
facet normal 0.0 0.0 -1.0
 outer loop
  vertex -0.05407582841986837 0.02398107960709696 0.0
  vertex -0.05474808622829494 0.01904046779508162 0.0
  vertex -0.0586906526688704 0.02209296604910877 0.0
 endloop
endfacet
facet normal -0.0 0.0 -1.0
 outer loop
  vertex -0.05407582841986837 0.02398107960709696 0.0
  vertex -0.0586906526688704 0.02209296604910877 0.0
  vertex -0.05801839389853856 0.02703357768799924 0.0
 endloop
endfacet
facet normal 0.0 0.0 -1.0
 outer loop
  vertex -0.05340357061344804 0.02892169141823923 0.0
  vertex -0.05407582841986837 0.02398107960709696 0.0
  vertex -0.05801839389853856 0.02703357768799924 0.0
 endloop
endfacet
facet normal 0.0 -0.0 -1.0
 outer loop
  vertex -0.0586906526688704 0.02209296604910877 0.0
  vertex -0.05474808622829494 0.01904046779508162 0.0
  vertex -0.05936290839365202 0.01715235386908847 0.0
 endloop
endfacet
facet normal 0.0 0.0 -1.0
 outer loop
  vertex -0.05936290839365202 0.01715235386908847 0.0
  vertex -0.05474808622829494 0.01904046779508162 0.0
  vertex -0.05542034373496145 0.01409985593249739 0.0
 endloop
endfacet
facet normal 0.0 0.0 -1.0
 outer loop
  vertex -0.05542034373496145 0.01409985593249739 0.0
  vertex -0.05474808622829494 0.01904046779508162 0.0
  vertex -0.05080551972728697 0.01598796954017439 0.0
 endloop
endfacet
facet normal 0.0 0.0 -1.0
 outer loop
  vertex -0.06330546195329886 0.02020484988897093 0.0
  vertex -0.0586906526688704 0.02209296604910877 0.0
  vertex -0.05936290839365202 0.01715235386908847 0.0
 endloop
endfacet
facet normal -0.0 0.0 -1.0
 outer loop
  vertex -0.0586906526688704 0.02209296604910877 0.0
  vertex -0.06330546195329886 0.02020484988897093 0.0
  vertex -0.06263321416916642 0.0251454634373597 0.0
 endloop
endfacet
facet normal 0.0 0.0 -1.0
 outer loop
  vertex -0.0586906526688704 0.02209296604910877 0.0
  vertex -0.06263321416916642 0.0251454634373597 0.0
  vertex -0.05801839389853856 0.02703357768799924 0.0
 endloop
endfacet
facet normal 0.0 -0.0 -1.0
 outer loop
  vertex -0.00465727737899854 0.03486910522533546 0.0
  vertex -0.0007147109437472925 0.03181660698206214 0.0
  vertex -0.005329535185054327 0.02992849341466251 0.0
 endloop
endfacet
facet normal 0.0 0.0 -1.0
 outer loop
  vertex -0.00465727737899854 0.03486910522533546 0.0
  vertex -0.005329535185054327 0.02992849341466251 0.0
  vertex -0.009272101620305822 0.03298099165793638 0.0
 endloop
endfacet
facet normal 0.0 -0.0 -1.0
 outer loop
  vertex -0.008599843814249532 0.03792160346860846 0.0
  vertex -0.00465727737899854 0.03486910522533546 0.0
  vertex -0.009272101620305822 0.03298099165793638 0.0
 endloop
endfacet
facet normal 0.0 0.0 -1.0
 outer loop
  vertex -0.01321466805555675 0.03603348990120978 0.0
  vertex -0.008599843814249532 0.03792160346860846 0.0
  vertex -0.009272101620305822 0.03298099165793638 0.0
 endloop
endfacet
facet normal 0.0 -0.0 -1.0
 outer loop
  vertex -0.01321466805555675 0.03603348990120978 0.0
  vertex -0.009272101620305822 0.03298099165793638 0.0
  vertex -0.01388692586161304 0.03109287809053767 0.0
 endloop
endfacet
facet normal 0.0 0.0 -1.0
 outer loop
  vertex -0.01782949229686399 0.03414537633381101 0.0
  vertex -0.01321466805555675 0.03603348990120978 0.0
  vertex -0.01388692586161304 0.03109287809053767 0.0
 endloop
endfacet
facet normal 0.0 0.0 -1.0
 outer loop
  vertex -0.03763330487420515 0.0167116984428724 0.0
  vertex -0.0330184806328979 0.01859981201027124 0.0
  vertex -0.03369073843930526 0.01365920019827277 0.0
 endloop
endfacet
facet normal 0.0 -0.0 -1.0
 outer loop
  vertex -0.03763330487420515 0.0167116984428724 0.0
  vertex -0.03369073843930526 0.01365920019827277 0.0
  vertex -0.03830556268062194 0.01177108663135422 0.0
 endloop
endfacet
facet normal 0.0 0.0 -1.0
 outer loop
  vertex -0.04224812911349144 0.01482358487546235 0.0
  vertex -0.03763330487420515 0.0167116984428724 0.0
  vertex -0.03830556268062194 0.01177108663135422 0.0
 endloop
endfacet
facet normal 0.0 0.0 -1.0
 outer loop
  vertex -0.03369073843930526 0.01365920019827277 0.0
  vertex -0.0330184806328979 0.01859981201027124 0.0
  vertex -0.02907591419788345 0.01554731376605394 0.0
 endloop
endfacet
facet normal 0.0 0.0 -1.0
 outer loop
  vertex -0.0330184806328979 0.01859981201027124 0.0
  vertex -0.03234622282684185 0.02354042382094296 0.0
  vertex -0.02840365639163031 0.02048792557751247 0.0
 endloop
endfacet
facet normal 0.0 0.0 -1.0
 outer loop
  vertex -0.02907591419788345 0.01554731376605394 0.0
  vertex -0.0330184806328979 0.01859981201027124 0.0
  vertex -0.02840365639163031 0.02048792557751247 0.0
 endloop
endfacet
facet normal 0.0 0.0 -1.0
 outer loop
  vertex -0.02867659759485002 -0.07760058174424028 0.0
  vertex -0.0292187190044589 -0.08237311110317977 0.0
  vertex -0.03328700467561885 -0.07949753428355422 0.0
 endloop
endfacet
facet normal 0.0 0.0 -1.0
 outer loop
  vertex -0.02800433978879377 -0.07265996993356867 0.0
  vertex -0.02867659759485002 -0.07760058174424028 0.0
  vertex -0.03261842783667809 -0.07454955666295333 0.0
 endloop
endfacet
facet normal -0.0 0.0 -1.0
 outer loop
  vertex -0.02867659759485002 -0.07760058174424028 0.0
  vertex -0.03328700467561885 -0.07949753428355422 0.0
  vertex -0.03261842783667809 -0.07454955666295333 0.0
 endloop
endfacet
facet normal 0.0 0.0 -1.0
 outer loop
  vertex -0.0292187190044589 -0.08237311110317977 0.0
  vertex -0.02532668344401682 -0.08549087435730228 0.0
  vertex -0.02904657754242785 -0.08693152019242223 0.0
 endloop
endfacet
facet normal 0.0 0.0 -1.0
 outer loop
  vertex -0.03328700467561885 -0.07949753428355422 0.0
  vertex -0.0292187190044589 -0.08237311110317977 0.0
  vertex -0.03322567005238911 -0.084475316905279 0.0
 endloop
endfacet
facet normal 0.0 0.0 -1.0
 outer loop
  vertex -0.03322567005238911 -0.084475316905279 0.0
  vertex -0.0292187190044589 -0.08237311110317977 0.0
  vertex -0.02904657754242785 -0.08693152019242223 0.0
 endloop
endfacet
facet normal 0.0 0.0 -1.0
 outer loop
  vertex -0.02993013280587608 -0.05478563625828071 0.0
  vertex -0.03387269924095151 -0.05173313801560599 0.0
  vertex -0.02925787499746686 -0.04984502445542884 0.0
 endloop
endfacet
facet normal 0.0 0.0 -1.0
 outer loop
  vertex -0.02993013280587608 -0.05478563625828071 0.0
  vertex -0.02925787499746686 -0.04984502445542884 0.0
  vertex -0.02531530856267769 -0.05289752269675084 0.0
 endloop
endfacet
facet normal 0.0 0.0 -1.0
 outer loop
  vertex -0.02598756637055613 -0.05783813450171403 0.0
  vertex -0.02993013280587608 -0.05478563625828071 0.0
  vertex -0.02531530856267769 -0.05289752269675084 0.0
 endloop
endfacet
facet normal 0.0 0.0 -1.0
 outer loop
  vertex -0.0368700666670629 0.05434847936084742 0.0
  vertex -0.04081263310231389 0.05740097760412039 0.0
  vertex -0.03619780886100665 0.05928909117151916 0.0
 endloop
endfacet
facet normal -0.0 0.0 -1.0
 outer loop
  vertex -0.03225524242575557 0.05623659292824627 0.0
  vertex -0.0368700666670629 0.05434847936084742 0.0
  vertex -0.03619780886100665 0.05928909117151916 0.0
 endloop
endfacet
facet normal 0.0 0.0 -1.0
 outer loop
  vertex -0.0368700666670629 0.05434847936084742 0.0
  vertex -0.03225524242575557 0.05623659292824627 0.0
  vertex -0.03292750023181181 0.05129598111757454 0.0
 endloop
endfacet
facet normal 0.0 -0.0 -1.0
 outer loop
  vertex 0.03727545739556438 -0.04128576817931386 0.0
  vertex 0.04121802383081547 -0.04433826642258677 0.0
  vertex 0.03660319958950819 -0.04622637998998558 0.0
 endloop
endfacet
facet normal 0.0 0.0 -1.0
 outer loop
  vertex 0.03727545739556438 -0.04128576817931386 0.0
  vertex 0.03660319958950819 -0.04622637998998558 0.0
  vertex 0.03266063315425708 -0.04317388174671274 0.0
 endloop
endfacet
facet normal 0.0 -0.0 -1.0
 outer loop
  vertex 0.03333289096031331 -0.03823326993604097 0.0
  vertex 0.03727545739556438 -0.04128576817931386 0.0
  vertex 0.03266063315425708 -0.04317388174671274 0.0
 endloop
endfacet
facet normal 0.0 0.0 -1.0
 outer loop
  vertex 0.03660319958950819 -0.04622637998998558 0.0
  vertex 0.04121802383081547 -0.04433826642258677 0.0
  vertex 0.04054579874764297 -0.04927897861669318 0.0
 endloop
endfacet
facet normal 0.0 0.0 -1.0
 outer loop
  vertex 0.04054579874764297 -0.04927897861669318 0.0
  vertex 0.04121802383081547 -0.04433826642258677 0.0
  vertex 0.0451606508156998 -0.04739095041294156 0.0
 endloop
endfacet
facet normal 0.0 0.0 -1.0
 outer loop
  vertex 0.04121802383081547 -0.04433826642258677 0.0
  vertex 0.04583284807212273 -0.04245015285518798 0.0
  vertex 0.0451606508156998 -0.04739095041294156 0.0
 endloop
endfacet
facet normal 0.0 0.0 -1.0
 outer loop
  vertex 0.03033552353437745 0.06784834743981388 0.0
  vertex 0.02966326572832099 0.06290773562914204 0.0
  vertex 0.02572069929307009 0.0659602338724151 0.0
 endloop
endfacet
facet normal 0.0 0.0 -1.0
 outer loop
  vertex 0.02966326572832099 0.06290773562914204 0.0
  vertex 0.03033552353437745 0.06784834743981388 0.0
  vertex 0.03427817791036736 0.064795634256581 0.0
 endloop
endfacet
facet normal 0.0 -0.0 -1.0
 outer loop
  vertex 0.02572069929307009 0.0659602338724151 0.0
  vertex 0.02966326572832099 0.06290773562914204 0.0
  vertex 0.0250484414870138 0.06101962206174333 0.0
 endloop
endfacet
facet normal 0.0 0.0 -1.0
 outer loop
  vertex 0.03324191362612357 -0.07092944845161041 0.0
  vertex 0.03256965411656103 -0.07587005503646455 0.0
  vertex 0.02862623528927436 -0.07281547307036565 0.0
 endloop
endfacet
facet normal 0.0 0.0 -1.0
 outer loop
  vertex 0.03391417188227785 -0.06598883802169703 0.0
  vertex 0.03324191362612357 -0.07092944845161041 0.0
  vertex 0.02929934412397606 -0.06787694080007149 0.0
 endloop
endfacet
facet normal 0.0 -0.0 -1.0
 outer loop
  vertex 0.02929934412397606 -0.06787694080007149 0.0
  vertex 0.03324191362612357 -0.07092944845161041 0.0
  vertex 0.02862623528927436 -0.07281547307036565 0.0
 endloop
endfacet
facet normal 0.0 -0.0 -1.0
 outer loop
  vertex 0.03256965411656103 -0.07587005503646455 0.0
  vertex 0.0364947992567012 -0.07887997292300467 0.0
  vertex 0.03187707084119985 -0.08076098784695203 0.0
 endloop
endfacet
facet normal 0.0 0.0 -1.0
 outer loop
  vertex 0.03256965411656103 -0.07587005503646455 0.0
  vertex 0.03187707084119985 -0.08076098784695203 0.0
  vertex 0.0279514413881096 -0.0777498859822004 0.0
 endloop
endfacet
facet normal -0.0 0.0 -1.0
 outer loop
  vertex 0.03256965411656103 -0.07587005503646455 0.0
  vertex 0.0279514413881096 -0.0777498859822004 0.0
  vertex 0.02862623528927436 -0.07281547307036565 0.0
 endloop
endfacet
facet normal 0.0 0.0 -1.0
 outer loop
  vertex 0.03187707084119985 -0.08076098784695203 0.0
  vertex 0.0364947992567012 -0.07887997292300467 0.0
  vertex 0.03613547813626118 -0.0836454474927017 0.0
 endloop
endfacet
facet normal 0.0 0.0 -1.0
 outer loop
  vertex 0.0364947992567012 -0.07887997292300467 0.0
  vertex 0.04108423777026127 -0.0769298150969062 0.0
  vertex 0.04089199231415611 -0.08161103517076494 0.0
 endloop
endfacet
facet normal 0.0 -0.0 -1.0
 outer loop
  vertex 0.0364947992567012 -0.07887997292300467 0.0
  vertex 0.04089199231415611 -0.08161103517076494 0.0
  vertex 0.03613547813626118 -0.0836454474927017 0.0
 endloop
endfacet
facet normal 0.0 -0.0 -1.0
 outer loop
  vertex 0.0279514413881096 -0.0777498859822004 0.0
  vertex 0.03187707084119985 -0.08076098784695203 0.0
  vertex 0.02724780108579837 -0.08261379429548114 0.0
 endloop
endfacet
facet normal 0.0 0.0 -1.0
 outer loop
  vertex 0.02724780108579837 -0.08261379429548114 0.0
  vertex 0.03187707084119985 -0.08076098784695203 0.0
  vertex 0.03127536568855225 -0.0861114690319357 0.0
 endloop
endfacet
facet normal 0.0 0.0 -1.0
 outer loop
  vertex 0.03127536568855225 -0.0861114690319357 0.0
  vertex 0.03187707084119985 -0.08076098784695203 0.0
  vertex 0.03613547813626118 -0.0836454474927017 0.0
 endloop
endfacet
facet normal 0.0 0.0 -1.0
 outer loop
  vertex 0.0279514413881096 -0.0777498859822004 0.0
  vertex 0.02724780108579837 -0.08261379429548114 0.0
  vertex 0.02333364481326262 -0.0796307345928438 0.0
 endloop
endfacet
facet normal -0.0 0.0 -1.0
 outer loop
  vertex 0.0279514413881096 -0.0777498859822004 0.0
  vertex 0.02333364481326262 -0.0796307345928438 0.0
  vertex 0.02401053859820711 -0.07470145378437676 0.0
 endloop
endfacet
facet normal 0.0 0.0 -1.0
 outer loop
  vertex 0.0279514413881096 -0.0777498859822004 0.0
  vertex 0.02401053859820711 -0.07470145378437676 0.0
  vertex 0.02862623528927436 -0.07281547307036565 0.0
 endloop
endfacet
facet normal 0.0 -0.0 -1.0
 outer loop
  vertex 0.02333364481326262 -0.0796307345928438 0.0
  vertex 0.02724780108579837 -0.08261379429548114 0.0
  vertex 0.02263007386988548 -0.08449481251694248 0.0
 endloop
endfacet
facet normal 0.0 0.0 -1.0
 outer loop
  vertex 0.02263007386988548 -0.08449481251694248 0.0
  vertex 0.02724780108579837 -0.08261379429548114 0.0
  vertex 0.02627294292627387 -0.08679831548616761 0.0
 endloop
endfacet
facet normal 0.0 -0.0 -1.0
 outer loop
  vertex 0.02724780108579837 -0.08261379429548114 0.0
  vertex 0.03127536568855225 -0.0861114690319357 0.0
  vertex 0.02627294292627387 -0.08679831548616761 0.0
 endloop
endfacet
facet normal 0.0 0.0 -1.0
 outer loop
  vertex 0.02333364481326262 -0.0796307345928438 0.0
  vertex 0.02263007386988548 -0.08449481251694248 0.0
  vertex 0.01871784135393115 -0.08151645477646052 0.0
 endloop
endfacet
facet normal -0.0 0.0 -1.0
 outer loop
  vertex 0.02333364481326262 -0.0796307345928438 0.0
  vertex 0.01871784135393115 -0.08151645477646052 0.0
  vertex 0.01939684354592024 -0.07659232721813387 0.0
 endloop
endfacet
facet normal 0.0 0.0 -1.0
 outer loop
  vertex 0.02333364481326262 -0.0796307345928438 0.0
  vertex 0.01939684354592024 -0.07659232721813387 0.0
  vertex 0.02401053859820711 -0.07470145378437676 0.0
 endloop
endfacet
facet normal 0.0 -0.0 -1.0
 outer loop
  vertex 0.01871784135393115 -0.08151645477646052 0.0
  vertex 0.02263007386988548 -0.08449481251694248 0.0
  vertex 0.01796998281819223 -0.08627228739998812 0.0
 endloop
endfacet
facet normal 0.0 0.0 -1.0
 outer loop
  vertex 0.01796998281819223 -0.08627228739998812 0.0
  vertex 0.02263007386988548 -0.08449481251694248 0.0
  vertex 0.02217500065773951 -0.08956322140097078 0.0
 endloop
endfacet
facet normal 0.0 0.0 -1.0
 outer loop
  vertex 0.02217500065773951 -0.08956322140097078 0.0
  vertex 0.02263007386988548 -0.08449481251694248 0.0
  vertex 0.02627294292627387 -0.08679831548616761 0.0
 endloop
endfacet
facet normal 0.0 0.0 -1.0
 outer loop
  vertex 0.01871784135393115 -0.08151645477646052 0.0
  vertex 0.01796998281819223 -0.08627228739998812 0.0
  vertex 0.01409530944122221 -0.0833857296658368 0.0
 endloop
endfacet
facet normal -0.0 0.0 -1.0
 outer loop
  vertex 0.01871784135393115 -0.08151645477646052 0.0
  vertex 0.01409530944122221 -0.0833857296658368 0.0
  vertex 0.01477847186668923 -0.0784717711546774 0.0
 endloop
endfacet
facet normal 0.0 0.0 -1.0
 outer loop
  vertex 0.01939684354592024 -0.07659232721813387 0.0
  vertex 0.01871784135393115 -0.08151645477646052 0.0
  vertex 0.01477847186668923 -0.0784717711546774 0.0
 endloop
endfacet
facet normal 0.0 0.0 -1.0
 outer loop
  vertex 0.03525868397739582 -0.05610760361132912 0.0
  vertex 0.03458643091847557 -0.06104822998470944 0.0
  vertex 0.03064386052727781 -0.05799571960584603 0.0
 endloop
endfacet
facet normal -0.0 0.0 -1.0
 outer loop
  vertex 0.03525868397739582 -0.05610760361132912 0.0
  vertex 0.03064386052727781 -0.05799571960584603 0.0
  vertex 0.03131611767400958 -0.05305510577257589 0.0
 endloop
endfacet
facet normal 0.0 0.0 -1.0
 outer loop
  vertex 0.03593094178345201 -0.05116699180065737 0.0
  vertex 0.03525868397739582 -0.05610760361132912 0.0
  vertex 0.03131611767400958 -0.05305510577257589 0.0
 endloop
endfacet
facet normal 0.0 0.0 -1.0
 outer loop
  vertex 0.0003568634651207239 -0.05639067671853688 0.0
  vertex -0.003585702970097988 -0.05333817847533645 0.0
  vertex 0.001029121271172669 -0.0514500649078556 0.0
 endloop
endfacet
facet normal -0.0 0.0 -1.0
 outer loop
  vertex 0.001029121271172669 -0.0514500649078556 0.0
  vertex -0.003585702970097988 -0.05333817847533645 0.0
  vertex -0.002913445163719048 -0.04839756666506996 0.0
 endloop
endfacet
facet normal 0.0 0.0 -1.0
 outer loop
  vertex -0.003585702970097988 -0.05333817847533645 0.0
  vertex -0.007528269403948903 -0.05028568023479483 0.0
  vertex -0.002913445163719048 -0.04839756666506996 0.0
 endloop
endfacet
facet normal 0.0 0.0 -1.0
 outer loop
  vertex 0.0003568634651207239 -0.05639067671853688 0.0
  vertex 0.001029121271172669 -0.0514500649078556 0.0
  vertex 0.004971687706417607 -0.05450256315111485 0.0
 endloop
endfacet
facet normal 0.0 0.0 -1.0
 outer loop
  vertex 0.0003568634651207239 -0.05639067671853688 0.0
  vertex 0.004971687706417607 -0.05450256315111485 0.0
  vertex 0.004299429900360398 -0.05944317496178428 0.0
 endloop
endfacet
facet normal 0.0 -0.0 -1.0
 outer loop
  vertex 0.0003568634651207239 -0.05639067671853688 0.0
  vertex 0.004299429900360398 -0.05944317496178428 0.0
  vertex -0.0003153943409403177 -0.06133128852919782 0.0
 endloop
endfacet
facet normal 0.0 0.0 -1.0
 outer loop
  vertex -0.001968246154773442 0.05463155246802252 0.0
  vertex -0.005910812590024477 0.05768405071129547 0.0
  vertex -0.001295988348717148 0.05957216427869422 0.0
 endloop
endfacet
facet normal 0.0 0.0 -1.0
 outer loop
  vertex -0.005238554783968149 0.06262466252196713 0.0
  vertex -0.005910812590024477 0.05768405071129547 0.0
  vertex -0.009853379025275489 0.06073654895456838 0.0
 endloop
endfacet
facet normal 0.0 0.0 -1.0
 outer loop
  vertex -0.005910812590024477 0.05768405071129547 0.0
  vertex -0.005238554783968149 0.06262466252196713 0.0
  vertex -0.001295988348717148 0.05957216427869422 0.0
 endloop
endfacet
facet normal -0.0 0.0 -1.0
 outer loop
  vertex 0.07168698090397008 0.01944903133179639 0.0
  vertex 0.06707215666266281 0.01756091776439755 0.0
  vertex 0.067744414468719 0.02250152957506925 0.0
 endloop
endfacet
facet normal 0.0 0.0 -1.0
 outer loop
  vertex 0.06707215666266281 0.01756091776439755 0.0
  vertex 0.07168698090397008 0.01944903133179639 0.0
  vertex 0.07101472309791387 0.01450841952112468 0.0
 endloop
endfacet
facet normal 0.0 0.0 -1.0
 outer loop
  vertex 0.07168698090397008 0.01944903133179639 0.0
  vertex 0.067744414468719 0.02250152957506925 0.0
  vertex 0.07235902988779622 0.02438967155643372 0.0
 endloop
endfacet
facet normal 0.0 -0.0 -1.0
 outer loop
  vertex -0.0177385118957775 0.06684154544111427 0.0
  vertex -0.01379594546052651 0.06378904719784131 0.0
  vertex -0.01841076970183377 0.06190093363044258 0.0
 endloop
endfacet
facet normal 0.0 0.0 -1.0
 outer loop
  vertex -0.01841076970183377 0.06190093363044258 0.0
  vertex -0.01379594546052651 0.06378904719784131 0.0
  vertex -0.01446820326658276 0.05884843538716963 0.0
 endloop
endfacet
facet normal 0.0 -0.0 -1.0
 outer loop
  vertex -0.01379594546052651 0.06378904719784131 0.0
  vertex -0.009853379025275489 0.06073654895456838 0.0
  vertex -0.01446820326658276 0.05884843538716963 0.0
 endloop
endfacet
facet normal 0.0 0.0 -1.0
 outer loop
  vertex 0.04350786918530138 0.06857175680072455 0.0
  vertex 0.04812285491076412 0.07045947567735455 0.0
  vertex 0.04744642253313642 0.06551198335658626 0.0
 endloop
endfacet
facet normal 0.0 0.0 -1.0
 outer loop
  vertex 0.03889316779552517 0.06668334296631137 0.0
  vertex 0.04350786918530138 0.06857175680072455 0.0
  vertex 0.04283554469912791 0.06363130796595966 0.0
 endloop
endfacet
facet normal 0.0 0.0 -1.0
 outer loop
  vertex 0.04283554469912791 0.06363130796595966 0.0
  vertex 0.04350786918530138 0.06857175680072455 0.0
  vertex 0.04744642253313642 0.06551198335658626 0.0
 endloop
endfacet
facet normal 0.0 0.0 -1.0
 outer loop
  vertex 0.04812285491076412 0.07045947567735455 0.0
  vertex 0.04857458314443393 0.07520392488592494 0.0
  vertex 0.05254439407632727 0.07210639079078796 0.0
 endloop
endfacet
facet normal 0.0 0.0 -1.0
 outer loop
  vertex 0.04812285491076412 0.07045947567735455 0.0
  vertex 0.05254439407632727 0.07210639079078796 0.0
  vertex 0.0520330123552484 0.06736725383934239 0.0
 endloop
endfacet
facet normal 0.0 -0.0 -1.0
 outer loop
  vertex 0.04812285491076412 0.07045947567735455 0.0
  vertex 0.0520330123552484 0.06736725383934239 0.0
  vertex 0.04744642253313642 0.06551198335658626 0.0
 endloop
endfacet
facet normal 0.0 0.0 -1.0
 outer loop
  vertex 0.04390705505504031 -0.02457581917989979 0.0
  vertex 0.03996448861978926 -0.02152332093662685 0.0
  vertex 0.04457931286109643 -0.01963520736922816 0.0
 endloop
endfacet
facet normal 0.0 0.0 -1.0
 outer loop
  vertex 0.03996448861978926 -0.02152332093662685 0.0
  vertex 0.04063674642584512 -0.01658270912595552 0.0
  vertex 0.04457931286109643 -0.01963520736922816 0.0
 endloop
endfacet
facet normal 0.0 0.0 -1.0
 outer loop
  vertex 0.04063674642584512 -0.01658270912595552 0.0
  vertex 0.03996448861978926 -0.02152332093662685 0.0
  vertex 0.03602192218453799 -0.01847082269335416 0.0
 endloop
endfacet
facet normal 0.0 0.0 -1.0
 outer loop
  vertex 0.003900113297559875 0.03370472054946141 0.0
  vertex 0.004572371103616118 0.03864533236013314 0.0
  vertex 0.008514937538867128 0.03559283411686014 0.0
 endloop
endfacet
facet normal 0.0 0.0 -1.0
 outer loop
  vertex 0.004572371103616118 0.03864533236013314 0.0
  vertex 0.005244628909672347 0.04358594417080488 0.0
  vertex 0.009187195344923365 0.04053344592753189 0.0
 endloop
endfacet
facet normal 0.0 0.0 -1.0
 outer loop
  vertex 0.004572371103616118 0.03864533236013314 0.0
  vertex 0.009187195344923365 0.04053344592753189 0.0
  vertex 0.008514937538867128 0.03559283411686014 0.0
 endloop
endfacet
facet normal 0.0 0.0 -1.0
 outer loop
  vertex -0.0007147109437472925 0.03181660698206214 0.0
  vertex 0.003900113297559875 0.03370472054946141 0.0
  vertex 0.003227855491503753 0.0287641087387891 0.0
 endloop
endfacet
facet normal 0.0 0.0 -1.0
 outer loop
  vertex 0.003227855491503753 0.0287641087387891 0.0
  vertex 0.003900113297559875 0.03370472054946141 0.0
  vertex 0.007842679732810878 0.03065222230618828 0.0
 endloop
endfacet
facet normal 0.0 0.0 -1.0
 outer loop
  vertex 0.003900113297559875 0.03370472054946141 0.0
  vertex 0.008514937538867128 0.03559283411686014 0.0
  vertex 0.007842679732810878 0.03065222230618828 0.0
 endloop
endfacet
facet normal 0.0 0.0 -1.0
 outer loop
  vertex -0.01196113284453062 0.01321854441524913 0.0
  vertex -0.007346308603219713 0.01510665798264134 0.0
  vertex -0.00801856640717789 0.01016604616819367 0.0
 endloop
endfacet
facet normal 0.0 -0.0 -1.0
 outer loop
  vertex -0.01196113284453062 0.01321854441524913 0.0
  vertex -0.00801856640717789 0.01016604616819367 0.0
  vertex -0.01263339064842448 0.008277932600673232 0.0
 endloop
endfacet
facet normal 0.0 0.0 -1.0
 outer loop
  vertex -0.01196113284453062 0.01321854441524913 0.0
  vertex -0.01263339064842448 0.008277932600673232 0.0
  vertex -0.01657595708547934 0.0113304308471923 0.0
 endloop
endfacet
facet normal 0.0 0.0 -1.0
 outer loop
  vertex -0.0185017501029203 0.02920476452313912 0.0
  vertex -0.0224443165381711 0.03225726276641225 0.0
  vertex -0.01782949229686399 0.03414537633381101 0.0
 endloop
endfacet
facet normal 0.0 0.0 -1.0
 outer loop
  vertex -0.0224443165381711 0.03225726276641225 0.0
  vertex -0.02638688297342215 0.03530976100968519 0.0
  vertex -0.02177205873211491 0.03719787457708397 0.0
 endloop
endfacet
facet normal 0.0 0.0 -1.0
 outer loop
  vertex -0.0224443165381711 0.03225726276641225 0.0
  vertex -0.02177205873211491 0.03719787457708397 0.0
  vertex -0.01782949229686399 0.03414537633381101 0.0
 endloop
endfacet
facet normal 0.0 -0.0 -1.0
 outer loop
  vertex -0.02446108995634013 0.01743542733439666 0.0
  vertex -0.02051852352108907 0.01438292909112344 0.0
  vertex -0.02513334776260583 0.01249481552281357 0.0
 endloop
endfacet
facet normal 0.0 -0.0 -1.0
 outer loop
  vertex -0.02051852352108907 0.01438292909112344 0.0
  vertex -0.01657595708547934 0.0113304308471923 0.0
  vertex -0.02119078132716185 0.00944231728002141 0.0
 endloop
endfacet
facet normal 0.0 0.0 -1.0
 outer loop
  vertex -0.02051852352108907 0.01438292909112344 0.0
  vertex -0.02119078132716185 0.00944231728002141 0.0
  vertex -0.02513334776260583 0.01249481552281357 0.0
 endloop
endfacet
facet normal 0.0 -0.0 -1.0
 outer loop
  vertex 0.02043361724570659 0.05913150849434462 0.0
  vertex 0.02437618368095754 0.05607901025107159 0.0
  vertex 0.01976135943965033 0.05419089668367284 0.0
 endloop
endfacet
facet normal 0.0 0.0 -1.0
 outer loop
  vertex 0.02437618368095754 0.05607901025107159 0.0
  vertex 0.02043361724570659 0.05913150849434462 0.0
  vertex 0.0250484414870138 0.06101962206174333 0.0
 endloop
endfacet
facet normal 0.0 0.0 -1.0
 outer loop
  vertex 0.02437618368095754 0.05607901025107159 0.0
  vertex 0.0237039258749013 0.05113839844039984 0.0
  vertex 0.01976135943965033 0.05419089668367284 0.0
 endloop
endfacet
facet normal 0.0 -0.0 -1.0
 outer loop
  vertex 0.02764649231015229 0.04808590019712684 0.0
  vertex 0.03158905874540333 0.0450334019538539 0.0
  vertex 0.0269742345040961 0.04314528838645515 0.0
 endloop
endfacet
facet normal 0.0 0.0 -1.0
 outer loop
  vertex 0.02764649231015229 0.04808590019712684 0.0
  vertex 0.0269742345040961 0.04314528838645515 0.0
  vertex 0.02303166806884509 0.04619778662972811 0.0
 endloop
endfacet
facet normal -0.0 0.0 -1.0
 outer loop
  vertex 0.02764649231015229 0.04808590019712684 0.0
  vertex 0.02303166806884509 0.04619778662972811 0.0
  vertex 0.0237039258749013 0.05113839844039984 0.0
 endloop
endfacet
facet normal 0.0 0.0 -1.0
 outer loop
  vertex 0.07553856693813485 -0.01629963601877975 0.0
  vertex 0.07621072179280378 -0.01135901019974705 0.0
  vertex 0.08015327183778417 -0.01441150621283316 0.0
 endloop
endfacet
facet normal 0.0 0.0 -1.0
 outer loop
  vertex 0.07621072179280378 -0.01135901019974705 0.0
  vertex 0.07553856693813485 -0.01629963601877975 0.0
  vertex 0.07159598334431927 -0.01324713544078002 0.0
 endloop
endfacet
facet normal -0.0 0.0 -1.0
 outer loop
  vertex 0.07553856693813485 -0.01629963601877975 0.0
  vertex 0.07092374269682761 -0.01818774958617857 0.0
  vertex 0.07159598334431927 -0.01324713544078002 0.0
 endloop
endfacet
facet normal 0.0 0.0 -1.0
 outer loop
  vertex 0.07436314831221258 0.03919486383957473 0.0
  vertex 0.07866267356335233 0.04076050750292571 0.0
  vertex 0.07815105106784459 0.03611923973808903 0.0
 endloop
endfacet
facet normal 0.0 0.0 -1.0
 outer loop
  vertex 0.06975904391755712 0.03732059588459966 0.0
  vertex 0.07436314831221258 0.03919486383957473 0.0
  vertex 0.07369979126897641 0.03426783501867206 0.0
 endloop
endfacet
facet normal 0.0 0.0 -1.0
 outer loop
  vertex 0.07369979126897641 0.03426783501867206 0.0
  vertex 0.07436314831221258 0.03919486383957473 0.0
  vertex 0.07815105106784459 0.03611923973808903 0.0
 endloop
endfacet
facet normal 0.0 -0.0 -1.0
 outer loop
  vertex -0.03194690622404502 -0.06960747169029591 0.0
  vertex -0.02800433978879377 -0.07265996993356867 0.0
  vertex -0.03261842783667809 -0.07454955666295333 0.0
 endloop
endfacet
facet normal 0.0 0.0 -1.0
 outer loop
  vertex -0.02800433978879377 -0.07265996993356867 0.0
  vertex -0.03194690622404502 -0.06960747169029591 0.0
  vertex -0.02733208198272984 -0.06771935812291491 0.0
 endloop
endfacet
facet normal -0.0 0.0 -1.0
 outer loop
  vertex -0.0233895155474864 -0.07077185636616984 0.0
  vertex -0.02800433978879377 -0.07265996993356867 0.0
  vertex -0.02733208198272984 -0.06771935812291491 0.0
 endloop
endfacet
facet normal 0.0 0.0 -1.0
 outer loop
  vertex -0.01917400790897661 0.02426415271246714 0.0
  vertex -0.0185017501029203 0.02920476452313912 0.0
  vertex -0.01455918366766951 0.02615226627986575 0.0
 endloop
endfacet
facet normal 0.0 0.0 -1.0
 outer loop
  vertex -0.01455918366766951 0.02615226627986575 0.0
  vertex -0.0185017501029203 0.02920476452313912 0.0
  vertex -0.01388692586161304 0.03109287809053767 0.0
 endloop
endfacet
facet normal 0.0 0.0 -1.0
 outer loop
  vertex -0.0185017501029203 0.02920476452313912 0.0
  vertex -0.01782949229686399 0.03414537633381101 0.0
  vertex -0.01388692586161304 0.03109287809053767 0.0
 endloop
endfacet
facet normal 0.0 0.0 -1.0
 outer loop
  vertex -0.02378883215028392 0.02237603914506831 0.0
  vertex -0.02446108995634013 0.01743542733439666 0.0
  vertex -0.02840365639163031 0.02048792557751247 0.0
 endloop
endfacet
facet normal 0.0 0.0 -1.0
 outer loop
  vertex -0.02446108995634013 0.01743542733439666 0.0
  vertex -0.02513334776260583 0.01249481552281357 0.0
  vertex -0.02907591419788345 0.01554731376605394 0.0
 endloop
endfacet
facet normal -0.0 0.0 -1.0
 outer loop
  vertex -0.02446108995634013 0.01743542733439666 0.0
  vertex -0.02907591419788345 0.01554731376605394 0.0
  vertex -0.02840365639163031 0.02048792557751247 0.0
 endloop
endfacet
facet normal 0.0 0.0 -1.0
 outer loop
  vertex -0.06704538657471094 0.05593845668796425 0.0
  vertex -0.06781072926805877 0.05101044471703162 0.0
  vertex -0.07232195917019568 0.05465276121518089 0.0
 endloop
endfacet
facet normal -0.0 0.0 -1.0
 outer loop
  vertex -0.06704538657471094 0.05593845668796425 0.0
  vertex -0.07232195917019568 0.05465276121518089 0.0
  vertex -0.0704291903864429 0.05891479295707663 0.0
 endloop
endfacet
facet normal 0.0 0.0 -1.0
 outer loop
  vertex -0.06671086324487625 0.06160756041013097 0.0
  vertex -0.06704538657471094 0.05593845668796425 0.0
  vertex -0.0704291903864429 0.05891479295707663 0.0
 endloop
endfacet
facet normal 0.0 -0.0 -1.0
 outer loop
  vertex -0.07232195917019568 0.05465276121518089 0.0
  vertex -0.06781072926805877 0.05101044471703162 0.0
  vertex -0.07244545302745564 0.04914112593316717 0.0
 endloop
endfacet
facet normal 0.0 0.0 -1.0
 outer loop
  vertex -0.07244545302745564 0.04914112593316717 0.0
  vertex -0.06781072926805877 0.05101044471703162 0.0
  vertex -0.06849952099848673 0.0460739471755431 0.0
 endloop
endfacet
facet normal 0.0 0.0 -1.0
 outer loop
  vertex -0.06849952099848673 0.0460739471755431 0.0
  vertex -0.06781072926805877 0.05101044471703162 0.0
  vertex -0.06388333405540471 0.0479603216096927 0.0
 endloop
endfacet
facet normal -0.0 0.0 -1.0
 outer loop
  vertex 0.03252502513575829 0.08231235987567201 0.0
  vertex 0.02778100423128112 0.08068597116840218 0.0
  vertex 0.02902366006697449 0.08598086280596663 0.0
 endloop
endfacet
facet normal 0.0 0.0 -1.0
 outer loop
  vertex 0.03252502513575829 0.08231235987567201 0.0
  vertex 0.02902366006697449 0.08598086280596663 0.0
  vertex 0.03369605922871011 0.08611982509523834 0.0
 endloop
endfacet
facet normal -0.0 0.0 -1.0
 outer loop
  vertex 0.03713800740445447 0.08393621977831905 0.0
  vertex 0.03252502513575829 0.08231235987567201 0.0
  vertex 0.03369605922871011 0.08611982509523834 0.0
 endloop
endfacet
facet normal 0.0 0.0 -1.0
 outer loop
  vertex -0.08245537843715553 -0.02509352101921238 0.0
  vertex -0.08305576705701868 -0.02986784718371308 0.0
  vertex -0.08696370048889902 -0.02737785209784881 0.0
 endloop
endfacet
facet normal 0.0 0.0 -1.0
 outer loop
  vertex -0.08305576705701868 -0.02986784718371308 0.0
  vertex -0.08414795713692372 -0.03522823499203707 0.0
  vertex -0.08694929761625655 -0.03147005637113644 0.0
 endloop
endfacet
facet normal 0.0 0.0 -1.0
 outer loop
  vertex -0.08696370048889902 -0.02737785209784881 0.0
  vertex -0.08305576705701868 -0.02986784718371308 0.0
  vertex -0.08694929761625655 -0.03147005637113644 0.0
 endloop
endfacet
facet normal -0.0 0.0 -1.0
 outer loop
  vertex -0.08245537843715553 -0.02509352101921238 0.0
  vertex -0.08696370048889902 -0.02737785209784881 0.0
  vertex -0.08679665989356725 -0.02186065833425645 0.0
 endloop
endfacet
facet normal 0.0 0.0 -1.0
 outer loop
  vertex -0.08245537843715553 -0.02509352101921238 0.0
  vertex -0.08679665989356725 -0.02186065833425645 0.0
  vertex -0.08156445526090618 -0.0207557480632598 0.0
 endloop
endfacet
facet normal -0.0 0.0 -1.0
 outer loop
  vertex -0.07784510042818812 -0.02323275799014977 0.0
  vertex -0.08245537843715553 -0.02509352101921238 0.0
  vertex -0.08156445526090618 -0.0207557480632598 0.0
 endloop
endfacet
facet normal 0.0 0.0 -1.0
 outer loop
  vertex 0.07815105106784459 0.03611923973808903 0.0
  vertex 0.07866267356335233 0.04076050750292571 0.0
  vertex 0.08223057364004052 0.03775201431681286 0.0
 endloop
endfacet
facet normal 0.0 0.0 -1.0
 outer loop
  vertex 0.08223057364004052 0.03775201431681286 0.0
  vertex 0.07866267356335233 0.04076050750292571 0.0
  vertex 0.08255674578961462 0.0418285197571726 0.0
 endloop
endfacet
facet normal 0.0 0.0 -1.0
 outer loop
  vertex 0.07866267356335233 0.04076050750292571 0.0
  vertex 0.07919999680020069 0.04544207349584937 0.0
  vertex 0.08255674578961462 0.0418285197571726 0.0
 endloop
endfacet
facet normal 0.0 0.0 -1.0
 outer loop
  vertex 0.08469274070842484 0.02019563491005426 0.0
  vertex 0.08513818210661198 0.02516823670440393 0.0
  vertex 0.08889987794224441 0.02281657438929936 0.0
 endloop
endfacet
facet normal 0.0 0.0 -1.0
 outer loop
  vertex 0.08513818210661198 0.02516823670440393 0.0
  vertex 0.08607420319850817 0.0306155097413324 0.0
  vertex 0.08870784711246861 0.02720532825783235 0.0
 endloop
endfacet
facet normal 0.0 0.0 -1.0
 outer loop
  vertex 0.08889987794224441 0.02281657438929936 0.0
  vertex 0.08513818210661198 0.02516823670440393 0.0
  vertex 0.08870784711246861 0.02720532825783235 0.0
 endloop
endfacet
facet normal 0.0 0.0 -1.0
 outer loop
  vertex -0.08416464140706505 0.02555915331339663 0.0
  vertex -0.08492955797235863 0.02063097708761953 0.0
  vertex -0.08860729484561654 0.02351116854428874 0.0
 endloop
endfacet
facet normal 0.0 0.0 -1.0
 outer loop
  vertex -0.08349826353494436 0.0302253606580914 0.0
  vertex -0.08416464140706505 0.02555915331339663 0.0
  vertex -0.08771384538503074 0.0281320644625725 0.0
 endloop
endfacet
facet normal -0.0 0.0 -1.0
 outer loop
  vertex -0.08416464140706505 0.02555915331339663 0.0
  vertex -0.08860729484561654 0.02351116854428874 0.0
  vertex -0.08771384538503074 0.0281320644625725 0.0
 endloop
endfacet
facet normal 0.0 0.0 -1.0
 outer loop
  vertex 0.01521802534663981 0.08495463009547283 0.0
  vertex 0.01121635214600806 0.0878350429463911 0.0
  vertex 0.01533516447483163 0.09006081808324146 0.0
 endloop
endfacet
facet normal -0.0 0.0 -1.0
 outer loop
  vertex 0.01533516447483163 0.09006081808324146 0.0
  vertex 0.01121635214600806 0.0878350429463911 0.0
  vertex 0.01167772681091189 0.09192881762908621 0.0
 endloop
endfacet
facet normal 0.0 0.0 -1.0
 outer loop
  vertex 0.01121635214600806 0.0878350429463911 0.0
  vertex 0.006976629512048744 0.09122957721975761 0.0
  vertex 0.01167772681091189 0.09192881762908621 0.0
 endloop
endfacet
facet normal 0.0 0.0 -1.0
 outer loop
  vertex 0.01917683365921574 0.0819390669589537 0.0
  vertex 0.01521802534663981 0.08495463009547283 0.0
  vertex 0.02023551707601819 0.08743876129685109 0.0
 endloop
endfacet
facet normal 0.0 -0.0 -1.0
 outer loop
  vertex 0.01521802534663981 0.08495463009547283 0.0
  vertex 0.01917683365921574 0.0819390669589537 0.0
  vertex 0.01456080247824229 0.08004886261380133 0.0
 endloop
endfacet
facet normal -0.0 0.0 -1.0
 outer loop
  vertex 0.02023551707601819 0.08743876129685109 0.0
  vertex 0.01521802534663981 0.08495463009547283 0.0
  vertex 0.01533516447483163 0.09006081808324146 0.0
 endloop
endfacet
facet normal 0.0 0.0 -1.0
 outer loop
  vertex 0.08189780138073591 -0.03226117577968549 0.0
  vertex 0.08623449526628109 -0.03094375373212267 0.0
  vertex 0.08498532417235008 -0.03579244918222999 0.0
 endloop
endfacet
facet normal 0.0 0.0 -1.0
 outer loop
  vertex 0.07743412948591931 -0.034169856302904 0.0
  vertex 0.08189780138073591 -0.03226117577968549 0.0
  vertex 0.08114086828979501 -0.03719888827643568 0.0
 endloop
endfacet
facet normal 0.0 0.0 -1.0
 outer loop
  vertex 0.08114086828979501 -0.03719888827643568 0.0
  vertex 0.08189780138073591 -0.03226117577968549 0.0
  vertex 0.08498532417235008 -0.03579244918222999 0.0
 endloop
endfacet
facet normal 0.0 -0.0 -1.0
 outer loop
  vertex -0.06145838779181426 -0.06296043354712696 0.0
  vertex -0.05753985959747117 -0.06601732978752228 0.0
  vertex -0.06264519357104982 -0.06779850825127705 0.0
 endloop
endfacet
facet normal 0.0 0.0 -1.0
 outer loop
  vertex -0.06145838779181426 -0.06296043354712696 0.0
  vertex -0.06264519357104982 -0.06779850825127705 0.0
  vertex -0.06545649497820842 -0.06395405560849567 0.0
 endloop
endfacet
facet normal 0.0 -0.0 -1.0
 outer loop
  vertex -0.06526333473447248 -0.05993563510590068 0.0
  vertex -0.06145838779181426 -0.06296043354712696 0.0
  vertex -0.06545649497820842 -0.06395405560849567 0.0
 endloop
endfacet
facet normal 0.0 0.0 -1.0
 outer loop
  vertex -0.06264519357104982 -0.06779850825127705 0.0
  vertex -0.05753985959747117 -0.06601732978752228 0.0
  vertex -0.05794079176517874 -0.07073673870403731 0.0
 endloop
endfacet
facet normal 0.0 0.0 -1.0
 outer loop
  vertex -0.05753985959747117 -0.06601732978752228 0.0
  vertex -0.05299105090303789 -0.06421003944941593 0.0
  vertex -0.05358482151502073 -0.0690483699812347 0.0
 endloop
endfacet
facet normal 0.0 -0.0 -1.0
 outer loop
  vertex -0.05753985959747117 -0.06601732978752228 0.0
  vertex -0.05358482151502073 -0.0690483699812347 0.0
  vertex -0.05794079176517874 -0.07073673870403731 0.0
 endloop
endfacet
facet normal 0.0 0.0 -1.0
 outer loop
  vertex 0.08191100183774105 0.03318458428080346 0.0
  vertex 0.07815105106784459 0.03611923973808903 0.0
  vertex 0.08223057364004052 0.03775201431681286 0.0
 endloop
endfacet
facet normal 0.0 0.0 -1.0
 outer loop
  vertex 0.08607420319850817 0.0306155097413324 0.0
  vertex 0.08191100183774105 0.03318458428080346 0.0
  vertex 0.08522579863893859 0.03514643607523935 0.0
 endloop
endfacet
facet normal 0.0 0.0 -1.0
 outer loop
  vertex 0.08191100183774105 0.03318458428080346 0.0
  vertex 0.08223057364004052 0.03775201431681286 0.0
  vertex 0.08522579863893859 0.03514643607523935 0.0
 endloop
endfacet
facet normal 0.0 0.0 -1.0
 outer loop
  vertex -0.08759051994454978 0.0009113627545657527 0.0
  vertex -0.08818058089314997 -0.003822238910333511 0.0
  vertex -0.0919039990244006 -0.0007101466526323876 0.0
 endloop
endfacet
facet normal 0.0 -0.0 -1.0
 outer loop
  vertex -0.0919039990244006 -0.0007101466526323876 0.0
  vertex -0.08818058089314997 -0.003822238910333511 0.0
  vertex -0.09207235238046314 -0.004633017124739659 0.0
 endloop
endfacet
facet normal 0.0 0.0 -1.0
 outer loop
  vertex -0.08818058089314997 -0.003822238910333511 0.0
  vertex -0.08953694066521146 -0.00801991901456782 0.0
  vertex -0.09207235238046314 -0.004633017124739659 0.0
 endloop
endfacet
facet normal 0.0 0.0 -1.0
 outer loop
  vertex -0.08759051994454978 0.0009113627545657527 0.0
  vertex -0.08693809499383195 0.005813304573840718 0.0
  vertex -0.08307771908219216 0.002775251048249165 0.0
 endloop
endfacet
facet normal 0.0 0.0 -1.0
 outer loop
  vertex -0.08693809499383195 0.005813304573840718 0.0
  vertex -0.08759051994454978 0.0009113627545657527 0.0
  vertex -0.09137958658700758 0.003953587773507277 0.0
 endloop
endfacet
facet normal -0.0 0.0 -1.0
 outer loop
  vertex -0.08759051994454978 0.0009113627545657527 0.0
  vertex -0.0919039990244006 -0.0007101466526323876 0.0
  vertex -0.09137958658700758 0.003953587773507277 0.0
 endloop
endfacet
facet normal 0.0 -0.0 -1.0
 outer loop
  vertex 0.01409530944122221 -0.0833857296658368 0.0
  vertex 0.01796998281819223 -0.08627228739998812 0.0
  vertex 0.01338753671313352 -0.08823995607428207 0.0
 endloop
endfacet
facet normal 0.0 0.0 -1.0
 outer loop
  vertex 0.01338753671313352 -0.08823995607428207 0.0
  vertex 0.01796998281819223 -0.08627228739998812 0.0
  vertex 0.01677211998089189 -0.09055289595745829 0.0
 endloop
endfacet
facet normal 0.0 -0.0 -1.0
 outer loop
  vertex 0.01796998281819223 -0.08627228739998812 0.0
  vertex 0.02217500065773951 -0.08956322140097078 0.0
  vertex 0.01677211998089189 -0.09055289595745829 0.0
 endloop
endfacet
facet normal 0.0 0.0 -1.0
 outer loop
  vertex 0.01409530944122221 -0.0833857296658368 0.0
  vertex 0.01338753671313352 -0.08823995607428207 0.0
  vertex 0.00948417360145636 -0.08528292792714656 0.0
 endloop
endfacet
facet normal -0.0 0.0 -1.0
 outer loop
  vertex 0.01409530944122221 -0.0833857296658368 0.0
  vertex 0.00948417360145636 -0.08528292792714656 0.0
  vertex 0.01016618559346484 -0.08036609129350437 0.0
 endloop
endfacet
facet normal 0.0 0.0 -1.0
 outer loop
  vertex 0.01409530944122221 -0.0833857296658368 0.0
  vertex 0.01016618559346484 -0.08036609129350437 0.0
  vertex 0.01477847186668923 -0.0784717711546774 0.0
 endloop
endfacet
facet normal 0.0 -0.0 -1.0
 outer loop
  vertex 0.00948417360145636 -0.08528292792714656 0.0
  vertex 0.01338753671313352 -0.08823995607428207 0.0
  vertex 0.008820733684981048 -0.09024502223627583 0.0
 endloop
endfacet
facet normal 0.0 0.0 -1.0
 outer loop
  vertex 0.008820733684981048 -0.09024502223627583 0.0
  vertex 0.01338753671313352 -0.08823995607428207 0.0
  vertex 0.01215357412298581 -0.09181690161543064 0.0
 endloop
endfacet
facet normal 0.0 -0.0 -1.0
 outer loop
  vertex 0.01338753671313352 -0.08823995607428207 0.0
  vertex 0.01677211998089189 -0.09055289595745829 0.0
  vertex 0.01215357412298581 -0.09181690161543064 0.0
 endloop
endfacet
facet normal 0.0 0.0 -1.0
 outer loop
  vertex 0.01016618559346484 -0.08036609129350437 0.0
  vertex 0.00948417360145636 -0.08528292792714656 0.0
  vertex 0.005551579357077356 -0.08225849666888331 0.0
 endloop
endfacet
facet normal -0.0 0.0 -1.0
 outer loop
  vertex 0.00948417360145636 -0.08528292792714656 0.0
  vertex 0.004880707305327058 -0.08719873225840898 0.0
  vertex 0.005551579357077356 -0.08225849666888331 0.0
 endloop
endfacet
facet normal 0.0 0.0 -1.0
 outer loop
  vertex 0.004880707305327058 -0.08719873225840898 0.0
  vertex 0.00948417360145636 -0.08528292792714656 0.0
  vertex 0.008820733684981048 -0.09024502223627583 0.0
 endloop
endfacet
facet normal 0.0 0.0 -1.0
 outer loop
  vertex -0.008090731583612322 -0.08796748439508897 0.0
  vertex -0.004128681981212189 -0.09180784174459333 0.0
  vertex -0.007952001025056043 -0.0918489332561366 0.0
 endloop
endfacet
facet normal 0.0 -0.0 -1.0
 outer loop
  vertex -0.01217707035179678 -0.08484706150436519 0.0
  vertex -0.008090731583612322 -0.08796748439508897 0.0
  vertex -0.01245147154481771 -0.090131743988257 0.0
 endloop
endfacet
facet normal 0.0 0.0 -1.0
 outer loop
  vertex -0.01245147154481771 -0.090131743988257 0.0
  vertex -0.008090731583612322 -0.08796748439508897 0.0
  vertex -0.007952001025056043 -0.0918489332561366 0.0
 endloop
endfacet
facet normal 0.0 0.0 -1.0
 outer loop
  vertex 0.08967284608823264 -0.01580034508545071 0.0
  vertex 0.08947523249152434 -0.01048348764574424 0.0
  vertex 0.0943224064569379 -0.01214657658092623 0.0
 endloop
endfacet
facet normal 0.0 0.0 -1.0
 outer loop
  vertex 0.07550966602742104 0.0489481954531172 0.0
  vertex 0.07158184815226061 0.05191320985683578 0.0
  vertex 0.07545654677697997 0.05298482568483696 0.0
 endloop
endfacet
facet normal 0.0 0.0 -1.0
 outer loop
  vertex 0.07550966602742104 0.0489481954531172 0.0
  vertex 0.07989635654486248 0.05132682612249222 0.0
  vertex 0.07919999680020069 0.04544207349584937 0.0
 endloop
endfacet
facet normal -0.0 0.0 -1.0
 outer loop
  vertex 0.07989635654486248 0.05132682612249222 0.0
  vertex 0.07550966602742104 0.0489481954531172 0.0
  vertex 0.07545654677697997 0.05298482568483696 0.0
 endloop
endfacet
facet normal 0.0 -0.0 -1.0
 outer loop
  vertex -0.07613481448997744 -0.04603227641493818 0.0
  vertex -0.07243886028296168 -0.04904593237638397 0.0
  vertex -0.07631786005753262 -0.05098980597287946 0.0
 endloop
endfacet
facet normal 0.0 0.0 -1.0
 outer loop
  vertex -0.08039786072167564 -0.04356235868332339 0.0
  vertex -0.07613481448997744 -0.04603227641493818 0.0
  vertex -0.07934980417669342 -0.0480906971517959 0.0
 endloop
endfacet
facet normal 0.0 0.0 -1.0
 outer loop
  vertex -0.07613481448997744 -0.04603227641493818 0.0
  vertex -0.07631786005753262 -0.05098980597287946 0.0
  vertex -0.07934980417669342 -0.0480906971517959 0.0
 endloop
endfacet
facet normal 0.0 -0.0 -1.0
 outer loop
  vertex -0.04575267559440754 -0.07518922901302677 0.0
  vertex -0.04183877926630483 -0.07800066500689998 0.0
  vertex -0.04601650884915466 -0.07961896340662243 0.0
 endloop
endfacet
facet normal 0.0 -0.0 -1.0
 outer loop
  vertex -0.04183877926630483 -0.07800066500689998 0.0
  vertex -0.03804027444203507 -0.08163718285435653 0.0
  vertex -0.0427295502192537 -0.08189602272733888 0.0
 endloop
endfacet
facet normal 0.0 0.0 -1.0
 outer loop
  vertex -0.04601650884915466 -0.07961896340662243 0.0
  vertex -0.04183877926630483 -0.07800066500689998 0.0
  vertex -0.0427295502192537 -0.08189602272733888 0.0
 endloop
endfacet
facet normal 0.0 0.0 -1.0
 outer loop
  vertex -0.04511267058298407 -0.07031743668524283 0.0
  vertex -0.04575267559440754 -0.07518922901302677 0.0
  vertex -0.04966404276680953 -0.07212269100618615 0.0
 endloop
endfacet
facet normal 0.0 -0.0 -1.0
 outer loop
  vertex -0.04966404276680953 -0.07212269100618615 0.0
  vertex -0.04575267559440754 -0.07518922901302677 0.0
  vertex -0.04996221877762248 -0.07695498955437842 0.0
 endloop
endfacet
facet normal 0.0 0.0 -1.0
 outer loop
  vertex -0.04996221877762248 -0.07695498955437842 0.0
  vertex -0.04575267559440754 -0.07518922901302677 0.0
  vertex -0.04601650884915466 -0.07961896340662243 0.0
 endloop
endfacet
facet normal 0.0 0.0 -1.0
 outer loop
  vertex -0.03804027444203507 -0.08163718285435653 0.0
  vertex -0.03328700467561885 -0.07949753428355422 0.0
  vertex -0.03322567005238911 -0.084475316905279 0.0
 endloop
endfacet
facet normal 0.0 0.0 -1.0
 outer loop
  vertex -0.03804027444203507 -0.08163718285435653 0.0
  vertex -0.04100350294782527 -0.08514465120557484 0.0
  vertex -0.0427295502192537 -0.08189602272733888 0.0
 endloop
endfacet
facet normal 0.0 0.0 -1.0
 outer loop
  vertex -0.02532668344401682 -0.08549087435730228 0.0
  vertex -0.02077819713740816 -0.0836884419906391 0.0
  vertex -0.02126880771180358 -0.08878534172621672 0.0
 endloop
endfacet
facet normal 0.0 0.0 -1.0
 outer loop
  vertex -0.02532668344401682 -0.08549087435730228 0.0
  vertex -0.02126880771180358 -0.08878534172621672 0.0
  vertex -0.02512423118393195 -0.08930172219351652 0.0
 endloop
endfacet
facet normal 0.0 0.0 -1.0
 outer loop
  vertex -0.02904657754242785 -0.08693152019242223 0.0
  vertex -0.02532668344401682 -0.08549087435730228 0.0
  vertex -0.02512423118393195 -0.08930172219351652 0.0
 endloop
endfacet
facet normal 0.0 0.0 -1.0
 outer loop
  vertex -0.07232195917019568 0.05465276121518089 0.0
  vertex -0.07244545302745564 0.04914112593316717 0.0
  vertex -0.07594505820167596 0.05192861245650686 0.0
 endloop
endfacet
facet normal 0.0 0.0 -1.0
 outer loop
  vertex -0.07785607880457278 0.05597470869356981 0.0
  vertex -0.07232195917019568 0.05465276121518089 0.0
  vertex -0.07594505820167596 0.05192861245650686 0.0
 endloop
endfacet
facet normal 0.0 -0.0 -1.0
 outer loop
  vertex -0.07244545302745564 0.04914112593316717 0.0
  vertex -0.06849952099848673 0.0460739471755431 0.0
  vertex -0.07309715553015182 0.04414840440020318 0.0
 endloop
endfacet
facet normal 0.0 0.0 -1.0
 outer loop
  vertex -0.07244545302745564 0.04914112593316717 0.0
  vertex -0.07309715553015182 0.04414840440020318 0.0
  vertex -0.0776503855392211 0.04736958867758778 0.0
 endloop
endfacet
facet normal -0.0 0.0 -1.0
 outer loop
  vertex -0.07244545302745564 0.04914112593316717 0.0
  vertex -0.0776503855392211 0.04736958867758778 0.0
  vertex -0.07594505820167596 0.05192861245650686 0.0
 endloop
endfacet
facet normal 0.0 0.0 -1.0
 outer loop
  vertex 0.0002658830640197582 -0.08908684582580767 0.0
  vertex 0.004880707305327058 -0.08719873225840898 0.0
  vertex 0.004552621702916468 -0.09219974533844147 0.0
 endloop
endfacet
facet normal 0.0 0.0 -1.0
 outer loop
  vertex 0.05254439407632727 0.07210639079078796 0.0
  vertex 0.04857458314443393 0.07520392488592494 0.0
  vertex 0.05277016874462864 0.07606201289260199 0.0
 endloop
endfacet
facet normal 0.0 0.0 -1.0
 outer loop
  vertex 0.04857458314443393 0.07520392488592494 0.0
  vertex 0.04485225406435542 0.07845329995268194 0.0
  vertex 0.05002106927457019 0.08053482751940078 0.0
 endloop
endfacet
facet normal 0.0 0.0 -1.0
 outer loop
  vertex 0.04857458314443393 0.07520392488592494 0.0
  vertex 0.05002106927457019 0.08053482751940078 0.0
  vertex 0.05277016874462864 0.07606201289260199 0.0
 endloop
endfacet
facet normal 0.0 0.0 -1.0
 outer loop
  vertex 0.0520330123552484 0.06736725383934239 0.0
  vertex 0.05254439407632727 0.07210639079078796 0.0
  vertex 0.05720485397597379 0.06943702035792516 0.0
 endloop
endfacet
facet normal 0.0 0.0 -1.0
 outer loop
  vertex 0.05720485397597379 0.06943702035792516 0.0
  vertex 0.05254439407632727 0.07210639079078796 0.0
  vertex 0.05628891764615361 0.07319918427306658 0.0
 endloop
endfacet
facet normal -0.0 0.0 -1.0
 outer loop
  vertex 0.05628891764615361 0.07319918427306658 0.0
  vertex 0.05254439407632727 0.07210639079078796 0.0
  vertex 0.05277016874462864 0.07606201289260199 0.0
 endloop
endfacet
facet normal 0.0 0.0 -1.0
 outer loop
  vertex 0.0520330123552484 0.06736725383934239 0.0
  vertex 0.05720485397597379 0.06943702035792516 0.0
  vertex 0.05608982620277085 0.06437198963201454 0.0
 endloop
endfacet
facet normal 0.0 -0.0 -1.0
 outer loop
  vertex 0.0520330123552484 0.06736725383934239 0.0
  vertex 0.05608982620277085 0.06437198963201454 0.0
  vertex 0.05140120696693919 0.06246313957874274 0.0
 endloop
endfacet
facet normal 0.0 0.0 -1.0
 outer loop
  vertex 0.0520330123552484 0.06736725383934239 0.0
  vertex 0.05140120696693919 0.06246313957874274 0.0
  vertex 0.04744642253313642 0.06551198335658626 0.0
 endloop
endfacet
facet normal 0.0 0.0 -1.0
 outer loop
  vertex 0.05608982620277085 0.06437198963201454 0.0
  vertex 0.05720485397597379 0.06943702035792516 0.0
  vertex 0.06082817674759716 0.06601426549839066 0.0
 endloop
endfacet
facet normal 0.0 0.0 -1.0
 outer loop
  vertex 0.06082817674759716 0.06601426549839066 0.0
  vertex 0.05720485397597379 0.06943702035792516 0.0
  vertex 0.06192168802025889 0.06965165854818095 0.0
 endloop
endfacet
facet normal 0.0 0.0 -1.0
 outer loop
  vertex 0.05608982620277085 0.06437198963201454 0.0
  vertex 0.06082817674759716 0.06601426549839066 0.0
  vertex 0.05995026199930303 0.06130269516891818 0.0
 endloop
endfacet
facet normal 0.0 0.0 -1.0
 outer loop
  vertex 0.05140120696693919 0.06246313957874274 0.0
  vertex 0.05608982620277085 0.06437198963201454 0.0
  vertex 0.05534964459776468 0.05941559945105513 0.0
 endloop
endfacet
facet normal 0.0 0.0 -1.0
 outer loop
  vertex 0.05534964459776468 0.05941559945105513 0.0
  vertex 0.05608982620277085 0.06437198963201454 0.0
  vertex 0.05995026199930303 0.06130269516891818 0.0
 endloop
endfacet
facet normal 0.0 0.0 -1.0
 outer loop
  vertex 0.05995026199930303 0.06130269516891818 0.0
  vertex 0.06082817674759716 0.06601426549839066 0.0
  vertex 0.06457936478918128 0.0633895039638786 0.0
 endloop
endfacet
facet normal 0.0 0.0 -1.0
 outer loop
  vertex 0.06457936478918128 0.0633895039638786 0.0
  vertex 0.06082817674759716 0.06601426549839066 0.0
  vertex 0.06523734404666656 0.06813142054698836 0.0
 endloop
endfacet
facet normal -0.0 0.0 -1.0
 outer loop
  vertex 0.06523734404666656 0.06813142054698836 0.0
  vertex 0.06082817674759716 0.06601426549839066 0.0
  vertex 0.06192168802025889 0.06965165854818095 0.0
 endloop
endfacet
facet normal 0.0 0.0 -1.0
 outer loop
  vertex -0.05683476727348975 0.06988130923655003 0.0
  vertex -0.0556876542455278 0.07475881035422388 0.0
  vertex -0.05206034145846651 0.0718786269591063 0.0
 endloop
endfacet
facet normal -0.0 0.0 -1.0
 outer loop
  vertex -0.06186998089068146 0.06278224519914181 0.0
  vertex -0.06671086324487625 0.06160756041013097 0.0
  vertex -0.06463212384647694 0.06567412590577643 0.0
 endloop
endfacet
facet normal 0.0 0.0 -1.0
 outer loop
  vertex -0.07173224071908053 0.06318471161338118 0.0
  vertex -0.06671086324487625 0.06160756041013097 0.0
  vertex -0.0704291903864429 0.05891479295707663 0.0
 endloop
endfacet
facet normal -0.0 0.0 -1.0
 outer loop
  vertex -0.03745063323706711 0.08228031440972894 0.0
  vertex -0.04197728134729263 0.08037302381936298 0.0
  vertex -0.04138682681978732 0.08563862879253695 0.0
 endloop
endfacet
facet normal 0.0 0.0 -1.0
 outer loop
  vertex -0.06115317704710556 0.06775755730825522 0.0
  vertex -0.06186998089068146 0.06278224519914181 0.0
  vertex -0.06463212384647694 0.06567412590577643 0.0
 endloop
endfacet
facet normal 0.0 0.0 -1.0
 outer loop
  vertex -0.06522220473988882 0.07014000265515707 0.0
  vertex -0.06115317704710556 0.06775755730825522 0.0
  vertex -0.06463212384647694 0.06567412590577643 0.0
 endloop
endfacet
facet normal 0.0 0.0 -1.0
 outer loop
  vertex -0.06939860763843819 -0.06209293485133888 0.0
  vertex -0.06953598064317923 -0.0571467459672382 0.0
  vertex -0.06526333473447248 -0.05993563510590068 0.0
 endloop
endfacet
facet normal 0.0 0.0 -1.0
 outer loop
  vertex -0.07243886028296168 -0.04904593237638397 0.0
  vertex -0.07325435981350807 -0.05413276594374312 0.0
  vertex -0.07631786005753262 -0.05098980597287946 0.0
 endloop
endfacet
facet normal -0.0 0.0 -1.0
 outer loop
  vertex -0.07325435981350807 -0.05413276594374312 0.0
  vertex -0.07784367291829061 -0.0557742476240697 0.0
  vertex -0.07631786005753262 -0.05098980597287946 0.0
 endloop
endfacet
facet normal 0.0 0.0 -1.0
 outer loop
  vertex 0.09053223720557786 -0.005091648484624081 0.0
  vertex 0.09092939842081085 -0.0003038151066776527 0.0
  vertex 0.09539028836387238 -0.00252390076179312 0.0
 endloop
endfacet
facet normal 0.0 0.0 -1.0
 outer loop
  vertex 0.08425183641933136 -0.01750081944678149 0.0
  vertex 0.08967284608823264 -0.01580034508545071 0.0
  vertex 0.08810971722892366 -0.02082769220914203 0.0
 endloop
endfacet
facet normal 0.0 0.0 -1.0
 outer loop
  vertex 0.08810971722892366 -0.02082769220914203 0.0
  vertex 0.08967284608823264 -0.01580034508545071 0.0
  vertex 0.09293445329090258 -0.02097027775407139 0.0
 endloop
endfacet
facet normal 0.0 0.0 -1.0
 outer loop
  vertex 0.04132346801048119 0.0862999499753161 0.0
  vertex 0.04101010379788515 0.0814522046794314 0.0
  vertex 0.03713800740445447 0.08393621977831905 0.0
 endloop
endfacet
facet normal 0.0 0.0 -1.0
 outer loop
  vertex -0.04197728134729263 0.08037302381936298 0.0
  vertex -0.04272361162505498 0.075301494734289 0.0
  vertex -0.04647461439486186 0.07846259902799281 0.0
 endloop
endfacet
facet normal 0.0 0.0 -1.0
 outer loop
  vertex -0.06939860763843819 -0.06209293485133888 0.0
  vertex -0.06526333473447248 -0.05993563510590068 0.0
  vertex -0.06545649497820842 -0.06395405560849567 0.0
 endloop
endfacet
facet normal 0.0 0.0 -1.0
 outer loop
  vertex -0.05206034145846651 0.0718786269591063 0.0
  vertex -0.0556876542455278 0.07475881035422388 0.0
  vertex -0.05093433898524641 0.0764748554661406 0.0
 endloop
endfacet
facet normal 0.0 0.0 -1.0
 outer loop
  vertex -0.08414795713692372 -0.03522823499203707 0.0
  vertex -0.0797411938156454 -0.03801365882644341 0.0
  vertex -0.08340181715240053 -0.03998082894851183 0.0
 endloop
endfacet
facet normal 0.0 0.0 -1.0
 outer loop
  vertex -0.08740355910035155 -0.03943798773701819 0.0
  vertex -0.08414795713692372 -0.03522823499203707 0.0
  vertex -0.08340181715240053 -0.03998082894851183 0.0
 endloop
endfacet
facet normal 0.0 0.0 -1.0
 outer loop
  vertex 0.08623449526628109 -0.03094375373212267 0.0
  vertex 0.08724613198343995 -0.02567422742325104 0.0
  vertex 0.0909680150066587 -0.03039804531838822 0.0
 endloop
endfacet
facet normal 0.0 0.0 -1.0
 outer loop
  vertex -0.09089598669436584 -0.03053942735238416 0.0
  vertex -0.08696370048889902 -0.02737785209784881 0.0
  vertex -0.08694929761625655 -0.03147005637113644 0.0
 endloop
endfacet
facet normal 0.0 0.0 -1.0
 outer loop
  vertex -0.08679665989356725 -0.02186065833425645 0.0
  vertex -0.09144103362605256 -0.02055153126144486 0.0
  vertex -0.08914707524838131 -0.01650070088816975 0.0
 endloop
endfacet
facet normal 0.0 0.0 -1.0
 outer loop
  vertex -0.08679665989356725 -0.02186065833425645 0.0
  vertex -0.08914707524838131 -0.01650070088816975 0.0
  vertex -0.08476377116204907 -0.01717039903264631 0.0
 endloop
endfacet
facet normal 0.0 0.0 -1.0
 outer loop
  vertex -0.08679665989356725 -0.02186065833425645 0.0
  vertex -0.08476377116204907 -0.01717039903264631 0.0
  vertex -0.08156445526090618 -0.0207557480632598 0.0
 endloop
endfacet
facet normal 0.0 0.0 -1.0
 outer loop
  vertex -0.08156445526090618 -0.0207557480632598 0.0
  vertex -0.08476377116204907 -0.01717039903264631 0.0
  vertex -0.080767198521263 -0.01466223954720666 0.0
 endloop
endfacet
facet normal 0.0 -0.0 -1.0
 outer loop
  vertex -0.08860729484561654 0.02351116854428874 0.0
  vertex -0.08492955797235863 0.02063097708761953 0.0
  vertex -0.08938660369375537 0.01869838362421866 0.0
 endloop
endfacet
facet normal 0.0 -0.0 -1.0
 outer loop
  vertex -0.0784933482607937 0.004659095040632224 0.0
  vertex -0.07455116436827619 0.001607348638904786 0.0
  vertex -0.07915533238143774 -0.0002730582922630692 0.0
 endloop
endfacet
facet normal 0.0 0.0 -1.0
 outer loop
  vertex -0.08307771908219216 0.002775251048249165 0.0
  vertex -0.0784933482607937 0.004659095040632224 0.0
  vertex -0.07915533238143774 -0.0002730582922630692 0.0
 endloop
endfacet
facet normal -0.0 0.0 -1.0
 outer loop
  vertex -0.0679202282928209 0.01831672630844475 0.0
  vertex -0.07253470024556405 0.01642855189433684 0.0
  vertex -0.07186210835402915 0.02136912256831381 0.0
 endloop
endfacet
facet normal 0.0 0.0 -1.0
 outer loop
  vertex -0.07253470024556405 0.01642855189433684 0.0
  vertex -0.07647364877221566 0.01948052500365117 0.0
  vertex -0.07186210835402915 0.02136912256831381 0.0
 endloop
endfacet
facet normal 0.0 0.0 -1.0
 outer loop
  vertex -0.06397771778204792 0.01526423773077699 0.0
  vertex -0.0679202282928209 0.01831672630844475 0.0
  vertex -0.06330546195329886 0.02020484988897093 0.0
 endloop
endfacet
facet normal -0.0 0.0 -1.0
 outer loop
  vertex -0.06330546195329886 0.02020484988897093 0.0
  vertex -0.0679202282928209 0.01831672630844475 0.0
  vertex -0.06724802871671479 0.02325734818699291 0.0
 endloop
endfacet
facet normal 0.0 0.0 -1.0
 outer loop
  vertex -0.06724802871671479 0.02325734818699291 0.0
  vertex -0.0679202282928209 0.01831672630844475 0.0
  vertex -0.07186210835402915 0.02136912256831381 0.0
 endloop
endfacet
facet normal 0.0 -0.0 -1.0
 outer loop
  vertex -0.06993699214068685 0.00349488895513451 0.0
  vertex -0.06599449205200966 0.0004424023822514241 0.0
  vertex -0.0706090542595309 -0.001445371697399461 0.0
 endloop
endfacet
facet normal 0.0 0.0 -1.0
 outer loop
  vertex -0.07455116436827619 0.001607348638904786 0.0
  vertex -0.06993699214068685 0.00349488895513451 0.0
  vertex -0.0706090542595309 -0.001445371697399461 0.0
 endloop
endfacet
facet normal 0.0 0.0 -1.0
 outer loop
  vertex -0.06599449205200966 0.0004424023822514241 0.0
  vertex -0.06137968395757135 0.002330518694649911 0.0
  vertex -0.06205193907287522 -0.002610093517085218 0.0
 endloop
endfacet
facet normal 0.0 -0.0 -1.0
 outer loop
  vertex -0.06599449205200966 0.0004424023822514241 0.0
  vertex -0.06205193907287522 -0.002610093517085218 0.0
  vertex -0.06666625186776581 -0.004497550806272668 0.0
 endloop
endfacet
facet normal 0.0 0.0 -1.0
 outer loop
  vertex -0.0706090542595309 -0.001445371697399461 0.0
  vertex -0.06599449205200966 0.0004424023822514241 0.0
  vertex -0.06666625186776581 -0.004497550806272668 0.0
 endloop
endfacet
facet normal 0.0 -0.0 -1.0
 outer loop
  vertex -0.06137968395757135 0.002330518694649911 0.0
  vertex -0.05743711746032393 -0.0007219794916597073 0.0
  vertex -0.06205193907287522 -0.002610093517085218 0.0
 endloop
endfacet
facet normal 0.0 0.0 -1.0
 outer loop
  vertex -0.06205193907287522 -0.002610093517085218 0.0
  vertex -0.05743711746032393 -0.0007219794916597073 0.0
  vertex -0.05810937487075235 -0.005662591415519933 0.0
 endloop
endfacet
facet normal 0.0 0.0 -1.0
 outer loop
  vertex -0.05810937487075235 -0.005662591415519933 0.0
  vertex -0.05743711746032393 -0.0007219794916597073 0.0
  vertex -0.05349455099628714 -0.003774477817329633 0.0
 endloop
endfacet
facet normal 0.0 0.0 -1.0
 outer loop
  vertex -0.05349455099628714 -0.003774477817329633 0.0
  vertex -0.05743711746032393 -0.0007219794916597073 0.0
  vertex -0.05282229319923515 0.001166134094677872 0.0
 endloop
endfacet
facet normal 0.0 -0.0 -1.0
 outer loop
  vertex -0.06205193907287522 -0.002610093517085218 0.0
  vertex -0.05810937487075235 -0.005662591415519933 0.0
  vertex -0.06272419904059297 -0.007550704935027433 0.0
 endloop
endfacet
facet normal 0.0 0.0 -1.0
 outer loop
  vertex -0.06205193907287522 -0.002610093517085218 0.0
  vertex -0.06272419904059297 -0.007550704935027433 0.0
  vertex -0.06666625186776581 -0.004497550806272668 0.0
 endloop
endfacet
facet normal 0.0 0.0 -1.0
 outer loop
  vertex -0.05810937487075235 -0.005662591415519933 0.0
  vertex -0.05349455099628714 -0.003774477817329633 0.0
  vertex -0.05416680883696091 -0.00871508963027096 0.0
 endloop
endfacet
facet normal 0.0 -0.0 -1.0
 outer loop
  vertex -0.05810937487075235 -0.005662591415519933 0.0
  vertex -0.05416680883696091 -0.00871508963027096 0.0
  vertex -0.05878163295663207 -0.01060320314022007 0.0
 endloop
endfacet
facet normal 0.0 0.0 -1.0
 outer loop
  vertex -0.06272419904059297 -0.007550704935027433 0.0
  vertex -0.05810937487075235 -0.005662591415519933 0.0
  vertex -0.05878163295663207 -0.01060320314022007 0.0
 endloop
endfacet
facet normal 0.0 0.0 -1.0
 outer loop
  vertex -0.05416680883696091 -0.00871508963027096 0.0
  vertex -0.05349455099628714 -0.003774477817329633 0.0
  vertex -0.04955198465320149 -0.006826976141409723 0.0
 endloop
endfacet
facet normal 0.0 0.0 -1.0
 outer loop
  vertex -0.04955198465320149 -0.006826976141409723 0.0
  vertex -0.05349455099628714 -0.003774477817329633 0.0
  vertex -0.0488797268010495 -0.001886364210319989 0.0
 endloop
endfacet
facet normal -0.0 0.0 -1.0
 outer loop
  vertex -0.0488797268010495 -0.001886364210319989 0.0
  vertex -0.05349455099628714 -0.003774477817329633 0.0
  vertex -0.05282229319923515 0.001166134094677872 0.0
 endloop
endfacet
facet normal 0.0 0.0 -1.0
 outer loop
  vertex -0.05416680883696091 -0.00871508963027096 0.0
  vertex -0.04955198465320149 -0.006826976141409723 0.0
  vertex -0.05022424254810746 -0.01176758791950518 0.0
 endloop
endfacet
facet normal 0.0 -0.0 -1.0
 outer loop
  vertex -0.05416680883696091 -0.00871508963027096 0.0
  vertex -0.05022424254810746 -0.01176758791950518 0.0
  vertex -0.05483906668330655 -0.013655701384909 0.0
 endloop
endfacet
facet normal 0.0 0.0 -1.0
 outer loop
  vertex -0.05878163295663207 -0.01060320314022007 0.0
  vertex -0.05416680883696091 -0.00871508963027096 0.0
  vertex -0.05483906668330655 -0.013655701384909 0.0
 endloop
endfacet
facet normal 0.0 0.0 -1.0
 outer loop
  vertex -0.05022424254810746 -0.01176758791950518 0.0
  vertex -0.04955198465320149 -0.006826976141409723 0.0
  vertex -0.04560941829561452 -0.009879474454316474 0.0
 endloop
endfacet
facet normal 0.0 0.0 -1.0
 outer loop
  vertex -0.04560941829561452 -0.009879474454316474 0.0
  vertex -0.04955198465320149 -0.006826976141409723 0.0
  vertex -0.0449371604172474 -0.004938862625373323 0.0
 endloop
endfacet
facet normal -0.0 0.0 -1.0
 outer loop
  vertex -0.0449371604172474 -0.004938862625373323 0.0
  vertex -0.04955198465320149 -0.006826976141409723 0.0
  vertex -0.0488797268010495 -0.001886364210319989 0.0
 endloop
endfacet
facet normal 0.0 0.0 -1.0
 outer loop
  vertex -0.05022424254810746 -0.01176758791950518 0.0
  vertex -0.04560941829561452 -0.009879474454316474 0.0
  vertex -0.04628167618434659 -0.01482008623917353 0.0
 endloop
endfacet
facet normal 0.0 -0.0 -1.0
 outer loop
  vertex -0.05022424254810746 -0.01176758791950518 0.0
  vertex -0.04628167618434659 -0.01482008623917353 0.0
  vertex -0.0508965003376462 -0.01670819962387505 0.0
 endloop
endfacet
facet normal 0.0 0.0 -1.0
 outer loop
  vertex -0.05483906668330655 -0.013655701384909 0.0
  vertex -0.05022424254810746 -0.01176758791950518 0.0
  vertex -0.0508965003376462 -0.01670819962387505 0.0
 endloop
endfacet
facet normal 0.0 0.0 -1.0
 outer loop
  vertex -0.04628167618434659 -0.01482008623917353 0.0
  vertex -0.04560941829561452 -0.009879474454316474 0.0
  vertex -0.04166685192106771 -0.01293197276819668 0.0
 endloop
endfacet
facet normal 0.0 0.0 -1.0
 outer loop
  vertex -0.04166685192106771 -0.01293197276819668 0.0
  vertex -0.04560941829561452 -0.009879474454316474 0.0
  vertex -0.04099459404876191 -0.007991360900161238 0.0
 endloop
endfacet
facet normal 0.0 0.0 -1.0
 outer loop
  vertex -0.04560941829561452 -0.009879474454316474 0.0
  vertex -0.0449371604172474 -0.004938862625373323 0.0
  vertex -0.04099459404876191 -0.007991360900161238 0.0
 endloop
endfacet
facet normal 0.0 0.0 -1.0
 outer loop
  vertex -0.04628167618434659 -0.01482008623917353 0.0
  vertex -0.04166685192106771 -0.01293197276819668 0.0
  vertex -0.04233910968331599 -0.01787258447673618 0.0
 endloop
endfacet
facet normal 0.0 -0.0 -1.0
 outer loop
  vertex -0.04628167618434659 -0.01482008623917353 0.0
  vertex -0.04233910968331599 -0.01787258447673618 0.0
  vertex -0.04695393388047579 -0.01976069792436222 0.0
 endloop
endfacet
facet normal 0.0 0.0 -1.0
 outer loop
  vertex -0.0508965003376462 -0.01670819962387505 0.0
  vertex -0.04628167618434659 -0.01482008623917353 0.0
  vertex -0.04695393388047579 -0.01976069792436222 0.0
 endloop
endfacet
facet normal 0.0 0.0 -1.0
 outer loop
  vertex -0.04233910968331599 -0.01787258447673618 0.0
  vertex -0.04166685192106771 -0.01293197276819668 0.0
  vertex -0.03772428552276376 -0.01598447106238933 0.0
 endloop
endfacet
facet normal 0.0 0.0 -1.0
 outer loop
  vertex -0.03772428552276376 -0.01598447106238933 0.0
  vertex -0.04166685192106771 -0.01293197276819668 0.0
  vertex -0.03705202766344817 -0.01104385925534595 0.0
 endloop
endfacet
facet normal -0.0 0.0 -1.0
 outer loop
  vertex -0.03705202766344817 -0.01104385925534595 0.0
  vertex -0.04166685192106771 -0.01293197276819668 0.0
  vertex -0.04099459404876191 -0.007991360900161238 0.0
 endloop
endfacet
facet normal 0.0 0.0 -1.0
 outer loop
  vertex -0.04233910968331599 -0.01787258447673618 0.0
  vertex -0.03772428552276376 -0.01598447106238933 0.0
  vertex -0.03839654326428965 -0.02092508272180855 0.0
 endloop
endfacet
facet normal 0.0 0.0 -1.0
 outer loop
  vertex -0.04233910968331599 -0.01787258447673618 0.0
  vertex -0.04301136742778253 -0.02281319616449836 0.0
  vertex -0.04695393388047579 -0.01976069792436222 0.0
 endloop
endfacet
facet normal 0.0 0.0 -1.0
 outer loop
  vertex -0.04301136742778253 -0.02281319616449836 0.0
  vertex -0.04233910968331599 -0.01787258447673618 0.0
  vertex -0.03839654326428965 -0.02092508272180855 0.0
 endloop
endfacet
facet normal 0.0 0.0 -1.0
 outer loop
  vertex -0.03772428552276376 -0.01598447106238933 0.0
  vertex -0.03705202766344817 -0.01104385925534595 0.0
  vertex -0.03310946126613723 -0.01409635758741725 0.0
 endloop
endfacet
facet normal 0.0 0.0 -1.0
 outer loop
  vertex -0.03772428552276376 -0.01598447106238933 0.0
  vertex -0.03310946126613723 -0.01409635758741725 0.0
  vertex -0.03378171915969655 -0.01903696939390109 0.0
 endloop
endfacet
facet normal 0.0 -0.0 -1.0
 outer loop
  vertex -0.03772428552276376 -0.01598447106238933 0.0
  vertex -0.03378171915969655 -0.01903696939390109 0.0
  vertex -0.03839654326428965 -0.02092508272180855 0.0
 endloop
endfacet
facet normal 0.0 0.0 -1.0
 outer loop
  vertex -0.03310946126613723 -0.01409635758741725 0.0
  vertex -0.03705202766344817 -0.01104385925534595 0.0
  vertex -0.03243720338464277 -0.00915574575041485 0.0
 endloop
endfacet
facet normal 0.0 0.0 -1.0
 outer loop
  vertex -0.03705202766344817 -0.01104385925534595 0.0
  vertex -0.03637976979339635 -0.006103247363055704 0.0
  vertex -0.03243720338464277 -0.00915574575041485 0.0
 endloop
endfacet
facet normal 0.0 0.0 -1.0
 outer loop
  vertex -0.03637976979339635 -0.006103247363055704 0.0
  vertex -0.03705202766344817 -0.01104385925534595 0.0
  vertex -0.04099459404876191 -0.007991360900161238 0.0
 endloop
endfacet
facet normal 0.0 0.0 -1.0
 outer loop
  vertex -0.03378171915969655 -0.01903696939390109 0.0
  vertex -0.03310946126613723 -0.01409635758741725 0.0
  vertex -0.02916689488506334 -0.01714885590646511 0.0
 endloop
endfacet
facet normal 0.0 0.0 -1.0
 outer loop
  vertex -0.02916689488506334 -0.01714885590646511 0.0
  vertex -0.03310946126613723 -0.01409635758741725 0.0
  vertex -0.02849463699202018 -0.01220824410741509 0.0
 endloop
endfacet
facet normal -0.0 0.0 -1.0
 outer loop
  vertex -0.02849463699202018 -0.01220824410741509 0.0
  vertex -0.03310946126613723 -0.01409635758741725 0.0
  vertex -0.03243720338464277 -0.00915574575041485 0.0
 endloop
endfacet
facet normal 0.0 0.0 -1.0
 outer loop
  vertex -0.03378171915969655 -0.01903696939390109 0.0
  vertex -0.02916689488506334 -0.01714885590646511 0.0
  vertex -0.02983915271275273 -0.02208946764133787 0.0
 endloop
endfacet
facet normal 0.0 -0.0 -1.0
 outer loop
  vertex -0.03378171915969655 -0.01903696939390109 0.0
  vertex -0.02983915271275273 -0.02208946764133787 0.0
  vertex -0.03445397684223871 -0.02397758099952822 0.0
 endloop
endfacet
facet normal 0.0 0.0 -1.0
 outer loop
  vertex -0.03839654326428965 -0.02092508272180855 0.0
  vertex -0.03378171915969655 -0.01903696939390109 0.0
  vertex -0.03445397684223871 -0.02397758099952822 0.0
 endloop
endfacet
facet normal 0.0 0.0 -1.0
 outer loop
  vertex -0.02916689488506334 -0.01714885590646511 0.0
  vertex -0.02849463699202018 -0.01220824410741509 0.0
  vertex -0.0245520706105908 -0.01526074242134308 0.0
 endloop
endfacet
facet normal 0.0 0.0 -1.0
 outer loop
  vertex -0.02916689488506334 -0.01714885590646511 0.0
  vertex -0.0245520706105908 -0.01526074242134308 0.0
  vertex -0.02522432850361804 -0.02020135422016398 0.0
 endloop
endfacet
facet normal 0.0 -0.0 -1.0
 outer loop
  vertex -0.02916689488506334 -0.01714885590646511 0.0
  vertex -0.02522432850361804 -0.02020135422016398 0.0
  vertex -0.02983915271275273 -0.02208946764133787 0.0
 endloop
endfacet
facet normal 0.0 0.0 -1.0
 outer loop
  vertex -0.0245520706105908 -0.01526074242134308 0.0
  vertex -0.02849463699202018 -0.01220824410741509 0.0
  vertex -0.02387981266749046 -0.01032013055778575 0.0
 endloop
endfacet
facet normal -0.0 0.0 -1.0
 outer loop
  vertex -0.02387981266749046 -0.01032013055778575 0.0
  vertex -0.02849463699202018 -0.01220824410741509 0.0
  vertex -0.02782237909072974 -0.007267632298990673 0.0
 endloop
endfacet
facet normal 0.0 0.0 -1.0
 outer loop
  vertex -0.02782237909072974 -0.007267632298990673 0.0
  vertex -0.02849463699202018 -0.01220824410741509 0.0
  vertex -0.03243720338464277 -0.00915574575041485 0.0
 endloop
endfacet
facet normal 0.0 0.0 -1.0
 outer loop
  vertex -0.02522432850361804 -0.02020135422016398 0.0
  vertex -0.0245520706105908 -0.01526074242134308 0.0
  vertex -0.02060950422909078 -0.01831324073425389 0.0
 endloop
endfacet
facet normal 0.0 0.0 -1.0
 outer loop
  vertex -0.02060950422909078 -0.01831324073425389 0.0
  vertex -0.0245520706105908 -0.01526074242134308 0.0
  vertex -0.01993724630501331 -0.01337262885520162 0.0
 endloop
endfacet
facet normal 0.0 0.0 -1.0
 outer loop
  vertex -0.0245520706105908 -0.01526074242134308 0.0
  vertex -0.02387981266749046 -0.01032013055778575 0.0
  vertex -0.01993724630501331 -0.01337262885520162 0.0
 endloop
endfacet
facet normal 0.0 0.0 -1.0
 outer loop
  vertex -0.02522432850361804 -0.02020135422016398 0.0
  vertex -0.02060950422909078 -0.01831324073425389 0.0
  vertex -0.02128176212211627 -0.0232538525330496 0.0
 endloop
endfacet
facet normal 0.0 -0.0 -1.0
 outer loop
  vertex -0.02522432850361804 -0.02020135422016398 0.0
  vertex -0.02128176212211627 -0.0232538525330496 0.0
  vertex -0.02589658628067425 -0.02514196598183375 0.0
 endloop
endfacet
facet normal 0.0 0.0 -1.0
 outer loop
  vertex -0.02522432850361804 -0.02020135422016398 0.0
  vertex -0.02589658628067425 -0.02514196598183375 0.0
  vertex -0.02983915271275273 -0.02208946764133787 0.0
 endloop
endfacet
facet normal 0.0 0.0 -1.0
 outer loop
  vertex -0.02128176212211627 -0.0232538525330496 0.0
  vertex -0.02060950422909078 -0.01831324073425389 0.0
  vertex -0.01666693784757397 -0.02136573904692292 0.0
 endloop
endfacet
facet normal 0.0 0.0 -1.0
 outer loop
  vertex -0.01666693784757397 -0.02136573904692292 0.0
  vertex -0.02060950422909078 -0.01831324073425389 0.0
  vertex -0.01599467995454597 -0.01642512724809111 0.0
 endloop
endfacet
facet normal -0.0 0.0 -1.0
 outer loop
  vertex -0.01599467995454597 -0.01642512724809111 0.0
  vertex -0.02060950422909078 -0.01831324073425389 0.0
  vertex -0.01993724630501331 -0.01337262885520162 0.0
 endloop
endfacet
facet normal 0.0 0.0 -1.0
 outer loop
  vertex -0.02128176212211627 -0.0232538525330496 0.0
  vertex -0.01666693784757397 -0.02136573904692292 0.0
  vertex -0.01733919574060229 -0.02630635084575938 0.0
 endloop
endfacet
facet normal 0.0 -0.0 -1.0
 outer loop
  vertex -0.02128176212211627 -0.0232538525330496 0.0
  vertex -0.01733919574060229 -0.02630635084575938 0.0
  vertex -0.02195401994764141 -0.02819446434110614 0.0
 endloop
endfacet
facet normal 0.0 0.0 -1.0
 outer loop
  vertex -0.02128176212211627 -0.0232538525330496 0.0
  vertex -0.02195401994764141 -0.02819446434110614 0.0
  vertex -0.02589658628067425 -0.02514196598183375 0.0
 endloop
endfacet
facet normal 0.0 0.0 -1.0
 outer loop
  vertex -0.01666693784757397 -0.02136573904692292 0.0
  vertex -0.01599467995454597 -0.01642512724809111 0.0
  vertex -0.01205211357302974 -0.01947762556076829 0.0
 endloop
endfacet
facet normal 0.0 0.0 -1.0
 outer loop
  vertex -0.01666693784757397 -0.02136573904692292 0.0
  vertex -0.01205211357302974 -0.01947762556076829 0.0
  vertex -0.01272437150180125 -0.0244182372722416 0.0
 endloop
endfacet
facet normal 0.0 0.0 -1.0
 outer loop
  vertex -0.01733919574060229 -0.02630635084575938 0.0
  vertex -0.01666693784757397 -0.02136573904692292 0.0
  vertex -0.01272437150180125 -0.0244182372722416 0.0
 endloop
endfacet
facet normal 0.0 0.0 -1.0
 outer loop
  vertex -0.01205211357302974 -0.01947762556076829 0.0
  vertex -0.01599467995454597 -0.01642512724809111 0.0
  vertex -0.01137985569603453 -0.01453701372274297 0.0
 endloop
endfacet
facet normal -0.0 0.0 -1.0
 outer loop
  vertex -0.01137985569603453 -0.01453701372274297 0.0
  vertex -0.01599467995454597 -0.01642512724809111 0.0
  vertex -0.01532242200277505 -0.01148451528068751 0.0
 endloop
endfacet
facet normal 0.0 0.0 -1.0
 outer loop
  vertex -0.01532242200277505 -0.01148451528068751 0.0
  vertex -0.01599467995454597 -0.01642512724809111 0.0
  vertex -0.01993724630501331 -0.01337262885520162 0.0
 endloop
endfacet
facet normal 0.0 0.0 -1.0
 outer loop
  vertex -0.01205211357302974 -0.01947762556076829 0.0
  vertex -0.01137985569603453 -0.01453701372274297 0.0
  vertex -0.007437289301157214 -0.01758951206807539 0.0
 endloop
endfacet
facet normal 0.0 0.0 -1.0
 outer loop
  vertex -0.01205211357302974 -0.01947762556076829 0.0
  vertex -0.007437289301157214 -0.01758951206807539 0.0
  vertex -0.008109547191513421 -0.02253012387344431 0.0
 endloop
endfacet
facet normal 0.0 -0.0 -1.0
 outer loop
  vertex -0.01205211357302974 -0.01947762556076829 0.0
  vertex -0.008109547191513421 -0.02253012387344431 0.0
  vertex -0.01272437150180125 -0.0244182372722416 0.0
 endloop
endfacet
facet normal 0.0 0.0 -1.0
 outer loop
  vertex -0.02195401994764141 -0.02819446434110614 0.0
  vertex -0.01733919574060229 -0.02630635084575938 0.0
  vertex -0.01801145357171682 -0.03124696258069724 0.0
 endloop
endfacet
facet normal 0.0 0.0 -1.0
 outer loop
  vertex -0.01801145357171682 -0.03124696258069724 0.0
  vertex -0.01733919574060229 -0.02630635084575938 0.0
  vertex -0.01339662935908654 -0.02935884915844354 0.0
 endloop
endfacet
facet normal 0.0 0.0 -1.0
 outer loop
  vertex -0.01339662935908654 -0.02935884915844354 0.0
  vertex -0.01733919574060229 -0.02630635084575938 0.0
  vertex -0.01272437150180125 -0.0244182372722416 0.0
 endloop
endfacet
facet normal 0.0 0.0 -1.0
 outer loop
  vertex -0.007437289301157214 -0.01758951206807539 0.0
  vertex -0.01137985569603453 -0.01453701372274297 0.0
  vertex -0.006765031424607382 -0.01264890022896173 0.0
 endloop
endfacet
facet normal 0.0 0.0 -1.0
 outer loop
  vertex -0.01137985569603453 -0.01453701372274297 0.0
  vertex -0.01532242200277505 -0.01148451528068751 0.0
  vertex -0.01070759767780165 -0.009596401704169236 0.0
 endloop
endfacet
facet normal -0.0 0.0 -1.0
 outer loop
  vertex -0.006765031424607382 -0.01264890022896173 0.0
  vertex -0.01137985569603453 -0.01453701372274297 0.0
  vertex -0.01070759767780165 -0.009596401704169236 0.0
 endloop
endfacet
facet normal 0.0 0.0 -1.0
 outer loop
  vertex -0.008109547191513421 -0.02253012387344431 0.0
  vertex -0.007437289301157214 -0.01758951206807539 0.0
  vertex -0.003494722904484596 -0.02064200999593026 0.0
 endloop
endfacet
facet normal 0.0 0.0 -1.0
 outer loop
  vertex -0.007437289301157214 -0.01758951206807539 0.0
  vertex -0.006765031424607382 -0.01264890022896173 0.0
  vertex -0.002822465068860312 -0.01570139847865398 0.0
 endloop
endfacet
facet normal 0.0 0.0 -1.0
 outer loop
  vertex -0.007437289301157214 -0.01758951206807539 0.0
  vertex -0.002822465068860312 -0.01570139847865398 0.0
  vertex -0.003494722904484596 -0.02064200999593026 0.0
 endloop
endfacet
facet normal 0.0 0.0 -1.0
 outer loop
  vertex -0.008109547191513421 -0.02253012387344431 0.0
  vertex -0.003494722904484596 -0.02064200999593026 0.0
  vertex -0.004166980755088797 -0.02558262158690685 0.0
 endloop
endfacet
facet normal 0.0 0.0 -1.0
 outer loop
  vertex -0.01272437150180125 -0.0244182372722416 0.0
  vertex -0.008109547191513421 -0.02253012387344431 0.0
  vertex -0.00878180521894854 -0.0274707351844654 0.0
 endloop
endfacet
facet normal 0.0 0.0 -1.0
 outer loop
  vertex -0.00878180521894854 -0.0274707351844654 0.0
  vertex -0.008109547191513421 -0.02253012387344431 0.0
  vertex -0.004166980755088797 -0.02558262158690685 0.0
 endloop
endfacet
facet normal 0.0 0.0 -1.0
 outer loop
  vertex -0.01465016398041552 -0.00654390315386966 0.0
  vertex -0.01532242200277505 -0.01148451528068751 0.0
  vertex -0.01926498836558678 -0.008432016889048394 0.0
 endloop
endfacet
facet normal 0.0 0.0 -1.0
 outer loop
  vertex -0.01532242200277505 -0.01148451528068751 0.0
  vertex -0.01465016398041552 -0.00654390315386966 0.0
  vertex -0.01070759767780165 -0.009596401704169236 0.0
 endloop
endfacet
facet normal 0.0 -0.0 -1.0
 outer loop
  vertex -0.01926498836558678 -0.008432016889048394 0.0
  vertex -0.01532242200277505 -0.01148451528068751 0.0
  vertex -0.01993724630501331 -0.01337262885520162 0.0
 endloop
endfacet
facet normal 0.0 0.0 -1.0
 outer loop
  vertex -0.002822465068860312 -0.01570139847865398 0.0
  vertex -0.006765031424607382 -0.01264890022896173 0.0
  vertex -0.002150207130911884 -0.01076078678960744 0.0
 endloop
endfacet
facet normal -0.0 0.0 -1.0
 outer loop
  vertex -0.002150207130911884 -0.01076078678960744 0.0
  vertex -0.006765031424607382 -0.01264890022896173 0.0
  vertex -0.006092773448385699 -0.007708288030549069 0.0
 endloop
endfacet
facet normal 0.0 0.0 -1.0
 outer loop
  vertex -0.006092773448385699 -0.007708288030549069 0.0
  vertex -0.006765031424607382 -0.01264890022896173 0.0
  vertex -0.01070759767780165 -0.009596401704169236 0.0
 endloop
endfacet
facet normal 0.0 0.0 -1.0
 outer loop
  vertex -0.02387981266749046 -0.01032013055778575 0.0
  vertex -0.02782237909072974 -0.007267632298990673 0.0
  vertex -0.02320755476987078 -0.005379518605552878 0.0
 endloop
endfacet
facet normal 0.0 0.0 -1.0
 outer loop
  vertex -0.02387981266749046 -0.01032013055778575 0.0
  vertex -0.02320755476987078 -0.005379518605552878 0.0
  vertex -0.01926498836558678 -0.008432016889048394 0.0
 endloop
endfacet
facet normal 0.0 0.0 -1.0
 outer loop
  vertex -0.02387981266749046 -0.01032013055778575 0.0
  vertex -0.01926498836558678 -0.008432016889048394 0.0
  vertex -0.01993724630501331 -0.01337262885520162 0.0
 endloop
endfacet
facet normal 0.0 0.0 -1.0
 outer loop
  vertex -0.002822465068860312 -0.01570139847865398 0.0
  vertex -0.002150207130911884 -0.01076078678960744 0.0
  vertex 0.001792359227555941 -0.01381328463084974 0.0
 endloop
endfacet
facet normal 0.0 0.0 -1.0
 outer loop
  vertex -0.002822465068860312 -0.01570139847865398 0.0
  vertex 0.001792359227555941 -0.01381328463084974 0.0
  vertex 0.001120101305739199 -0.01875389627740597 0.0
 endloop
endfacet
facet normal 0.0 0.0 -1.0
 outer loop
  vertex -0.003494722904484596 -0.02064200999593026 0.0
  vertex -0.002822465068860312 -0.01570139847865398 0.0
  vertex 0.001120101305739199 -0.01875389627740597 0.0
 endloop
endfacet
facet normal 0.0 -0.0 -1.0
 outer loop
  vertex -0.02195401994764141 -0.02819446434110614 0.0
  vertex -0.01801145357171682 -0.03124696258069724 0.0
  vertex -0.02262627758568356 -0.03313507596100461 0.0
 endloop
endfacet
facet normal 0.0 0.0 -1.0
 outer loop
  vertex -0.02195401994764141 -0.02819446434110614 0.0
  vertex -0.02262627758568356 -0.03313507596100461 0.0
  vertex -0.02656884404272049 -0.03008257764510879 0.0
 endloop
endfacet
facet normal 0.0 -0.0 -1.0
 outer loop
  vertex -0.02589658628067425 -0.02514196598183375 0.0
  vertex -0.02195401994764141 -0.02819446434110614 0.0
  vertex -0.02656884404272049 -0.03008257764510879 0.0
 endloop
endfacet
facet normal 0.0 0.0 -1.0
 outer loop
  vertex -0.01801145357171682 -0.03124696258069724 0.0
  vertex -0.01339662935908654 -0.02935884915844354 0.0
  vertex -0.01406888714230627 -0.03429946084454566 0.0
 endloop
endfacet
facet normal 0.0 -0.0 -1.0
 outer loop
  vertex -0.01801145357171682 -0.03124696258069724 0.0
  vertex -0.01406888714230627 -0.03429946084454566 0.0
  vertex -0.01868371122267977 -0.03618757405082641 0.0
 endloop
endfacet
facet normal 0.0 0.0 -1.0
 outer loop
  vertex -0.02262627758568356 -0.03313507596100461 0.0
  vertex -0.01801145357171682 -0.03124696258069724 0.0
  vertex -0.01868371122267977 -0.03618757405082641 0.0
 endloop
endfacet
facet normal 0.0 0.0 -1.0
 outer loop
  vertex -0.01406888714230627 -0.03429946084454566 0.0
  vertex -0.01339662935908654 -0.02935884915844354 0.0
  vertex -0.009454062451278597 -0.03241134665600906 0.0
 endloop
endfacet
facet normal 0.0 0.0 -1.0
 outer loop
  vertex -0.01339662935908654 -0.02935884915844354 0.0
  vertex -0.01272437150180125 -0.0244182372722416 0.0
  vertex -0.00878180521894854 -0.0274707351844654 0.0
 endloop
endfacet
facet normal 0.0 0.0 -1.0
 outer loop
  vertex -0.009454062451278597 -0.03241134665600906 0.0
  vertex -0.01339662935908654 -0.02935884915844354 0.0
  vertex -0.00878180521894854 -0.0274707351844654 0.0
 endloop
endfacet
facet normal -0.0 0.0 -1.0
 outer loop
  vertex -0.02320755476987078 -0.005379518605552878 0.0
  vertex -0.02782237909072974 -0.007267632298990673 0.0
  vertex -0.02715012121952261 -0.002327020252467531 0.0
 endloop
endfacet
facet normal 0.0 0.0 -1.0
 outer loop
  vertex -0.02715012121952261 -0.002327020252467531 0.0
  vertex -0.02782237909072974 -0.007267632298990673 0.0
  vertex -0.03176494550212498 -0.004215133890264441 0.0
 endloop
endfacet
facet normal 0.0 -0.0 -1.0
 outer loop
  vertex -0.03176494550212498 -0.004215133890264441 0.0
  vertex -0.02782237909072974 -0.007267632298990673 0.0
  vertex -0.03243720338464277 -0.00915574575041485 0.0
 endloop
endfacet
facet normal 0.0 0.0 -1.0
 outer loop
  vertex -0.0449371604172474 -0.004938862625373323 0.0
  vertex -0.04032233620179736 -0.003050748934679307 0.0
  vertex -0.04099459404876191 -0.007991360900161238 0.0
 endloop
endfacet
facet normal -0.0 0.0 -1.0
 outer loop
  vertex -0.04032233620179736 -0.003050748934679307 0.0
  vertex -0.0449371604172474 -0.004938862625373323 0.0
  vertex -0.04426490257538641 1.749360307630989e-06 0.0
 endloop
endfacet
facet normal 0.0 0.0 -1.0
 outer loop
  vertex -0.0449371604172474 -0.004938862625373323 0.0
  vertex -0.0488797268010495 -0.001886364210319989 0.0
  vertex -0.04426490257538641 1.749360307630989e-06 0.0
 endloop
endfacet
facet normal 0.0 0.0 -1.0
 outer loop
  vertex -0.01012632020285126 -0.0373519583708366 0.0
  vertex -0.01406888714230627 -0.03429946084454566 0.0
  vertex -0.009454062451278597 -0.03241134665600906 0.0
 endloop
endfacet
facet normal 0.0 -0.0 -1.0
 outer loop
  vertex -0.01406888714230627 -0.03429946084454566 0.0
  vertex -0.01012632020285126 -0.0373519583708366 0.0
  vertex -0.01474114438518324 -0.03924007233243871 0.0
 endloop
endfacet
facet normal 0.0 0.0 -1.0
 outer loop
  vertex -0.01868371122267977 -0.03618757405082641 0.0
  vertex -0.01406888714230627 -0.03429946084454566 0.0
  vertex -0.01474114438518324 -0.03924007233243871 0.0
 endloop
endfacet
facet normal 0.0 -0.0 -1.0
 outer loop
  vertex -0.02656884404272049 -0.03008257764510879 0.0
  vertex -0.02262627758568356 -0.03313507596100461 0.0
  vertex -0.02724110172441433 -0.03502318928466869 0.0
 endloop
endfacet
facet normal 0.0 0.0 -1.0
 outer loop
  vertex -0.02262627758568356 -0.03313507596100461 0.0
  vertex -0.0232985352897748 -0.03807568752213925 0.0
  vertex -0.02724110172441433 -0.03502318928466869 0.0
 endloop
endfacet
facet normal 0.0 0.0 -1.0
 outer loop
  vertex -0.0232985352897748 -0.03807568752213925 0.0
  vertex -0.02262627758568356 -0.03313507596100461 0.0
  vertex -0.01868371122267977 -0.03618757405082641 0.0
 endloop
endfacet
facet normal 0.0 0.0 -1.0
 outer loop
  vertex -0.02320755476987078 -0.005379518605552878 0.0
  vertex -0.01859273043690653 -0.003491404800978309 0.0
  vertex -0.01926498836558678 -0.008432016889048394 0.0
 endloop
endfacet
facet normal 0.0 0.0 -1.0
 outer loop
  vertex -0.002150207130911884 -0.01076078678960744 0.0
  vertex -0.006092773448385699 -0.007708288030549069 0.0
  vertex -0.00147794921443526 -0.005820174277004904 0.0
 endloop
endfacet
facet normal 0.0 0.0 -1.0
 outer loop
  vertex 0.001792359227555941 -0.01381328463084974 0.0
  vertex 0.006407183636489578 -0.01192517072862916 0.0
  vertex 0.005734925746401815 -0.01686578252667195 0.0
 endloop
endfacet
facet normal 0.0 -0.0 -1.0
 outer loop
  vertex 0.001792359227555941 -0.01381328463084974 0.0
  vertex 0.005734925746401815 -0.01686578252667195 0.0
  vertex 0.001120101305739199 -0.01875389627740597 0.0
 endloop
endfacet
facet normal -0.0 0.0 -1.0
 outer loop
  vertex -0.006092773448385699 -0.007708288030549069 0.0
  vertex -0.01070759767780165 -0.009596401704169236 0.0
  vertex -0.0100353398054156 -0.004655789553662686 0.0
 endloop
endfacet
facet normal 0.0 -0.0 -1.0
 outer loop
  vertex -0.03570751191556408 -0.001162635452076277 0.0
  vertex -0.03176494550212498 -0.004215133890264441 0.0
  vertex -0.03637976979339635 -0.006103247363055704 0.0
 endloop
endfacet
facet normal 0.0 0.0 -1.0
 outer loop
  vertex -0.03637976979339635 -0.006103247363055704 0.0
  vertex -0.03176494550212498 -0.004215133890264441 0.0
  vertex -0.03243720338464277 -0.00915574575041485 0.0
 endloop
endfacet
facet normal 0.0 -0.0 -1.0
 outer loop
  vertex -0.01859273043690653 -0.003491404800978309 0.0
  vertex -0.01465016398041552 -0.00654390315386966 0.0
  vertex -0.01926498836558678 -0.008432016889048394 0.0
 endloop
endfacet
facet normal 0.0 0.0 -1.0
 outer loop
  vertex -0.01070759767780165 -0.009596401704169236 0.0
  vertex -0.01465016398041552 -0.00654390315386966 0.0
  vertex -0.0100353398054156 -0.004655789553662686 0.0
 endloop
endfacet
facet normal 0.0 0.0 -1.0
 outer loop
  vertex -0.03570751191556408 -0.001162635452076277 0.0
  vertex -0.03637976979339635 -0.006103247363055704 0.0
  vertex -0.04032233620179736 -0.003050748934679307 0.0
 endloop
endfacet
facet normal 0.0 -0.0 -1.0
 outer loop
  vertex -0.04032233620179736 -0.003050748934679307 0.0
  vertex -0.03637976979339635 -0.006103247363055704 0.0
  vertex -0.04099459404876191 -0.007991360900161238 0.0
 endloop
endfacet
facet normal 0.0 0.0 -1.0
 outer loop
  vertex -0.06397771778204792 0.01526423773077699 0.0
  vertex -0.06330546195329886 0.02020484988897093 0.0
  vertex -0.05936290839365202 0.01715235386908847 0.0
 endloop
endfacet
facet normal 0.0 0.0 -1.0
 outer loop
  vertex -0.06330546195329886 0.02020484988897093 0.0
  vertex -0.06724802871671479 0.02325734818699291 0.0
  vertex -0.06263321416916642 0.0251454634373597 0.0
 endloop
endfacet
facet normal -0.0 0.0 -1.0
 outer loop
  vertex -0.06724802871671479 0.02325734818699291 0.0
  vertex -0.07186210835402915 0.02136912256831381 0.0
  vertex -0.07119048085108962 0.02630982938311669 0.0
 endloop
endfacet
facet normal 0.0 0.0 -1.0
 outer loop
  vertex -0.02974817200456046 0.01060670195289925 0.0
  vertex -0.03369073843930526 0.01365920019827277 0.0
  vertex -0.02907591419788345 0.01554731376605394 0.0
 endloop
endfacet
facet normal 0.0 0.0 -1.0
 outer loop
  vertex -0.06263321416916642 0.0251454634373597 0.0
  vertex -0.06196096047020561 0.03008607595593589 0.0
  vertex -0.05801839389853856 0.02703357768799924 0.0
 endloop
endfacet
facet normal 0.0 0.0 -1.0
 outer loop
  vertex 0.01016618559346484 -0.08036609129350437 0.0
  vertex 0.01083977986554266 -0.075428742471861 0.0
  vertex 0.01477847186668923 -0.0784717711546774 0.0
 endloop
endfacet
facet normal 0.0 0.0 -1.0
 outer loop
  vertex 0.004552621702916468 -0.09219974533844147 0.0
  vertex 0.004880707305327058 -0.08719873225840898 0.0
  vertex 0.008820733684981048 -0.09024502223627583 0.0
 endloop
endfacet
facet normal 0.0 0.0 -1.0
 outer loop
  vertex -0.004128681981212189 -0.09180784174459333 0.0
  vertex -0.005078129732570761 -0.09601730283368551 0.0
  vertex -0.007952001025056043 -0.0918489332561366 0.0
 endloop
endfacet
facet normal -0.0 0.0 -1.0
 outer loop
  vertex 0.02401053859820711 -0.07470145378437676 0.0
  vertex 0.01939684354592024 -0.07659232721813387 0.0
  vertex 0.02006930934672975 -0.07165222378134034 0.0
 endloop
endfacet
facet normal 0.0 0.0 -1.0
 outer loop
  vertex 0.03033552353437745 0.06784834743981388 0.0
  vertex 0.03495062183552934 0.06973579116508191 0.0
  vertex 0.03427817791036736 0.064795634256581 0.0
 endloop
endfacet
facet normal 0.0 -0.0 -1.0
 outer loop
  vertex -0.02665982417666488 -0.06277874631226332 0.0
  vertex -0.02271725774140033 -0.06583124455556756 0.0
  vertex -0.02733208198272984 -0.06771935812291491 0.0
 endloop
endfacet
facet normal 0.0 0.0 -1.0
 outer loop
  vertex -0.05465753485007359 0.05173759036842687 0.0
  vertex -0.05004269682228837 0.05362567329663086 0.0
  vertex -0.05071468010118427 0.04868445137428626 0.0
 endloop
endfacet
facet normal 0.0 0.0 -1.0
 outer loop
  vertex -0.05071468010118427 0.04868445137428626 0.0
  vertex -0.05004269682228837 0.05362567329663086 0.0
  vertex -0.0460999672000808 0.05057281238517253 0.0
 endloop
endfacet
facet normal 0.0 0.0 -1.0
 outer loop
  vertex -0.05004269682228837 0.05362567329663086 0.0
  vertex -0.04937395487320607 0.05857409878000847 0.0
  vertex -0.04542841369848209 0.05551498944851445 0.0
 endloop
endfacet
facet normal 0.0 0.0 -1.0
 outer loop
  vertex -0.05004269682228837 0.05362567329663086 0.0
  vertex -0.04542841369848209 0.05551498944851445 0.0
  vertex -0.0460999672000808 0.05057281238517253 0.0
 endloop
endfacet
facet normal -0.0 0.0 -1.0
 outer loop
  vertex -0.04878874637360865 0.03080980498374205 0.0
  vertex -0.05340357061344804 0.02892169141823923 0.0
  vertex -0.05273131280867945 0.03386230322724787 0.0
 endloop
endfacet
facet normal 0.0 -0.0 -1.0
 outer loop
  vertex -0.03781526567617918 -0.04868063977243901 0.0
  vertex -0.03387269924095151 -0.05173313801560599 0.0
  vertex -0.03848752348237285 -0.05362125158262441 0.0
 endloop
endfacet
facet normal 0.0 0.0 -1.0
 outer loop
  vertex 0.08930591435688422 0.01735609732998568 0.0
  vertex 0.08469274070842484 0.02019563491005426 0.0
  vertex 0.08889987794224441 0.02281657438929936 0.0
 endloop
endfacet
facet normal 0.0 0.0 -1.0
 outer loop
  vertex 0.08791536150606455 0.01217233601068653 0.0
  vertex 0.08930591435688422 0.01735609732998568 0.0
  vertex 0.09162211060205498 0.01384968520577962 0.0
 endloop
endfacet
facet normal 0.0 0.0 -1.0
 outer loop
  vertex 0.08930591435688422 0.01735609732998568 0.0
  vertex 0.09443241908385978 0.01665098333805338 0.0
  vertex 0.09162211060205498 0.01384968520577962 0.0
 endloop
endfacet
facet normal 0.0 -0.0 -1.0
 outer loop
  vertex 0.03495062183552934 0.06973579116508191 0.0
  vertex 0.03889316779552517 0.06668334296631137 0.0
  vertex 0.03427817791036736 0.064795634256581 0.0
 endloop
endfacet
facet normal 0.0 -0.0 -1.0
 outer loop
  vertex -0.04475659133503666 0.06045656899082834 0.0
  vertex -0.04081263310231389 0.05740097760412039 0.0
  vertex -0.04542841369848209 0.05551498944851445 0.0
 endloop
endfacet
facet normal -0.0 0.0 -1.0
 outer loop
  vertex -0.07837796490297241 0.03729308281851935 0.0
  vertex -0.08385507942226378 0.03526993702523663 0.0
  vertex -0.08224056930559605 0.04037512376567657 0.0
 endloop
endfacet
facet normal 0.0 0.0 -1.0
 outer loop
  vertex -0.0776168358999024 0.04206314204314014 0.0
  vertex -0.07837796490297241 0.03729308281851935 0.0
  vertex -0.08224056930559605 0.04037512376567657 0.0
 endloop
endfacet
facet normal 0.0 -0.0 -1.0
 outer loop
  vertex -0.08385507942226378 0.03526993702523663 0.0
  vertex -0.08349826353494436 0.0302253606580914 0.0
  vertex -0.08703517896367272 0.03193188146120464 0.0
 endloop
endfacet
facet normal 0.0 -0.0 -1.0
 outer loop
  vertex -0.08714009992309396 0.03940067276000773 0.0
  vertex -0.08385507942226378 0.03526993702523663 0.0
  vertex -0.08917211840454542 0.0351284422752778 0.0
 endloop
endfacet
facet normal 0.0 0.0 -1.0
 outer loop
  vertex -0.08385507942226378 0.03526993702523663 0.0
  vertex -0.08714009992309396 0.03940067276000773 0.0
  vertex -0.08224056930559605 0.04037512376567657 0.0
 endloop
endfacet
facet normal 0.0 0.0 -1.0
 outer loop
  vertex -0.08917211840454542 0.0351284422752778 0.0
  vertex -0.08385507942226378 0.03526993702523663 0.0
  vertex -0.08703517896367272 0.03193188146120464 0.0
 endloop
endfacet
facet normal -0.0 0.0 -1.0
 outer loop
  vertex -0.07309715553015182 0.04414840440020318 0.0
  vertex -0.0776168358999024 0.04206314204314014 0.0
  vertex -0.0776503855392211 0.04736958867758778 0.0
 endloop
endfacet
facet normal 0.0 -0.0 -1.0
 outer loop
  vertex -0.0776503855392211 0.04736958867758778 0.0
  vertex -0.0776168358999024 0.04206314204314014 0.0
  vertex -0.08116752317515248 0.04431774637695224 0.0
 endloop
endfacet
facet normal -0.0 0.0 -1.0
 outer loop
  vertex -0.0776168358999024 0.04206314204314014 0.0
  vertex -0.08224056930559605 0.04037512376567657 0.0
  vertex -0.08116752317515248 0.04431774637695224 0.0
 endloop
endfacet
facet normal -0.0 0.0 -1.0
 outer loop
  vertex -0.08349826353494436 0.0302253606580914 0.0
  vertex -0.08771384538503074 0.0281320644625725 0.0
  vertex -0.08703517896367272 0.03193188146120464 0.0
 endloop
endfacet
facet normal 0.0 0.0 -1.0
 outer loop
  vertex 0.09149992375062746 0.009494033263886904 0.0
  vertex 0.08791536150606455 0.01217233601068653 0.0
  vertex 0.09162211060205498 0.01384968520577962 0.0
 endloop
endfacet
facet normal 0.0 0.0 -1.0
 outer loop
  vertex 0.03391417188227785 -0.06598883802169703 0.0
  vertex 0.03458643091847557 -0.06104822998470944 0.0
  vertex 0.03852904203742747 -0.06410086530341269 0.0
 endloop
endfacet
facet normal 0.0 0.0 -1.0
 outer loop
  vertex -0.03292750023181181 0.05129598111757454 0.0
  vertex -0.03225524242575557 0.05623659292824627 0.0
  vertex -0.02831267599050454 0.05318409468497333 0.0
 endloop
endfacet
facet normal 0.0 -0.0 -1.0
 outer loop
  vertex -0.05358482151502073 -0.0690483699812347 0.0
  vertex -0.04966404276680953 -0.07212269100618615 0.0
  vertex -0.05391110873874642 -0.07403066243788911 0.0
 endloop
endfacet
facet normal 0.0 0.0 -1.0
 outer loop
  vertex -0.05391110873874642 -0.07403066243788911 0.0
  vertex -0.04966404276680953 -0.07212269100618615 0.0
  vertex -0.04996221877762248 -0.07695498955437842 0.0
 endloop
endfacet
facet normal 0.0 0.0 -1.0
 outer loop
  vertex 0.07675446927886134 -0.03910946088571664 0.0
  vertex 0.07743412948591931 -0.034169856302904 0.0
  vertex 0.08114086828979501 -0.03719888827643568 0.0
 endloop
endfacet
facet normal 0.0 0.0 -1.0
 outer loop
  vertex 0.07217100576280398 -0.04100184163563467 0.0
  vertex 0.07675446927886134 -0.03910946088571664 0.0
  vertex 0.07610183150901065 -0.04405274235006689 0.0
 endloop
endfacet
facet normal 0.0 0.0 -1.0
 outer loop
  vertex 0.07610183150901065 -0.04405274235006689 0.0
  vertex 0.07675446927886134 -0.03910946088571664 0.0
  vertex 0.08045066793223779 -0.04196917284181543 0.0
 endloop
endfacet
facet normal 0.0 0.0 -1.0
 outer loop
  vertex 0.07675446927886134 -0.03910946088571664 0.0
  vertex 0.08114086828979501 -0.03719888827643568 0.0
  vertex 0.08045066793223779 -0.04196917284181543 0.0
 endloop
endfacet
facet normal 0.0 -0.0 -1.0
 outer loop
  vertex 0.07217100576280398 -0.04100184163563467 0.0
  vertex 0.07610183150901065 -0.04405274235006689 0.0
  vertex 0.07150097260527366 -0.04594275614916889 0.0
 endloop
endfacet
facet normal 0.0 0.0 -1.0
 outer loop
  vertex 0.07217100576280398 -0.04100184163563467 0.0
  vertex 0.07150097260527366 -0.04594275614916889 0.0
  vertex 0.06756055950003292 -0.04289055090461028 0.0
 endloop
endfacet
facet normal 0.0 -0.0 -1.0
 outer loop
  vertex 0.06823366611509457 -0.03795005458944828 0.0
  vertex 0.07217100576280398 -0.04100184163563467 0.0
  vertex 0.06756055950003292 -0.04289055090461028 0.0
 endloop
endfacet
facet normal 0.0 0.0 -1.0
 outer loop
  vertex 0.07150097260527366 -0.04594275614916889 0.0
  vertex 0.07610183150901065 -0.04405274235006689 0.0
  vertex 0.07553577214005522 -0.04896426509168141 0.0
 endloop
endfacet
facet normal 0.0 0.0 -1.0
 outer loop
  vertex 0.07553577214005522 -0.04896426509168141 0.0
  vertex 0.07610183150901065 -0.04405274235006689 0.0
  vertex 0.08001363614923279 -0.04682547068039613 0.0
 endloop
endfacet
facet normal 0.0 0.0 -1.0
 outer loop
  vertex 0.08001363614923279 -0.04682547068039613 0.0
  vertex 0.07610183150901065 -0.04405274235006689 0.0
  vertex 0.08045066793223779 -0.04196917284181543 0.0
 endloop
endfacet
facet normal 0.0 -0.0 -1.0
 outer loop
  vertex 0.07150097260527366 -0.04594275614916889 0.0
  vertex 0.07553577214005522 -0.04896426509168141 0.0
  vertex 0.07084678531348855 -0.05087857023214154 0.0
 endloop
endfacet
facet normal 0.0 0.0 -1.0
 outer loop
  vertex 0.07150097260527366 -0.04594275614916889 0.0
  vertex 0.07084678531348855 -0.05087857023214154 0.0
  vertex 0.06690171537989627 -0.04785668961202899 0.0
 endloop
endfacet
facet normal 0.0 -0.0 -1.0
 outer loop
  vertex 0.06756055950003292 -0.04289055090461028 0.0
  vertex 0.07150097260527366 -0.04594275614916889 0.0
  vertex 0.06690171537989627 -0.04785668961202899 0.0
 endloop
endfacet
facet normal 0.0 0.0 -1.0
 outer loop
  vertex 0.07084678531348855 -0.05087857023214154 0.0
  vertex 0.07553577214005522 -0.04896426509168141 0.0
  vertex 0.07477532873099253 -0.053936416936755 0.0
 endloop
endfacet
facet normal 0.0 -0.0 -1.0
 outer loop
  vertex 0.07084678531348855 -0.05087857023214154 0.0
  vertex 0.07477532873099253 -0.053936416936755 0.0
  vertex 0.07031118847954128 -0.05604184410229757 0.0
 endloop
endfacet
facet normal 0.0 0.0 -1.0
 outer loop
  vertex 0.07084678531348855 -0.05087857023214154 0.0
  vertex 0.07031118847954128 -0.05604184410229757 0.0
  vertex 0.06627065360954523 -0.05290190275332447 0.0
 endloop
endfacet
facet normal -0.0 0.0 -1.0
 outer loop
  vertex 0.07084678531348855 -0.05087857023214154 0.0
  vertex 0.06627065360954523 -0.05290190275332447 0.0
  vertex 0.06690171537989627 -0.04785668961202899 0.0
 endloop
endfacet
facet normal 0.0 0.0 -1.0
 outer loop
  vertex 0.07031118847954128 -0.05604184410229757 0.0
  vertex 0.06947744426986831 -0.06122818593739565 0.0
  vertex 0.06563902512513795 -0.05808459203071879 0.0
 endloop
endfacet
facet normal -0.0 0.0 -1.0
 outer loop
  vertex 0.07031118847954128 -0.05604184410229757 0.0
  vertex 0.06563902512513795 -0.05808459203071879 0.0
  vertex 0.06627065360954523 -0.05290190275332447 0.0
 endloop
endfacet
facet normal 0.0 -0.0 -1.0
 outer loop
  vertex 0.06563902512513795 -0.05808459203071879 0.0
  vertex 0.06947744426986831 -0.06122818593739565 0.0
  vertex 0.06473125612500884 -0.06313174870738505 0.0
 endloop
endfacet
facet normal 0.0 0.0 -1.0
 outer loop
  vertex 0.06563902512513795 -0.05808459203071879 0.0
  vertex 0.06473125612500884 -0.06313174870738505 0.0
  vertex 0.06089187533709239 -0.05986952297693472 0.0
 endloop
endfacet
facet normal 0.0 0.0 -1.0
 outer loop
  vertex 0.06473125612500884 -0.06313174870738505 0.0
  vertex 0.06329444154813609 -0.06806217229749963 0.0
  vertex 0.06000783876699943 -0.06469639718773279 0.0
 endloop
endfacet
facet normal 0.0 -0.0 -1.0
 outer loop
  vertex 0.06089187533709239 -0.05986952297693472 0.0
  vertex 0.06473125612500884 -0.06313174870738505 0.0
  vertex 0.06000783876699943 -0.06469639718773279 0.0
 endloop
endfacet
facet normal -0.0 0.0 -1.0
 outer loop
  vertex 0.06329444154813609 -0.06806217229749963 0.0
  vertex 0.05920075656070196 -0.06890038467562738 0.0
  vertex 0.06000783876699943 -0.06469639718773279 0.0
 endloop
endfacet
facet normal 0.0 0.0 -1.0
 outer loop
  vertex 0.08045066793223779 -0.04196917284181543 0.0
  vertex 0.08114086828979501 -0.03719888827643568 0.0
  vertex 0.08373111491378048 -0.04016015495154717 0.0
 endloop
endfacet
facet normal 0.0 0.0 -1.0
 outer loop
  vertex 0.08114086828979501 -0.03719888827643568 0.0
  vertex 0.08498532417235008 -0.03579244918222999 0.0
  vertex 0.08373111491378048 -0.04016015495154717 0.0
 endloop
endfacet
facet normal 0.0 0.0 -1.0
 outer loop
  vertex 0.004971687706417607 -0.05450256315111485 0.0
  vertex 0.001029121271172669 -0.0514500649078556 0.0
  vertex 0.005643945512472126 -0.04956195134043924 0.0
 endloop
endfacet
facet normal 0.0 0.0 -1.0
 outer loop
  vertex 0.004299429900360398 -0.05944317496178428 0.0
  vertex 0.004971687706417607 -0.05450256315111485 0.0
  vertex 0.008914254141666026 -0.05755506139438182 0.0
 endloop
endfacet
facet normal 0.0 0.0 -1.0
 outer loop
  vertex 0.004971687706417607 -0.05450256315111485 0.0
  vertex 0.005643945512472126 -0.04956195134043924 0.0
  vertex 0.009586511947721867 -0.05261444958370919 0.0
 endloop
endfacet
facet normal 0.0 0.0 -1.0
 outer loop
  vertex 0.004971687706417607 -0.05450256315111485 0.0
  vertex 0.009586511947721867 -0.05261444958370919 0.0
  vertex 0.008914254141666026 -0.05755506139438182 0.0
 endloop
endfacet
facet normal 0.0 0.0 -1.0
 outer loop
  vertex 0.003627172094301601 -0.06438378677245016 0.0
  vertex 0.004299429900360398 -0.05944317496178428 0.0
  vertex 0.008241996335608927 -0.06249567320505157 0.0
 endloop
endfacet
facet normal 0.0 0.0 -1.0
 outer loop
  vertex 0.004299429900360398 -0.05944317496178428 0.0
  vertex 0.003627172094301601 -0.06438378677245016 0.0
  vertex -0.0003153943409403177 -0.06133128852919782 0.0
 endloop
endfacet
facet normal 0.0 0.0 -1.0
 outer loop
  vertex 0.008241996335608927 -0.06249567320505157 0.0
  vertex 0.004299429900360398 -0.05944317496178428 0.0
  vertex 0.008914254141666026 -0.05755506139438182 0.0
 endloop
endfacet
facet normal 0.0 0.0 -1.0
 outer loop
  vertex 0.009586511947721867 -0.05261444958370919 0.0
  vertex 0.005643945512472126 -0.04956195134043924 0.0
  vertex 0.01025876975377688 -0.04767383777303839 0.0
 endloop
endfacet
facet normal 0.0 0.0 -1.0
 outer loop
  vertex 0.005643945512472126 -0.04956195134043924 0.0
  vertex 0.006316203318526289 -0.04462133952976311 0.0
  vertex 0.01025876975377688 -0.04767383777303839 0.0
 endloop
endfacet
facet normal 0.0 0.0 -1.0
 outer loop
  vertex 0.009586511947721867 -0.05261444958370919 0.0
  vertex 0.014201336189028 -0.05072633601630886 0.0
  vertex 0.01352907838297223 -0.05566694782698078 0.0
 endloop
endfacet
facet normal -0.0 0.0 -1.0
 outer loop
  vertex 0.014201336189028 -0.05072633601630886 0.0
  vertex 0.009586511947721867 -0.05261444958370919 0.0
  vertex 0.01025876975377688 -0.04767383777303839 0.0
 endloop
endfacet
facet normal 0.0 0.0 -1.0
 outer loop
  vertex 0.008914254141666026 -0.05755506139438182 0.0
  vertex 0.009586511947721867 -0.05261444958370919 0.0
  vertex 0.01352907838297223 -0.05566694782698078 0.0
 endloop
endfacet
facet normal 0.0 0.0 -1.0
 outer loop
  vertex 0.006316203318526289 -0.04462133952976311 0.0
  vertex 0.01093102755982973 -0.04273322596237152 0.0
  vertex 0.01025876975377688 -0.04767383777303839 0.0
 endloop
endfacet
facet normal 0.0 0.0 -1.0
 outer loop
  vertex -0.06849952099848673 0.0460739471755431 0.0
  vertex -0.06917349343083604 0.04113195955186019 0.0
  vertex -0.07309715553015182 0.04414840440020318 0.0
 endloop
endfacet
facet normal 0.0 0.0 -1.0
 outer loop
  vertex -0.06388333405540471 0.0479603216096927 0.0
  vertex -0.05927153807090582 0.04984890433179862 0.0
  vertex -0.05994355249857891 0.04490796033050182 0.0
 endloop
endfacet
facet normal -0.0 0.0 -1.0
 outer loop
  vertex -0.06214292312588647 -0.0353062782360221 0.0
  vertex -0.06675762375057709 -0.0371944607060276 0.0
  vertex -0.0660852986069918 -0.03225380494392693 0.0
 endloop
endfacet
facet normal -0.0 0.0 -1.0
 outer loop
  vertex -0.02830373852284372 0.08593435766506553 0.0
  vertex -0.03291590017222165 0.08415649613698167 0.0
  vertex -0.03239081628076811 0.08931031125988106 0.0
 endloop
endfacet
facet normal 0.0 0.0 -1.0
 outer loop
  vertex -0.02428132420149763 0.08282677769923169 0.0
  vertex -0.02830373852284372 0.08593435766506553 0.0
  vertex -0.02374589874087275 0.08776614725489618 0.0
 endloop
endfacet
facet normal 0.0 0.0 -1.0
 outer loop
  vertex 0.05028841103144603 -0.07309132445663291 0.0
  vertex 0.05560412196843595 -0.07172468044830423 0.0
  vertex 0.05366828370027274 -0.07529158165815542 0.0
 endloop
endfacet
facet normal 0.0 0.0 -1.0
 outer loop
  vertex 0.04966978171893256 -0.07738681890813999 0.0
  vertex 0.05028841103144603 -0.07309132445663291 0.0
  vertex 0.05366828370027274 -0.07529158165815542 0.0
 endloop
endfacet
facet normal 0.0 0.0 -1.0
 outer loop
  vertex 0.05560412196843595 -0.07172468044830423 0.0
  vertex 0.05562029223681608 -0.06656111932111591 0.0
  vertex 0.05920075656070196 -0.06890038467562738 0.0
 endloop
endfacet
facet normal 0.0 -0.0 -1.0
 outer loop
  vertex 0.05560412196843595 -0.07172468044830423 0.0
  vertex 0.05759598271871983 -0.0764720717120781 0.0
  vertex 0.05366828370027274 -0.07529158165815542 0.0
 endloop
endfacet
facet normal 0.0 0.0 -1.0
 outer loop
  vertex -0.07329199333761555 -0.02120784380854158 0.0
  vertex -0.07397042281286637 -0.02614879480286156 0.0
  vertex -0.07784510042818812 -0.02323275799014977 0.0
 endloop
endfacet
facet normal 0.0 -0.0 -1.0
 outer loop
  vertex -0.02077819713740816 -0.0836884419906391 0.0
  vertex -0.01670765214206648 -0.08657564481513266 0.0
  vertex -0.02126880771180358 -0.08878534172621672 0.0
 endloop
endfacet
facet normal 0.0 0.0 -1.0
 outer loop
  vertex -0.02126880771180358 -0.08878534172621672 0.0
  vertex -0.01670765214206648 -0.08657564481513266 0.0
  vertex -0.01668694679991065 -0.0906212345713193 0.0
 endloop
endfacet
facet normal 0.0 0.0 -1.0
 outer loop
  vertex -0.01670765214206648 -0.08657564481513266 0.0
  vertex -0.01217707035179678 -0.08484706150436519 0.0
  vertex -0.01245147154481771 -0.090131743988257 0.0
 endloop
endfacet
facet normal 0.0 0.0 -1.0
 outer loop
  vertex -0.01670765214206648 -0.08657564481513266 0.0
  vertex -0.01245147154481771 -0.090131743988257 0.0
  vertex -0.01668694679991065 -0.0906212345713193 0.0
 endloop
endfacet
facet normal 0.0 0.0 -1.0
 outer loop
  vertex -0.02126880771180358 -0.08878534172621672 0.0
  vertex -0.0237389164156151 -0.0928991631854669 0.0
  vertex -0.02512423118393195 -0.08930172219351652 0.0
 endloop
endfacet
facet normal 0.0 0.0 -1.0
 outer loop
  vertex -0.04350166432653877 0.03763853036143339 0.0
  vertex -0.03888684008523152 0.03952664392883218 0.0
  vertex -0.03955909789127819 0.03458603211817277 0.0
 endloop
endfacet
facet normal 0.0 0.0 -1.0
 outer loop
  vertex -0.04417392213253788 0.03269791855083539 0.0
  vertex -0.04350166432653877 0.03763853036143339 0.0
  vertex -0.03955909789127819 0.03458603211817277 0.0
 endloop
endfacet
facet normal 0.0 0.0 -1.0
 outer loop
  vertex 0.00533551423307943 0.07628199047703263 0.0
  vertex 0.009949863085990088 0.07816949003905395 0.0
  vertex 0.009278064822050588 0.07322947176691377 0.0
 endloop
endfacet
facet normal 0.0 0.0 -1.0
 outer loop
  vertex -0.03781526567617918 -0.04868063977243901 0.0
  vertex -0.04175783211165951 -0.04562814152849444 0.0
  vertex -0.03714300787209896 -0.04374002796392824 0.0
 endloop
endfacet
facet normal 0.0 0.0 -1.0
 outer loop
  vertex -0.04175783211165951 -0.04562814152849444 0.0
  vertex -0.04108557430789559 -0.04068752972030418 0.0
  vertex -0.03714300787209896 -0.04374002796392824 0.0
 endloop
endfacet
facet normal 0.0 0.0 -1.0
 outer loop
  vertex 0.08339728128289084 -0.0224010377966461 0.0
  vertex 0.08425183641933136 -0.01750081944678149 0.0
  vertex 0.08810971722892366 -0.02082769220914203 0.0
 endloop
endfacet
facet normal 0.0 0.0 -1.0
 outer loop
  vertex 0.08339728128289084 -0.0224010377966461 0.0
  vertex 0.08810971722892366 -0.02082769220914203 0.0
  vertex 0.08724613198343995 -0.02567422742325104 0.0
 endloop
endfacet
facet normal 0.0 0.0 -1.0
 outer loop
  vertex 0.01917683365921574 0.0819390669589537 0.0
  vertex 0.01850782422862438 0.07700584216963281 0.0
  vertex 0.01456080247824229 0.08004886261380133 0.0
 endloop
endfacet
facet normal -0.0 0.0 -1.0
 outer loop
  vertex 0.02388336721302903 0.08361580172769258 0.0
  vertex 0.01917683365921574 0.0819390669589537 0.0
  vertex 0.02023551707601819 0.08743876129685109 0.0
 endloop
endfacet
facet normal 0.0 0.0 -1.0
 outer loop
  vertex 0.02388336721302903 0.08361580172769258 0.0
  vertex 0.02023551707601819 0.08743876129685109 0.0
  vertex 0.02487135731924455 0.08765860415374677 0.0
 endloop
endfacet
facet normal 0.0 0.0 -1.0
 outer loop
  vertex 0.02778100423128112 0.08068597116840218 0.0
  vertex 0.02388336721302903 0.08361580172769258 0.0
  vertex 0.02902366006697449 0.08598086280596663 0.0
 endloop
endfacet
facet normal -0.0 0.0 -1.0
 outer loop
  vertex 0.02902366006697449 0.08598086280596663 0.0
  vertex 0.02388336721302903 0.08361580172769258 0.0
  vertex 0.02487135731924455 0.08765860415374677 0.0
 endloop
endfacet
facet normal 0.0 0.0 -1.0
 outer loop
  vertex 0.02023551707601819 0.08743876129685109 0.0
  vertex 0.02312254044317039 0.09080793100076859 0.0
  vertex 0.02487135731924455 0.08765860415374677 0.0
 endloop
endfacet
facet normal 0.0 0.0 -1.0
 outer loop
  vertex -0.05820037909311788 -0.03835879309704075 0.0
  vertex -0.06214292312588647 -0.0353062782360221 0.0
  vertex -0.05752810258135192 -0.03341815760530895 0.0
 endloop
endfacet
facet normal -0.0 0.0 -1.0
 outer loop
  vertex -0.0535855353232104 -0.03647065225390676 0.0
  vertex -0.05820037909311788 -0.03835879309704075 0.0
  vertex -0.05752810258135192 -0.03341815760530895 0.0
 endloop
endfacet
facet normal 0.0 0.0 -1.0
 outer loop
  vertex -0.05820037909311788 -0.03835879309704075 0.0
  vertex -0.0535855353232104 -0.03647065225390676 0.0
  vertex -0.05425781824743784 -0.04141129664374209 0.0
 endloop
endfacet
facet normal 0.0 0.0 -1.0
 outer loop
  vertex -0.05887276026831358 -0.04329956219683016 0.0
  vertex -0.05820037909311788 -0.03835879309704075 0.0
  vertex -0.05425781824743784 -0.04141129664374209 0.0
 endloop
endfacet
facet normal 0.0 0.0 -1.0
 outer loop
  vertex -0.06541319906943717 -0.02731315891289758 0.0
  vertex -0.0660852986069918 -0.03225380494392693 0.0
  vertex -0.07002761668708132 -0.02920132980878239 0.0
 endloop
endfacet
facet normal 0.0 0.0 -1.0
 outer loop
  vertex -0.04484617993860221 0.02775730674015311 0.0
  vertex -0.04878874637360865 0.03080980498374205 0.0
  vertex -0.04417392213253788 0.03269791855083539 0.0
 endloop
endfacet
facet normal -0.0 0.0 -1.0
 outer loop
  vertex 0.07034246529185767 0.009567807710452972 0.0
  vertex 0.06572764105055035 0.007679694143054147 0.0
  vertex 0.06639989885660659 0.01262030595372586 0.0
 endloop
endfacet
facet normal 0.0 0.0 -1.0
 outer loop
  vertex 0.07101472309791387 0.01450841952112468 0.0
  vertex 0.07034246529185767 0.009567807710452972 0.0
  vertex 0.06639989885660659 0.01262030595372586 0.0
 endloop
endfacet
facet normal 0.0 0.0 -1.0
 outer loop
  vertex 0.06572764105055035 0.007679694143054147 0.0
  vertex 0.06178507461529929 0.01073219238632705 0.0
  vertex 0.06639989885660659 0.01262030595372586 0.0
 endloop
endfacet
facet normal 0.0 -0.0 -1.0
 outer loop
  vertex 0.03660319958950819 -0.04622637998998558 0.0
  vertex 0.04054579874764297 -0.04927897861669318 0.0
  vertex 0.03593094178345201 -0.05116699180065737 0.0
 endloop
endfacet
facet normal 0.0 0.0 -1.0
 outer loop
  vertex 0.07158184815226061 0.05191320985683578 0.0
  vertex 0.07260350428668251 0.05705742271233273 0.0
  vertex 0.07545654677697997 0.05298482568483696 0.0
 endloop
endfacet
facet normal 0.0 0.0 -1.0
 outer loop
  vertex 0.04995737530954614 0.01988968711614578 0.0
  vertex 0.05457219955085341 0.02177780068354456 0.0
  vertex 0.05389994174479718 0.01683718887287285 0.0
 endloop
endfacet
facet normal 0.0 -0.0 -1.0
 outer loop
  vertex 0.06236635202026936 -0.01702336491030455 0.0
  vertex 0.06630891845552038 -0.02007586315357746 0.0
  vertex 0.06169409421421315 -0.02196397672097627 0.0
 endloop
endfacet
facet normal 0.0 0.0 -1.0
 outer loop
  vertex 0.05775152777896209 -0.01891147847770337 0.0
  vertex 0.06236635202026936 -0.01702336491030455 0.0
  vertex 0.06169409421421315 -0.02196397672097627 0.0
 endloop
endfacet
facet normal 0.0 0.0 -1.0
 outer loop
  vertex -0.03848752348237285 -0.05362125158262441 0.0
  vertex -0.03915978128848051 -0.05856186339311451 0.0
  vertex -0.04310234772373162 -0.05550936514984951 0.0
 endloop
endfacet
facet normal 0.0 0.0 -1.0
 outer loop
  vertex -0.06339645732462364 -0.01249131665316279 0.0
  vertex -0.06272419904059297 -0.007550704935027433 0.0
  vertex -0.05878163295663207 -0.01060320314022007 0.0
 endloop
endfacet
facet normal 0.0 0.0 -1.0
 outer loop
  vertex 0.06361988723129564 -0.03983831039626443 0.0
  vertex 0.06823366611509457 -0.03795005458944828 0.0
  vertex 0.06756055950003292 -0.04289055090461028 0.0
 endloop
endfacet
facet normal 0.0 0.0 -1.0
 outer loop
  vertex 0.05920075656070196 -0.06890038467562738 0.0
  vertex 0.05562029223681608 -0.06656111932111591 0.0
  vertex 0.06000783876699943 -0.06469639718773279 0.0
 endloop
endfacet
facet normal 0.0 0.0 -1.0
 outer loop
  vertex -0.04937395487320607 0.05857409878000847 0.0
  vertex -0.04475659133503666 0.06045656899082834 0.0
  vertex -0.04542841369848209 0.05551498944851445 0.0
 endloop
endfacet
facet normal 0.0 0.0 -1.0
 outer loop
  vertex 0.04448849892640006 -0.05233188714264862 0.0
  vertex 0.04054579874764297 -0.04927897861669318 0.0
  vertex 0.0451606508156998 -0.04739095041294156 0.0
 endloop
endfacet
facet normal -0.0 0.0 -1.0
 outer loop
  vertex 0.04910332080984379 -0.05044376634207194 0.0
  vertex 0.04448849892640006 -0.05233188714264862 0.0
  vertex 0.0451606508156998 -0.04739095041294156 0.0
 endloop
endfacet
facet normal 0.0 -0.0 -1.0
 outer loop
  vertex -0.02983915271275273 -0.02208946764133787 0.0
  vertex -0.02589658628067425 -0.02514196598183375 0.0
  vertex -0.03051141039672444 -0.02703007934851786 0.0
 endloop
endfacet
facet normal 0.0 0.0 -1.0
 outer loop
  vertex -0.03051141039672444 -0.02703007934851786 0.0
  vertex -0.02589658628067425 -0.02514196598183375 0.0
  vertex -0.02656884404272049 -0.03008257764510879 0.0
 endloop
endfacet
facet normal 0.0 0.0 -1.0
 outer loop
  vertex 0.05111993011948622 -0.03562142747711742 0.0
  vertex 0.05044767231343001 -0.04056203928778916 0.0
  vertex 0.04650510587817894 -0.03750954104451622 0.0
 endloop
endfacet
facet normal 0.0 0.0 -1.0
 outer loop
  vertex -0.0797411938156454 -0.03801365882644341 0.0
  vertex -0.08039786072167564 -0.04356235868332339 0.0
  vertex -0.08340181715240053 -0.03998082894851183 0.0
 endloop
endfacet
facet normal 0.0 0.0 -1.0
 outer loop
  vertex 0.0592727789489469 0.05635533450168673 0.0
  vertex 0.05534964459776468 0.05941559945105513 0.0
  vertex 0.05995026199930303 0.06130269516891818 0.0
 endloop
endfacet
facet normal 0.0 -0.0 -1.0
 outer loop
  vertex 0.06707215666266281 0.01756091776439755 0.0
  vertex 0.07101472309791387 0.01450841952112468 0.0
  vertex 0.06639989885660659 0.01262030595372586 0.0
 endloop
endfacet
facet normal -0.0 0.0 -1.0
 outer loop
  vertex 0.03217033615037326 0.01727784465722233 0.0
  vertex 0.02755551190906597 0.01538973108982352 0.0
  vertex 0.02822776971512223 0.02033034290049528 0.0
 endloop
endfacet
facet normal 0.0 0.0 -1.0
 outer loop
  vertex 0.03284259395642951 0.02221845646789409 0.0
  vertex 0.03217033615037326 0.01727784465722233 0.0
  vertex 0.02822776971512223 0.02033034290049528 0.0
 endloop
endfacet
facet normal 0.0 0.0 -1.0
 outer loop
  vertex 0.02755551190906597 0.01538973108982352 0.0
  vertex 0.02688325410300976 0.01044911927915178 0.0
  vertex 0.02294068766775874 0.01350161752242476 0.0
 endloop
endfacet
facet normal -0.0 0.0 -1.0
 outer loop
  vertex 0.02755551190906597 0.01538973108982352 0.0
  vertex 0.02294068766775874 0.01350161752242476 0.0
  vertex 0.02361294547381496 0.0184422293330965 0.0
 endloop
endfacet
facet normal 0.0 0.0 -1.0
 outer loop
  vertex 0.02755551190906597 0.01538973108982352 0.0
  vertex 0.02361294547381496 0.0184422293330965 0.0
  vertex 0.02822776971512223 0.02033034290049528 0.0
 endloop
endfacet
facet normal 0.0 -0.0 -1.0
 outer loop
  vertex 0.02294068766775874 0.01350161752242476 0.0
  vertex 0.02688325410300976 0.01044911927915178 0.0
  vertex 0.02226842986170254 0.008561005711753042 0.0
 endloop
endfacet
facet normal 0.0 0.0 -1.0
 outer loop
  vertex 0.02226842986170254 0.008561005711753042 0.0
  vertex 0.02688325410300976 0.01044911927915178 0.0
  vertex 0.02621099629687079 0.005508507468371603 0.0
 endloop
endfacet
facet normal 0.0 -0.0 -1.0
 outer loop
  vertex 0.02688325410300976 0.01044911927915178 0.0
  vertex 0.03082582053826 0.007396621035877781 0.0
  vertex 0.02621099629687079 0.005508507468371603 0.0
 endloop
endfacet
facet normal 0.0 0.0 -1.0
 outer loop
  vertex 0.02294068766775874 0.01350161752242476 0.0
  vertex 0.02226842986170254 0.008561005711753042 0.0
  vertex 0.01832586342645205 0.01161350395502495 0.0
 endloop
endfacet
facet normal 0.0 0.0 -1.0
 outer loop
  vertex 0.02361294547381496 0.0184422293330965 0.0
  vertex 0.02294068766775874 0.01350161752242476 0.0
  vertex 0.01899812123250771 0.01655411576569771 0.0
 endloop
endfacet
facet normal 0.0 -0.0 -1.0
 outer loop
  vertex 0.01899812123250771 0.01655411576569771 0.0
  vertex 0.02294068766775874 0.01350161752242476 0.0
  vertex 0.01832586342645205 0.01161350395502495 0.0
 endloop
endfacet
facet normal 0.0 -0.0 -1.0
 outer loop
  vertex 0.01832586342645205 0.01161350395502495 0.0
  vertex 0.02226842986170254 0.008561005711753042 0.0
  vertex 0.01765360562021879 0.006672892144105343 0.0
 endloop
endfacet
facet normal 0.0 0.0 -1.0
 outer loop
  vertex 0.02226842986170254 0.008561005711753042 0.0
  vertex 0.02159617205529653 0.003620393900620649 0.0
  vertex 0.01765360562021879 0.006672892144105343 0.0
 endloop
endfacet
facet normal 0.0 0.0 -1.0
 outer loop
  vertex 0.02159617205529653 0.003620393900620649 0.0
  vertex 0.02226842986170254 0.008561005711753042 0.0
  vertex 0.02621099629687079 0.005508507468371603 0.0
 endloop
endfacet
facet normal -0.0 0.0 -1.0
 outer loop
  vertex 0.02361294547381496 0.0184422293330965 0.0
  vertex 0.01899812123250771 0.01655411576569771 0.0
  vertex 0.01967037903856392 0.02149472757636945 0.0
 endloop
endfacet
facet normal 0.0 0.0 -1.0
 outer loop
  vertex 0.02361294547381496 0.0184422293330965 0.0
  vertex 0.01967037903856392 0.02149472757636945 0.0
  vertex 0.0242852032798712 0.02338284114376823 0.0
 endloop
endfacet
facet normal 0.0 0.0 -1.0
 outer loop
  vertex 0.02361294547381496 0.0184422293330965 0.0
  vertex 0.0242852032798712 0.02338284114376823 0.0
  vertex 0.02822776971512223 0.02033034290049528 0.0
 endloop
endfacet
facet normal 0.0 0.0 -1.0
 outer loop
  vertex 0.01967037903856392 0.02149472757636945 0.0
  vertex 0.01899812123250771 0.01655411576569771 0.0
  vertex 0.01505555479725666 0.01960661400897067 0.0
 endloop
endfacet
facet normal 0.0 -0.0 -1.0
 outer loop
  vertex 0.01505555479725666 0.01960661400897067 0.0
  vertex 0.01899812123250771 0.01655411576569771 0.0
  vertex 0.014383296991202 0.01466600219829608 0.0
 endloop
endfacet
facet normal 0.0 0.0 -1.0
 outer loop
  vertex 0.014383296991202 0.01466600219829608 0.0
  vertex 0.01899812123250771 0.01655411576569771 0.0
  vertex 0.01832586342645205 0.01161350395502495 0.0
 endloop
endfacet
facet normal -0.0 0.0 -1.0
 outer loop
  vertex 0.01967037903856392 0.02149472757636945 0.0
  vertex 0.01505555479725666 0.01960661400897067 0.0
  vertex 0.01572781260331288 0.0245472258196424 0.0
 endloop
endfacet
facet normal 0.0 0.0 -1.0
 outer loop
  vertex 0.01967037903856392 0.02149472757636945 0.0
  vertex 0.01572781260331288 0.0245472258196424 0.0
  vertex 0.02034263684462016 0.0264353393870412 0.0
 endloop
endfacet
facet normal -0.0 0.0 -1.0
 outer loop
  vertex 0.0242852032798712 0.02338284114376823 0.0
  vertex 0.01967037903856392 0.02149472757636945 0.0
  vertex 0.02034263684462016 0.0264353393870412 0.0
 endloop
endfacet
facet normal 0.0 0.0 -1.0
 outer loop
  vertex 0.01572781260331288 0.0245472258196424 0.0
  vertex 0.01505555479725666 0.01960661400897067 0.0
  vertex 0.01111298836200558 0.02265911225224359 0.0
 endloop
endfacet
facet normal 0.0 -0.0 -1.0
 outer loop
  vertex 0.01111298836200558 0.02265911225224359 0.0
  vertex 0.01505555479725666 0.01960661400897067 0.0
  vertex 0.01044073055594934 0.01771850044157186 0.0
 endloop
endfacet
facet normal 0.0 0.0 -1.0
 outer loop
  vertex 0.01505555479725666 0.01960661400897067 0.0
  vertex 0.014383296991202 0.01466600219829608 0.0
  vertex 0.01044073055594934 0.01771850044157186 0.0
 endloop
endfacet
facet normal -0.0 0.0 -1.0
 outer loop
  vertex 0.01572781260331288 0.0245472258196424 0.0
  vertex 0.01111298836200558 0.02265911225224359 0.0
  vertex 0.01178524616806184 0.02759972406291537 0.0
 endloop
endfacet
facet normal 0.0 0.0 -1.0
 outer loop
  vertex 0.01572781260331288 0.0245472258196424 0.0
  vertex 0.01178524616806184 0.02759972406291537 0.0
  vertex 0.01640007040936911 0.02948783763031414 0.0
 endloop
endfacet
facet normal 0.0 0.0 -1.0
 outer loop
  vertex 0.01572781260331288 0.0245472258196424 0.0
  vertex 0.01640007040936911 0.02948783763031414 0.0
  vertex 0.02034263684462016 0.0264353393870412 0.0
 endloop
endfacet
facet normal 0.0 0.0 -1.0
 outer loop
  vertex 0.01178524616806184 0.02759972406291537 0.0
  vertex 0.01111298836200558 0.02265911225224359 0.0
  vertex 0.007170421926754581 0.02571161049551656 0.0
 endloop
endfacet
facet normal -0.0 0.0 -1.0
 outer loop
  vertex 0.01640007040936911 0.02948783763031414 0.0
  vertex 0.01178524616806184 0.02759972406291537 0.0
  vertex 0.0124575039741181 0.03254033587358715 0.0
 endloop
endfacet
facet normal -0.0 0.0 -1.0
 outer loop
  vertex 0.01178524616806184 0.02759972406291537 0.0
  vertex 0.007170421926754581 0.02571161049551656 0.0
  vertex 0.007842679732810878 0.03065222230618828 0.0
 endloop
endfacet
facet normal 0.0 0.0 -1.0
 outer loop
  vertex 0.0124575039741181 0.03254033587358715 0.0
  vertex 0.01178524616806184 0.02759972406291537 0.0
  vertex 0.007842679732810878 0.03065222230618828 0.0
 endloop
endfacet
facet normal 0.0 0.0 -1.0
 outer loop
  vertex 0.01640007040936911 0.02948783763031414 0.0
  vertex 0.0124575039741181 0.03254033587358715 0.0
  vertex 0.01707232821542537 0.03442844944098591 0.0
 endloop
endfacet
facet normal 0.0 0.0 -1.0
 outer loop
  vertex 0.01640007040936911 0.02948783763031414 0.0
  vertex 0.01707232821542537 0.03442844944098591 0.0
  vertex 0.0210148946506764 0.03137595119771295 0.0
 endloop
endfacet
facet normal 0.0 0.0 -1.0
 outer loop
  vertex 0.02034263684462016 0.0264353393870412 0.0
  vertex 0.01640007040936911 0.02948783763031414 0.0
  vertex 0.0210148946506764 0.03137595119771295 0.0
 endloop
endfacet
facet normal 0.0 -0.0 -1.0
 outer loop
  vertex 0.003227855491503753 0.0287641087387891 0.0
  vertex 0.007170421926754581 0.02571161049551656 0.0
  vertex 0.002555597685451288 0.02382349692811036 0.0
 endloop
endfacet
facet normal 0.0 0.0 -1.0
 outer loop
  vertex 0.007170421926754581 0.02571161049551656 0.0
  vertex 0.003227855491503753 0.0287641087387891 0.0
  vertex 0.007842679732810878 0.03065222230618828 0.0
 endloop
endfacet
facet normal 0.0 -0.0 -1.0
 outer loop
  vertex 0.008514937538867128 0.03559283411686014 0.0
  vertex 0.0124575039741181 0.03254033587358715 0.0
  vertex 0.007842679732810878 0.03065222230618828 0.0
 endloop
endfacet
facet normal 0.0 0.0 -1.0
 outer loop
  vertex 0.01371103918514606 0.009725390387623859 0.0
  vertex 0.014383296991202 0.01466600219829608 0.0
  vertex 0.01832586342645205 0.01161350395502495 0.0
 endloop
endfacet
facet normal 0.0 0.0 -1.0
 outer loop
  vertex 0.0242852032798712 0.02338284114376823 0.0
  vertex 0.02890002752117847 0.02527095471116704 0.0
  vertex 0.02822776971512223 0.02033034290049528 0.0
 endloop
endfacet
facet normal 0.0 0.0 -1.0
 outer loop
  vertex 0.009096214943936178 0.007837276820049751 0.0
  vertex 0.01371103918514606 0.009725390387623859 0.0
  vertex 0.01303878137876739 0.004784778576466811 0.0
 endloop
endfacet
facet normal 0.0 0.0 -1.0
 outer loop
  vertex 0.01303878137876739 0.004784778576466811 0.0
  vertex 0.01371103918514606 0.009725390387623859 0.0
  vertex 0.01765360562021879 0.006672892144105343 0.0
 endloop
endfacet
facet normal 0.0 0.0 -1.0
 outer loop
  vertex 0.01371103918514606 0.009725390387623859 0.0
  vertex 0.01832586342645205 0.01161350395502495 0.0
  vertex 0.01765360562021879 0.006672892144105343 0.0
 endloop
endfacet
facet normal 0.0 -0.0 -1.0
 outer loop
  vertex 0.009096214943936178 0.007837276820049751 0.0
  vertex 0.01303878137876739 0.004784778576466811 0.0
  vertex 0.008423957137658172 0.002896665008533969 0.0
 endloop
endfacet
facet normal 0.0 0.0 -1.0
 outer loop
  vertex 0.01698134781394817 0.001732280333142755 0.0
  vertex 0.01303878137876739 0.004784778576466811 0.0
  vertex 0.01765360562021879 0.006672892144105343 0.0
 endloop
endfacet
facet normal 0.0 0.0 -1.0
 outer loop
  vertex 0.03082582053826 0.007396621035877781 0.0
  vertex 0.03015356273216609 0.002456009225157251 0.0
  vertex 0.02621099629687079 0.005508507468371603 0.0
 endloop
endfacet
facet normal -0.0 0.0 -1.0
 outer loop
  vertex 0.02939032452506228 -0.03518077169276802 0.0
  vertex 0.02477550028375502 -0.03706888526016683 0.0
  vertex 0.02544775808981074 -0.03212827344949613 0.0
 endloop
endfacet
facet normal 0.0 0.0 -1.0
 outer loop
  vertex 0.02939032452506228 -0.03518077169276802 0.0
  vertex 0.03400514876636954 -0.03329265812536918 0.0
  vertex 0.03333289096031331 -0.03823326993604097 0.0
 endloop
endfacet
facet normal 0.0 0.0 -1.0
 outer loop
  vertex 0.02612001589586736 -0.02718766163882333 0.0
  vertex 0.02544775808981074 -0.03212827344949613 0.0
  vertex 0.02150519165443721 -0.02907577520650277 0.0
 endloop
endfacet
facet normal 0.0 -0.0 -1.0
 outer loop
  vertex 0.02217744946053634 -0.02413516339573302 0.0
  vertex 0.02612001589586736 -0.02718766163882333 0.0
  vertex 0.02150519165443721 -0.02907577520650277 0.0
 endloop
endfacet
facet normal 0.0 0.0 -1.0
 outer loop
  vertex 0.02217744946053634 -0.02413516339573302 0.0
  vertex 0.01823488302181993 -0.02108266516002341 0.0
  vertex 0.02284970726621299 -0.01919455158577331 0.0
 endloop
endfacet
facet normal 0.0 0.0 -1.0
 outer loop
  vertex -0.0141598670648719 -0.06699562923137228 0.0
  vertex -0.0181024335000584 -0.06394313098824948 0.0
  vertex -0.01348760925874605 -0.06205501742086149 0.0
 endloop
endfacet
facet normal 0.0 0.0 -1.0
 outer loop
  vertex -0.0141598670648719 -0.06699562923137228 0.0
  vertex -0.01348760925874605 -0.06205501742086149 0.0
  vertex -0.009545042823553028 -0.06510751566400035 0.0
 endloop
endfacet
facet normal 0.0 0.0 -1.0
 outer loop
  vertex -0.04368362513061069 -0.02775380791523869 0.0
  vertex -0.04762619159181348 -0.02470130965772638 0.0
  vertex -0.04301136742778253 -0.02281319616449836 0.0
 endloop
endfacet
facet normal -0.0 0.0 -1.0
 outer loop
  vertex -0.04301136742778253 -0.02281319616449836 0.0
  vertex -0.04762619159181348 -0.02470130965772638 0.0
  vertex -0.04695393388047579 -0.01976069792436222 0.0
 endloop
endfacet
facet normal -0.0 0.0 -1.0
 outer loop
  vertex 0.05515347695582344 -0.005977756613086953 0.0
  vertex 0.05053865271451612 -0.007865870180485842 0.0
  vertex 0.0512109105205723 -0.002925258369814128 0.0
 endloop
endfacet
facet normal 0.0 0.0 -1.0
 outer loop
  vertex 0.03620388298671057 0.04692151552125266 0.0
  vertex 0.03687614079276678 0.05186212733192437 0.0
  vertex 0.04081870722801784 0.04880962908865145 0.0
 endloop
endfacet
facet normal 0.0 0.0 -1.0
 outer loop
  vertex 0.03620388298671057 0.04692151552125266 0.0
  vertex 0.04081870722801784 0.04880962908865145 0.0
  vertex 0.04014644942196165 0.04386901727797974 0.0
 endloop
endfacet
facet normal 0.0 -0.0 -1.0
 outer loop
  vertex 0.03620388298671057 0.04692151552125266 0.0
  vertex 0.04014644942196165 0.04386901727797974 0.0
  vertex 0.03553162518065437 0.04198090371058097 0.0
 endloop
endfacet
facet normal 0.0 0.0 -1.0
 outer loop
  vertex 0.03620388298671057 0.04692151552125266 0.0
  vertex 0.03553162518065437 0.04198090371058097 0.0
  vertex 0.03158905874540333 0.0450334019538539 0.0
 endloop
endfacet
facet normal 0.0 -0.0 -1.0
 outer loop
  vertex 0.02890002752117847 0.02527095471116704 0.0
  vertex 0.03284259395642951 0.02221845646789409 0.0
  vertex 0.02822776971512223 0.02033034290049528 0.0
 endloop
endfacet
facet normal 0.0 0.0 -1.0
 outer loop
  vertex -0.0177385118957775 0.06684154544111427 0.0
  vertex -0.02168107833102852 0.06989404368438723 0.0
  vertex -0.01706626425197743 0.07178215267840739 0.0
 endloop
endfacet
facet normal -0.0 0.0 -1.0
 outer loop
  vertex 0.002646578086533831 0.05651966603542127 0.0
  vertex -0.001968246154773442 0.05463155246802252 0.0
  vertex -0.001295988348717148 0.05957216427869422 0.0
 endloop
endfacet
facet normal 0.0 0.0 -1.0
 outer loop
  vertex 0.07294048845641457 -0.003365910390723155 0.0
  vertex 0.07755517440481352 -0.001477778006123044 0.0
  vertex 0.0768828244034851 -0.00641837727199388 0.0
 endloop
endfacet
facet normal 0.0 0.0 -1.0
 outer loop
  vertex -0.005602476388313586 -0.06816001390724646 0.0
  vertex -0.009545042823553028 -0.06510751566400035 0.0
  vertex -0.004930218582247086 -0.0632194020965979 0.0
 endloop
endfacet
facet normal -0.0 0.0 -1.0
 outer loop
  vertex 0.05044767231343001 -0.04056203928778916 0.0
  vertex 0.04583284807212273 -0.04245015285518798 0.0
  vertex 0.04650510587817894 -0.03750954104451622 0.0
 endloop
endfacet
facet normal 0.0 -0.0 -1.0
 outer loop
  vertex -0.05029643555692407 0.0814266419537869 0.0
  vertex -0.04647461439486186 0.07846259902799281 0.0
  vertex -0.05093433898524641 0.0764748554661406 0.0
 endloop
endfacet
facet normal 0.0 0.0 -1.0
 outer loop
  vertex 0.02813678931393754 -0.01236582620693554 0.0
  vertex 0.03275161355531473 -0.01047771263944625 0.0
  vertex 0.03207935574926575 -0.01541832445010862 0.0
 endloop
endfacet
facet normal 0.0 -0.0 -1.0
 outer loop
  vertex 0.02813678931393754 -0.01236582620693554 0.0
  vertex 0.03207935574926575 -0.01541832445010862 0.0
  vertex 0.02746453150794686 -0.01730643801752249 0.0
 endloop
endfacet
facet normal 0.0 0.0 -1.0
 outer loop
  vertex 0.01630909000253914 -0.003208331484471878 0.0
  vertex 0.01698134781394817 0.001732280333142755 0.0
  vertex 0.02092391424798979 -0.00132021791167539 0.0
 endloop
endfacet
facet normal 0.0 0.0 -1.0
 outer loop
  vertex 0.02092391424798979 -0.00132021791167539 0.0
  vertex 0.01698134781394817 0.001732280333142755 0.0
  vertex 0.02159617205529653 0.003620393900620649 0.0
 endloop
endfacet
facet normal -0.0 0.0 -1.0
 outer loop
  vertex 0.02159617205529653 0.003620393900620649 0.0
  vertex 0.01698134781394817 0.001732280333142755 0.0
  vertex 0.01765360562021879 0.006672892144105343 0.0
 endloop
endfacet
facet normal 0.0 0.0 -1.0
 outer loop
  vertex 0.07025148489077142 -0.02312836139685035 0.0
  vertex 0.06630891845552038 -0.02007586315357746 0.0
  vertex 0.07092374269682761 -0.01818774958617857 0.0
 endloop
endfacet
facet normal 0.0 0.0 -1.0
 outer loop
  vertex 0.003318835892590088 0.06146027784609299 0.0
  vertex 0.002646578086533831 0.05651966603542127 0.0
  vertex -0.001295988348717148 0.05957216427869422 0.0
 endloop
endfacet
facet normal 0.0 0.0 -1.0
 outer loop
  vertex 0.03880193380984923 0.03398779365663633 0.0
  vertex 0.03485936737459819 0.03704029189990927 0.0
  vertex 0.03947419161590544 0.03892840546730803 0.0
 endloop
endfacet
facet normal -0.0 0.0 -1.0
 outer loop
  vertex 0.03947419161590544 0.03892840546730803 0.0
  vertex 0.03485936737459819 0.03704029189990927 0.0
  vertex 0.03553162518065437 0.04198090371058097 0.0
 endloop
endfacet
facet normal 0.0 0.0 -1.0
 outer loop
  vertex 0.04870384009851995 0.04270463260210561 0.0
  vertex 0.04803158229246374 0.0377640207914339 0.0
  vertex 0.0440890158572127 0.04081651903470682 0.0
 endloop
endfacet
facet normal 0.0 0.0 -1.0
 outer loop
  vertex 0.05072061351668856 0.05752646803412076 0.0
  vertex 0.05140120696693919 0.06246313957874274 0.0
  vertex 0.05534964459776468 0.05941559945105513 0.0
 endloop
endfacet
facet normal 0.0 -0.0 -1.0
 outer loop
  vertex 0.04601480887429507 0.02294218535941871 0.0
  vertex 0.04995737530954614 0.01988968711614578 0.0
  vertex 0.04534255106823882 0.01800157354874696 0.0
 endloop
endfacet
facet normal 0.0 0.0 -1.0
 outer loop
  vertex 0.04534255106823882 0.01800157354874696 0.0
  vertex 0.04995737530954614 0.01988968711614578 0.0
  vertex 0.04928511750348986 0.01494907530547403 0.0
 endloop
endfacet
facet normal 0.0 -0.0 -1.0
 outer loop
  vertex 0.04995737530954614 0.01988968711614578 0.0
  vertex 0.05389994174479718 0.01683718887287285 0.0
  vertex 0.04928511750348986 0.01494907530547403 0.0
 endloop
endfacet
facet normal 0.0 0.0 -1.0
 outer loop
  vertex 0.01823488302181993 -0.02108266516002341 0.0
  vertex 0.01890714082759069 -0.01614205334826382 0.0
  vertex 0.02284970726621299 -0.01919455158577331 0.0
 endloop
endfacet
facet normal -0.0 0.0 -1.0
 outer loop
  vertex 0.003718152495384801 -0.03168761766515136 0.0
  vertex -0.0008966717431671043 -0.03357573123292103 0.0
  vertex -0.000224414017127536 -0.02863511950025207 0.0
 endloop
endfacet
facet normal 0.0 0.0 -1.0
 outer loop
  vertex 0.003718152495384801 -0.03168761766515136 0.0
  vertex -0.000224414017127536 -0.02863511950025207 0.0
  vertex 0.004390410315520793 -0.02674700589613399 0.0
 endloop
endfacet
facet normal 0.0 0.0 -1.0
 outer loop
  vertex -0.000224414017127536 -0.02863511950025207 0.0
  vertex -0.0008966717431671043 -0.03357573123292103 0.0
  vertex -0.004839238404064297 -0.0305232331451481 0.0
 endloop
endfacet
facet normal -0.0 0.0 -1.0
 outer loop
  vertex -0.000224414017127536 -0.02863511950025207 0.0
  vertex -0.004839238404064297 -0.0305232331451481 0.0
  vertex -0.004166980755088797 -0.02558262158690685 0.0
 endloop
endfacet
facet normal -0.0 0.0 -1.0
 outer loop
  vertex 0.004390410315520793 -0.02674700589613399 0.0
  vertex -0.000224414017127536 -0.02863511950025207 0.0
  vertex 0.0004478438919738181 -0.02369450773958312 0.0
 endloop
endfacet
facet normal 0.0 0.0 -1.0
 outer loop
  vertex 0.0004478438919738181 -0.02369450773958312 0.0
  vertex -0.000224414017127536 -0.02863511950025207 0.0
  vertex -0.004166980755088797 -0.02558262158690685 0.0
 endloop
endfacet
facet normal -0.0 0.0 -1.0
 outer loop
  vertex -0.004839238404064297 -0.0305232331451481 0.0
  vertex -0.009454062451278597 -0.03241134665600906 0.0
  vertex -0.00878180521894854 -0.0274707351844654 0.0
 endloop
endfacet
facet normal 0.0 0.0 -1.0
 outer loop
  vertex -0.004839238404064297 -0.0305232331451481 0.0
  vertex -0.00878180521894854 -0.0274707351844654 0.0
  vertex -0.004166980755088797 -0.02558262158690685 0.0
 endloop
endfacet
facet normal 0.0 0.0 -1.0
 outer loop
  vertex -0.02638688297342215 0.03530976100968519 0.0
  vertex -0.02571462516736595 0.04025037282035692 0.0
  vertex -0.02177205873211491 0.03719787457708397 0.0
 endloop
endfacet
facet normal 0.0 -0.0 -1.0
 outer loop
  vertex -0.007346308603219713 0.01510665798264134 0.0
  vertex -0.003403742167870075 0.01205415973919105 0.0
  vertex -0.00801856640717789 0.01016604616819367 0.0
 endloop
endfacet
facet normal 0.0 0.0 -1.0
 outer loop
  vertex -0.0351262345200311 -0.02891819261602769 0.0
  vertex -0.03906880094883138 -0.02586569440719124 0.0
  vertex -0.03445397684223871 -0.02397758099952822 0.0
 endloop
endfacet
facet normal 0.0 0.0 -1.0
 outer loop
  vertex -0.0351262345200311 -0.02891819261602769 0.0
  vertex -0.03445397684223871 -0.02397758099952822 0.0
  vertex -0.03051141039672444 -0.02703007934851786 0.0
 endloop
endfacet
facet normal -0.0 0.0 -1.0
 outer loop
  vertex -0.03906880094883138 -0.02586569440719124 0.0
  vertex -0.04368362513061069 -0.02775380791523869 0.0
  vertex -0.04301136742778253 -0.02281319616449836 0.0
 endloop
endfacet
facet normal 0.0 0.0 -1.0
 outer loop
  vertex -0.03906880094883138 -0.02586569440719124 0.0
  vertex -0.04301136742778253 -0.02281319616449836 0.0
  vertex -0.03839654326428965 -0.02092508272180855 0.0
 endloop
endfacet
facet normal 0.0 0.0 -1.0
 outer loop
  vertex -0.03906880094883138 -0.02586569440719124 0.0
  vertex -0.03839654326428965 -0.02092508272180855 0.0
  vertex -0.03445397684223871 -0.02397758099952822 0.0
 endloop
endfacet
facet normal 0.0 0.0 -1.0
 outer loop
  vertex -0.003403742167870075 0.01205415973919105 0.0
  vertex -0.004075999972409451 0.007113547925789497 0.0
  vertex -0.00801856640717789 0.01016604616819367 0.0
 endloop
endfacet
facet normal 0.0 0.0 -1.0
 outer loop
  vertex -0.02168107833102852 0.06989404368438723 0.0
  vertex -0.02100888149850924 0.07483462805478748 0.0
  vertex -0.01706626425197743 0.07178215267840739 0.0
 endloop
endfacet
facet normal 0.0 0.0 -1.0
 outer loop
  vertex 0.04794060189137722 0.005067851684130271 0.0
  vertex 0.043998035456126 0.008120349927402985 0.0
  vertex 0.04861285969743355 0.01000846349480218 0.0
 endloop
endfacet
facet normal 0.0 0.0 -1.0
 outer loop
  vertex 0.05707926997290587 -0.02385209028837511 0.0
  vertex 0.05775152777896209 -0.01891147847770337 0.0
  vertex 0.06169409421421315 -0.02196397672097627 0.0
 endloop
endfacet
facet normal 0.0 0.0 -1.0
 outer loop
  vertex 0.06102183640815695 -0.02690458853164804 0.0
  vertex 0.05707926997290587 -0.02385209028837511 0.0
  vertex 0.06169409421421315 -0.02196397672097627 0.0
 endloop
endfacet
facet normal 0.0 -0.0 -1.0
 outer loop
  vertex -0.003494722904484596 -0.02064200999593026 0.0
  vertex 0.0004478438919738181 -0.02369450773958312 0.0
  vertex -0.004166980755088797 -0.02558262158690685 0.0
 endloop
endfacet
facet normal 0.0 0.0 -1.0
 outer loop
  vertex 0.0004478438919738181 -0.02369450773958312 0.0
  vertex -0.003494722904484596 -0.02064200999593026 0.0
  vertex 0.001120101305739199 -0.01875389627740597 0.0
 endloop
endfacet
facet normal 0.0 0.0 -1.0
 outer loop
  vertex -0.03445397684223871 -0.02397758099952822 0.0
  vertex -0.02983915271275273 -0.02208946764133787 0.0
  vertex -0.03051141039672444 -0.02703007934851786 0.0
 endloop
endfacet
facet normal 0.0 0.0 -1.0
 outer loop
  vertex -0.02571462516736595 0.04025037282035692 0.0
  vertex -0.02109980092605871 0.0421384863877557 0.0
  vertex -0.02177205873211491 0.03719787457708397 0.0
 endloop
endfacet
facet normal 0.0 -0.0 -1.0
 outer loop
  vertex 0.04014644942196165 0.04386901727797974 0.0
  vertex 0.0440890158572127 0.04081651903470682 0.0
  vertex 0.03947419161590544 0.03892840546730803 0.0
 endloop
endfacet
facet normal 0.0 0.0 -1.0
 outer loop
  vertex 0.04014644942196165 0.04386901727797974 0.0
  vertex 0.03947419161590544 0.03892840546730803 0.0
  vertex 0.03553162518065437 0.04198090371058097 0.0
 endloop
endfacet
facet normal 0.0 0.0 -1.0
 outer loop
  vertex -0.05551132449950232 -0.01859631313458158 0.0
  vertex -0.05483906668330655 -0.013655701384909 0.0
  vertex -0.0508965003376462 -0.01670819962387505 0.0
 endloop
endfacet
facet normal -0.0 0.0 -1.0
 outer loop
  vertex 0.006976629512048744 0.09122957721975761 0.0
  vertex 0.002519324947784656 0.0888633515974139 0.0
  vertex 0.002643175818113973 0.09275025231873874 0.0
 endloop
endfacet
facet normal 0.0 0.0 -1.0
 outer loop
  vertex 0.002519324947784656 0.0888633515974139 0.0
  vertex -0.00130230914902502 0.091813503501872 0.0
  vertex 0.002643175818113973 0.09275025231873874 0.0
 endloop
endfacet
facet normal -0.0 0.0 -1.0
 outer loop
  vertex -0.01043465643024545 0.0884921062511999 0.0
  vertex -0.01501279137266327 0.08651431869975973 0.0
  vertex -0.0145151608897699 0.09143128817278791 0.0
 endloop
endfacet
facet normal 0.0 0.0 -1.0
 outer loop
  vertex -0.0145151608897699 0.09143128817278791 0.0
  vertex -0.01501279137266327 0.08651431869975973 0.0
  vertex -0.0189541470059329 0.08937667092579772 0.0
 endloop
endfacet
facet normal 0.0 0.0 -1.0
 outer loop
  vertex -0.01043465643024545 0.0884921062511999 0.0
  vertex -0.005701381189508158 0.09125074954915383 0.0
  vertex -0.006472348161756036 0.08558469629635279 0.0
 endloop
endfacet
facet normal 0.0 0.0 -1.0
 outer loop
  vertex -0.005701381189508158 0.09125074954915383 0.0
  vertex -0.004704296391953882 0.09577185324944497 0.0
  vertex -0.00130230914902502 0.091813503501872 0.0
 endloop
endfacet
facet normal 0.0 0.0 -1.0
 outer loop
  vertex 0.04726834408532092 0.0001272398734583871 0.0
  vertex 0.04794060189137722 0.005067851684130271 0.0
  vertex 0.05188316832662843 0.002015353440857551 0.0
 endloop
endfacet
facet normal 0.0 0.0 -1.0
 outer loop
  vertex 0.0512109105205723 -0.002925258369814128 0.0
  vertex 0.04726834408532092 0.0001272398734583871 0.0
  vertex 0.05188316832662843 0.002015353440857551 0.0
 endloop
endfacet
facet normal 0.0 0.0 -1.0
 outer loop
  vertex -0.02374589874087275 0.08776614725489618 0.0
  vertex -0.02320767418680968 0.092741025537319 0.0
  vertex -0.0189541470059329 0.08937667092579772 0.0
 endloop
endfacet
facet normal 0.0 0.0 -1.0
 outer loop
  vertex 0.04089199231415611 -0.08161103517076494 0.0
  vertex 0.04108423777026127 -0.0769298150969062 0.0
  vertex 0.04523108742168345 -0.07954090194948162 0.0
 endloop
endfacet
facet normal 0.0 0.0 -1.0
 outer loop
  vertex 0.03613547813626118 -0.0836454474927017 0.0
  vertex 0.04089199231415611 -0.08161103517076494 0.0
  vertex 0.0410367929474613 -0.08629937083479018 0.0
 endloop
endfacet
facet normal 0.0 0.0 -1.0
 outer loop
  vertex 0.07303024358270234 0.0293304254369336 0.0
  vertex 0.06908893008083129 0.03238275319641265 0.0
  vertex 0.07369979126897641 0.03426783501867206 0.0
 endloop
endfacet
facet normal 0.0 0.0 -1.0
 outer loop
  vertex 0.06908893008083129 0.03238275319641265 0.0
  vertex 0.06975904391755712 0.03732059588459966 0.0
  vertex 0.07369979126897641 0.03426783501867206 0.0
 endloop
endfacet
facet normal 0.0 0.0 -1.0
 outer loop
  vertex 0.06627065360954523 -0.05290190275332447 0.0
  vertex 0.06228369182579789 -0.04974743542599255 0.0
  vertex 0.06690171537989627 -0.04785668961202899 0.0
 endloop
endfacet
facet normal 0.0 0.0 -1.0
 outer loop
  vertex -0.02271725774140033 -0.06583124455556756 0.0
  vertex -0.0233895155474864 -0.07077185636616984 0.0
  vertex -0.02733208198272984 -0.06771935812291491 0.0
 endloop
endfacet
facet normal 0.0 0.0 -1.0
 outer loop
  vertex -0.07127880301080054 -0.006382718684196391 0.0
  vertex -0.0706090542595309 -0.001445371697399461 0.0
  vertex -0.06666625186776581 -0.004497550806272668 0.0
 endloop
endfacet
facet normal 0.0 0.0 -1.0
 outer loop
  vertex -0.05358482151502073 -0.0690483699812347 0.0
  vertex -0.05391110873874642 -0.07403066243788911 0.0
  vertex -0.05794079176517874 -0.07073673870403731 0.0
 endloop
endfacet
facet normal -0.0 0.0 -1.0
 outer loop
  vertex -0.02513334776260583 0.01249481552281357 0.0
  vertex -0.02974817200456046 0.01060670195289925 0.0
  vertex -0.02907591419788345 0.01554731376605394 0.0
 endloop
endfacet
facet normal 0.0 0.0 -1.0
 outer loop
  vertex -0.08304247566827075 0.04794459568124973 0.0
  vertex -0.0776503855392211 0.04736958867758778 0.0
  vertex -0.08116752317515248 0.04431774637695224 0.0
 endloop
endfacet
facet normal 0.0 0.0 -1.0
 outer loop
  vertex -0.01245147154481771 -0.090131743988257 0.0
  vertex -0.01470046881448872 -0.09459485682496058 0.0
  vertex -0.01668694679991065 -0.0906212345713193 0.0
 endloop
endfacet
facet normal 0.0 0.0 -1.0
 outer loop
  vertex 0.02902366006697449 0.08598086280596663 0.0
  vertex 0.03262557741442275 0.08998660359674338 0.0
  vertex 0.03369605922871011 0.08611982509523834 0.0
 endloop
endfacet
facet normal 0.0 0.0 -1.0
 outer loop
  vertex 0.06457936478918128 0.0633895039638786 0.0
  vertex 0.06523734404666656 0.06813142054698836 0.0
  vertex 0.06925251240673293 0.06674887872063351 0.0
 endloop
endfacet
facet normal 0.0 0.0 -1.0
 outer loop
  vertex 0.06840477511514836 0.06057325073157175 0.0
  vertex 0.06457936478918128 0.0633895039638786 0.0
  vertex 0.06925251240673293 0.06674887872063351 0.0
 endloop
endfacet
facet normal 0.0 0.0 -1.0
 outer loop
  vertex 0.06523734404666656 0.06813142054698836 0.0
  vertex 0.06192168802025889 0.06965165854818095 0.0
  vertex 0.06485358447007772 0.07167029700964277 0.0
 endloop
endfacet
facet normal -0.0 0.0 -1.0
 outer loop
  vertex -0.05391110873874642 -0.07403066243788911 0.0
  vertex -0.05813180933521559 -0.07604057439862041 0.0
  vertex -0.05794079176517874 -0.07073673870403731 0.0
 endloop
endfacet
facet normal 0.0 0.0 -1.0
 outer loop
  vertex -0.08860729484561654 0.02351116854428874 0.0
  vertex -0.09209222470627484 0.02644215435327335 0.0
  vertex -0.08771384538503074 0.0281320644625725 0.0
 endloop
endfacet
facet normal 0.0 0.0 -1.0
 outer loop
  vertex -0.03261724756672719 -0.08949170107433542 0.0
  vertex -0.03322567005238911 -0.084475316905279 0.0
  vertex -0.02904657754242785 -0.08693152019242223 0.0
 endloop
endfacet
facet normal 0.0 -0.0 -1.0
 outer loop
  vertex 0.01429154238246797 0.0948181883210388 0.0
  vertex 0.01533516447483163 0.09006081808324146 0.0
  vertex 0.01167772681091189 0.09192881762908621 0.0
 endloop
endfacet
facet normal 0.0 0.0 -1.0
 outer loop
  vertex -0.09579838394542234 -0.002732542981461762 0.0
  vertex -0.0919039990244006 -0.0007101466526323876 0.0
  vertex -0.09207235238046314 -0.004633017124739659 0.0
 endloop
endfacet
facet normal 0.0 -0.0 -1.0
 outer loop
  vertex 0.004849810670143856 0.0958338181953563 0.0
  vertex 0.006976629512048744 0.09122957721975761 0.0
  vertex 0.002643175818113973 0.09275025231873874 0.0
 endloop
endfacet
facet normal -0.0 0.0 -1.0
 outer loop
  vertex 0.09562106573531619 0.007165808244446049 0.0
  vertex 0.09126765672594675 0.004506789403293424 0.0
  vertex 0.09149992375062746 0.009494033263886904 0.0
 endloop
endfacet
facet normal 0.0 0.0 -1.0
 outer loop
  vertex -0.08313739015400756 -0.04791283581538339 0.0
  vertex -0.08039786072167564 -0.04356235868332339 0.0
  vertex -0.07934980417669342 -0.0480906971517959 0.0
 endloop
endfacet
facet normal 0.0 -0.0 -1.0
 outer loop
  vertex 0.08498532417235008 -0.03579244918222999 0.0
  vertex 0.0875127474793977 -0.03940475605975225 0.0
  vertex 0.08373111491378048 -0.04016015495154717 0.0
 endloop
endfacet
facet normal 0.0 0.0 -1.0
 outer loop
  vertex 0.01677211998089189 -0.09055289595745829 0.0
  vertex 0.01461038620246343 -0.09481378986701917 0.0
  vertex 0.01215357412298581 -0.09181690161543064 0.0
 endloop
endfacet
facet normal 0.0 0.0 -1.0
 outer loop
  vertex 0.05745811052218747 0.07686518842372889 0.0
  vertex 0.05628891764615361 0.07319918427306658 0.0
  vertex 0.05277016874462864 0.07606201289260199 0.0
 endloop
endfacet
facet normal -0.0 0.0 -1.0
 outer loop
  vertex 0.0891477231687094 0.03473684819923178 0.0
  vertex 0.08607420319850817 0.0306155097413324 0.0
  vertex 0.08522579863893859 0.03514643607523935 0.0
 endloop
endfacet
facet normal 0.0 0.0 -1.0
 outer loop
  vertex -0.05007045562391493 -0.08167028182301375 0.0
  vertex -0.04996221877762248 -0.07695498955437842 0.0
  vertex -0.04601650884915466 -0.07961896340662243 0.0
 endloop
endfacet
facet normal -0.0 0.0 -1.0
 outer loop
  vertex 0.09232371507667159 0.02584821333804402 0.0
  vertex 0.08889987794224441 0.02281657438929936 0.0
  vertex 0.08870784711246861 0.02720532825783235 0.0
 endloop
endfacet
facet normal 0.0 0.0 -1.0
 outer loop
  vertex 0.04966568082111683 -0.08186793677511697 0.0
  vertex 0.04523108742168345 -0.07954090194948162 0.0
  vertex 0.04966978171893256 -0.07738681890813999 0.0
 endloop
endfacet
endsolid
