1 7096 ElementsTable

TriIndex, Node1 , Node2 , Node3 ,RegCode ,     Pt     ,    Phys    ,     Pj     ,   Peddy    
  [-]   ,  [-]  ,  [-]  ,  [-]  ,        ,   [W/kg]   ,   [W/kg]   ,   [W/kg]   ,   [W/kg]   
--------,-------,-------,-------, -------, -----------, -----------, -----------, -----------
       1,   1644,   1645,   1646,      19,  58320.3053,      0.0000,  58320.3053,      0.0000
       2,   1644,   1646,   1773,      19,  23963.8699,      0.0000,  23963.8699,      0.0000
       3,   1646,   1647,   1773,      19,  40106.7153,      0.0000,  40106.7153,      0.0000
       4,   1647,   1774,   1773,      19,  10159.9589,      0.0000,  10159.9589,      0.0000
       5,   1647,   1648,   1774,      19,  17456.5064,      0.0000,  17456.5064,      0.0000
       6,   1648,   1775,   1774,      19,   8027.9274,      0.0000,   8027.9274,      0.0000
       7,   1648,   1649,   1775,      19,  10058.5071,      0.0000,  10058.5071,      0.0000
       8,   1649,   1650,   1775,      19,   9772.4865,      0.0000,   9772.4865,      0.0000
       9,   1643,   1644,   1773,      19,  42274.4223,      0.0000,  42274.4223,      0.0000
      10,   1643,   1773,   1776,      19,  15544.0182,      0.0000,  15544.0182,      0.0000
      11,   1773,   1774,   1776,      19,  23963.8699,      0.0000,  23963.8699,      0.0000
      12,   1774,   1777,   1776,      19,   5742.8332,      0.0000,   5742.8332,      0.0000
      13,   1774,   1775,   1777,      19,  10159.9589,      0.0000,  10159.9589,      0.0000
      14,   1775,   1778,   1777,      19,   5902.1531,      0.0000,   5902.1531,      0.0000
      15,   1775,   1650,   1778,      19,   8027.9274,      0.0000,   8027.9274,      0.0000
      16,   1650,   1651,   1778,      19,   8835.0810,      0.0000,   8835.0810,      0.0000
      17,   1642,   1643,   1776,      19,  26192.6368,      0.0000,  26192.6368,      0.0000
      18,   1642,   1776,   1779,      19,  13617.1348,      0.0000,  13617.1348,      0.0000
      19,   1776,   1777,   1779,      19,  15544.0182,      0.0000,  15544.0182,      0.0000
      20,   1777,   1780,   1779,      19,   4558.2914,      0.0000,   4558.2914,      0.0000
      21,   1777,   1778,   1780,      19,   5742.8332,      0.0000,   5742.8332,      0.0000
      22,   1778,   1781,   1780,      19,   5829.5579,      0.0000,   5829.5579,      0.0000
      23,   1778,   1651,   1781,      19,   5902.1531,      0.0000,   5902.1531,      0.0000
      24,   1651,   1652,   1781,      19,   9592.0858,      0.0000,   9592.0858,      0.0000
      25,   1641,   1642,   1779,      19,  22793.5297,      0.0000,  22793.5297,      0.0000
      26,   1641,   1779,   1782,      19,  12584.2929,      0.0000,  12584.2929,      0.0000
      27,   1779,   1780,   1782,      19,  13617.1348,      0.0000,  13617.1348,      0.0000
      28,   1780,   1783,   1782,      19,   4883.0893,      0.0000,   4883.0893,      0.0000
      29,   1780,   1781,   1783,      19,   4558.2914,      0.0000,   4558.2914,      0.0000
      30,   1781,   1784,   1783,      19,   7274.4797,      0.0000,   7274.4797,      0.0000
      31,   1781,   1652,   1784,      19,   5829.5579,      0.0000,   5829.5579,      0.0000
      32,   1652,   1629,   1784,      19,  11808.9526,      0.0000,  11808.9526,      0.0000
      33,   1640,   1641,   1782,      19,  22161.1153,      0.0000,  22161.1153,      0.0000
      34,   1640,   1782,   1785,      19,  10365.8964,      0.0000,  10365.8964,      0.0000
      35,   1782,   1783,   1785,      19,  12584.2929,      0.0000,  12584.2929,      0.0000
      36,   1783,   1786,   1785,      19,   6083.2264,      0.0000,   6083.2264,      0.0000
      37,   1783,   1784,   1786,      19,   4883.0893,      0.0000,   4883.0893,      0.0000
      38,   1784,   1787,   1786,      19,  10054.9334,      0.0000,  10054.9334,      0.0000
      39,   1784,   1629,   1787,      19,   7274.4797,      0.0000,   7274.4797,      0.0000
      40,   1629,   1630,   1787,      19,  15420.7146,      0.0000,  15420.7146,      0.0000
      41,   1639,   1640,   1785,      19,  18478.1378,      0.0000,  18478.1378,      0.0000
      42,   1639,   1785,   1788,      19,   8800.2084,      0.0000,   8800.2084,      0.0000
      43,   1785,   1786,   1788,      19,  10365.8964,      0.0000,  10365.8964,      0.0000
      44,   1786,   1789,   1788,      19,   8636.1838,      0.0000,   8636.1838,      0.0000
      45,   1786,   1787,   1789,      19,   6083.2264,      0.0000,   6083.2264,      0.0000
      46,   1787,   1790,   1789,      19,  14284.4985,      0.0000,  14284.4985,      0.0000
      47,   1787,   1630,   1790,      19,  10054.9334,      0.0000,  10054.9334,      0.0000
      48,   1630,   1631,   1790,      19,  20484.6288,      0.0000,  20484.6288,      0.0000
      49,   1638,   1639,   1788,      19,  12896.8631,      0.0000,  12896.8631,      0.0000
      50,   1638,   1788,   1791,      19,  10767.0546,      0.0000,  10767.0546,      0.0000
      51,   1788,   1789,   1791,      19,   8800.2084,      0.0000,   8800.2084,      0.0000
      52,   1789,   1792,   1791,      19,  13361.3202,      0.0000,  13361.3202,      0.0000
      53,   1789,   1790,   1792,      19,   8636.1838,      0.0000,   8636.1838,      0.0000
      54,   1790,   1793,   1792,      19,  20229.1299,      0.0000,  20229.1299,      0.0000
      55,   1790,   1631,   1793,      19,  14284.4985,      0.0000,  14284.4985,      0.0000
      56,   1631,   1632,   1793,      19,  27208.7360,      0.0000,  27208.7360,      0.0000
      57,   1637,   1638,   1791,      19,  10633.7463,      0.0000,  10633.7463,      0.0000
      58,   1636,   1637,   1791,      19,  13879.6569,      0.0000,  13879.6569,      0.0000
      59,   1636,   1791,   1792,      19,  10767.0546,      0.0000,  10767.0546,      0.0000
      60,   1635,   1636,   1792,      19,  18098.8261,      0.0000,  18098.8261,      0.0000
      61,   1635,   1792,   1793,      19,  13361.3202,      0.0000,  13361.3202,      0.0000
      62,   1634,   1635,   1793,      19,  26337.5208,      0.0000,  26337.5208,      0.0000
      63,   1632,   1634,   1793,      19,  20229.1299,      0.0000,  20229.1299,      0.0000
      64,   1632,   1633,   1634,      19,  31966.7205,      0.0000,  31966.7205,      0.0000
      65,   1668,   1669,   1670,      20,  13810.1340,      0.0000,  13810.1340,      0.0000
      66,   1668,   1670,   1794,      20,   7681.4513,      0.0000,   7681.4513,      0.0000
      67,   1670,   1671,   1794,      20,  10026.4488,      0.0000,  10026.4488,      0.0000
      68,   1671,   1795,   1794,      20,   4033.3817,      0.0000,   4033.3817,      0.0000
      69,   1671,   1672,   1795,      20,   4958.7271,      0.0000,   4958.7271,      0.0000
      70,   1672,   1796,   1795,      20,   4810.4075,      0.0000,   4810.4075,      0.0000
      71,   1672,   1673,   1796,      20,   4599.6222,      0.0000,   4599.6222,      0.0000
      72,   1673,   1674,   1796,      20,   6509.6752,      0.0000,   6509.6752,      0.0000
      73,   1667,   1668,   1794,      20,  11867.8186,      0.0000,  11867.8186,      0.0000
      74,   1667,   1794,   1797,      20,   6558.5403,      0.0000,   6558.5403,      0.0000
      75,   1794,   1795,   1797,      20,   7681.4513,      0.0000,   7681.4513,      0.0000
      76,   1795,   1798,   1797,      20,   3454.9346,      0.0000,   3454.9346,      0.0000
      77,   1795,   1796,   1798,      20,   4033.3817,      0.0000,   4033.3817,      0.0000
      78,   1796,   1799,   1798,      20,   4653.0172,      0.0000,   4653.0172,      0.0000
      79,   1796,   1674,   1799,      20,   4810.4075,      0.0000,   4810.4075,      0.0000
      80,   1674,   1675,   1799,      20,   6691.2027,      0.0000,   6691.2027,      0.0000
      81,   1666,   1667,   1797,      20,  10263.5786,      0.0000,  10263.5786,      0.0000
      82,   1666,   1797,   1800,      20,   5906.8708,      0.0000,   5906.8708,      0.0000
      83,   1797,   1798,   1800,      20,   6558.5403,      0.0000,   6558.5403,      0.0000
      84,   1798,   1801,   1800,      20,   3383.1627,      0.0000,   3383.1627,      0.0000
      85,   1798,   1799,   1801,      20,   3454.9346,      0.0000,   3454.9346,      0.0000
      86,   1799,   1802,   1801,      20,   5014.4593,      0.0000,   5014.4593,      0.0000
      87,   1799,   1675,   1802,      20,   4653.0172,      0.0000,   4653.0172,      0.0000
      88,   1675,   1676,   1802,      20,   7343.5226,      0.0000,   7343.5226,      0.0000
      89,   1665,   1666,   1800,      20,   9166.4533,      0.0000,   9166.4533,      0.0000
      90,   1665,   1800,   1803,      20,   5555.5159,      0.0000,   5555.5159,      0.0000
      91,   1800,   1801,   1803,      20,   5906.8708,      0.0000,   5906.8708,      0.0000
      92,   1801,   1804,   1803,      20,   3664.6511,      0.0000,   3664.6511,      0.0000
      93,   1801,   1802,   1804,      20,   3383.1627,      0.0000,   3383.1627,      0.0000
      94,   1802,   1805,   1804,      20,   5746.5846,      0.0000,   5746.5846,      0.0000
      95,   1802,   1676,   1805,      20,   5014.4593,      0.0000,   5014.4593,      0.0000
      96,   1676,   1653,   1805,      20,   8349.0909,      0.0000,   8349.0909,      0.0000
      97,   1664,   1665,   1803,      20,   8363.5005,      0.0000,   8363.5005,      0.0000
      98,   1664,   1803,   1806,      20,   5439.8908,      0.0000,   5439.8908,      0.0000
      99,   1803,   1804,   1806,      20,   5555.5159,      0.0000,   5555.5159,      0.0000
     100,   1804,   1807,   1806,      20,   4245.1318,      0.0000,   4245.1318,      0.0000
     101,   1804,   1805,   1807,      20,   3664.6511,      0.0000,   3664.6511,      0.0000
     102,   1805,   1808,   1807,      20,   6795.2553,      0.0000,   6795.2553,      0.0000
     103,   1805,   1653,   1808,      20,   5746.5846,      0.0000,   5746.5846,      0.0000
     104,   1653,   1654,   1808,      20,   9669.0064,      0.0000,   9669.0064,      0.0000
     105,   1663,   1664,   1806,      20,   7744.2647,      0.0000,   7744.2647,      0.0000
     106,   1663,   1806,   1809,      20,   5592.3483,      0.0000,   5592.3483,      0.0000
     107,   1806,   1807,   1809,      20,   5439.8908,      0.0000,   5439.8908,      0.0000
     108,   1807,   1810,   1809,      20,   5142.4952,      0.0000,   5142.4952,      0.0000
     109,   1807,   1808,   1810,      20,   4245.1318,      0.0000,   4245.1318,      0.0000
     110,   1808,   1811,   1810,      20,   8174.0637,      0.0000,   8174.0637,      0.0000
     111,   1808,   1654,   1811,      20,   6795.2553,      0.0000,   6795.2553,      0.0000
     112,   1654,   1655,   1811,      20,  11333.6099,      0.0000,  11333.6099,      0.0000
     113,   1662,   1663,   1809,      20,   7316.2389,      0.0000,   7316.2389,      0.0000
     114,   1662,   1809,   1812,      20,   6160.2376,      0.0000,   6160.2376,      0.0000
     115,   1809,   1810,   1812,      20,   5592.3483,      0.0000,   5592.3483,      0.0000
     116,   1810,   1813,   1812,      20,   6467.6396,      0.0000,   6467.6396,      0.0000
     117,   1810,   1811,   1813,      20,   5142.4952,      0.0000,   5142.4952,      0.0000
     118,   1811,   1814,   1813,      20,   9989.1955,      0.0000,   9989.1955,      0.0000
     119,   1811,   1655,   1814,      20,   8174.0637,      0.0000,   8174.0637,      0.0000
     120,   1655,   1656,   1814,      20,  13480.5650,      0.0000,  13480.5650,      0.0000
     121,   1661,   1662,   1812,      20,   7220.5499,      0.0000,   7220.5499,      0.0000
     122,   1660,   1661,   1812,      20,   6537.8000,      0.0000,   6537.8000,      0.0000
     123,   1660,   1812,   1813,      20,   6160.2376,      0.0000,   6160.2376,      0.0000
     124,   1659,   1660,   1813,      20,   7960.4195,      0.0000,   7960.4195,      0.0000
     125,   1659,   1813,   1814,      20,   6467.6396,      0.0000,   6467.6396,      0.0000
     126,   1658,   1659,   1814,      20,  12386.6903,      0.0000,  12386.6903,      0.0000
     127,   1656,   1658,   1814,      20,   9989.1955,      0.0000,   9989.1955,      0.0000
     128,   1656,   1657,   1658,      20,  15323.6185,      0.0000,  15323.6185,      0.0000
     129,   1692,   1693,   1694,      21,   7415.4548,      0.0000,   7415.4548,      0.0000
     130,   1692,   1694,   1815,      21,   4739.4715,      0.0000,   4739.4715,      0.0000
     131,   1694,   1695,   1815,      21,   5707.8764,      0.0000,   5707.8764,      0.0000
     132,   1695,   1816,   1815,      21,   3180.8373,      0.0000,   3180.8373,      0.0000
     133,   1695,   1696,   1816,      21,   3444.3989,      0.0000,   3444.3989,      0.0000
     134,   1696,   1817,   1816,      21,   3800.9092,      0.0000,   3800.9092,      0.0000
     135,   1696,   1697,   1817,      21,   3471.9944,      0.0000,   3471.9944,      0.0000
     136,   1697,   1698,   1817,      21,   4859.4419,      0.0000,   4859.4419,      0.0000
     137,   1691,   1692,   1815,      21,   6603.4394,      0.0000,   6603.4394,      0.0000
     138,   1691,   1815,   1818,      21,   4373.8238,      0.0000,   4373.8238,      0.0000
     139,   1815,   1816,   1818,      21,   4739.4715,      0.0000,   4739.4715,      0.0000
     140,   1816,   1819,   1818,      21,   3104.0344,      0.0000,   3104.0344,      0.0000
     141,   1816,   1817,   1819,      21,   3180.8373,      0.0000,   3180.8373,      0.0000
     142,   1817,   1820,   1819,      21,   3968.6286,      0.0000,   3968.6286,      0.0000
     143,   1817,   1698,   1820,      21,   3800.9092,      0.0000,   3800.9092,      0.0000
     144,   1698,   1699,   1820,      21,   5185.2555,      0.0000,   5185.2555,      0.0000
     145,   1690,   1691,   1818,      21,   6011.7097,      0.0000,   6011.7097,      0.0000
     146,   1690,   1818,   1821,      21,   4188.2863,      0.0000,   4188.2863,      0.0000
     147,   1818,   1819,   1821,      21,   4373.8238,      0.0000,   4373.8238,      0.0000
     148,   1819,   1822,   1821,      21,   3198.4757,      0.0000,   3198.4757,      0.0000
     149,   1819,   1820,   1822,      21,   3104.0344,      0.0000,   3104.0344,      0.0000
     150,   1820,   1823,   1822,      21,   4290.5325,      0.0000,   4290.5325,      0.0000
     151,   1820,   1699,   1823,      21,   3968.6286,      0.0000,   3968.6286,      0.0000
     152,   1699,   1700,   1823,      21,   5642.3648,      0.0000,   5642.3648,      0.0000
     153,   1689,   1690,   1821,      21,   5617.9863,      0.0000,   5617.9863,      0.0000
     154,   1689,   1821,   1824,      21,   4149.2380,      0.0000,   4149.2380,      0.0000
     155,   1821,   1822,   1824,      21,   4188.2863,      0.0000,   4188.2863,      0.0000
     156,   1822,   1825,   1824,      21,   3431.3988,      0.0000,   3431.3988,      0.0000
     157,   1822,   1823,   1825,      21,   3198.4757,      0.0000,   3198.4757,      0.0000
     158,   1823,   1826,   1825,      21,   4734.5022,      0.0000,   4734.5022,      0.0000
     159,   1823,   1700,   1826,      21,   4290.5325,      0.0000,   4290.5325,      0.0000
     160,   1700,   1677,   1826,      21,   6207.2773,      0.0000,   6207.2773,      0.0000
     161,   1688,   1689,   1824,      21,   5374.0344,      0.0000,   5374.0344,      0.0000
     162,   1688,   1824,   1827,      21,   4259.2199,      0.0000,   4259.2199,      0.0000
     163,   1824,   1825,   1827,      21,   4149.2380,      0.0000,   4149.2380,      0.0000
     164,   1825,   1828,   1827,      21,   3802.9702,      0.0000,   3802.9702,      0.0000
     165,   1825,   1826,   1828,      21,   3431.3988,      0.0000,   3431.3988,      0.0000
     166,   1826,   1829,   1828,      21,   5298.4223,      0.0000,   5298.4223,      0.0000
     167,   1826,   1677,   1829,      21,   4734.5022,      0.0000,   4734.5022,      0.0000
     168,   1677,   1678,   1829,      21,   6881.6685,      0.0000,   6881.6685,      0.0000
     169,   1687,   1688,   1827,      21,   5275.9950,      0.0000,   5275.9950,      0.0000
     170,   1687,   1827,   1830,      21,   4550.1156,      0.0000,   4550.1156,      0.0000
     171,   1827,   1828,   1830,      21,   4259.2199,      0.0000,   4259.2199,      0.0000
     172,   1828,   1831,   1830,      21,   4340.0287,      0.0000,   4340.0287,      0.0000
     173,   1828,   1829,   1831,      21,   3802.9702,      0.0000,   3802.9702,      0.0000
     174,   1829,   1832,   1831,      21,   6005.4961,      0.0000,   6005.4961,      0.0000
     175,   1829,   1678,   1832,      21,   5298.4223,      0.0000,   5298.4223,      0.0000
     176,   1678,   1679,   1832,      21,   7693.1826,      0.0000,   7693.1826,      0.0000
     177,   1686,   1687,   1830,      21,   5350.9104,      0.0000,   5350.9104,      0.0000
     178,   1686,   1830,   1833,      21,   5093.9806,      0.0000,   5093.9806,      0.0000
     179,   1830,   1831,   1833,      21,   4550.1156,      0.0000,   4550.1156,      0.0000
     180,   1831,   1834,   1833,      21,   5107.1923,      0.0000,   5107.1923,      0.0000
     181,   1831,   1832,   1834,      21,   4340.0287,      0.0000,   4340.0287,      0.0000
     182,   1832,   1835,   1834,      21,   6918.0393,      0.0000,   6918.0393,      0.0000
     183,   1832,   1679,   1835,      21,   6005.4961,      0.0000,   6005.4961,      0.0000
     184,   1679,   1680,   1835,      21,   8715.3648,      0.0000,   8715.3648,      0.0000
     185,   1685,   1686,   1833,      21,   5664.3165,      0.0000,   5664.3165,      0.0000
     186,   1684,   1685,   1833,      21,   5338.8097,      0.0000,   5338.8097,      0.0000
     187,   1684,   1833,   1834,      21,   5093.9806,      0.0000,   5093.9806,      0.0000
     188,   1683,   1684,   1834,      21,   5881.0474,      0.0000,   5881.0474,      0.0000
     189,   1683,   1834,   1835,      21,   5107.1923,      0.0000,   5107.1923,      0.0000
     190,   1682,   1683,   1835,      21,   8118.0442,      0.0000,   8118.0442,      0.0000
     191,   1680,   1682,   1835,      21,   6918.0393,      0.0000,   6918.0393,      0.0000
     192,   1680,   1681,   1682,      21,   9616.1021,      0.0000,   9616.1021,      0.0000
     193,   1716,   1717,   1718,      22,   4745.9672,      0.0000,   4745.9672,      0.0000
     194,   1716,   1718,   1836,      22,   3596.8933,      0.0000,   3596.8933,      0.0000
     195,   1718,   1719,   1836,      22,   3992.3484,      0.0000,   3992.3484,      0.0000
     196,   1719,   1837,   1836,      22,   3009.7763,      0.0000,   3009.7763,      0.0000
     197,   1719,   1720,   1837,      22,   3052.0344,      0.0000,   3052.0344,      0.0000
     198,   1720,   1838,   1837,      22,   3460.3586,      0.0000,   3460.3586,      0.0000
     199,   1720,   1721,   1838,      22,   3216.7940,      0.0000,   3216.7940,      0.0000
     200,   1721,   1722,   1838,      22,   4068.4655,      0.0000,   4068.4655,      0.0000
     201,   1715,   1716,   1836,      22,   4396.9498,      0.0000,   4396.9498,      0.0000
     202,   1715,   1836,   1839,      22,   3481.6304,      0.0000,   3481.6304,      0.0000
     203,   1836,   1837,   1839,      22,   3596.8933,      0.0000,   3596.8933,      0.0000
     204,   1837,   1840,   1839,      22,   3047.2247,      0.0000,   3047.2247,      0.0000
     205,   1837,   1838,   1840,      22,   3009.7763,      0.0000,   3009.7763,      0.0000
     206,   1838,   1841,   1840,      22,   3622.3839,      0.0000,   3622.3839,      0.0000
     207,   1838,   1722,   1841,      22,   3460.3586,      0.0000,   3460.3586,      0.0000
     208,   1722,   1723,   1841,      22,   4302.8865,      0.0000,   4302.8865,      0.0000
     209,   1714,   1715,   1839,      22,   4162.7139,      0.0000,   4162.7139,      0.0000
     210,   1714,   1839,   1842,      22,   3451.1083,      0.0000,   3451.1083,      0.0000
     211,   1839,   1840,   1842,      22,   3481.6304,      0.0000,   3481.6304,      0.0000
     212,   1840,   1843,   1842,      22,   3155.2442,      0.0000,   3155.2442,      0.0000
     213,   1840,   1841,   1843,      22,   3047.2247,      0.0000,   3047.2247,      0.0000
     214,   1841,   1844,   1843,      22,   3840.5311,      0.0000,   3840.5311,      0.0000
     215,   1841,   1723,   1844,      22,   3622.3839,      0.0000,   3622.3839,      0.0000
     216,   1723,   1724,   1844,      22,   4582.0418,      0.0000,   4582.0418,      0.0000
     217,   1713,   1714,   1842,      22,   4021.2888,      0.0000,   4021.2888,      0.0000
     218,   1713,   1842,   1845,      22,   3512.4622,      0.0000,   3512.4622,      0.0000
     219,   1842,   1843,   1845,      22,   3451.1083,      0.0000,   3451.1083,      0.0000
     220,   1843,   1846,   1845,      22,   3336.2588,      0.0000,   3336.2588,      0.0000
     221,   1843,   1844,   1846,      22,   3155.2442,      0.0000,   3155.2442,      0.0000
     222,   1844,   1847,   1846,      22,   4112.4539,      0.0000,   4112.4539,      0.0000
     223,   1844,   1724,   1847,      22,   3840.5311,      0.0000,   3840.5311,      0.0000
     224,   1724,   1701,   1847,      22,   4904.1473,      0.0000,   4904.1473,      0.0000
     225,   1712,   1713,   1845,      22,   3978.7838,      0.0000,   3978.7838,      0.0000
     226,   1712,   1845,   1848,      22,   3682.2430,      0.0000,   3682.2430,      0.0000
     227,   1845,   1846,   1848,      22,   3512.4622,      0.0000,   3512.4622,      0.0000
     228,   1846,   1849,   1848,      22,   3601.9549,      0.0000,   3601.9549,      0.0000
     229,   1846,   1847,   1849,      22,   3336.2588,      0.0000,   3336.2588,      0.0000
     230,   1847,   1850,   1849,      22,   4445.1782,      0.0000,   4445.1782,      0.0000
     231,   1847,   1701,   1850,      22,   4112.4539,      0.0000,   4112.4539,      0.0000
     232,   1701,   1702,   1850,      22,   5275.2698,      0.0000,   5275.2698,      0.0000
     233,   1711,   1712,   1848,      22,   4051.5287,      0.0000,   4051.5287,      0.0000
     234,   1711,   1848,   1851,      22,   3988.1969,      0.0000,   3988.1969,      0.0000
     235,   1848,   1849,   1851,      22,   3682.2430,      0.0000,   3682.2430,      0.0000
     236,   1849,   1852,   1851,      22,   3973.4322,      0.0000,   3973.4322,      0.0000
     237,   1849,   1850,   1852,      22,   3601.9549,      0.0000,   3601.9549,      0.0000
     238,   1850,   1853,   1852,      22,   4854.3029,      0.0000,   4854.3029,      0.0000
     239,   1850,   1702,   1853,      22,   4445.1782,      0.0000,   4445.1782,      0.0000
     240,   1702,   1703,   1853,      22,   5710.1163,      0.0000,   5710.1163,      0.0000
     241,   1710,   1711,   1851,      22,   4267.6116,      0.0000,   4267.6116,      0.0000
     242,   1710,   1851,   1854,      22,   4474.0050,      0.0000,   4474.0050,      0.0000
     243,   1851,   1852,   1854,      22,   3988.1969,      0.0000,   3988.1969,      0.0000
     244,   1852,   1855,   1854,      22,   4486.3669,      0.0000,   4486.3669,      0.0000
     245,   1852,   1853,   1855,      22,   3973.4322,      0.0000,   3973.4322,      0.0000
     246,   1853,   1856,   1855,      22,   5370.6786,      0.0000,   5370.6786,      0.0000
     247,   1853,   1703,   1856,      22,   4854.3029,      0.0000,   4854.3029,      0.0000
     248,   1703,   1704,   1856,      22,   6241.3178,      0.0000,   6241.3178,      0.0000
     249,   1709,   1710,   1854,      22,   4671.4661,      0.0000,   4671.4661,      0.0000
     250,   1708,   1709,   1854,      22,   4711.1673,      0.0000,   4711.1673,      0.0000
     251,   1708,   1854,   1855,      22,   4474.0050,      0.0000,   4474.0050,      0.0000
     252,   1707,   1708,   1855,      22,   4932.2649,      0.0000,   4932.2649,      0.0000
     253,   1707,   1855,   1856,      22,   4486.3669,      0.0000,   4486.3669,      0.0000
     254,   1706,   1707,   1856,      22,   5977.3294,      0.0000,   5977.3294,      0.0000
     255,   1704,   1706,   1856,      22,   5370.6786,      0.0000,   5370.6786,      0.0000
     256,   1704,   1705,   1706,      22,   6683.9633,      0.0000,   6683.9633,      0.0000
     257,   1740,   1741,   1742,      23,   3422.0712,      0.0000,   3422.0712,      0.0000
     258,   1740,   1742,   1857,      23,   3076.7507,      0.0000,   3076.7507,      0.0000
     259,   1742,   1743,   1857,      23,   3191.1605,      0.0000,   3191.1605,      0.0000
     260,   1743,   1858,   1857,      23,   3021.7657,      0.0000,   3021.7657,      0.0000
     261,   1743,   1744,   1858,      23,   2986.9923,      0.0000,   2986.9923,      0.0000
     262,   1744,   1859,   1858,      23,   3380.2320,      0.0000,   3380.2320,      0.0000
     263,   1744,   1745,   1859,      23,   3232.0748,      0.0000,   3232.0748,      0.0000
     264,   1745,   1746,   1859,      23,   3722.8741,      0.0000,   3722.8741,      0.0000
     265,   1739,   1740,   1857,      23,   3300.5872,      0.0000,   3300.5872,      0.0000
     266,   1739,   1857,   1860,      23,   3054.6645,      0.0000,   3054.6645,      0.0000
     267,   1857,   1858,   1860,      23,   3076.7507,      0.0000,   3076.7507,      0.0000
     268,   1858,   1861,   1860,      23,   3065.5899,      0.0000,   3065.5899,      0.0000
     269,   1858,   1859,   1861,      23,   3021.7657,      0.0000,   3021.7657,      0.0000
     270,   1859,   1862,   1861,      23,   3470.9122,      0.0000,   3470.9122,      0.0000
     271,   1859,   1746,   1862,      23,   3380.2320,      0.0000,   3380.2320,      0.0000
     272,   1746,   1747,   1862,      23,   3841.2954,      0.0000,   3841.2954,      0.0000
     273,   1738,   1739,   1860,      23,   3220.2450,      0.0000,   3220.2450,      0.0000
     274,   1738,   1860,   1863,      23,   3087.4336,      0.0000,   3087.4336,      0.0000
     275,   1860,   1861,   1863,      23,   3054.6645,      0.0000,   3054.6645,      0.0000
     276,   1861,   1864,   1863,      23,   3154.0217,      0.0000,   3154.0217,      0.0000
     277,   1861,   1862,   1864,      23,   3065.5899,      0.0000,   3065.5899,      0.0000
     278,   1862,   1865,   1864,      23,   3598.7749,      0.0000,   3598.7749,      0.0000
     279,   1862,   1747,   1865,      23,   3470.9122,      0.0000,   3470.9122,      0.0000
     280,   1747,   1748,   1865,      23,   3993.5113,      0.0000,   3993.5113,      0.0000
     281,   1737,   1738,   1863,      23,   3199.3647,      0.0000,   3199.3647,      0.0000
     282,   1737,   1863,   1866,      23,   3185.7014,      0.0000,   3185.7014,      0.0000
     283,   1863,   1864,   1866,      23,   3087.4336,      0.0000,   3087.4336,      0.0000
     284,   1864,   1867,   1866,      23,   3293.9876,      0.0000,   3293.9876,      0.0000
     285,   1864,   1865,   1867,      23,   3154.0217,      0.0000,   3154.0217,      0.0000
     286,   1865,   1868,   1867,      23,   3767.7700,      0.0000,   3767.7700,      0.0000
     287,   1865,   1748,   1868,      23,   3598.7749,      0.0000,   3598.7749,      0.0000
     288,   1748,   1725,   1868,      23,   4183.0660,      0.0000,   4183.0660,      0.0000
     289,   1736,   1737,   1866,      23,   3249.6144,      0.0000,   3249.6144,      0.0000
     290,   1736,   1866,   1869,      23,   3362.5812,      0.0000,   3362.5812,      0.0000
     291,   1866,   1867,   1869,      23,   3185.7014,      0.0000,   3185.7014,      0.0000
     292,   1867,   1870,   1869,      23,   3494.6257,      0.0000,   3494.6257,      0.0000
     293,   1867,   1868,   1870,      23,   3293.9876,      0.0000,   3293.9876,      0.0000
     294,   1868,   1871,   1870,      23,   3983.6032,      0.0000,   3983.6032,      0.0000
     295,   1868,   1725,   1871,      23,   3767.7700,      0.0000,   3767.7700,      0.0000
     296,   1725,   1726,   1871,      23,   4413.8115,      0.0000,   4413.8115,      0.0000
     297,   1735,   1736,   1869,      23,   3385.2835,      0.0000,   3385.2835,      0.0000
     298,   1735,   1869,   1872,      23,   3634.6484,      0.0000,   3634.6484,      0.0000
     299,   1869,   1870,   1872,      23,   3362.5812,      0.0000,   3362.5812,      0.0000
     300,   1870,   1873,   1872,      23,   3767.1278,      0.0000,   3767.1278,      0.0000
     301,   1870,   1871,   1873,      23,   3494.6257,      0.0000,   3494.6257,      0.0000
     302,   1871,   1874,   1873,      23,   4252.9792,      0.0000,   4252.9792,      0.0000
     303,   1871,   1726,   1874,      23,   3983.6032,      0.0000,   3983.6032,      0.0000
     304,   1726,   1727,   1874,      23,   4690.1363,      0.0000,   4690.1363,      0.0000
     305,   1734,   1735,   1872,      23,   3624.8312,      0.0000,   3624.8312,      0.0000
     306,   1734,   1872,   1875,      23,   4023.2230,      0.0000,   4023.2230,      0.0000
     307,   1872,   1873,   1875,      23,   3634.6484,      0.0000,   3634.6484,      0.0000
     308,   1873,   1876,   1875,      23,   4126.7321,      0.0000,   4126.7321,      0.0000
     309,   1873,   1874,   1876,      23,   3767.1278,      0.0000,   3767.1278,      0.0000
     310,   1874,   1877,   1876,      23,   4586.6399,      0.0000,   4586.6399,      0.0000
     311,   1874,   1727,   1877,      23,   4252.9792,      0.0000,   4252.9792,      0.0000
     312,   1727,   1728,   1877,      23,   5021.8369,      0.0000,   5021.8369,      0.0000
     313,   1733,   1734,   1875,      23,   3992.2537,      0.0000,   3992.2537,      0.0000
     314,   1732,   1733,   1875,      23,   4248.7329,      0.0000,   4248.7329,      0.0000
     315,   1732,   1875,   1876,      23,   4023.2230,      0.0000,   4023.2230,      0.0000
     316,   1731,   1732,   1876,      23,   4414.9364,      0.0000,   4414.9364,      0.0000
     317,   1731,   1876,   1877,      23,   4126.7321,      0.0000,   4126.7321,      0.0000
     318,   1730,   1731,   1877,      23,   4925.2490,      0.0000,   4925.2490,      0.0000
     319,   1728,   1730,   1877,      23,   4586.6399,      0.0000,   4586.6399,      0.0000
     320,   1728,   1729,   1730,      23,   5266.8071,      0.0000,   5266.8071,      0.0000
     321,   1764,   1765,   1766,      24,   2798.0804,      0.0000,   2798.0804,      0.0000
     322,   1764,   1766,   1878,      24,   2845.2820,      0.0000,   2845.2820,      0.0000
     323,   1766,   1767,   1878,      24,   2824.2145,      0.0000,   2824.2145,      0.0000
     324,   1767,   1879,   1878,      24,   3075.6714,      0.0000,   3075.6714,      0.0000
     325,   1767,   1768,   1879,      24,   3016.2069,      0.0000,   3016.2069,      0.0000
     326,   1768,   1880,   1879,      24,   3502.5811,      0.0000,   3502.5811,      0.0000
     327,   1768,   1769,   1880,      24,   3443.7003,      0.0000,   3443.7003,      0.0000
     328,   1769,   1770,   1880,      24,   3727.1812,      0.0000,   3727.1812,      0.0000
     329,   1763,   1764,   1878,      24,   2789.3130,      0.0000,   2789.3130,      0.0000
     330,   1763,   1878,   1881,      24,   2858.4068,      0.0000,   2858.4068,      0.0000
     331,   1878,   1879,   1881,      24,   2845.2820,      0.0000,   2845.2820,      0.0000
     332,   1879,   1882,   1881,      24,   3063.3536,      0.0000,   3063.3536,      0.0000
     333,   1879,   1880,   1882,      24,   3075.6714,      0.0000,   3075.6714,      0.0000
     334,   1880,   1883,   1882,      24,   3400.3354,      0.0000,   3400.3354,      0.0000
     335,   1880,   1770,   1883,      24,   3502.5811,      0.0000,   3502.5811,      0.0000
     336,   1770,   1771,   1883,      24,   3597.9130,      0.0000,   3597.9130,      0.0000
     337,   1762,   1763,   1881,      24,   2791.7236,      0.0000,   2791.7236,      0.0000
     338,   1762,   1881,   1884,      24,   2920.4854,      0.0000,   2920.4854,      0.0000
     339,   1881,   1882,   1884,      24,   2858.4068,      0.0000,   2858.4068,      0.0000
     340,   1882,   1885,   1884,      24,   3114.8493,      0.0000,   3114.8493,      0.0000
     341,   1882,   1883,   1885,      24,   3063.3536,      0.0000,   3063.3536,      0.0000
     342,   1883,   1886,   1885,      24,   3411.7785,      0.0000,   3411.7785,      0.0000
     343,   1883,   1771,   1886,      24,   3400.3354,      0.0000,   3400.3354,      0.0000
     344,   1771,   1772,   1886,      24,   3610.3122,      0.0000,   3610.3122,      0.0000
     345,   1761,   1762,   1884,      24,   2839.7584,      0.0000,   2839.7584,      0.0000
     346,   1761,   1884,   1887,      24,   3040.2297,      0.0000,   3040.2297,      0.0000
     347,   1884,   1885,   1887,      24,   2920.4854,      0.0000,   2920.4854,      0.0000
     348,   1885,   1888,   1887,      24,   3234.9462,      0.0000,   3234.9462,      0.0000
     349,   1885,   1886,   1888,      24,   3114.8493,      0.0000,   3114.8493,      0.0000
     350,   1886,   1889,   1888,      24,   3521.3734,      0.0000,   3521.3734,      0.0000
     351,   1886,   1772,   1889,      24,   3411.7785,      0.0000,   3411.7785,      0.0000
     352,   1772,   1749,   1889,      24,   3738.8949,      0.0000,   3738.8949,      0.0000
     353,   1760,   1761,   1887,      24,   2942.1897,      0.0000,   2942.1897,      0.0000
     354,   1760,   1887,   1890,      24,   3224.7458,      0.0000,   3224.7458,      0.0000
     355,   1887,   1888,   1890,      24,   3040.2297,      0.0000,   3040.2297,      0.0000
     356,   1888,   1891,   1890,      24,   3426.9799,      0.0000,   3426.9799,      0.0000
     357,   1888,   1889,   1891,      24,   3234.9462,      0.0000,   3234.9462,      0.0000
     358,   1889,   1892,   1891,      24,   3724.7490,      0.0000,   3724.7490,      0.0000
     359,   1889,   1749,   1892,      24,   3521.3734,      0.0000,   3521.3734,      0.0000
     360,   1749,   1750,   1892,      24,   3979.2541,      0.0000,   3979.2541,      0.0000
     361,   1759,   1760,   1890,      24,   3107.3688,      0.0000,   3107.3688,      0.0000
     362,   1759,   1890,   1893,      24,   3480.6603,      0.0000,   3480.6603,      0.0000
     363,   1890,   1891,   1893,      24,   3224.7458,      0.0000,   3224.7458,      0.0000
     364,   1891,   1894,   1893,      24,   3694.9109,      0.0000,   3694.9109,      0.0000
     365,   1891,   1892,   1894,      24,   3426.9799,      0.0000,   3426.9799,      0.0000
     366,   1892,   1895,   1894,      24,   4027.3895,      0.0000,   4027.3895,      0.0000
     367,   1892,   1750,   1895,      24,   3724.7490,      0.0000,   3724.7490,      0.0000
     368,   1750,   1751,   1895,      24,   4347.4278,      0.0000,   4347.4278,      0.0000
     369,   1758,   1759,   1893,      24,   3343.8867,      0.0000,   3343.8867,      0.0000
     370,   1758,   1893,   1896,      24,   3813.3273,      0.0000,   3813.3273,      0.0000
     371,   1893,   1894,   1896,      24,   3480.6603,      0.0000,   3480.6603,      0.0000
     372,   1894,   1897,   1896,      24,   4040.6882,      0.0000,   4040.6882,      0.0000
     373,   1894,   1895,   1897,      24,   3694.9109,      0.0000,   3694.9109,      0.0000
     374,   1895,   1898,   1897,      24,   4439.7437,      0.0000,   4439.7437,      0.0000
     375,   1895,   1751,   1898,      24,   4027.3895,      0.0000,   4027.3895,      0.0000
     376,   1751,   1752,   1898,      24,   4871.8754,      0.0000,   4871.8754,      0.0000
     377,   1757,   1758,   1896,      24,   3660.4636,      0.0000,   3660.4636,      0.0000
     378,   1756,   1757,   1896,      24,   4052.5862,      0.0000,   4052.5862,      0.0000
     379,   1756,   1896,   1897,      24,   3813.3273,      0.0000,   3813.3273,      0.0000
     380,   1755,   1756,   1897,      24,   4342.4204,      0.0000,   4342.4204,      0.0000
     381,   1755,   1897,   1898,      24,   4040.6882,      0.0000,   4040.6882,      0.0000
     382,   1754,   1755,   1898,      24,   4862.1670,      0.0000,   4862.1670,      0.0000
     383,   1752,   1754,   1898,      24,   4439.7437,      0.0000,   4439.7437,      0.0000
     384,   1752,   1753,   1754,      24,   5237.8306,      0.0000,   5237.8306,      0.0000
     385,      1,    248,    708,       4,      0.0000,      0.0000,      0.0000,      0.0000
     386,    249,    250,   1899,       4,      0.0000,      0.0000,      0.0000,      0.0000
     387,    252,      3,   1900,       4,      0.0000,      0.0000,      0.0000,      0.0000
     388,    254,    255,   1901,       4,      0.0000,      0.0000,      0.0000,      0.0000
     389,    257,      4,    731,       4,      0.0000,      0.0000,      0.0000,      0.0000
     390,    730,    729,   1902,       4,      0.0000,      0.0000,      0.0000,      0.0000
     391,    727,    726,   1903,       4,      0.0000,      0.0000,      0.0000,      0.0000
     392,    723,   1914,    724,       4,      0.0000,      0.0000,      0.0000,      0.0000
     393,      2,    719,    720,       4,      0.0000,      0.0000,      0.0000,      0.0000
     394,    718,    717,   1905,       4,      0.0000,      0.0000,      0.0000,      0.0000
     395,    715,    714,   1906,       4,      0.0000,      0.0000,      0.0000,      0.0000
     396,    712,    711,   1907,       4,      0.0000,      0.0000,      0.0000,      0.0000
     397,    709,    708,   1908,       4,      0.0000,      0.0000,      0.0000,      0.0000
     398,   1899,   1909,   1908,       4,      0.0000,      0.0000,      0.0000,      0.0000
     399,    252,   1900,   1910,       4,      0.0000,      0.0000,      0.0000,      0.0000
     400,    254,   1901,   1911,       4,      0.0000,      0.0000,      0.0000,      0.0000
     401,    731,    730,   1912,       4,      0.0000,      0.0000,      0.0000,      0.0000
     402,    728,   1902,    729,       4,      0.0000,      0.0000,      0.0000,      0.0000
     403,    727,   1903,   1913,       4,      0.0000,      0.0000,      0.0000,      0.0000
     404,    725,    724,   1914,       4,      0.0000,      0.0000,      0.0000,      0.0000
     405,    722,   1904,    723,       4,      0.0000,      0.0000,      0.0000,      0.0000
     406,    719,    718,   1915,       4,      0.0000,      0.0000,      0.0000,      0.0000
     407,    717,    716,   1930,       4,      0.0000,      0.0000,      0.0000,      0.0000
     408,    715,   1906,   1916,       4,      0.0000,      0.0000,      0.0000,      0.0000
     409,    713,    712,   1917,       4,      0.0000,      0.0000,      0.0000,      0.0000
     410,    710,   1907,    711,       4,      0.0000,      0.0000,      0.0000,      0.0000
     411,    248,   1908,    708,       4,      0.0000,      0.0000,      0.0000,      0.0000
     412,   1909,   1899,   1918,       4,      0.0000,      0.0000,      0.0000,      0.0000
     413,    252,   1910,   1918,       4,      0.0000,      0.0000,      0.0000,      0.0000
     414,      3,    253,   1900,       4,      0.0000,      0.0000,      0.0000,      0.0000
     415,    254,   1911,   1924,       4,      0.0000,      0.0000,      0.0000,      0.0000
     416,    255,    256,   1901,       4,      0.0000,      0.0000,      0.0000,      0.0000
     417,    257,    731,   1912,       4,      0.0000,      0.0000,      0.0000,      0.0000
     418,    730,   1902,   1912,       4,      0.0000,      0.0000,      0.0000,      0.0000
     419,    727,   1913,   1919,       4,      0.0000,      0.0000,      0.0000,      0.0000
     420,    725,   1903,    726,       4,      0.0000,      0.0000,      0.0000,      0.0000
     421,    723,   1904,   1914,       4,      0.0000,      0.0000,      0.0000,      0.0000
     422,    720,    719,   1915,       4,      0.0000,      0.0000,      0.0000,      0.0000
     423,    718,   1905,   1915,       4,      0.0000,      0.0000,      0.0000,      0.0000
     424,   1916,   1906,   1920,       4,      0.0000,      0.0000,      0.0000,      0.0000
     425,   1917,   1921,   1920,       4,      0.0000,      0.0000,      0.0000,      0.0000
     426,    710,    709,   1922,       4,      0.0000,      0.0000,      0.0000,      0.0000
     427,    248,    249,   1908,       4,      0.0000,      0.0000,      0.0000,      0.0000
     428,   1909,   1918,   1923,       4,      0.0000,      0.0000,      0.0000,      0.0000
     429,    250,    251,   1899,       4,      0.0000,      0.0000,      0.0000,      0.0000
     430,   1910,   1900,   1924,       4,      0.0000,      0.0000,      0.0000,      0.0000
     431,    256,    257,   1912,       4,      0.0000,      0.0000,      0.0000,      0.0000
     432,    728,    727,   1919,       4,      0.0000,      0.0000,      0.0000,      0.0000
     433,   1913,   1903,   1925,       4,      0.0000,      0.0000,      0.0000,      0.0000
     434,   1914,   1904,   1926,       4,      0.0000,      0.0000,      0.0000,      0.0000
     435,    721,    720,   1915,       4,      0.0000,      0.0000,      0.0000,      0.0000
     436,   1916,   1920,   1927,       4,      0.0000,      0.0000,      0.0000,      0.0000
     437,    713,   1906,    714,       4,      0.0000,      0.0000,      0.0000,      0.0000
     438,   1921,   1917,   1928,       4,      0.0000,      0.0000,      0.0000,      0.0000
     439,    710,   1922,   1933,       4,      0.0000,      0.0000,      0.0000,      0.0000
     440,    709,   1908,   1922,       4,      0.0000,      0.0000,      0.0000,      0.0000
     441,    249,   1899,   1908,       4,      0.0000,      0.0000,      0.0000,      0.0000
     442,    251,   1918,   1899,       4,      0.0000,      0.0000,      0.0000,      0.0000
     443,   1910,   1924,   1929,       4,      0.0000,      0.0000,      0.0000,      0.0000
     444,   1901,    256,   1912,       4,      0.0000,      0.0000,      0.0000,      0.0000
     445,   1902,    728,   1919,       4,      0.0000,      0.0000,      0.0000,      0.0000
     446,    725,   1925,   1903,       4,      0.0000,      0.0000,      0.0000,      0.0000
     447,    717,   1930,   1905,       4,      0.0000,      0.0000,      0.0000,      0.0000
     448,    713,   1920,   1906,       4,      0.0000,      0.0000,      0.0000,      0.0000
     449,   1921,   1928,   1931,       4,      0.0000,      0.0000,      0.0000,      0.0000
     450,    712,   1907,   1917,       4,      0.0000,      0.0000,      0.0000,      0.0000
     451,   1908,   1909,   1922,       4,      0.0000,      0.0000,      0.0000,      0.0000
     452,    251,    252,   1918,       4,      0.0000,      0.0000,      0.0000,      0.0000
     453,    253,   1924,   1900,       4,      0.0000,      0.0000,      0.0000,      0.0000
     454,   1911,   1901,   1912,       4,      0.0000,      0.0000,      0.0000,      0.0000
     455,   1902,   1919,   4297,       4,      0.0000,      0.0000,      0.0000,      0.0000
     456,    725,   1914,   1925,       4,      0.0000,      0.0000,      0.0000,      0.0000
     457,    716,   1926,   1930,       4,      0.0000,      0.0000,      0.0000,      0.0000
     458,    713,   1917,   1920,       4,      0.0000,      0.0000,      0.0000,      0.0000
     459,   1928,   4311,   1931,       4,      0.0000,      0.0000,      0.0000,      0.0000
     460,   1910,   1923,   1918,       4,      0.0000,      0.0000,      0.0000,      0.0000
     461,    253,    254,   1924,       4,      0.0000,      0.0000,      0.0000,      0.0000
     462,   1911,   1912,   4297,       4,      0.0000,      0.0000,      0.0000,      0.0000
     463,   1919,   1913,   1934,       4,      0.0000,      0.0000,      0.0000,      0.0000
     464,    715,   1926,    716,       4,      0.0000,      0.0000,      0.0000,      0.0000
     465,   1920,   1921,   1927,       4,      0.0000,      0.0000,      0.0000,      0.0000
     466,   1907,   1928,   1917,       4,      0.0000,      0.0000,      0.0000,      0.0000
     467,   1910,   4310,   1923,       4,      0.0000,      0.0000,      0.0000,      0.0000
     468,   1911,   1929,   1924,       4,      0.0000,      0.0000,      0.0000,      0.0000
     469,   1912,   1902,   4297,       4,      0.0000,      0.0000,      0.0000,      0.0000
     470,   1932,   1919,   1934,       4,      0.0000,      0.0000,      0.0000,      0.0000
     471,    715,   1916,   1926,       4,      0.0000,      0.0000,      0.0000,      0.0000
     472,   1907,   1933,   1928,       4,      0.0000,      0.0000,      0.0000,      0.0000
     473,   1929,   1911,   4297,       4,      0.0000,      0.0000,      0.0000,      0.0000
     474,   1914,   1926,   1916,       4,      0.0000,      0.0000,      0.0000,      0.0000
     475,    710,   1933,   1907,       4,      0.0000,      0.0000,      0.0000,      0.0000
     476,   1909,   1933,   1922,       4,      0.0000,      0.0000,      0.0000,      0.0000
     477,   1932,   4310,   1929,       4,      0.0000,      0.0000,      0.0000,      0.0000
     478,   1909,   1923,   4311,       4,      0.0000,      0.0000,      0.0000,      0.0000
     479,   1910,   1929,   4310,       4,      0.0000,      0.0000,      0.0000,      0.0000
     480,   4311,   1923,   4310,       4,      0.0000,      0.0000,      0.0000,      0.0000
     481,   1914,   1916,   1925,       4,      0.0000,      0.0000,      0.0000,      0.0000
     482,   1931,   1932,   1934,       4,      0.0000,      0.0000,      0.0000,      0.0000
     483,   1925,   1916,   1927,       4,      0.0000,      0.0000,      0.0000,      0.0000
     484,   1921,   1931,   1934,       4,      0.0000,      0.0000,      0.0000,      0.0000
     485,   1913,   1925,   1927,       4,      0.0000,      0.0000,      0.0000,      0.0000
     486,   1927,   1921,   1934,       4,      0.0000,      0.0000,      0.0000,      0.0000
     487,   1913,   1927,   1934,       4,      0.0000,      0.0000,      0.0000,      0.0000
     488,   1904,   1930,   1926,       4,      0.0000,      0.0000,      0.0000,      0.0000
     489,    721,   1905,    722,       4,      0.0000,      0.0000,      0.0000,      0.0000
     490,    721,   1915,   1905,       4,      0.0000,      0.0000,      0.0000,      0.0000
     491,   1904,    722,   1905,       4,      0.0000,      0.0000,      0.0000,      0.0000
     492,   1904,   1905,   1930,       4,      0.0000,      0.0000,      0.0000,      0.0000
     493,      5,    258,    797,       3,    180.0338,     70.8163,      0.0000,    109.2176
     494,    259,    260,   1935,       3,    184.5129,     67.0035,      0.0000,    117.5094
     495,    262,    263,   1936,       3,    196.9801,     68.4686,      0.0000,    128.5116
     496,    265,    266,   1937,       3,    237.3296,     77.2639,      0.0000,    160.0658
     497,    268,    269,   1938,       3,    310.9580,     84.2334,      0.0000,    226.7245
     498,    271,    272,   1939,       3,    301.7378,     76.5382,      0.0000,    225.1996
     499,    274,    275,   1940,       3,    455.7392,    104.2622,      0.0000,    351.4770
     500,    277,    278,   1941,       3,    499.4936,    129.3846,      0.0000,    370.1091
     501,    280,    281,   1942,       3,    216.8131,     73.0398,      0.0000,    143.7732
     502,    283,    284,   1943,       3,    138.6245,     42.7960,      0.0000,     95.8285
     503,    286,    287,   1944,       3,    149.5039,     55.6005,      0.0000,     93.9034
     504,    289,    290,   1945,       3,    189.7228,     73.0070,      0.0000,    116.7158
     505,    292,    293,   1946,       3,    234.3345,     75.1024,      0.0000,    159.2321
     506,    295,    296,   1947,       3,    691.9736,    152.4498,      0.0000,    539.5238
     507,    298,   1948,   2110,       3,    658.6185,    124.2057,      0.0000,    534.4128
     508,    301,    302,   2038,       3,    880.8852,    153.3188,      0.0000,    727.5664
     509,    304,    305,   2037,       3,    287.7351,     97.4801,      0.0000,    190.2550
     510,    307,    308,   2036,       3,    195.3388,     64.5610,      0.0000,    130.7778
     511,    310,   1952,   3131,       3,    182.6926,     69.0969,      0.0000,    113.5958
     512,    313,    314,   1953,       3,    212.7578,     82.1976,      0.0000,    130.5602
     513,    316,    317,   1954,       3,    241.7125,     92.9006,      0.0000,    148.8120
     514,    319,    320,   1955,       3,    222.8390,     80.9296,      0.0000,    141.9094
     515,    322,    323,   1956,       3,    208.7309,     66.7530,      0.0000,    141.9779
     516,    325,    326,   1957,       3,    233.2613,     83.3778,      0.0000,    149.8834
     517,    328,    329,   1958,       3,    252.4624,     80.2376,      0.0000,    172.2249
     518,    331,    332,   1959,       3,    284.5991,     77.6285,      0.0000,    206.9705
     519,    334,    335,   1960,       3,    341.9213,     98.1960,      0.0000,    243.7253
     520,    337,    338,   1961,       3,    409.8758,    110.1110,      0.0000,    299.7648
     521,    340,    341,   1962,       3,    439.6837,    108.9588,      0.0000,    330.7249
     522,    343,    344,   1963,       3,    462.3434,     95.8485,      0.0000,    366.4949
     523,    346,    347,   1964,       3,    532.6219,    118.5035,      0.0000,    414.1184
     524,    349,      6,   1965,       3,    422.2421,     85.1126,      0.0000,    337.1296
     525,    351,    352,   1966,       3,    261.1442,     59.3704,      0.0000,    201.7738
     526,    354,    355,   1967,       3,    189.9664,     44.0771,      0.0000,    145.8893
     527,    357,    358,   1968,       3,    170.8694,     35.9826,      0.0000,    134.8868
     528,    360,    361,   1969,       3,    180.6436,     42.6767,      0.0000,    137.9669
     529,    363,    364,   1970,       3,    182.0365,     37.4036,      0.0000,    144.6329
     530,    366,    367,   1971,       3,    231.5818,     61.3233,      0.0000,    170.2585
     531,    369,    370,   1972,       3,    257.5914,     66.7557,      0.0000,    190.8357
     532,    372,    373,   1973,       3,    304.7263,     59.2939,      0.0000,    245.4324
     533,    375,    376,   1974,       3,    367.4891,     66.0614,      0.0000,    301.4277
     534,    378,    379,   1975,       3,    472.7776,     92.7194,      0.0000,    380.0582
     535,    381,    382,   1976,       3,    475.3268,     59.2010,      0.0000,    416.1257
     536,    384,    385,   1977,       3,    477.8625,     59.1701,      0.0000,    418.6924
     537,    388,   1978,   2065,       3,    348.6257,     68.1218,      0.0000,    280.5039
     538,    390,    391,   1979,       3,    100.8227,     36.0222,      0.0000,     64.8005
     539,    394,   1980,   2070,       3,     40.4362,     14.6534,      0.0000,     25.7828
     540,    397,   1981,   2069,       3,     43.1685,     18.9358,      0.0000,     24.2327
     541,    400,   1982,   2384,       3,     52.1256,     24.2825,      0.0000,     27.8432
     542,    402,    403,   1983,       3,    102.7546,     35.0627,      0.0000,     67.6919
     543,    405,    406,   1984,       3,    150.2638,     52.9697,      0.0000,     97.2941
     544,    408,    409,   1985,       3,    189.8094,     59.5362,      0.0000,    130.2732
     545,    411,    412,   1986,       3,    341.9729,    102.4086,      0.0000,    239.5643
     546,    414,    415,   1987,       3,    164.5949,     64.1559,      0.0000,    100.4390
     547,    417,    418,   1988,       3,    156.1732,     55.7358,      0.0000,    100.4375
     548,    420,    421,   1989,       3,    172.8832,     62.5666,      0.0000,    110.3167
     549,    423,    424,   1990,       3,    188.2982,     70.0400,      0.0000,    118.2583
     550,    426,    427,   1991,       3,    202.2396,     83.5233,      0.0000,    118.7163
     551,    429,    430,   1992,       3,    211.9384,     84.6747,      0.0000,    127.2637
     552,    432,    433,   1993,       3,    211.2598,     76.3018,      0.0000,    134.9580
     553,    435,    436,   1994,       3,    217.8341,     83.0517,      0.0000,    134.7825
     554,    438,    439,   1995,       3,    201.6290,     72.0065,      0.0000,    129.6225
     555,    733,   1996,   2240,       3,    113.3153,     44.9765,      0.0000,     68.3388
     556,    735,    736,   1997,       3,      7.4104,      6.0469,      0.0000,      1.3635
     557,    739,   1998,   2087,       3,      3.6470,      3.0827,      0.0000,      0.5642
     558,    741,    742,   1999,       3,      1.8725,      1.5636,      0.0000,      0.3089
     559,    745,   2000,   2089,       3,      1.3944,      1.1462,      0.0000,      0.2482
     560,    747,    748,   2001,       3,      0.8932,      0.7263,      0.0000,      0.1669
     561,    751,   2002,   2091,       3,      0.5019,      0.4055,      0.0000,      0.0963
     562,    753,    754,   2003,       3,      0.2846,      0.2301,      0.0000,      0.0545
     563,    757,   2004,   2093,       3,      0.1398,      0.1136,      0.0000,      0.0262
     564,    759,    760,   2005,       3,      0.0638,      0.0523,      0.0000,      0.0115
     565,    763,   2006,   2095,       3,      0.0164,      0.0140,      0.0000,      0.0024
     566,      4,    257,    764,       3,      0.0007,      0.0005,      0.0000,      0.0003
     567,    256,    255,   2007,       3,      0.0215,      0.0161,      0.0000,      0.0053
     568,    253,      3,   2008,       3,      0.0320,      0.0228,      0.0000,      0.0092
     569,    250,   2009,   2098,       3,      0.0133,      0.0103,      0.0000,      0.0030
     570,      1,    765,   2147,       3,      0.0072,      0.0063,      0.0000,      0.0009
     571,    766,    767,   2255,       3,      0.0144,      0.0124,      0.0000,      0.0020
     572,    769,    770,   2011,       3,      0.0641,      0.0527,      0.0000,      0.0114
     573,    773,   2012,   2101,       3,      0.1602,      0.1306,      0.0000,      0.0296
     574,    775,    776,   2013,       3,      0.2997,      0.2437,      0.0000,      0.0561
     575,    779,   2014,   2103,       3,      0.5911,      0.4798,      0.0000,      0.1113
     576,    781,    782,   2015,       3,      0.9336,      0.7640,      0.0000,      0.1696
     577,    785,   2016,   2105,       3,      1.5791,      1.3178,      0.0000,      0.2613
     578,    787,    788,   2017,       3,      2.3130,      1.8970,      0.0000,      0.4160
     579,    791,   2018,   2107,       3,      4.0325,      3.4242,      0.0000,      0.6082
     580,    793,    794,   2019,       3,      7.8682,      6.3317,      0.0000,      1.5365
     581,    796,    797,   2020,       3,    152.2079,     59.9351,      0.0000,     92.2728
     582,    260,   2021,   1935,       3,    181.5827,     65.2109,      0.0000,    116.3717
     583,    262,   1936,   2021,       3,    184.2780,     66.3839,      0.0000,    117.8941
     584,    265,   1937,   2022,       3,    241.2904,     74.7240,      0.0000,    166.5664
     585,    268,   1938,   2023,       3,    375.0410,     81.5036,      0.0000,    293.5374
     586,    271,   1939,   2024,       3,    379.6073,     74.3524,      0.0000,    305.2549
     587,    274,   1940,   2025,       3,    479.3249,     99.1008,      0.0000,    380.2240
     588,    277,   1941,   2026,       3,    402.5055,    111.2444,      0.0000,    291.2611
     589,    280,   1942,   2027,       3,    181.1871,     64.3431,      0.0000,    116.8440
     590,    283,   1943,   2028,       3,    127.6010,     45.5684,      0.0000,     82.0327
     591,    286,   1944,   2029,       3,    125.7360,     53.7446,      0.0000,     71.9914
     592,    289,   1945,   2030,       3,    152.1511,     59.8058,      0.0000,     92.3453
     593,    292,   1946,   2031,       3,    216.1255,     69.7370,      0.0000,    146.3885
     594,    295,   1947,   2032,       3,    864.9849,    141.6390,      0.0000,    723.3459
     595,    107,   1166,   2036,       3,    131.8191,     52.0661,      0.0000,     79.7529
     596,    485,   1164,   2037,       3,    160.0276,     69.5465,      0.0000,     90.4810
     597,    483,   1162,   2038,       3,    483.7668,    133.5790,      0.0000,    350.1878
     598,    299,    300,   2039,       3,   1028.5627,    161.4298,      0.0000,    867.1329
     599,    302,    303,   1949,       3,    644.7513,    136.0219,      0.0000,    508.7294
     600,    305,    306,   1950,       3,    230.8266,     79.0478,      0.0000,    151.7788
     601,    308,    309,   1951,       3,    186.1160,     70.3625,      0.0000,    115.7535
     602,    311,    312,   1952,       3,    187.2507,     69.2132,      0.0000,    118.0376
     603,    313,   1953,   2040,       3,    197.7257,     77.1972,      0.0000,    120.5286
     604,    316,   1954,   2041,       3,    227.0002,     89.1519,      0.0000,    137.8483
     605,    319,   1955,   2042,       3,    208.3042,     78.4017,      0.0000,    129.9025
     606,    322,   1956,   2043,       3,    199.6105,     68.3109,      0.0000,    131.2997
     607,    325,   1957,   2044,       3,    218.8114,     81.2828,      0.0000,    137.5286
     608,    328,   1958,   2045,       3,    223.5187,     68.6623,      0.0000,    154.8565
     609,    331,   1959,   2046,       3,    266.2906,     78.1942,      0.0000,    188.0964
     610,    334,   1960,   2047,       3,    315.3901,     93.8292,      0.0000,    221.5609
     611,    337,   1961,   2048,       3,    377.3677,    100.8575,      0.0000,    276.5102
     612,    340,   1962,   2049,       3,    417.9132,    104.8230,      0.0000,    313.0903
     613,    343,   1963,   2050,       3,    446.3222,     97.8979,      0.0000,    348.4243
     614,    346,   1964,   2051,       3,    497.6503,    112.6146,      0.0000,    385.0357
     615,    349,   1965,   2052,       3,    345.5086,     75.4991,      0.0000,    270.0095
     616,    350,    351,   2053,       3,    281.4179,     63.0650,      0.0000,    218.3529
     617,    352,    353,   1966,       3,    261.1442,     59.3704,      0.0000,    201.7738
     618,    354,   1967,   2054,       3,    193.2322,     45.4255,      0.0000,    147.8067
     619,    356,    357,   2055,       3,    171.8491,     36.6569,      0.0000,    135.1921
     620,    358,    359,   1968,       3,    170.8694,     35.9826,      0.0000,    134.8868
     621,    360,   1969,   2056,       3,    164.9153,     39.8256,      0.0000,    125.0896
     622,    362,    363,   2057,       3,    177.6321,     40.1749,      0.0000,    137.4573
     623,    364,    365,   1970,       3,    182.0365,     37.4036,      0.0000,    144.6329
     624,    366,   1971,   2058,       3,    209.6194,     54.0389,      0.0000,    155.5805
     625,    368,    369,   2059,       3,    239.0905,     60.4310,      0.0000,    178.6595
     626,    370,    371,   1972,       3,    257.5914,     66.7557,      0.0000,    190.8357
     627,    372,   1973,   2060,       3,    295.5642,     62.0745,      0.0000,    233.4898
     628,    374,    375,   2061,       3,    340.9058,     63.6257,      0.0000,    277.2801
     629,    376,    377,   1974,       3,    367.4891,     66.0614,      0.0000,    301.4277
     630,    378,   1975,   2062,       3,    445.9941,     86.4252,      0.0000,    359.5689
     631,    380,    381,   2063,       3,    487.8563,     75.0764,      0.0000,    412.7799
     632,    382,    383,   1976,       3,    475.3268,     59.2010,      0.0000,    416.1257
     633,    384,   1977,   2064,       3,    462.7759,     55.9478,      0.0000,    406.8280
     634,    387,   2067,    386,       3,    476.6452,     61.8789,      0.0000,    414.7663
     635,    388,    389,   1978,       3,    266.7162,     65.2149,      0.0000,    201.5013
     636,    108,    107,   1951,       3,    152.2075,     68.9536,      0.0000,     83.2540
     637,    312,    313,   2040,       3,    199.4308,     79.6229,      0.0000,    119.8080
     638,    314,    315,   1953,       3,    212.7578,     82.1976,      0.0000,    130.5602
     639,    315,    316,   2041,       3,    224.9937,     87.2945,      0.0000,    137.6992
     640,    317,    318,   1954,       3,    241.7125,     92.9006,      0.0000,    148.8120
     641,    318,    319,   2042,       3,    212.8841,     74.1729,      0.0000,    138.7112
     642,    320,    321,   1955,       3,    222.8390,     80.9296,      0.0000,    141.9094
     643,    321,    322,   2043,       3,    204.6969,     79.1680,      0.0000,    125.5289
     644,    323,    324,   1956,       3,    208.7309,     66.7530,      0.0000,    141.9779
     645,    324,    325,   2044,       3,    218.8114,     81.2828,      0.0000,    137.5286
     646,    326,    327,   1957,       3,    233.2613,     83.3778,      0.0000,    149.8834
     647,    327,    328,   2045,       3,    227.7080,     72.0744,      0.0000,    155.6336
     648,    329,    330,   1958,       3,    252.4624,     80.2376,      0.0000,    172.2249
     649,    330,    331,   2046,       3,    266.4421,     85.5563,      0.0000,    180.8857
     650,    332,    333,   1959,       3,    284.5991,     77.6285,      0.0000,    206.9705
     651,    333,    334,   2047,       3,    317.9872,     96.1360,      0.0000,    221.8512
     652,    335,    336,   1960,       3,    341.9213,     98.1960,      0.0000,    243.7253
     653,    336,    337,   2048,       3,    377.3677,    100.8575,      0.0000,    276.5102
     654,    338,    339,   1961,       3,    409.8758,    110.1110,      0.0000,    299.7648
     655,    339,    340,   2049,       3,    421.4996,    103.0207,      0.0000,    318.4789
     656,    341,    342,   1962,       3,    439.6837,    108.9588,      0.0000,    330.7249
     657,    342,    343,   2050,       3,    444.2268,    101.0271,      0.0000,    343.1997
     658,    344,    345,   1963,       3,    462.3434,     95.8485,      0.0000,    366.4949
     659,    345,    346,   2051,       3,    523.1079,    116.9130,      0.0000,    406.1949
     660,    347,    348,   1964,       3,    532.6219,    118.5035,      0.0000,    414.1184
     661,    349,   2052,   3101,       3,    403.8332,     91.6416,      0.0000,    312.1916
     662,      6,    350,   1965,       3,    340.8613,     74.7918,      0.0000,    266.0695
     663,    351,   1966,   2053,       3,    252.0934,     58.5306,      0.0000,    193.5628
     664,    353,    354,   2054,       3,    193.2322,     45.4255,      0.0000,    147.8067
     665,    355,    356,   1967,       3,    189.9664,     44.0771,      0.0000,    145.8893
     666,    357,   1968,   2055,       3,    171.8491,     36.6569,      0.0000,    135.1921
     667,    359,    360,   2056,       3,    169.5216,     37.7488,      0.0000,    131.7728
     668,    361,    362,   1969,       3,    180.6436,     42.6767,      0.0000,    137.9669
     669,    363,   1970,   2057,       3,    177.6321,     40.1749,      0.0000,    137.4573
     670,    365,    366,   2058,       3,    216.0623,     58.1037,      0.0000,    157.9585
     671,    367,    368,   1971,       3,    231.5818,     61.3233,      0.0000,    170.2585
     672,    369,   1972,   2059,       3,    239.0905,     60.4310,      0.0000,    178.6595
     673,    371,    372,   2060,       3,    287.1913,     56.9487,      0.0000,    230.2426
     674,    373,    374,   1973,       3,    304.7263,     59.2939,      0.0000,    245.4324
     675,    375,   1974,   2061,       3,    340.9058,     63.6257,      0.0000,    277.2801
     676,    377,    378,   2062,       3,    445.9941,     86.4252,      0.0000,    359.5689
     677,    379,    380,   1975,       3,    472.7776,     92.7194,      0.0000,    380.0582
     678,    381,   1976,   2063,       3,    487.8563,     75.0764,      0.0000,    412.7799
     679,    383,    384,   2064,       3,    481.7054,     55.5516,      0.0000,    426.1538
     680,    385,    386,   1977,       3,    477.8625,     59.1701,      0.0000,    418.6924
     681,    387,    388,   2065,       3,    379.5901,     81.8522,      0.0000,    297.7379
     682,    389,    390,   2066,       3,    162.0677,     48.0652,      0.0000,    114.0025
     683,    386,   2067,   1977,       3,    476.6452,     61.8789,      0.0000,    414.7663
     684,   1978,    389,   2066,       3,    253.2135,     61.7535,      0.0000,    191.4600
     685,    387,   2065,   2067,       3,    348.6257,     68.1218,      0.0000,    280.5039
     686,     89,   1978,   2066,       3,    152.0741,     42.6090,      0.0000,    109.4651
     687,     88,   2067,   2065,       3,    414.3862,     58.8774,      0.0000,    355.5088
     688,     89,   1034,   1978,       3,    253.2135,     61.7535,      0.0000,    191.4600
     689,     88,   2065,   1034,       3,    239.4552,     56.6061,      0.0000,    182.8490
     690,   1034,   2065,   1978,       3,    253.2135,     61.7535,      0.0000,    191.4600
     691,     91,   1084,   2068,       3,     41.8801,     21.1142,      0.0000,     20.7658
     692,   1085,    475,   2069,       3,     37.5596,     18.5863,      0.0000,     18.9733
     693,    473,   1980,   1087,       3,     37.4501,     18.5326,      0.0000,     18.9175
     694,    472,   1089,   2071,       3,     71.3590,     31.3823,      0.0000,     39.9767
     695,    393,   2072,   2128,       3,     41.0051,     16.2711,      0.0000,     24.7340
     696,    394,   2129,   1980,       3,     42.4994,     18.0099,      0.0000,     24.4895
     697,    397,    398,   1981,       3,     45.4932,     17.9709,      0.0000,     27.5224
     698,    400,    401,   1982,       3,     55.5016,     24.9371,      0.0000,     30.5645
     699,    402,   1983,   2073,       3,     86.8133,     32.1052,      0.0000,     54.7081
     700,    404,    405,   2074,       3,    112.4850,     37.9839,      0.0000,     74.5011
     701,    406,    407,   1984,       3,    150.2638,     52.9697,      0.0000,     97.2941
     702,    408,   1985,   2075,       3,    239.2623,     64.6198,      0.0000,    174.6424
     703,    410,    411,   2076,       3,    348.1325,     97.9371,      0.0000,    250.1954
     704,    412,    413,   1986,       3,    341.9729,    102.4086,      0.0000,    239.5643
     705,    414,   1987,   2077,       3,    147.0305,     59.0468,      0.0000,     87.9837
     706,    416,    417,   2078,       3,    147.4602,     54.5678,      0.0000,     92.8924
     707,    418,    419,   1988,       3,    156.1732,     55.7358,      0.0000,    100.4375
     708,    420,   1989,   2079,       3,    166.3762,     63.9878,      0.0000,    102.3884
     709,    422,    423,   2080,       3,    186.1025,     73.1821,      0.0000,    112.9203
     710,    424,    425,   1990,       3,    188.2982,     70.0400,      0.0000,    118.2583
     711,    426,   1991,   2081,       3,    187.6583,     77.4200,      0.0000,    110.2383
     712,    428,    429,   2082,       3,    197.6944,     78.2406,      0.0000,    119.4537
     713,    430,    431,   1992,       3,    211.9384,     84.6747,      0.0000,    127.2637
     714,    432,   1993,   2083,       3,    196.2954,     71.5705,      0.0000,    124.7249
     715,    434,    435,   2084,       3,    207.6784,     78.0673,      0.0000,    129.6111
     716,    436,    437,   1994,       3,    217.8341,     83.0517,      0.0000,    134.7825
     717,    438,   1995,   2085,       3,    187.4098,     68.8137,      0.0000,    118.5961
     718,    733,    734,   1996,       3,     48.9804,     22.8077,      0.0000,     26.1727
     719,   1997,   2086,   2131,       3,      7.4104,      6.0469,      0.0000,      1.3635
     720,    737,    738,   2087,       3,      4.0157,      3.4272,      0.0000,      0.5885
     721,    739,    740,   1998,       3,      3.1593,      2.6134,      0.0000,      0.5459
     722,   1999,   2088,   2134,       3,      1.8725,      1.5636,      0.0000,      0.3089
     723,    743,    744,   2089,       3,      1.6276,      1.3370,      0.0000,      0.2906
     724,    745,    746,   2000,       3,      1.2789,      1.0438,      0.0000,      0.2351
     725,   2001,   2090,   2137,       3,      0.8932,      0.7263,      0.0000,      0.1669
     726,    750,   2139,    749,       3,      0.5498,      0.4444,      0.0000,      0.1054
     727,    751,    752,   2002,       3,      0.4284,      0.3456,      0.0000,      0.0827
     728,   2003,   2092,   2140,       3,      0.2846,      0.2301,      0.0000,      0.0545
     729,    756,   2142,    755,       3,      0.1582,      0.1285,      0.0000,      0.0297
     730,    757,    758,   2004,       3,      0.1151,      0.0937,      0.0000,      0.0214
     731,   2005,   2094,   2143,       3,      0.0638,      0.0523,      0.0000,      0.0115
     732,    761,    762,   2095,       3,      0.0226,      0.0191,      0.0000,      0.0035
     733,    763,    764,   2006,       3,      0.0164,      0.0140,      0.0000,      0.0024
     734,    257,    256,   2096,       3,      0.0165,      0.0124,      0.0000,      0.0041
     735,    254,   2007,    255,       3,      0.0215,      0.0161,      0.0000,      0.0053
     736,   2008,   2097,   2146,       3,      0.0326,      0.0236,      0.0000,      0.0090
     737,    251,   2098,   2192,       3,      0.0282,      0.0206,      0.0000,      0.0076
     738,    249,   2009,    250,       3,      0.0080,      0.0058,      0.0000,      0.0022
     739,    765,   2099,   2147,       3,      0.0107,      0.0092,      0.0000,      0.0015
     740,    767,    768,   2010,       3,      0.0245,      0.0207,      0.0000,      0.0038
     741,   2011,   2100,   2148,       3,      0.0650,      0.0534,      0.0000,      0.0116
     742,    771,    772,   2101,       3,      0.1352,      0.1104,      0.0000,      0.0248
     743,    773,    774,   2012,       3,      0.1602,      0.1306,      0.0000,      0.0296
     744,   2013,   2102,   2151,       3,      0.2997,      0.2437,      0.0000,      0.0561
     745,    777,    778,   2103,       3,      0.5147,      0.4176,      0.0000,      0.0971
     746,    779,    780,   2014,       3,      0.6647,      0.5403,      0.0000,      0.1244
     747,   2015,   2104,   2154,       3,      0.9336,      0.7640,      0.0000,      0.1696
     748,    783,    784,   2105,       3,      1.4246,      1.1791,      0.0000,      0.2455
     749,    785,    786,   2016,       3,      1.6334,      1.3773,      0.0000,      0.2561
     750,   2017,   2106,   2157,       3,      2.3130,      1.8970,      0.0000,      0.4160
     751,    789,    790,   2107,       3,      3.3587,      2.8687,      0.0000,      0.4901
     752,    791,    792,   2018,       3,      4.0325,      3.4242,      0.0000,      0.6082
     753,   2019,   2108,   2160,       3,      7.8682,      6.3317,      0.0000,      1.5365
     754,    795,    796,   2109,       3,     76.2559,     31.9306,      0.0000,     44.3253
     755,    261,    262,   2021,       3,    190.9861,     68.6847,      0.0000,    122.3015
     756,    263,    264,   1936,       3,    196.9801,     68.4686,      0.0000,    128.5116
     757,    264,    265,   2022,       3,    198.2031,     68.8105,      0.0000,    129.3925
     758,    266,    267,   1937,       3,    237.3296,     77.2639,      0.0000,    160.0658
     759,    267,    268,   2023,       3,    267.1391,     75.7360,      0.0000,    191.4031
     760,    269,    270,   1938,       3,    310.9580,     84.2334,      0.0000,    226.7245
     761,    270,    271,   2024,       3,    286.9559,     71.5860,      0.0000,    215.3700
     762,    272,    273,   1939,       3,    301.7378,     76.5382,      0.0000,    225.1996
     763,    273,    274,   2025,       3,    400.3754,     91.1311,      0.0000,    309.2443
     764,    275,    276,   1940,       3,    455.7392,    104.2622,      0.0000,    351.4770
     765,    276,    277,   2026,       3,    526.5453,    133.0923,      0.0000,    393.4531
     766,    278,    279,   1941,       3,    499.4936,    129.3846,      0.0000,    370.1091
     767,    279,    280,   2027,       3,    250.4386,     77.8494,      0.0000,    172.5893
     768,    281,    282,   1942,       3,    216.8131,     73.0398,      0.0000,    143.7732
     769,    282,    283,   2028,       3,    137.0840,     44.7166,      0.0000,     92.3674
     770,    284,    285,   1943,       3,    138.6245,     42.7960,      0.0000,     95.8285
     771,    285,    286,   2029,       3,    139.3387,     52.4309,      0.0000,     86.9079
     772,    287,    288,   1944,       3,    149.5039,     55.6005,      0.0000,     93.9034
     773,    288,    289,   2030,       3,    154.6177,     57.7160,      0.0000,     96.9017
     774,    290,    291,   1945,       3,    189.7228,     73.0070,      0.0000,    116.7158
     775,    291,    292,   2031,       3,    201.9083,     66.4019,      0.0000,    135.5064
     776,    293,    294,   1946,       3,    234.3345,     75.1024,      0.0000,    159.2321
     777,    294,    295,   2032,       3,    647.5208,    152.6290,      0.0000,    494.8918
     778,    296,    297,   1947,       3,    691.9736,    152.4498,      0.0000,    539.5238
     779,   2033,   2034,   2110,       3,   1132.3834,    122.4225,      0.0000,   1009.9609
     780,    104,   1160,   2111,       3,     28.2520,     18.1297,      0.0000,     10.1223
     781,    481,    102,   2112,       3,     16.9779,     12.7542,      0.0000,      4.2237
     782,   1159,   2113,   2368,       3,     13.7545,     10.7595,      0.0000,      2.9950
     783,   1157,    100,   2114,       3,     10.7831,      7.4338,      0.0000,      3.3493
     784,   1156,   2115,   2167,       3,      9.6528,      5.4210,      0.0000,      4.2318
     785,   1154,   1153,   2116,       3,      7.3606,      5.3835,      0.0000,      1.9771
     786,   1151,   1150,   2117,       3,      5.0924,      3.7622,      0.0000,      1.3303
     787,   1148,   1147,   2118,       3,      7.0541,      4.8589,      0.0000,      2.1952
     788,   1145,   1144,   2119,       3,      6.6396,      4.2666,      0.0000,      2.3731
     789,   1142,   1141,   2120,       3,      6.3824,      3.6756,      0.0000,      2.7068
     790,   1139,   1138,   2121,       3,      5.1470,      3.4128,      0.0000,      1.7342
     791,    479,     96,   2122,       3,      7.8909,      4.3439,      0.0000,      3.5470
     792,    122,    488,   2123,       3,     25.9553,     15.2317,      0.0000,     10.7235
     793,    487,    120,   2124,       3,    295.0426,     62.3047,      0.0000,    232.7379
     794,   1168,   1169,   2125,       3,    248.7970,     77.1944,      0.0000,    171.6026
     795,   1171,   1172,   3128,       3,    132.1586,     45.5632,      0.0000,     86.5954
     796,    476,   2068,   1084,       3,     41.8801,     21.1142,      0.0000,     20.7658
     797,    475,   1086,   2069,       3,     37.5596,     18.5863,      0.0000,     18.9733
     798,    474,   2129,   2130,       3,     42.4994,     18.0099,      0.0000,     24.4895
     799,   1088,    472,   2128,       3,     41.6192,     18.4585,      0.0000,     23.1607
     800,    392,    393,   2128,       3,     70.4285,     27.9342,      0.0000,     42.4942
     801,    474,   1087,   1980,       3,     37.4501,     18.5326,      0.0000,     18.9175
     802,   1088,   2128,   2072,       3,     41.0051,     16.2711,      0.0000,     24.7340
     803,    474,   2130,   1086,       3,     36.3267,     17.2629,      0.0000,     19.0637
     804,    473,   1088,   2072,       3,     41.6192,     18.4585,      0.0000,     23.1607
     805,    395,   2130,   2129,       3,     42.4994,     18.0099,      0.0000,     24.4895
     806,   2070,    473,   2072,       3,     41.0051,     16.2711,      0.0000,     24.7340
     807,    394,    395,   2129,       3,     42.4994,     18.0099,      0.0000,     24.4895
     808,    393,   2070,   2072,       3,     40.4362,     14.6534,      0.0000,     25.7828
     809,    474,   1980,   2129,       3,     38.0782,     16.4252,      0.0000,     21.6530
     810,    393,    394,   2070,       3,     40.4362,     14.6534,      0.0000,     25.7828
     811,    473,   2070,   1980,       3,     40.4362,     14.6534,      0.0000,     25.7828
     812,   2069,   1086,   2130,       3,     41.0501,     18.2886,      0.0000,     22.7615
     813,    395,    396,   2130,       3,     46.2909,     19.6043,      0.0000,     26.6866
     814,    401,    402,   2073,       3,     61.9327,     26.8549,      0.0000,     35.0778
     815,    403,    404,   1983,       3,    102.7546,     35.0627,      0.0000,     67.6919
     816,    405,   1984,   2074,       3,    120.4536,     41.8756,      0.0000,     78.5780
     817,    407,    408,   2075,       3,    165.3304,     50.0763,      0.0000,    115.2542
     818,    409,    410,   1985,       3,    189.8094,     59.5362,      0.0000,    130.2732
     819,    411,   1986,   2076,       3,    239.2968,     67.0410,      0.0000,    172.2558
     820,    413,    414,   2077,       3,    161.1245,     60.0750,      0.0000,    101.0495
     821,    415,    416,   1987,       3,    164.5949,     64.1559,      0.0000,    100.4390
     822,    417,   1988,   2078,       3,    147.4602,     54.5678,      0.0000,     92.8924
     823,    419,    420,   2079,       3,    166.3762,     63.9878,      0.0000,    102.3884
     824,    421,    422,   1989,       3,    172.8832,     62.5666,      0.0000,    110.3167
     825,    423,   1990,   2080,       3,    161.2004,     66.7759,      0.0000,     94.4245
     826,    425,    426,   2081,       3,    190.3988,     77.8238,      0.0000,    112.5750
     827,    427,    428,   1991,       3,    202.2396,     83.5233,      0.0000,    118.7163
     828,    429,   1992,   2082,       3,    199.1217,     77.7396,      0.0000,    121.3821
     829,    431,    432,   2083,       3,    213.0385,     85.7696,      0.0000,    127.2689
     830,    433,    434,   1993,       3,    211.2598,     76.3018,      0.0000,    134.9580
     831,    435,   1994,   2084,       3,    195.3327,     73.8081,      0.0000,    121.5246
     832,    437,    438,   2085,       3,    194.9113,     70.5632,      0.0000,    124.3481
     833,      7,   1995,    439,       3,    201.6290,     72.0065,      0.0000,    129.6225
     834,   1996,    734,   2131,       3,     14.0676,      7.3265,      0.0000,      6.7410
     835,   2086,   1997,   2132,       3,      7.4104,      6.0469,      0.0000,      1.3635
     836,    737,   2087,   2133,       3,      3.9087,      3.3015,      0.0000,      0.6072
     837,   1998,    740,   2134,       3,      2.8437,      2.3395,      0.0000,      0.5041
     838,   2088,   1999,   2135,       3,      1.8725,      1.5636,      0.0000,      0.3089
     839,    743,   2089,   2136,       3,      1.5812,      1.2978,      0.0000,      0.2834
     840,   2000,    746,   2137,       3,      1.1228,      0.9203,      0.0000,      0.2024
     841,   2090,   2001,   2138,       3,      0.8932,      0.7263,      0.0000,      0.1669
     842,    750,   2091,   2139,       3,      0.5019,      0.4055,      0.0000,      0.0963
     843,   2002,    752,   2140,       3,      0.3862,      0.3121,      0.0000,      0.0741
     844,   2092,   2003,   2141,       3,      0.2846,      0.2301,      0.0000,      0.0545
     845,    756,   2093,   2142,       3,      0.1398,      0.1136,      0.0000,      0.0262
     846,   2004,    758,   2143,       3,      0.0983,      0.0802,      0.0000,      0.0180
     847,   2094,   2005,   2144,       3,      0.0638,      0.0523,      0.0000,      0.0115
     848,    761,   2095,   2145,       3,      0.0222,      0.0187,      0.0000,      0.0035
     849,    257,   2006,    764,       3,      0.0063,      0.0054,      0.0000,      0.0009
     850,    256,   2007,   2096,       3,      0.0210,      0.0170,      0.0000,      0.0040
     851,    253,   2146,   2191,       3,      0.0333,      0.0245,      0.0000,      0.0087
     852,      3,    252,   2008,       3,      0.0320,      0.0228,      0.0000,      0.0092
     853,    250,   2098,    251,       3,      0.0152,      0.0109,      0.0000,      0.0042
     854,    248,   2147,   2193,       3,      0.0061,      0.0052,      0.0000,      0.0010
     855,    765,    766,   2099,       3,      0.0107,      0.0092,      0.0000,      0.0015
     856,   2010,    768,   2148,       3,      0.0392,      0.0327,      0.0000,      0.0066
     857,   2100,   2011,   2149,       3,      0.0650,      0.0534,      0.0000,      0.0116
     858,    771,   2101,   2150,       3,      0.1415,      0.1154,      0.0000,      0.0261
     859,   2012,    774,   2151,       3,      0.2119,      0.1725,      0.0000,      0.0394
     860,   2102,   2013,   2152,       3,      0.2997,      0.2437,      0.0000,      0.0561
     861,    777,   2103,   2153,       3,      0.5408,      0.4392,      0.0000,      0.1016
     862,   2014,    780,   2154,       3,      0.7300,      0.5937,      0.0000,      0.1363
     863,   2104,   2015,   2155,       3,      0.9336,      0.7640,      0.0000,      0.1696
     864,    783,   2105,   2156,       3,      1.4222,      1.1901,      0.0000,      0.2321
     865,   2016,    786,   2157,       3,      1.7849,      1.4884,      0.0000,      0.2965
     866,   2106,   2017,   2158,       3,      2.3130,      1.8970,      0.0000,      0.4160
     867,    789,   2107,   2159,       3,      3.5530,      3.0343,      0.0000,      0.5187
     868,   2018,    792,   2160,       3,      5.3616,      4.4917,      0.0000,      0.8699
     869,   2108,   2019,   2161,       3,      7.8682,      6.3317,      0.0000,      1.5365
     870,    795,   2109,   2162,       3,     80.8766,     29.5636,      0.0000,     51.3130
     871,    260,    261,   2021,       3,    190.9861,     68.6847,      0.0000,    122.3015
     872,   1936,    264,   2022,       3,    198.2031,     68.8105,      0.0000,    129.3925
     873,   1937,    267,   2023,       3,    241.2904,     74.7240,      0.0000,    166.5664
     874,   1938,    270,   2024,       3,    289.1413,     76.2983,      0.0000,    212.8430
     875,   1939,    273,   2025,       3,    310.2709,     73.7429,      0.0000,    236.5280
     876,   1940,    276,   2026,       3,    479.3249,     99.1008,      0.0000,    380.2240
     877,   1941,    279,   2027,       3,    402.5055,    111.2444,      0.0000,    291.2611
     878,   1942,    282,   2028,       3,    181.1871,     64.3431,      0.0000,    116.8440
     879,   1943,    285,   2029,       3,    139.3387,     52.4309,      0.0000,     86.9079
     880,   1944,    288,   2030,       3,    152.1511,     59.8058,      0.0000,     92.3453
     881,   1945,    291,   2031,       3,    180.9988,     69.7027,      0.0000,    111.2961
     882,   1946,    294,   2032,       3,    274.1393,     83.6456,      0.0000,    190.4937
     883,   1948,   2110,    298,       3,    658.6185,    124.2057,      0.0000,    534.4128
     884,    105,   2034,   4284,       3,   1874.9930,    162.6218,      0.0000,   1712.3712
     885,   2111,   2163,   2367,       3,    134.9390,     45.5653,      0.0000,     89.3737
     886,    103,    481,   2164,       3,     26.4316,     17.5058,      0.0000,      8.9258
     887,    102,    480,   2165,       3,     15.2361,     11.4987,      0.0000,      3.7374
     888,   1158,   2113,   1159,       3,     14.5461,     11.0430,      0.0000,      3.5031
     889,   1157,   2114,   2166,       3,     11.1814,      7.4280,      0.0000,      3.7534
     890,     99,     98,   2167,       3,     11.1843,      5.8661,      0.0000,      5.3181
     891,   1155,   2115,   1156,       3,      9.9160,      5.6940,      0.0000,      4.2220
     892,   1154,   2116,   2168,       3,      6.8927,      5.1559,      0.0000,      1.7368
     893,   1152,   1151,   2169,       3,      5.9077,      4.4288,      0.0000,      1.4789
     894,   1149,   2117,   1150,       3,      5.0924,      3.7622,      0.0000,      1.3303
     895,   1148,   2118,   2170,       3,      6.4625,      4.4478,      0.0000,      2.0148
     896,   1146,   1145,   2171,       3,      6.4031,      4.1651,      0.0000,      2.2380
     897,   1143,   2119,   1144,       3,      6.6396,      4.2666,      0.0000,      2.3731
     898,   1142,   2120,   2172,       3,      5.8208,      3.4427,      0.0000,      2.3780
     899,   1140,   1139,   2173,       3,      5.2900,      3.3059,      0.0000,      1.9840
     900,     97,   2121,   1138,       3,      5.1470,      3.4128,      0.0000,      1.7342
     901,   2122,   2174,   2370,       3,      1.1139,      0.7992,      0.0000,      0.3147
     902,    396,   2069,   2130,       3,     40.1088,     18.1338,      0.0000,     21.9751
     903,   1982,    401,   2073,       3,     55.5322,     26.1454,      0.0000,     29.3867
     904,   1983,    404,   2074,       3,    120.4536,     41.8756,      0.0000,     78.5780
     905,   1984,    407,   2075,       3,    132.6512,     46.4836,      0.0000,     86.1677
     906,   1985,    410,   2076,       3,    239.2623,     64.6198,      0.0000,    174.6424
     907,   1986,    413,   2077,       3,    248.6857,     76.3943,      0.0000,    172.2914
     908,   1987,    416,   2078,       3,    151.9875,     59.7264,      0.0000,     92.2611
     909,   1988,    419,   2079,       3,    143.7698,     54.0032,      0.0000,     89.7666
     910,   1989,    422,   2080,       3,    176.7563,     67.4686,      0.0000,    109.2877
     911,   1990,    425,   2081,       3,    183.8257,     71.4927,      0.0000,    112.3330
     912,   1991,    428,   2082,       3,    197.6944,     78.2406,      0.0000,    119.4537
     913,   1992,    431,   2083,       3,    197.7279,     79.5249,      0.0000,    118.2030
     914,   1993,    434,   2084,       3,    196.2954,     71.5705,      0.0000,    124.7249
     915,   1994,    437,   2085,       3,    200.1278,     74.3413,      0.0000,    125.7865
     916,      7,    732,   1995,       3,    187.4098,     68.8137,      0.0000,    118.5961
     917,   1996,   2131,   2176,       3,      8.6950,      6.5300,      0.0000,      2.1650
     918,   2086,   2132,   2177,       3,      5.7816,      4.8611,      0.0000,      0.9205
     919,    736,    737,   2132,       3,      6.1918,      5.1066,      0.0000,      1.0852
     920,   2133,   2087,   2178,       3,      3.9087,      3.3015,      0.0000,      0.6072
     921,   2134,   2179,   2306,       3,      2.1388,      1.7229,      0.0000,      0.4159
     922,   2088,   2135,   2180,       3,      1.7557,      1.4672,      0.0000,      0.2885
     923,    742,    743,   2135,       3,      1.7102,      1.4369,      0.0000,      0.2733
     924,   2136,   2089,   2181,       3,      1.5812,      1.2978,      0.0000,      0.2834
     925,   2137,   2182,   2308,       3,      1.1427,      0.9294,      0.0000,      0.2133
     926,   2090,   2138,   2183,       3,      0.7720,      0.6265,      0.0000,      0.1455
     927,    748,    749,   2138,       3,      0.8262,      0.6720,      0.0000,      0.1543
     928,   2139,   2091,   2184,       3,      0.5019,      0.4055,      0.0000,      0.0963
     929,   2140,   2185,   2310,       3,      0.3830,      0.3091,      0.0000,      0.0739
     930,   2092,   2141,   2186,       3,      0.2412,      0.1951,      0.0000,      0.0461
     931,    754,    755,   2141,       3,      0.2605,      0.2110,      0.0000,      0.0495
     932,   2142,   2093,   2187,       3,      0.1398,      0.1136,      0.0000,      0.0262
     933,   2143,   2188,   2312,       3,      0.1043,      0.0849,      0.0000,      0.0194
     934,   2094,   2144,   2189,       3,      0.0662,      0.0542,      0.0000,      0.0121
     935,    760,    761,   2144,       3,      0.0551,      0.0454,      0.0000,      0.0097
     936,   2145,   2095,   2190,       3,      0.0222,      0.0187,      0.0000,      0.0035
     937,   2006,    257,   2096,       3,      0.0132,      0.0112,      0.0000,      0.0020
     938,   2007,    254,   2191,       3,      0.0261,      0.0195,      0.0000,      0.0066
     939,    253,   2008,   2146,       3,      0.0333,      0.0245,      0.0000,      0.0087
     940,    252,   2192,   2253,       3,      0.0282,      0.0206,      0.0000,      0.0076
     941,   2009,    249,   2193,       3,      0.0074,      0.0059,      0.0000,      0.0016
     942,      1,   2147,    248,       3,      0.0037,      0.0028,      0.0000,      0.0009
     943,    767,   2010,   2255,       3,      0.0245,      0.0207,      0.0000,      0.0038
     944,    768,    769,   2148,       3,      0.0559,      0.0462,      0.0000,      0.0097
     945,   2149,   2194,   2418,       3,      0.0746,      0.0612,      0.0000,      0.0134
     946,    770,    771,   2149,       3,      0.0733,      0.0603,      0.0000,      0.0131
     947,   2150,   2101,   2195,       3,      0.1415,      0.1154,      0.0000,      0.0261
     948,   2151,   2196,   2318,       3,      0.2576,      0.2098,      0.0000,      0.0478
     949,   2102,   2152,   2197,       3,      0.3589,      0.2918,      0.0000,      0.0671
     950,    776,    777,   2152,       3,      0.3317,      0.2696,      0.0000,      0.0621
     951,   2153,   2103,   2198,       3,      0.5408,      0.4392,      0.0000,      0.1016
     952,   2154,   2199,   2320,       3,      0.8877,      0.7230,      0.0000,      0.1647
     953,   2104,   2155,   2200,       3,      1.2769,      1.0611,      0.0000,      0.2158
     954,    782,    783,   2155,       3,      0.9849,      0.8114,      0.0000,      0.1735
     955,   2156,   2105,   2201,       3,      1.4222,      1.1901,      0.0000,      0.2321
     956,   2157,   2202,   2322,       3,      1.9027,      1.6222,      0.0000,      0.2805
     957,   2106,   2158,   2203,       3,      3.0720,      2.5883,      0.0000,      0.4837
     958,    788,    789,   2158,       3,      2.1300,      1.7826,      0.0000,      0.3474
     959,   2159,   2107,   2204,       3,      3.5530,      3.0343,      0.0000,      0.5187
     960,   2160,   2205,   2324,       3,      5.8371,      4.7612,      0.0000,      1.0759
     961,   2161,   2206,   3062,       3,      8.9794,      7.3468,      0.0000,      1.6326
     962,    794,    795,   2161,       3,      8.1828,      6.5358,      0.0000,      1.6470
     963,    396,    397,   2069,       3,     46.3887,     19.8349,      0.0000,     26.5537
     964,   1983,   2208,   2564,       3,    105.7044,     39.9438,      0.0000,     65.7606
     965,   1984,   2075,   2209,       3,    170.0517,     46.4329,      0.0000,    123.6188
     966,   2076,   1986,   2210,       3,    273.6496,     83.1678,      0.0000,    190.4819
     967,     14,     13,   2213,       3,      0.6047,      0.5043,      0.0000,      0.1004
     968,     12,    446,   2214,       3,      0.6363,      0.6139,      0.0000,      0.0225
     969,    889,    888,   2215,       3,      0.5546,      0.5367,      0.0000,      0.0179
     970,     10,    445,   2216,       3,      0.4708,      0.4557,      0.0000,      0.0151
     971,    443,      9,   2217,       3,      0.3217,      0.2994,      0.0000,      0.0223
     972,    441,    440,   2218,       3,      0.5466,      0.4221,      0.0000,      0.1244
     973,    886,     37,   2219,       3,      0.5621,      0.4525,      0.0000,      0.1096
     974,    884,    883,   2220,       3,      0.6590,      0.5485,      0.0000,      0.1104
     975,    881,    880,   2221,       3,      0.7644,      0.6572,      0.0000,      0.1073
     976,    878,    877,   2222,       3,      0.6837,      0.5937,      0.0000,      0.0900
     977,    875,    874,   2223,       3,      0.5048,      0.4472,      0.0000,      0.0576
     978,    872,    871,   2224,       3,      0.6038,      0.5220,      0.0000,      0.0818
     979,    869,    868,   2225,       3,      0.6777,      0.5842,      0.0000,      0.0935
     980,    866,    865,   2226,       3,      0.5539,      0.4978,      0.0000,      0.0560
     981,    863,    862,   2227,       3,      0.9489,      0.8156,      0.0000,      0.1333
     982,    860,    859,   2228,       3,      1.2767,      1.0907,      0.0000,      0.1860
     983,    857,    856,   2229,       3,      1.7790,      1.5072,      0.0000,      0.2718
     984,    854,    853,   2230,       3,      2.9242,      2.4499,      0.0000,      0.4743
     985,    851,    850,   2231,       3,      4.6684,      3.7449,      0.0000,      0.9235
     986,     36,     35,   2232,       3,      4.3343,      3.7859,      0.0000,      0.5484
     987,    848,   2298,   1624,       3,      6.9262,      5.8848,      0.0000,      1.0414
     988,     33,     32,   2234,       3,     21.1179,     14.1381,      0.0000,      6.9798
     989,    847,   1621,   2235,       3,     57.8371,     32.0978,      0.0000,     25.7393
     990,     30,     29,   2236,       3,    111.9867,     55.0643,      0.0000,     56.9224
     991,   1988,   2211,   2078,       3,    143.7698,     54.0032,      0.0000,     89.7666
     992,   2079,   1989,   2237,       3,    111.5126,     50.8922,      0.0000,     60.6204
     993,   2081,   1991,   2238,       3,    187.6583,     77.4200,      0.0000,    110.2383
     994,   2083,   2239,   3042,       3,    153.9746,     65.8979,      0.0000,     88.0767
     995,   2084,   1994,   2240,       3,    195.3327,     73.8081,      0.0000,    121.5246
     996,    732,   2085,   1995,       3,    187.4098,     68.8137,      0.0000,    118.5961
     997,   1996,   2176,   2362,       3,     26.6450,     15.4772,      0.0000,     11.1678
     998,    734,    735,   2131,       3,      8.1109,      6.5006,      0.0000,      1.6103
     999,   2086,   2177,   2474,       3,      5.8339,      4.9838,      0.0000,      0.8502
    1000,    736,   2132,   1997,       3,      7.4104,      6.0469,      0.0000,      1.3635
    1001,   2133,   2178,   2243,       3,      3.2917,      2.7348,      0.0000,      0.5569
    1002,    738,    739,   2087,       3,      3.9087,      3.3015,      0.0000,      0.6072
    1003,    740,    741,   2134,       3,      2.8437,      2.3395,      0.0000,      0.5041
    1004,   2180,   2244,   2476,       3,      1.6201,      1.3450,      0.0000,      0.2752
    1005,    742,   2135,   1999,       3,      1.8725,      1.5636,      0.0000,      0.3089
    1006,   2181,   2245,   2477,       3,      1.3451,      1.0979,      0.0000,      0.2472
    1007,    744,    745,   2089,       3,      1.5812,      1.2978,      0.0000,      0.2834
    1008,    746,    747,   2137,       3,      0.9701,      0.7899,      0.0000,      0.1802
    1009,   2183,   2246,   2479,       3,      0.6726,      0.5429,      0.0000,      0.1297
    1010,    748,   2138,   2001,       3,      0.8932,      0.7263,      0.0000,      0.1669
    1011,   2184,   2247,   2480,       3,      0.4531,      0.3658,      0.0000,      0.0873
    1012,    750,    751,   2091,       3,      0.5019,      0.4055,      0.0000,      0.0963
    1013,    752,    753,   2140,       3,      0.3146,      0.2546,      0.0000,      0.0600
    1014,   2186,   2248,   2482,       3,      0.2178,      0.1761,      0.0000,      0.0417
    1015,    754,   2141,   2003,       3,      0.2846,      0.2301,      0.0000,      0.0545
    1016,   2187,   2249,   2483,       3,      0.1273,      0.1033,      0.0000,      0.0240
    1017,    756,    757,   2093,       3,      0.1398,      0.1136,      0.0000,      0.0262
    1018,    758,    759,   2143,       3,      0.0730,      0.0598,      0.0000,      0.0131
    1019,   2189,   2250,   2485,       3,      0.0516,      0.0423,      0.0000,      0.0093
    1020,    760,   2144,   2005,       3,      0.0638,      0.0523,      0.0000,      0.0115
    1021,   2190,   2251,   2486,       3,      0.0255,      0.0210,      0.0000,      0.0046
    1022,    762,    763,   2095,       3,      0.0226,      0.0191,      0.0000,      0.0035
    1023,   2096,   2007,   2252,       3,      0.0299,      0.0240,      0.0000,      0.0059
    1024,    253,   2191,    254,       3,      0.0311,      0.0232,      0.0000,      0.0079
    1025,   2097,   2008,   2253,       3,      0.0326,      0.0236,      0.0000,      0.0090
    1026,    251,   2192,    252,       3,      0.0282,      0.0206,      0.0000,      0.0076
    1027,   2009,   2193,   2254,       3,      0.0074,      0.0059,      0.0000,      0.0016
    1028,   2099,   2255,   2254,       3,      0.0107,      0.0092,      0.0000,      0.0015
    1029,    769,   2011,   2148,       3,      0.0641,      0.0527,      0.0000,      0.0114
    1030,    770,   2149,   2011,       3,      0.0641,      0.0527,      0.0000,      0.0114
    1031,   2195,   2256,   2491,       3,      0.1705,      0.1389,      0.0000,      0.0315
    1032,    772,    773,   2101,       3,      0.1415,      0.1154,      0.0000,      0.0261
    1033,    774,    775,   2151,       3,      0.2119,      0.1725,      0.0000,      0.0394
    1034,   2197,   2257,   2492,       3,      0.4187,      0.3411,      0.0000,      0.0776
    1035,    776,   2152,   2013,       3,      0.2997,      0.2437,      0.0000,      0.0561
    1036,   2198,   2258,   2493,       3,      0.7084,      0.5774,      0.0000,      0.1310
    1037,    778,    779,   2103,       3,      0.5408,      0.4392,      0.0000,      0.1016
    1038,    780,    781,   2154,       3,      0.7300,      0.5937,      0.0000,      0.1363
    1039,   2200,   2259,   2495,       3,      1.2197,      1.0075,      0.0000,      0.2122
    1040,    782,   2155,   2015,       3,      0.9336,      0.7640,      0.0000,      0.1696
    1041,   2201,   2260,   2496,       3,      1.6368,      1.3767,      0.0000,      0.2601
    1042,    784,    785,   2105,       3,      1.4222,      1.1901,      0.0000,      0.2321
    1043,    786,    787,   2157,       3,      2.1000,      1.7256,      0.0000,      0.3744
    1044,   2203,   2261,   2498,       3,      2.3914,      2.0457,      0.0000,      0.3458
    1045,    788,   2158,   2017,       3,      2.3130,      1.8970,      0.0000,      0.4160
    1046,   2204,   2262,   2499,       3,      4.4643,      3.7569,      0.0000,      0.7074
    1047,    790,    791,   2107,       3,      3.5530,      3.0343,      0.0000,      0.5187
    1048,    792,    793,   2160,       3,      5.3616,      4.4917,      0.0000,      0.8699
    1049,     64,     63,   2268,       3,      0.2633,      0.1942,      0.0000,      0.0691
    1050,   1011,   2269,   2346,       3,      0.5086,      0.3728,      0.0000,      0.1358
    1051,   1013,   1014,   2270,       3,      0.6607,      0.3799,      0.0000,      0.2808
    1052,   1016,   1017,   2271,       3,      1.3679,      0.9117,      0.0000,      0.4562
    1053,   1019,   1020,   2272,       3,      3.1027,      2.1598,      0.0000,      0.9429
    1054,   1022,   1023,   2273,       3,      5.9053,      4.2558,      0.0000,      1.6495
    1055,   1025,   1026,   2274,       3,      5.6776,      4.2960,      0.0000,      1.3816
    1056,   1028,   1029,   2275,       3,     10.3661,      7.6713,      0.0000,      2.6948
    1057,   1031,   1032,   2276,       3,     15.0915,     11.8532,      0.0000,      3.2383
    1058,     52,    960,   2277,       3,     85.5810,     42.0663,      0.0000,     43.5147
    1059,     50,     49,   2278,       3,     74.1869,     36.1073,      0.0000,     38.0796
    1060,    447,     12,   2279,       3,      0.6222,      0.5972,      0.0000,      0.0250
    1061,    446,     11,   2280,       3,      0.6342,      0.6125,      0.0000,      0.0216
    1062,    887,   2215,    888,       3,      0.5546,      0.5367,      0.0000,      0.0179
    1063,     10,   2216,   2281,       3,      0.4850,      0.4698,      0.0000,      0.0152
    1064,    444,    443,   2282,       3,      0.4472,      0.4160,      0.0000,      0.0312
    1065,    442,   2283,   2217,       3,      0.3310,      0.3055,      0.0000,      0.0255
    1066,    440,      8,   2284,       3,      0.5068,      0.3816,      0.0000,      0.1252
    1067,     37,    885,   2219,       3,      0.5621,      0.4525,      0.0000,      0.1096
    1068,    884,   2220,   2285,       3,      0.6227,      0.5127,      0.0000,      0.1100
    1069,    882,    881,   2286,       3,      0.7159,      0.6074,      0.0000,      0.1085
    1070,    879,   2221,    880,       3,      0.7644,      0.6572,      0.0000,      0.1073
    1071,    878,   2222,   2287,       3,      0.6640,      0.5724,      0.0000,      0.0916
    1072,    876,    875,   2288,       3,      0.5504,      0.4895,      0.0000,      0.0609
    1073,    873,   2223,    874,       3,      0.5048,      0.4472,      0.0000,      0.0576
    1074,    872,   2224,   2289,       3,      0.5732,      0.4976,      0.0000,      0.0756
    1075,    870,    869,   2290,       3,      0.6531,      0.5611,      0.0000,      0.0920
    1076,    867,   2225,    868,       3,      0.6777,      0.5842,      0.0000,      0.0935
    1077,    866,   2226,   2291,       3,      0.6070,      0.5397,      0.0000,      0.0673
    1078,    864,    863,   2292,       3,      0.8147,      0.7057,      0.0000,      0.1090
    1079,    861,   2227,    862,       3,      0.9489,      0.8156,      0.0000,      0.1333
    1080,    860,   2228,   2293,       3,      1.3190,      1.1245,      0.0000,      0.1945
    1081,    858,    857,   2294,       3,      1.5645,      1.3284,      0.0000,      0.2361
    1082,    855,   2229,    856,       3,      1.7790,      1.5072,      0.0000,      0.2718
    1083,    854,   2230,   2295,       3,      2.6518,      2.2164,      0.0000,      0.4354
    1084,    852,    851,   2296,       3,      4.4476,      3.5833,      0.0000,      0.8643
    1085,    849,   2231,    850,       3,      4.6684,      3.7449,      0.0000,      0.9235
    1086,     36,   2232,   2297,       3,      4.4445,      3.8572,      0.0000,      0.5873
    1087,     34,   1624,   2298,       3,      6.7075,      5.7361,      0.0000,      0.9714
    1088,    848,   1623,   2233,       3,      7.8630,      6.5770,      0.0000,      1.2860
    1089,     33,   2234,   3039,       3,      9.8386,      8.1009,      0.0000,      1.7377
    1090,   1622,    847,   2300,       3,     47.2309,     25.5855,      0.0000,     21.6454
    1091,     31,   2235,   1621,       3,     57.8371,     32.0978,      0.0000,     25.7393
    1092,     29,    453,   2301,       3,    104.5802,     50.3789,      0.0000,     54.2012
    1093,   1988,   2079,   2211,       3,    143.7698,     54.0032,      0.0000,     89.7666
    1094,   2080,   1990,   2302,       3,    132.3609,     59.1303,      0.0000,     73.2305
    1095,   1991,   2082,   2238,       3,    182.4069,     73.2034,      0.0000,    109.2035
    1096,   2239,   2083,   2303,       3,    136.8032,     53.3260,      0.0000,     83.4772
    1097,   2084,   2240,   2304,       3,     99.6389,     43.7615,      0.0000,     55.8774
    1098,    732,    733,   2240,       3,    132.3804,     55.9143,      0.0000,     76.4660
    1099,    735,   1997,   2131,       3,      7.4104,      6.0469,      0.0000,      1.3635
    1100,   2177,   2305,   2402,       3,      3.0210,      2.4950,      0.0000,      0.5260
    1101,   2132,    737,   2133,       3,      5.7816,      4.8611,      0.0000,      0.9205
    1102,   2243,   2178,   2306,       3,      3.2917,      2.7348,      0.0000,      0.5569
    1103,    741,   1999,   2134,       3,      1.8725,      1.5636,      0.0000,      0.3089
    1104,   2244,   2180,   2307,       3,      1.3908,      1.1582,      0.0000,      0.2326
    1105,   2135,    743,   2136,       3,      1.7557,      1.4672,      0.0000,      0.2885
    1106,   2245,   2181,   2308,       3,      1.1470,      0.9350,      0.0000,      0.2120
    1107,    747,   2001,   2137,       3,      0.8932,      0.7263,      0.0000,      0.1669
    1108,   2246,   2183,   2309,       3,      0.5567,      0.4483,      0.0000,      0.1084
    1109,   2138,    749,   2139,       3,      0.7720,      0.6265,      0.0000,      0.1455
    1110,   2247,   2184,   2310,       3,      0.3970,      0.3203,      0.0000,      0.0767
    1111,    753,   2003,   2140,       3,      0.2846,      0.2301,      0.0000,      0.0545
    1112,   2248,   2186,   2311,       3,      0.1770,      0.1435,      0.0000,      0.0335
    1113,   2141,    755,   2142,       3,      0.2412,      0.1951,      0.0000,      0.0461
    1114,   2249,   2187,   2312,       3,      0.1130,      0.0920,      0.0000,      0.0210
    1115,    759,   2005,   2143,       3,      0.0638,      0.0523,      0.0000,      0.0115
    1116,   2250,   2189,   2313,       3,      0.0428,      0.0352,      0.0000,      0.0076
    1117,   2144,    761,   2145,       3,      0.0515,      0.0424,      0.0000,      0.0091
    1118,   2006,   2190,   2095,       3,      0.0239,      0.0198,      0.0000,      0.0041
    1119,   2096,   2252,   2314,       3,      0.0299,      0.0240,      0.0000,      0.0059
    1120,   2191,   2146,   2315,       3,      0.0333,      0.0245,      0.0000,      0.0087
    1121,    252,   2253,   2008,       3,      0.0326,      0.0241,      0.0000,      0.0085
    1122,   2098,   2009,   2316,       3,      0.0133,      0.0103,      0.0000,      0.0030
    1123,    248,   2193,    249,       3,      0.0074,      0.0059,      0.0000,      0.0016
    1124,    766,   2255,   2099,       3,      0.0107,      0.0092,      0.0000,      0.0015
    1125,   2148,   2100,   2317,       3,      0.0650,      0.0534,      0.0000,      0.0116
    1126,   2149,    771,   2150,       3,      0.0788,      0.0646,      0.0000,      0.0142
    1127,   2256,   2195,   2318,       3,      0.1705,      0.1389,      0.0000,      0.0315
    1128,    775,   2013,   2151,       3,      0.2997,      0.2437,      0.0000,      0.0561
    1129,   2257,   2197,   2319,       3,      0.5211,      0.4248,      0.0000,      0.0963
    1130,   2152,    777,   2153,       3,      0.3589,      0.2918,      0.0000,      0.0671
    1131,   2258,   2198,   2320,       3,      0.7084,      0.5774,      0.0000,      0.1310
    1132,    781,   2015,   2154,       3,      0.9336,      0.7640,      0.0000,      0.1696
    1133,   2259,   2200,   2321,       3,      1.3351,      1.1275,      0.0000,      0.2076
    1134,   2155,    783,   2156,       3,      1.0657,      0.8752,      0.0000,      0.1905
    1135,   2260,   2201,   2322,       3,      1.7370,      1.4800,      0.0000,      0.2570
    1136,    787,   2017,   2157,       3,      2.3130,      1.8970,      0.0000,      0.4160
    1137,   2261,   2203,   2323,       3,      3.0720,      2.5883,      0.0000,      0.4837
    1138,   2158,    789,   2159,       3,      2.6667,      2.2274,      0.0000,      0.4392
    1139,   2262,   2204,   2324,       3,      4.4643,      3.7569,      0.0000,      0.7074
    1140,    793,   2019,   2160,       3,      7.8682,      6.3317,      0.0000,      1.5365
    1141,   2265,   2266,   2325,       3,      8.0653,      6.4496,      0.0000,      1.6157
    1142,     43,   2267,   1625,       3,      7.3260,      5.9400,      0.0000,      1.3860
    1143,     42,     41,   2326,       3,      7.1853,      5.3144,      0.0000,      1.8709
    1144,    956,    955,   2327,       3,      5.4834,      4.2396,      0.0000,      1.2438
    1145,    953,    952,   2328,       3,      4.1554,      3.3656,      0.0000,      0.7898
    1146,    950,    949,   2329,       3,      3.2041,      2.7025,      0.0000,      0.5016
    1147,    947,    946,   2330,       3,      2.7435,      2.3502,      0.0000,      0.3934
    1148,    944,    943,   2331,       3,      2.5969,      2.1078,      0.0000,      0.4891
    1149,    941,    940,   2332,       3,      2.3849,      2.0131,      0.0000,      0.3717
    1150,    938,    937,   2333,       3,      2.3275,      1.9386,      0.0000,      0.3889
    1151,    935,    934,   2334,       3,      2.2621,      1.8640,      0.0000,      0.3982
    1152,    932,    931,   2335,       3,      1.5131,      1.3070,      0.0000,      0.2062
    1153,    929,    928,   2336,       3,      1.1028,      0.9633,      0.0000,      0.1395
    1154,    926,    925,   2337,       3,      0.7196,      0.6576,      0.0000,      0.0620
    1155,    923,    922,   2338,       3,      0.2629,      0.2465,      0.0000,      0.0164
    1156,     40,    920,   2339,       3,      0.3067,      0.2895,      0.0000,      0.0172
    1157,    456,    455,   2340,       3,      0.2407,      0.2319,      0.0000,      0.0088
    1158,     38,    467,   2341,       3,      0.3203,      0.2959,      0.0000,      0.0244
    1159,    465,     67,   2342,       3,      0.5023,      0.4872,      0.0000,      0.0151
    1160,    918,    917,   2343,       3,      0.5842,      0.5649,      0.0000,      0.0193
    1161,    464,     65,   2344,       3,      0.6495,      0.6204,      0.0000,      0.0291
    1162,     64,   2268,   2345,       3,      0.5547,      0.4359,      0.0000,      0.1188
    1163,   1010,   2346,   2446,       3,      0.3213,      0.2031,      0.0000,      0.1182
    1164,   1011,   1012,   2269,       3,      0.6023,      0.4190,      0.0000,      0.1833
    1165,   1013,   2270,   2347,       3,      0.8565,      0.4786,      0.0000,      0.3779
    1166,   1015,   1016,   2348,       3,      1.2378,      0.7915,      0.0000,      0.4463
    1167,   1017,   1018,   2271,       3,      1.3679,      0.9117,      0.0000,      0.4562
    1168,   1019,   2272,   2349,       3,      2.8218,      2.0016,      0.0000,      0.8202
    1169,   1021,   1022,   2350,       3,      4.7224,      3.3817,      0.0000,      1.3407
    1170,   1023,   1024,   2273,       3,      5.9053,      4.2558,      0.0000,      1.6495
    1171,   1025,   2274,   2351,       3,      5.6477,      4.3046,      0.0000,      1.3431
    1172,   1027,   1028,   2352,       3,      9.5352,      6.9215,      0.0000,      2.6137
    1173,   1029,   1030,   2275,       3,     10.3661,      7.6713,      0.0000,      2.6948
    1174,   1031,   2276,   2353,       3,     11.7327,      9.2497,      0.0000,      2.4830
    1175,   1033,     52,   2354,       3,     77.7908,     36.1879,      0.0000,     41.6029
    1176,     51,   2277,    960,       3,     85.5810,     42.0663,      0.0000,     43.5147
    1177,    447,   2279,   2355,       3,      0.5811,      0.5572,      0.0000,      0.0239
    1178,   2214,    446,   2280,       3,      0.6130,      0.5910,      0.0000,      0.0220
    1179,    889,   2215,   2356,       3,      0.5577,      0.5397,      0.0000,      0.0180
    1180,   2281,   2216,   2357,       3,      0.4850,      0.4698,      0.0000,      0.0152
    1181,   2282,   2358,   2388,       3,      0.3975,      0.3813,      0.0000,      0.0161
    1182,      9,    442,   2217,       3,      0.3217,      0.2994,      0.0000,      0.0223
    1183,    441,   2359,   2283,       3,      0.5061,      0.4390,      0.0000,      0.0671
    1184,   2218,    440,   2284,       3,      0.5174,      0.4040,      0.0000,      0.1133
    1185,    886,   2219,   2360,       3,      0.5011,      0.3908,      0.0000,      0.1103
    1186,    885,    884,   2285,       3,      0.6311,      0.5206,      0.0000,      0.1105
    1187,    882,   2220,    883,       3,      0.6590,      0.5485,      0.0000,      0.1104
    1188,    881,   2221,   2286,       3,      0.7159,      0.6074,      0.0000,      0.1085
    1189,    879,    878,   2287,       3,      0.7183,      0.6228,      0.0000,      0.0955
    1190,    876,   2222,    877,       3,      0.6837,      0.5937,      0.0000,      0.0900
    1191,    875,   2223,   2288,       3,      0.5504,      0.4895,      0.0000,      0.0609
    1192,    873,    872,   2289,       3,      0.5732,      0.4976,      0.0000,      0.0756
    1193,    870,   2224,    871,       3,      0.6038,      0.5220,      0.0000,      0.0818
    1194,    869,   2225,   2290,       3,      0.6531,      0.5611,      0.0000,      0.0920
    1195,    867,    866,   2291,       3,      0.6070,      0.5397,      0.0000,      0.0673
    1196,    864,   2226,    865,       3,      0.5539,      0.4978,      0.0000,      0.0560
    1197,    863,   2227,   2292,       3,      0.8147,      0.7057,      0.0000,      0.1090
    1198,    861,    860,   2293,       3,      1.2022,      1.0227,      0.0000,      0.1795
    1199,    858,   2228,    859,       3,      1.2767,      1.0907,      0.0000,      0.1860
    1200,    857,   2229,   2294,       3,      1.5645,      1.3284,      0.0000,      0.2361
    1201,    855,    854,   2295,       3,      2.6518,      2.2164,      0.0000,      0.4354
    1202,    852,   2230,    853,       3,      2.9242,      2.4499,      0.0000,      0.4743
    1203,    851,   2231,   2296,       3,      4.4476,      3.5833,      0.0000,      0.8643
    1204,    849,     36,   2297,       3,      4.0876,      3.5052,      0.0000,      0.5824
    1205,     34,   2298,   2361,       3,      6.9262,      5.8848,      0.0000,      1.0414
    1206,   2299,   2234,   3048,       3,     10.1818,      8.1822,      0.0000,      1.9996
    1207,    847,   2235,   2300,       3,     47.2309,     25.5855,      0.0000,     21.6454
    1208,     31,     30,   2363,       3,     97.1625,     51.0374,      0.0000,     46.1251
    1209,     63,   1009,   2268,       3,      0.2633,      0.1942,      0.0000,      0.0691
    1210,   1010,   1011,   2346,       3,      0.3558,      0.2679,      0.0000,      0.0879
    1211,   1013,   2347,   2269,       3,      0.5409,      0.3381,      0.0000,      0.2027
    1212,   1014,   1015,   2270,       3,      0.6607,      0.3799,      0.0000,      0.2808
    1213,   1016,   2271,   2348,       3,      1.2378,      0.7915,      0.0000,      0.4463
    1214,   1018,   1019,   2349,       3,      1.7970,      1.2498,      0.0000,      0.5471
    1215,   1020,   1021,   2272,       3,      3.1027,      2.1598,      0.0000,      0.9429
    1216,   1022,   2273,   2350,       3,      4.1376,      2.9499,      0.0000,      1.1876
    1217,   1024,   1025,   2351,       3,      5.7826,      4.2862,      0.0000,      1.4964
    1218,   1026,   1027,   2274,       3,      5.6776,      4.2960,      0.0000,      1.3816
    1219,   1028,   2275,   2352,       3,      9.2346,      6.5673,      0.0000,      2.6674
    1220,   1030,   1031,   2353,       3,     11.4521,      9.3586,      0.0000,      2.0935
    1221,   1032,   1033,   2276,       3,     15.0915,     11.8532,      0.0000,      3.2383
    1222,     52,   2277,   2354,       3,    100.7691,     46.1737,      0.0000,     54.5954
    1223,     51,     50,   2364,       3,     89.5677,     47.8411,      0.0000,     41.7266
    1224,     49,   2028,   2278,       3,     95.4469,     44.9760,      0.0000,     50.4709
    1225,   1945,   2031,   2365,       3,    216.1255,     69.7370,      0.0000,    146.3885
    1226,   1947,   2367,   2032,       3,    864.9849,    141.6390,      0.0000,    723.3459
    1227,    297,    298,   2110,       3,    431.3436,     97.6990,      0.0000,    333.6446
    1228,    105,   2367,   2366,       3,   1209.7539,    141.4947,      0.0000,   1068.2592
    1229,    103,   2111,   1160,       3,     28.2520,     18.1297,      0.0000,     10.1223
    1230,    481,   2112,   2164,       3,     22.1893,     15.6678,      0.0000,      6.5215
    1231,   2112,    102,   2165,       3,     16.9779,     12.7542,      0.0000,      4.2237
    1232,    101,   2368,   2165,       3,     14.5074,     10.9943,      0.0000,      3.5132
    1233,   1158,   1157,   2166,       3,     12.4260,      8.9012,      0.0000,      3.5248
    1234,     99,   2167,   2369,       3,      9.6528,      5.4210,      0.0000,      4.2318
    1235,   1155,   1154,   2168,       3,      7.2640,      5.2678,      0.0000,      1.9962
    1236,   1152,   2116,   1153,       3,      7.0933,      5.3681,      0.0000,      1.7253
    1237,   1151,   2117,   2169,       3,      6.1546,      4.6757,      0.0000,      1.4789
    1238,   1149,   1148,   2170,       3,      6.4625,      4.4478,      0.0000,      2.0148
    1239,   1146,   2118,   1147,       3,      7.0541,      4.8589,      0.0000,      2.1952
    1240,   1145,   2119,   2171,       3,      6.4031,      4.1651,      0.0000,      2.2380
    1241,   1143,   1142,   2172,       3,      6.6263,      3.9980,      0.0000,      2.6283
    1242,   1140,   2120,   1141,       3,      6.3824,      3.6756,      0.0000,      2.7068
    1243,   1139,   2121,   2173,       3,      5.2900,      3.3059,      0.0000,      1.9840
    1244,     97,    479,   2370,       3,      2.6449,      1.6233,      0.0000,      1.0216
    1245,     96,    489,   2371,       3,      9.3349,      5.9848,      0.0000,      3.3501
    1246,     74,    469,   2175,       3,      8.7026,      6.0019,      0.0000,      2.7008
    1247,     73,    468,   2372,       3,      8.0264,      2.0078,      0.0000,      6.0186
    1248,   1061,   1062,   2373,       3,      4.3556,      2.0966,      0.0000,      2.2590
    1249,   1064,   1065,   2374,       3,      5.2104,      2.7737,      0.0000,      2.4368
    1250,   1067,   1068,   2375,       3,      5.3718,      2.8962,      0.0000,      2.4756
    1251,   1070,   1071,   2376,       3,      6.4482,      3.3004,      0.0000,      3.1477
    1252,   1073,   1074,   2377,       3,      5.9419,      3.0649,      0.0000,      2.8770
    1253,   1076,   1077,   2378,       3,      4.0994,      2.0851,      0.0000,      2.0143
    1254,   1079,     71,   2379,       3,      3.4738,      2.3458,      0.0000,      1.1280
    1255,     68,   1080,   2380,       3,      5.5574,      4.4475,      0.0000,      1.1099
    1256,   1082,     69,   2381,       3,     10.7350,      7.0025,      0.0000,      3.7325
    1257,     95,    477,   2382,       3,     30.3146,     12.7709,      0.0000,     17.5438
    1258,   1083,     93,   2383,       3,     66.4297,     28.5925,      0.0000,     37.8373
    1259,    447,   2355,   2213,       3,      0.6392,      0.5449,      0.0000,      0.0943
    1260,     12,   2214,   2279,       3,      0.5811,      0.5572,      0.0000,      0.0239
    1261,   2215,   2386,   2657,       3,      0.5625,      0.5443,      0.0000,      0.0182
    1262,   2281,   2357,   2504,       3,      0.4280,      0.4139,      0.0000,      0.0141
    1263,    445,    444,   2388,       3,      0.4551,      0.4330,      0.0000,      0.0221
    1264,    443,   2217,   2282,       3,      0.4472,      0.4160,      0.0000,      0.0312
    1265,    441,   2283,    442,       3,      0.3310,      0.3055,      0.0000,      0.0255
    1266,    441,   2218,   2359,       3,      0.5428,      0.4454,      0.0000,      0.0974
    1267,    886,   2360,   2284,       3,      0.4088,      0.2964,      0.0000,      0.1124
    1268,    885,   2285,   2661,       3,      0.3454,      0.2352,      0.0000,      0.1102
    1269,   2220,    882,   2286,       3,      0.6646,      0.5549,      0.0000,      0.1097
    1270,   2221,    879,   2287,       3,      0.7223,      0.6148,      0.0000,      0.1074
    1271,   2222,    876,   2288,       3,      0.6150,      0.5371,      0.0000,      0.0779
    1272,   2223,    873,   2289,       3,      0.5192,      0.4568,      0.0000,      0.0624
    1273,   2224,    870,   2290,       3,      0.6098,      0.5239,      0.0000,      0.0859
    1274,   2225,    867,   2291,       3,      0.6708,      0.5838,      0.0000,      0.0869
    1275,   2226,    864,   2292,       3,      0.6244,      0.5527,      0.0000,      0.0717
    1276,   2227,    861,   2293,       3,      1.0303,      0.8814,      0.0000,      0.1489
    1277,   2228,    858,   2294,       3,      1.4012,      1.1990,      0.0000,      0.2022
    1278,   2229,    855,   2295,       3,      2.0201,      1.6954,      0.0000,      0.3247
    1279,   2230,    852,   2296,       3,      3.5016,      2.8518,      0.0000,      0.6497
    1280,   2231,    849,   2297,       3,      4.2903,      3.5022,      0.0000,      0.7881
    1281,   2361,   2298,   2389,       3,      6.9262,      5.8848,      0.0000,      1.0414
    1282,   2385,   2355,   2390,       3,      0.3358,      0.3210,      0.0000,      0.0148
    1283,   2214,   2280,   2391,       3,      0.6254,      0.6041,      0.0000,      0.0213
    1284,    889,   2356,   2280,       3,      0.6254,      0.6041,      0.0000,      0.0213
    1285,    887,   2386,   2215,       3,      0.5577,      0.5397,      0.0000,      0.0180
    1286,   2357,   2358,   2387,       3,      0.3975,      0.3813,      0.0000,      0.0161
    1287,   2216,    445,   2388,       3,      0.4850,      0.4698,      0.0000,      0.0152
    1288,    444,   2282,   2388,       3,      0.4597,      0.4431,      0.0000,      0.0166
    1289,   2282,   2217,   2393,       3,      0.3757,      0.3474,      0.0000,      0.0283
    1290,   2359,   2218,   2394,       3,      0.5428,      0.4454,      0.0000,      0.0974
    1291,      8,    886,   2284,       3,      0.5068,      0.3816,      0.0000,      0.1252
    1292,   2285,   2220,   2395,       3,      0.6227,      0.5127,      0.0000,      0.1100
    1293,   2287,   2396,   2469,       3,      0.6082,      0.4994,      0.0000,      0.1088
    1294,   2288,   2223,   2397,       3,      0.5261,      0.4648,      0.0000,      0.0612
    1295,   2224,   2290,   2680,       3,      0.5866,      0.5048,      0.0000,      0.0817
    1296,   2291,   2226,   2399,       3,      0.6035,      0.5361,      0.0000,      0.0674
    1297,   2293,   2400,   2472,       3,      1.1740,      1.0042,      0.0000,      0.1698
    1298,   2294,   2229,   2401,       3,      1.4688,      1.2447,      0.0000,      0.2242
    1299,   2230,   2296,   2402,       3,      4.0280,      3.1971,      0.0000,      0.8310
    1300,   2297,   2232,   2403,       3,      4.4445,      3.8572,      0.0000,      0.5873
    1301,   2361,   2389,   2404,       3,      7.5611,      6.3665,      0.0000,      1.1947
    1302,    848,   2233,   2298,       3,      7.2948,      6.1254,      0.0000,      1.1695
    1303,   2086,   2176,   2131,       3,      8.6950,      6.5300,      0.0000,      2.1650
    1304,   2132,   2133,   2177,       3,      4.4543,      3.7805,      0.0000,      0.6738
    1305,   2243,   2306,   2405,       3,      2.3576,      1.8847,      0.0000,      0.4728
    1306,   1998,   2178,   2087,       3,      3.2917,      2.7348,      0.0000,      0.5569
    1307,   2088,   2179,   2134,       3,      2.1388,      1.7229,      0.0000,      0.4159
    1308,   2244,   2307,   2406,       3,      1.3908,      1.1582,      0.0000,      0.2326
    1309,   2135,   2136,   2180,       3,      1.6201,      1.3450,      0.0000,      0.2752
    1310,   2245,   2308,   2407,       3,      1.0589,      0.8668,      0.0000,      0.1920
    1311,   2000,   2181,   2089,       3,      1.3451,      1.0979,      0.0000,      0.2472
    1312,   2090,   2182,   2137,       3,      1.0077,      0.8202,      0.0000,      0.1875
    1313,   2246,   2309,   2408,       3,      0.5567,      0.4483,      0.0000,      0.1084
    1314,   2138,   2139,   2183,       3,      0.6726,      0.5429,      0.0000,      0.1297
    1315,   2247,   2310,   2409,       3,      0.3606,      0.2909,      0.0000,      0.0697
    1316,   2002,   2184,   2091,       3,      0.5019,      0.4055,      0.0000,      0.0963
    1317,   2092,   2185,   2140,       3,      0.3335,      0.2690,      0.0000,      0.0645
    1318,   2248,   2311,   2410,       3,      0.1770,      0.1435,      0.0000,      0.0335
    1319,   2141,   2142,   2186,       3,      0.2178,      0.1761,      0.0000,      0.0417
    1320,   2249,   2312,   2411,       3,      0.0999,      0.0814,      0.0000,      0.0185
    1321,   2004,   2187,   2093,       3,      0.1273,      0.1033,      0.0000,      0.0240
    1322,   2094,   2188,   2143,       3,      0.0896,      0.0730,      0.0000,      0.0166
    1323,   2250,   2313,   2412,       3,      0.0428,      0.0352,      0.0000,      0.0076
    1324,   2144,   2145,   2189,       3,      0.0516,      0.0423,      0.0000,      0.0093
    1325,   2006,   2096,   2190,       3,      0.0239,      0.0198,      0.0000,      0.0041
    1326,   2314,   2252,   2413,       3,      0.0299,      0.0240,      0.0000,      0.0059
    1327,   2191,   2315,   2414,       3,      0.0311,      0.0232,      0.0000,      0.0079
    1328,   2097,   2253,   2415,       3,      0.0326,      0.0241,      0.0000,      0.0085
    1329,   2098,   2316,   2416,       3,      0.0311,      0.0247,      0.0000,      0.0065
    1330,   2147,   2254,   2193,       3,      0.0074,      0.0059,      0.0000,      0.0016
    1331,   2010,   2417,   2672,       3,      0.0313,      0.0261,      0.0000,      0.0052
    1332,   2317,   2100,   2418,       3,      0.0650,      0.0534,      0.0000,      0.0116
    1333,   2149,   2150,   2194,       3,      0.0897,      0.0733,      0.0000,      0.0164
    1334,   2318,   2419,   2726,       3,      0.2502,      0.2038,      0.0000,      0.0464
    1335,   2012,   2195,   2101,       3,      0.1592,      0.1298,      0.0000,      0.0294
    1336,   2102,   2196,   2151,       3,      0.2576,      0.2098,      0.0000,      0.0478
    1337,   2257,   2319,   2420,       3,      0.5211,      0.4248,      0.0000,      0.0963
    1338,   2152,   2153,   2197,       3,      0.4187,      0.3411,      0.0000,      0.0776
    1339,   2258,   2320,   2421,       3,      0.7084,      0.5774,      0.0000,      0.1310
    1340,   2014,   2198,   2103,       3,      0.6299,      0.5131,      0.0000,      0.1168
    1341,   2104,   2199,   2154,       3,      0.8877,      0.7230,      0.0000,      0.1647
    1342,   2321,   2422,   2730,       3,      1.4624,      1.2434,      0.0000,      0.2189
    1343,   2155,   2156,   2200,       3,      1.2769,      1.0611,      0.0000,      0.2158
    1344,   2260,   2322,   2423,       3,      1.7226,      1.4905,      0.0000,      0.2321
    1345,   2016,   2201,   2105,       3,      1.6368,      1.3767,      0.0000,      0.2601
    1346,   2106,   2202,   2157,       3,      1.9027,      1.6222,      0.0000,      0.2805
    1347,   2323,   2424,   2732,       3,      3.0294,      2.5797,      0.0000,      0.4497
    1348,   2158,   2159,   2203,       3,      2.6667,      2.2274,      0.0000,      0.4392
    1349,   2262,   2324,   2425,       3,      4.4643,      3.7569,      0.0000,      0.7074
    1350,   2018,   2204,   2107,       3,      4.0681,      3.4583,      0.0000,      0.6098
    1351,   2108,   2205,   2160,       3,      5.8371,      4.7612,      0.0000,      1.0759
    1352,   2265,   2325,   2426,       3,      7.8287,      6.1911,      0.0000,      1.6377
    1353,   2267,     43,   2427,       3,      7.9090,      6.2872,      0.0000,      1.6218
    1354,     41,    957,   2326,       3,      7.2800,      5.4511,      0.0000,      1.8289
    1355,   2327,   2428,   2501,       3,      5.4435,      4.2696,      0.0000,      1.1739
    1356,    954,    953,   2429,       3,      4.3144,      3.4687,      0.0000,      0.8457
    1357,    951,   2328,    952,       3,      4.1554,      3.3656,      0.0000,      0.7898
    1358,    950,   2329,   2430,       3,      3.1726,      2.6820,      0.0000,      0.4906
    1359,    948,    947,   2431,       3,      2.8465,      2.4292,      0.0000,      0.4173
    1360,    945,   2330,    946,       3,      2.7435,      2.3502,      0.0000,      0.3934
    1361,    944,   2331,   2432,       3,      2.8104,      2.3154,      0.0000,      0.4950
    1362,    942,    941,   2433,       3,      2.3405,      1.9616,      0.0000,      0.3789
    1363,    939,   2332,    940,       3,      2.3849,      2.0131,      0.0000,      0.3717
    1364,    938,   2333,   2434,       3,      2.2293,      1.8647,      0.0000,      0.3646
    1365,    936,    935,   2435,       3,      2.2452,      1.8183,      0.0000,      0.4270
    1366,    933,   2334,    934,       3,      2.2621,      1.8640,      0.0000,      0.3982
    1367,    932,   2335,   2436,       3,      1.6020,      1.3764,      0.0000,      0.2256
    1368,    930,    929,   2437,       3,      1.1744,      1.0208,      0.0000,      0.1536
    1369,    927,   2336,    928,       3,      1.1028,      0.9633,      0.0000,      0.1395
    1370,    926,   2337,   2438,       3,      0.8250,      0.7451,      0.0000,      0.0800
    1371,    924,    923,   2439,       3,      0.4916,      0.4564,      0.0000,      0.0351
    1372,    921,   2338,    922,       3,      0.2629,      0.2465,      0.0000,      0.0164
    1373,     40,   2339,   2440,       3,      0.3030,      0.2868,      0.0000,      0.0162
    1374,     39,    456,   2441,       3,      0.2487,      0.2379,      0.0000,      0.0109
    1375,    455,    454,   2442,       3,      0.2164,      0.2086,      0.0000,      0.0078
    1376,    467,    466,   2443,       3,      0.4604,      0.4245,      0.0000,      0.0360
    1377,    919,    918,   2444,       3,      0.5630,      0.5447,      0.0000,      0.0183
    1378,     66,   2343,    917,       3,      0.5842,      0.5649,      0.0000,      0.0193
    1379,   2344,   2445,   2505,       3,      0.6268,      0.6050,      0.0000,      0.0218
    1380,    463,     64,   2345,       3,      0.5547,      0.4359,      0.0000,      0.1188
    1381,   1009,   2446,   2541,       3,      0.3213,      0.2031,      0.0000,      0.1182
    1382,   1012,   1013,   2269,       3,      0.6023,      0.4190,      0.0000,      0.1833
    1383,   2270,   1015,   2348,       3,      0.8592,      0.5010,      0.0000,      0.3582
    1384,   2271,   1018,   2349,       3,      1.7970,      1.2498,      0.0000,      0.5471
    1385,   2272,   1021,   2350,       3,      3.6085,      2.5808,      0.0000,      1.0277
    1386,   2273,   1024,   2351,       3,      5.7826,      4.2862,      0.0000,      1.4964
    1387,   2274,   1027,   2352,       3,      6.7527,      4.8958,      0.0000,      1.8569
    1388,   2275,   1030,   2353,       3,      9.8021,      7.6508,      0.0000,      2.1512
    1389,   2276,   1033,   2354,       3,     24.1393,     15.3915,      0.0000,      8.7478
    1390,     51,   2364,   2447,       3,    117.2765,     50.6898,      0.0000,     66.5867
    1391,   1943,   2278,   2028,       3,    127.6010,     45.5684,      0.0000,     82.0327
    1392,   1945,   2365,   3040,       3,    201.8142,     71.8659,      0.0000,    129.9483
    1393,   1946,   2032,   2448,       3,    502.3177,    117.2774,      0.0000,    385.0403
    1394,   1947,    297,   2110,       3,    568.8114,    124.3641,      0.0000,    444.4473
    1395,    104,   2111,   2367,       3,     57.9433,     27.9995,      0.0000,     29.9438
    1396,   2111,    103,   2164,       3,     25.6498,     17.1538,      0.0000,      8.4960
    1397,    101,   2165,    480,       3,     15.2361,     11.4987,      0.0000,      3.7374
    1398,    101,   1159,   2368,       3,     14.5074,     10.9943,      0.0000,      3.5132
    1399,   2113,   1158,   2166,       3,     13.7545,     10.7595,      0.0000,      2.9950
    1400,   2369,   2167,   2449,       3,      7.1732,      4.4804,      0.0000,      2.6928
    1401,   2115,   1155,   2168,       3,      7.7588,      4.8690,      0.0000,      2.8898
    1402,   2116,   1152,   2169,       3,      7.0933,      5.3681,      0.0000,      1.7253
    1403,   2117,   1149,   2170,       3,      5.3464,      3.8875,      0.0000,      1.4590
    1404,   2118,   1146,   2171,       3,      6.6893,      4.5481,      0.0000,      2.1411
    1405,   2119,   1143,   2172,       3,      6.5499,      4.2137,      0.0000,      2.3363
    1406,   2120,   1140,   2173,       3,      5.9176,      3.4834,      0.0000,      2.4341
    1407,    479,   2122,   2370,       3,      2.6449,      1.6233,      0.0000,      1.0216
    1408,   2122,     96,   2371,       3,      7.8909,      4.3439,      0.0000,      3.5470
    1409,    489,   2175,   2371,       3,      9.3349,      5.9848,      0.0000,      3.3501
    1410,     73,   2450,   2371,       3,      9.1064,      5.3406,      0.0000,      3.7659
    1411,    468,     72,   2451,       3,      4.7883,      1.2233,      0.0000,      3.5650
    1412,   1062,   1063,   2373,       3,      4.3556,      2.0966,      0.0000,      2.2590
    1413,   1064,   2374,   2452,       3,      4.9446,      2.6473,      0.0000,      2.2973
    1414,   1066,   1067,   2453,       3,      5.0104,      2.7413,      0.0000,      2.2691
    1415,   1068,   1069,   2375,       3,      5.3718,      2.8962,      0.0000,      2.4756
    1416,   1070,   2376,   2454,       3,      6.1265,      3.1752,      0.0000,      2.9512
    1417,   1072,   1073,   2455,       3,      5.9979,      3.0989,      0.0000,      2.8990
    1418,   1074,   1075,   2377,       3,      5.9419,      3.0649,      0.0000,      2.8770
    1419,   1076,   2378,   2456,       3,      4.3287,      2.2170,      0.0000,      2.1117
    1420,   1078,   1079,   2457,       3,      3.4225,      2.1703,      0.0000,      1.2522
    1421,     70,   2379,     71,       3,      3.4738,      2.3458,      0.0000,      1.1280
    1422,     68,   2380,   2458,       3,      5.0534,      4.0731,      0.0000,      0.9802
    1423,   1081,   1082,   2459,       3,      8.3573,      5.8779,      0.0000,      2.4794
    1424,    478,     95,   2460,       3,     18.0346,      9.0503,      0.0000,      8.9843
    1425,    477,     94,   2461,       3,     40.4530,     14.6840,      0.0000,     25.7689
    1426,   2385,   2390,   2463,       3,      0.3358,      0.3210,      0.0000,      0.0148
    1427,   2279,   2214,   2464,       3,      0.6130,      0.5910,      0.0000,      0.0220
    1428,     11,    889,   2280,       3,      0.6342,      0.6125,      0.0000,      0.0216
    1429,    887,   2281,   2386,       3,      0.4833,      0.4687,      0.0000,      0.0146
    1430,   2387,   2392,   2465,       3,      0.2866,      0.2782,      0.0000,      0.0084
    1431,   2357,   2216,   2388,       3,      0.4597,      0.4431,      0.0000,      0.0166
    1432,   2217,   2283,   2466,       3,      0.5061,      0.4390,      0.0000,      0.0671
    1433,   2218,   2284,   2467,       3,      0.4899,      0.3691,      0.0000,      0.1208
    1434,   2285,   2395,   2468,       3,      0.5641,      0.4548,      0.0000,      0.1093
    1435,   2286,   2221,   2469,       3,      0.7223,      0.6148,      0.0000,      0.1074
    1436,   2287,   2222,   2470,       3,      0.6640,      0.5724,      0.0000,      0.0916
    1437,   2223,   2289,   2397,       3,      0.5261,      0.4648,      0.0000,      0.0612
    1438,   2290,   2398,   2680,       3,      0.6284,      0.5379,      0.0000,      0.0906
    1439,   2225,   2398,   2290,       3,      0.6836,      0.5901,      0.0000,      0.0935
    1440,   2399,   2471,   2525,       3,      0.7973,      0.6830,      0.0000,      0.1144
    1441,   2292,   2227,   2472,       3,      0.9286,      0.7963,      0.0000,      0.1322
    1442,   2293,   2228,   2473,       3,      1.3190,      1.1245,      0.0000,      0.1945
    1443,   2229,   2295,   2401,       3,      1.7597,      1.4825,      0.0000,      0.2771
    1444,   2295,   2230,   2402,       3,      3.1434,      2.5483,      0.0000,      0.5950
    1445,   2231,   2402,   2296,       3,      4.0280,      3.1971,      0.0000,      0.8310
    1446,   2297,   2403,   2474,       3,      5.3271,      4.5895,      0.0000,      0.7375
    1447,   2233,   2389,   2298,       3,      7.8630,      6.5770,      0.0000,      1.2860
    1448,   2133,   2305,   2177,       3,      3.0210,      2.4950,      0.0000,      0.5260
    1449,   2405,   2475,   2683,       3,      2.3576,      1.8847,      0.0000,      0.4728
    1450,   1998,   2306,   2178,       3,      3.1593,      2.6134,      0.0000,      0.5459
    1451,   2179,   2088,   2476,       3,      1.9586,      1.6102,      0.0000,      0.3484
    1452,   2406,   2307,   2477,       3,      1.3908,      1.1582,      0.0000,      0.2326
    1453,   2245,   2407,   2478,       3,      1.0589,      0.8668,      0.0000,      0.1920
    1454,   2000,   2308,   2181,       3,      1.2789,      1.0438,      0.0000,      0.2351
    1455,   2182,   2090,   2479,       3,      0.8500,      0.6880,      0.0000,      0.1620
    1456,   2408,   2309,   2480,       3,      0.4713,      0.3797,      0.0000,      0.0916
    1457,   2247,   2409,   2481,       3,      0.3606,      0.2909,      0.0000,      0.0697
    1458,   2002,   2310,   2184,       3,      0.4284,      0.3456,      0.0000,      0.0827
    1459,   2185,   2092,   2482,       3,      0.2759,      0.2226,      0.0000,      0.0532
    1460,   2410,   2311,   2483,       3,      0.1427,      0.1159,      0.0000,      0.0269
    1461,   2249,   2411,   2484,       3,      0.0999,      0.0814,      0.0000,      0.0185
    1462,   2004,   2312,   2187,       3,      0.1151,      0.0937,      0.0000,      0.0214
    1463,   2188,   2094,   2485,       3,      0.0896,      0.0730,      0.0000,      0.0166
    1464,   2412,   2313,   2486,       3,      0.0428,      0.0352,      0.0000,      0.0076
    1465,   2096,   2251,   2190,       3,      0.0255,      0.0210,      0.0000,      0.0046
    1466,   2314,   2413,   2487,       3,      0.0362,      0.0290,      0.0000,      0.0072
    1467,   2007,   2191,   2414,       3,      0.0343,      0.0268,      0.0000,      0.0075
    1468,   2097,   2315,   2146,       3,      0.0333,      0.0245,      0.0000,      0.0087
    1469,   2415,   2253,   2488,       3,      0.0326,      0.0241,      0.0000,      0.0085
    1470,   2098,   2416,   2489,       3,      0.0311,      0.0247,      0.0000,      0.0065
    1471,   2009,   2254,   2316,       3,      0.0133,      0.0103,      0.0000,      0.0030
    1472,   2099,   2254,   2147,       3,      0.0107,      0.0092,      0.0000,      0.0015
    1473,   2010,   2148,   2417,       3,      0.0427,      0.0352,      0.0000,      0.0075
    1474,   2317,   2418,   2490,       3,      0.0746,      0.0612,      0.0000,      0.0134
    1475,   2150,   2491,   2725,       3,      0.1464,      0.1194,      0.0000,      0.0270
    1476,   2012,   2318,   2195,       3,      0.1836,      0.1495,      0.0000,      0.0341
    1477,   2102,   2492,   2804,       3,      0.2801,      0.2282,      0.0000,      0.0519
    1478,   2420,   2319,   2493,       3,      0.5211,      0.4248,      0.0000,      0.0963
    1479,   2421,   2494,   2673,       3,      0.8329,      0.6815,      0.0000,      0.1514
    1480,   2014,   2320,   2198,       3,      0.6647,      0.5403,      0.0000,      0.1244
    1481,   2104,   2495,   2729,       3,      1.2197,      1.0075,      0.0000,      0.2122
    1482,   2422,   2321,   2496,       3,      1.6313,      1.3698,      0.0000,      0.2615
    1483,   2260,   2423,   2497,       3,      1.7226,      1.4905,      0.0000,      0.2321
    1484,   2016,   2322,   2201,       3,      1.6334,      1.3773,      0.0000,      0.2561
    1485,   2106,   2498,   2731,       3,      2.3914,      2.0457,      0.0000,      0.3458
    1486,   2424,   2323,   2499,       3,      3.2426,      2.7480,      0.0000,      0.4946
    1487,   2425,   2500,   2643,       3,      5.8284,      4.6901,      0.0000,      1.1384
    1488,   2018,   2324,   2204,       3,      4.6653,      3.9407,      0.0000,      0.7246
    1489,   2108,   2265,   2426,       3,      7.8287,      6.1911,      0.0000,      1.6377
    1490,   2266,   2267,   2325,       3,      8.0653,      6.4496,      0.0000,      1.6157
    1491,     42,   2427,     43,       3,      7.7531,      5.8540,      0.0000,      1.8991
    1492,   2326,    957,   2501,       3,      6.8678,      5.1502,      0.0000,      1.7176
    1493,   2428,   2327,   2502,       3,      5.5475,      4.4412,      0.0000,      1.1063
    1494,    953,   2328,   2429,       3,      4.3144,      3.4687,      0.0000,      0.8457
    1495,    951,    950,   2430,       3,      3.2681,      2.7422,      0.0000,      0.5259
    1496,    948,   2329,    949,       3,      3.2041,      2.7025,      0.0000,      0.5016
    1497,    947,   2330,   2431,       3,      2.8465,      2.4292,      0.0000,      0.4173
    1498,    945,    944,   2432,       3,      2.8104,      2.3154,      0.0000,      0.4950
    1499,    942,   2331,    943,       3,      2.5969,      2.1078,      0.0000,      0.4891
    1500,    941,   2332,   2433,       3,      2.3405,      1.9616,      0.0000,      0.3789
    1501,    939,    938,   2434,       3,      2.2293,      1.8647,      0.0000,      0.3646
    1502,    936,   2333,    937,       3,      2.3275,      1.9386,      0.0000,      0.3889
    1503,    935,   2334,   2435,       3,      2.2452,      1.8183,      0.0000,      0.4270
    1504,    933,    932,   2436,       3,      1.6020,      1.3764,      0.0000,      0.2256
    1505,    930,   2335,    931,       3,      1.5131,      1.3070,      0.0000,      0.2062
    1506,    929,   2336,   2437,       3,      1.1744,      1.0208,      0.0000,      0.1536
    1507,    927,    926,   2438,       3,      0.8250,      0.7451,      0.0000,      0.0800
    1508,    924,   2337,    925,       3,      0.7196,      0.6576,      0.0000,      0.0620
    1509,    923,   2338,   2439,       3,      0.4916,      0.4564,      0.0000,      0.0351
    1510,    921,     40,   2440,       3,      0.3145,      0.2972,      0.0000,      0.0173
    1511,     39,   2339,    920,       3,      0.3067,      0.2895,      0.0000,      0.0172
    1512,    456,   2340,   2441,       3,      0.2487,      0.2379,      0.0000,      0.0109
    1513,   2340,    455,   2442,       3,      0.2524,      0.2430,      0.0000,      0.0094
    1514,    454,     38,   2503,       3,      0.3143,      0.2921,      0.0000,      0.0222
    1515,   2341,    467,   2443,       3,      0.4458,      0.4073,      0.0000,      0.0386
    1516,    466,    465,   2504,       3,      0.4662,      0.4520,      0.0000,      0.0142
    1517,    918,   2343,   2444,       3,      0.5502,      0.5325,      0.0000,      0.0176
    1518,     66,    464,   2505,       3,      0.6423,      0.6188,      0.0000,      0.0234
    1519,     65,    463,   2506,       3,      0.8220,      0.7272,      0.0000,      0.0948
    1520,   1009,   1010,   2446,       3,      0.3893,      0.2922,      0.0000,      0.0970
    1521,   2347,   2507,   2533,       3,      1.2052,      0.5735,      0.0000,      0.6317
    1522,   2348,   2271,   2508,       3,      1.4485,      0.9658,      0.0000,      0.4827
    1523,   2272,   2350,   2509,       3,      4.1376,      2.9499,      0.0000,      1.1876
    1524,   2274,   2510,   2547,       3,      9.4031,      6.0859,      0.0000,      3.3173
    1525,   2385,   2463,   2512,       3,      0.5218,      0.4206,      0.0000,      0.1012
    1526,   2279,   2464,   2513,       3,      0.5603,      0.5402,      0.0000,      0.0200
    1527,   2280,   2356,   2391,       3,      0.5897,      0.5700,      0.0000,      0.0197
    1528,    887,     10,   2281,       3,      0.4982,      0.4829,      0.0000,      0.0153
    1529,   2443,   2465,   2705,       3,      0.5232,      0.4827,      0.0000,      0.0405
    1530,   2357,   2388,   2358,       3,      0.4280,      0.4139,      0.0000,      0.0141
    1531,   2393,   2217,   2466,       3,      0.3755,      0.3251,      0.0000,      0.0504
    1532,   2283,   2359,   2515,       3,      0.5428,      0.4454,      0.0000,      0.0974
    1533,   2394,   2218,   2467,       3,      0.5174,      0.4040,      0.0000,      0.1133
    1534,   2284,   2360,   2467,       3,      0.4899,      0.3691,      0.0000,      0.1208
    1535,   2285,   2468,   2516,       3,      0.5131,      0.4034,      0.0000,      0.1096
    1536,   2220,   2286,   2395,       3,      0.5641,      0.4548,      0.0000,      0.1093
    1537,   2221,   2287,   2469,       3,      0.7223,      0.6148,      0.0000,      0.1074
    1538,   2287,   2470,   2517,       3,      0.6831,      0.5746,      0.0000,      0.1085
    1539,   2397,   2518,   2470,       3,      0.6191,      0.5292,      0.0000,      0.0899
    1540,   2225,   2291,   2398,       3,      0.6836,      0.5901,      0.0000,      0.0935
    1541,   2385,   2512,   2519,       3,      0.6356,      0.5643,      0.0000,      0.0712
    1542,   2355,   2279,   2513,       3,      0.5811,      0.5572,      0.0000,      0.0239
    1543,   2214,   2391,   2464,       3,      0.5897,      0.5700,      0.0000,      0.0197
    1544,   2514,   2465,   2520,       3,      0.4901,      0.4461,      0.0000,      0.0440
    1545,   2387,   2358,   2392,       3,      0.3975,      0.3813,      0.0000,      0.0161
    1546,   2393,   2466,   2521,       3,      0.5242,      0.4380,      0.0000,      0.0862
    1547,   2359,   2394,   2515,       3,      0.5428,      0.4454,      0.0000,      0.0974
    1548,   2467,   2360,   2522,       3,      0.2716,      0.1606,      0.0000,      0.1110
    1549,   2285,   2516,   2770,       3,      0.2326,      0.1235,      0.0000,      0.1092
    1550,   2395,   2286,   2469,       3,      0.6528,      0.5437,      0.0000,      0.1091
    1551,   2396,   2287,   2517,       3,      0.5438,      0.4325,      0.0000,      0.1113
    1552,   2222,   2288,   2470,       3,      0.6123,      0.5360,      0.0000,      0.0763
    1553,   2518,   2397,   2524,       3,      0.7104,      0.5879,      0.0000,      0.1225
    1554,   2398,   2291,   2525,       3,      0.7358,      0.6434,      0.0000,      0.0923
    1555,   2293,   2526,   2681,       3,      1.7030,      1.4243,      0.0000,      0.2787
    1556,   2228,   2294,   2473,       3,      1.5257,      1.2839,      0.0000,      0.2418
    1557,   2401,   2295,   2527,       3,      2.4648,      2.0102,      0.0000,      0.4546
    1558,   2385,   2519,   2576,       3,      0.8264,      0.5840,      0.0000,      0.2424
    1559,   2463,   2390,   2529,       3,      0.3358,      0.3210,      0.0000,      0.0148
    1560,   2528,   2519,   2531,       3,      1.3814,      0.9832,      0.0000,      0.3982
    1561,   2463,   2529,   2532,       3,      0.5218,      0.4206,      0.0000,      0.1012
    1562,   2390,   2355,   2513,       3,      0.4419,      0.4254,      0.0000,      0.0165
    1563,     66,   2505,   2530,       3,      0.6268,      0.6050,      0.0000,      0.0218
    1564,    464,   2344,   2505,       3,      0.6268,      0.6050,      0.0000,      0.0218
    1565,   2344,     65,   2506,       3,      0.6495,      0.6204,      0.0000,      0.0291
    1566,    463,   2345,   2506,       3,      0.8220,      0.7272,      0.0000,      0.0948
    1567,   2346,   2269,   2533,       3,      0.5409,      0.3381,      0.0000,      0.2027
    1568,   2347,   2270,   2534,       3,      0.8565,      0.4786,      0.0000,      0.3779
    1569,   2271,   2349,   2508,       3,      1.4485,      0.9658,      0.0000,      0.4827
    1570,   2273,   2509,   2350,       3,      5.3704,      3.9006,      0.0000,      1.4698
    1571,   2274,   2352,   2510,       3,      9.4031,      6.0859,      0.0000,      3.3173
    1572,   1947,   2110,   2366,       3,   1209.7539,    141.4947,      0.0000,   1068.2592
    1573,   2034,   2366,   2110,       3,   1132.3834,    122.4225,      0.0000,   1009.9609
    1574,   2448,   2535,   2511,       3,     33.9268,     20.6001,      0.0000,     13.3267
    1575,    105,   2366,   2034,       3,   1132.3834,    122.4225,      0.0000,   1009.9609
    1576,   2163,   2535,   2448,       3,    134.9390,     45.5653,      0.0000,     89.3737
    1577,   1947,   2366,   2367,       3,   1209.7539,    141.4947,      0.0000,   1068.2592
    1578,   2032,   2163,   2448,       3,    134.9390,     45.5653,      0.0000,     89.3737
    1579,   2032,   2367,   2163,       3,    134.9390,     45.5653,      0.0000,     89.3737
    1580,   2528,   2531,   2536,       3,      1.3814,      0.9832,      0.0000,      0.3982
    1581,   2512,   2463,   2537,       3,      0.5218,      0.4206,      0.0000,      0.1012
    1582,   2390,   2513,   2529,       3,      0.3358,      0.3210,      0.0000,      0.0148
    1583,   2445,   2530,   2505,       3,      0.6268,      0.6050,      0.0000,      0.0218
    1584,   2445,   2344,   2538,       3,      0.6032,      0.5811,      0.0000,      0.0221
    1585,   2464,   2538,   2513,       3,      0.5603,      0.5402,      0.0000,      0.0200
    1586,   2391,   2530,   2445,       3,      0.5837,      0.5637,      0.0000,      0.0200
    1587,   2445,   2538,   2464,       3,      0.5837,      0.5637,      0.0000,      0.0200
    1588,   2391,   2445,   2464,       3,      0.5897,      0.5700,      0.0000,      0.0197
    1589,   2528,   2536,   2539,       3,      1.5882,      1.0927,      0.0000,      0.4955
    1590,   2519,   2512,   2540,       3,      1.3284,      0.9306,      0.0000,      0.3978
    1591,   2463,   2532,   2537,       3,      0.3881,      0.2436,      0.0000,      0.1445
    1592,   2529,   2513,   2538,       3,      0.5109,      0.4922,      0.0000,      0.0187
    1593,   2344,   2506,   2538,       3,      0.6032,      0.5811,      0.0000,      0.0221
    1594,   2345,   2268,   2541,       3,      0.5311,      0.4130,      0.0000,      0.1180
    1595,   2269,   2347,   2533,       3,      0.5409,      0.3381,      0.0000,      0.2027
    1596,   2347,   2534,   2542,       3,      1.6616,      1.0005,      0.0000,      0.6611
    1597,   2508,   2543,   2534,       3,      2.3458,      1.5336,      0.0000,      0.8122
    1598,   2273,   2351,   2509,       3,      5.3704,      3.9006,      0.0000,      1.4698
    1599,   2528,   2539,   2611,       3,      1.7151,      1.1768,      0.0000,      0.5383
    1600,   2531,   2519,   2540,       3,      1.3814,      0.9832,      0.0000,      0.3982
    1601,   2512,   2537,   2580,       3,      1.1614,      0.6656,      0.0000,      0.4958
    1602,   2506,   2529,   2538,       3,      0.6053,      0.5766,      0.0000,      0.0287
    1603,   1009,   2541,   2268,       3,      0.5311,      0.4130,      0.0000,      0.1180
    1604,   2533,   2507,   2545,       3,      1.2052,      0.5735,      0.0000,      0.6317
    1605,   2270,   2348,   2534,       3,      1.2251,      0.7511,      0.0000,      0.4740
    1606,   2543,   2508,   2546,       3,      2.3458,      1.5336,      0.0000,      0.8122
    1607,   2166,   2510,   2352,       3,      9.4031,      6.0859,      0.0000,      3.3173
    1608,   2274,   2547,   2351,       3,      6.1121,      4.4069,      0.0000,      1.7052
    1609,   2114,   2510,   2166,       3,     11.1814,      7.4280,      0.0000,      3.7534
    1610,   2369,   2547,   2510,       3,      8.8189,      5.3049,      0.0000,      3.5141
    1611,   2114,   2369,   2510,       3,      8.8189,      5.3049,      0.0000,      3.5141
    1612,     99,   2369,   2114,       3,     10.9128,      6.2535,      0.0000,      4.6593
    1613,     99,   2114,    100,       3,     10.7831,      7.4338,      0.0000,      3.3493
    1614,   2544,   2539,   2548,       3,      1.9543,      1.2526,      0.0000,      0.7016
    1615,   2540,   2549,   2552,       3,      2.0501,      1.2529,      0.0000,      0.7973
    1616,   2345,   2529,   2506,       3,      0.9219,      0.7666,      0.0000,      0.1553
    1617,   2545,   2507,   2550,       3,      1.2052,      0.5735,      0.0000,      0.6317
    1618,   2348,   2508,   2534,       3,      1.2251,      0.7511,      0.0000,      0.4740
    1619,   2349,   2546,   2508,       3,      2.6146,      1.7341,      0.0000,      0.8805
    1620,   2548,   2551,   2612,       3,      1.9464,      1.2383,      0.0000,      0.7081
    1621,   2536,   2531,   2552,       3,      1.3814,      0.9832,      0.0000,      0.3982
    1622,   2545,   2550,   2553,       3,      1.4548,      0.7264,      0.0000,      0.7284
    1623,   2347,   2542,   2550,       3,      1.9655,      1.2693,      0.0000,      0.6962
    1624,   2542,   2534,   2543,       3,      2.3458,      1.5336,      0.0000,      0.8122
    1625,   2349,   2622,   2546,       3,      2.6146,      1.7341,      0.0000,      0.8805
    1626,   2168,   2509,   2351,       3,      5.4181,      4.1125,      0.0000,      1.3056
    1627,   2116,   2169,   2555,       3,      6.1546,      4.6757,      0.0000,      1.4789
    1628,   2170,   2118,   2556,       3,      6.5167,      4.4551,      0.0000,      2.0616
    1629,   2172,   2557,   2584,       3,      5.5059,      3.5965,      0.0000,      1.9093
    1630,   2173,   2121,   2558,       3,      3.6471,      2.4598,      0.0000,      1.1873
    1631,   2370,   2174,   2559,       3,      1.1139,      0.7992,      0.0000,      0.3147
    1632,    469,   2371,   2175,       3,      8.3875,      5.5179,      0.0000,      2.8697
    1633,     73,   2372,   2450,       3,      9.7710,      4.0331,      0.0000,      5.7379
    1634,   2372,    468,   2451,       3,      8.0947,      2.5267,      0.0000,      5.5681
    1635,     72,   1061,   2560,       3,      4.5351,      1.9281,      0.0000,      2.6071
    1636,   1063,   1064,   2452,       3,      4.9446,      2.6473,      0.0000,      2.2973
    1637,   1065,   1066,   2374,       3,      5.2104,      2.7737,      0.0000,      2.4368
    1638,   1067,   2375,   2453,       3,      5.0104,      2.7413,      0.0000,      2.2691
    1639,   1069,   1070,   2454,       3,      5.5830,      2.9612,      0.0000,      2.6218
    1640,   1071,   1072,   2376,       3,      6.4482,      3.3004,      0.0000,      3.1477
    1641,   1073,   2377,   2455,       3,      5.9979,      3.0989,      0.0000,      2.8990
    1642,   1075,   1076,   2456,       3,      4.3287,      2.2170,      0.0000,      2.1117
    1643,   1077,   1078,   2378,       3,      4.0994,      2.0851,      0.0000,      2.0143
    1644,   1079,   2379,   2457,       3,      3.4225,      2.1703,      0.0000,      1.2522
    1645,   2458,   2380,   2561,       3,      5.0534,      4.0731,      0.0000,      0.9802
    1646,   1082,   2381,   2459,       3,      8.3573,      5.8779,      0.0000,      2.4794
    1647,    478,   2460,   2562,       3,     15.0648,      8.4658,      0.0000,      6.5989
    1648,   2382,    477,   2461,       3,     30.3146,     12.7709,      0.0000,     17.5438
    1649,   1083,   2383,   2563,       3,     70.9122,     28.2637,      0.0000,     42.6485
    1650,   2462,   2073,   2564,       3,     78.5763,     35.4336,      0.0000,     43.1427
    1651,   1983,   2074,   2208,       3,    120.4536,     41.8756,      0.0000,     78.5780
    1652,   1984,   2209,   2208,       3,    105.7044,     39.9438,      0.0000,     65.7606
    1653,   2076,   2566,   2634,       3,    124.6809,     47.0259,      0.0000,     77.6550
    1654,   1986,   2077,   2210,       3,    113.3679,     45.6548,      0.0000,     67.7131
    1655,   2077,   1987,   2212,       3,    147.0305,     59.0468,      0.0000,     87.9837
    1656,    448,   2212,    449,       3,     84.3677,     41.6957,      0.0000,     42.6720
    1657,     26,    846,   2567,       3,    218.0813,     47.8757,      0.0000,    170.2056
    1658,    890,    891,   2568,       3,     20.5880,      9.0240,      0.0000,     11.5639
    1659,    893,    894,   2569,       3,      4.6036,      3.4546,      0.0000,      1.1490
    1660,    896,    897,   2570,       3,      1.8702,      1.6798,      0.0000,      0.1904
    1661,    899,    900,   2571,       3,      1.5475,      1.3885,      0.0000,      0.1591
    1662,    902,    903,   2572,       3,      1.8377,      1.4379,      0.0000,      0.3997
    1663,    905,    906,   2573,       3,      1.5900,      1.1686,      0.0000,      0.4214
    1664,    909,   2574,   2609,       3,      2.0885,      1.3564,      0.0000,      0.7320
    1665,    911,    912,   2575,       3,      1.3533,      0.9056,      0.0000,      0.4477
    1666,    914,    915,   2576,       3,      0.8839,      0.5707,      0.0000,      0.3132
    1667,     14,   2213,   2577,       3,      0.6392,      0.5449,      0.0000,      0.0943
    1668,   2551,   2548,   2578,       3,      2.0312,      1.2715,      0.0000,      0.7597
    1669,   2552,   2579,   2591,       3,      2.4625,      1.3899,      0.0000,      1.0726
    1670,   2549,   2540,   2580,       3,      2.0501,      1.2529,      0.0000,      0.7973
    1671,   2553,   2581,   2580,       3,      1.9923,      1.2000,      0.0000,      0.7923
    1672,   2347,   2550,   2507,       3,      1.2052,      0.5735,      0.0000,      0.6317
    1673,   2546,   2582,   2593,       3,      3.0722,      2.0964,      0.0000,      0.9759
    1674,   2272,   2554,   2349,       3,      3.3091,      2.3277,      0.0000,      0.9814
    1675,   2168,   2555,   2509,       3,      5.3232,      3.9412,      0.0000,      1.3819
    1676,   2117,   2555,   2169,       3,      6.1546,      4.6757,      0.0000,      1.4789
    1677,   2556,   2583,   2598,       3,      5.2951,      3.5459,      0.0000,      1.7492
    1678,   2171,   2119,   2584,       3,      6.5499,      4.2137,      0.0000,      2.3363
    1679,   2172,   2120,   2585,       3,      5.8208,      3.4427,      0.0000,      2.3780
    1680,   2121,   2619,   2558,       3,      2.5191,      1.7809,      0.0000,      0.7382
    1681,   2559,   2174,   2587,       3,      1.1139,      0.7992,      0.0000,      0.3147
    1682,     73,   2371,    469,       3,      8.3875,      5.5179,      0.0000,      2.8697
    1683,   2372,   2451,   2588,       3,      5.6021,      1.4323,      0.0000,      4.1698
    1684,   1061,   2373,   2560,       3,      4.7340,      1.6954,      0.0000,      3.0386
    1685,   2373,   1063,   2452,       3,      4.4448,      2.2447,      0.0000,      2.2001
    1686,   2374,   1066,   2453,       3,      4.8907,      2.6555,      0.0000,      2.2352
    1687,   2375,   1069,   2454,       3,      5.5830,      2.9612,      0.0000,      2.6218
    1688,   2376,   1072,   2455,       3,      6.1928,      3.1673,      0.0000,      3.0256
    1689,   2377,   1075,   2456,       3,      5.1869,      2.6890,      0.0000,      2.4978
    1690,   2378,   1078,   2457,       3,      3.7038,      2.0694,      0.0000,      1.6345
    1691,   2551,   2578,   2590,       3,      3.4724,      1.9389,      0.0000,      1.5334
    1692,   2539,   2536,   2591,       3,      1.5882,      1.0927,      0.0000,      0.4955
    1693,   2531,   2540,   2552,       3,      1.3814,      0.9832,      0.0000,      0.3982
    1694,   2512,   2580,   2540,       3,      1.5697,      1.0764,      0.0000,      0.4933
    1695,   2581,   2553,   2592,       3,      1.9923,      1.2000,      0.0000,      0.7923
    1696,   2542,   2543,   2593,       3,      2.3458,      1.5336,      0.0000,      0.8122
    1697,   2272,   2509,   2554,       3,      4.4542,      3.1052,      0.0000,      1.3490
    1698,   2168,   2116,   2555,       3,      6.8927,      5.1559,      0.0000,      1.7368
    1699,   2117,   2170,   2555,       3,      5.1949,      3.8212,      0.0000,      1.3737
    1700,   2590,   2594,   2616,       3,      3.4724,      1.9389,      0.0000,      1.5334
    1701,   2548,   2539,   2591,       3,      1.7151,      1.1768,      0.0000,      0.5383
    1702,   2536,   2552,   2591,       3,      1.5882,      1.0927,      0.0000,      0.4955
    1703,   2552,   2549,   2595,       3,      2.0501,      1.2529,      0.0000,      0.7973
    1704,   2592,   2596,   2600,       3,      1.1761,      0.8106,      0.0000,      0.3655
    1705,   2550,   2542,   2597,       3,      1.9655,      1.2693,      0.0000,      0.6962
    1706,   2543,   2546,   2593,       3,      2.3458,      1.5336,      0.0000,      0.8122
    1707,   2555,   2170,   2598,       3,      5.5049,      3.8913,      0.0000,      1.6136
    1708,   2557,   2172,   2599,       3,      2.8925,      2.0264,      0.0000,      0.8660
    1709,   2120,   2173,   2585,       3,      4.6901,      2.9040,      0.0000,      1.7861
    1710,     97,   2586,   2121,       3,      2.2637,      1.6069,      0.0000,      0.6568
    1711,   2559,   2587,   2600,       3,      1.4501,      1.0088,      0.0000,      0.4413
    1712,   2122,   2371,   2450,       3,      9.7710,      4.0331,      0.0000,      5.7379
    1713,   2588,   2601,   2633,       3,      2.8147,      1.5388,      0.0000,      1.2759
    1714,   2451,     72,   2560,       3,      5.6021,      1.4323,      0.0000,      4.1698
    1715,   2452,   2602,   2626,       3,      3.2019,      1.7779,      0.0000,      1.4240
    1716,   2453,   2375,   2603,       3,      5.2916,      2.8454,      0.0000,      2.4462
    1717,   2376,   2455,   2604,       3,      5.7719,      2.9789,      0.0000,      2.7929
    1718,   2378,   2605,   2628,       3,      2.5493,      1.7515,      0.0000,      0.7978
    1719,    895,    896,   2589,       3,      2.2835,      2.0021,      0.0000,      0.2814
    1720,    897,    898,   2570,       3,      1.8702,      1.6798,      0.0000,      0.1904
    1721,    899,   2571,   2606,       3,      1.7013,      1.4517,      0.0000,      0.2497
    1722,    901,    902,   2607,       3,      1.9301,      1.5469,      0.0000,      0.3832
    1723,    903,    904,   2572,       3,      1.8377,      1.4379,      0.0000,      0.3997
    1724,    905,   2573,   2608,       3,      1.7048,      1.3005,      0.0000,      0.4043
    1725,    907,    908,   2609,       3,      2.1109,      1.3937,      0.0000,      0.7172
    1726,    909,    910,   2574,       3,      2.0885,      1.3564,      0.0000,      0.7320
    1727,    912,    913,   2575,       3,      1.3533,      0.9056,      0.0000,      0.4477
    1728,    896,   2570,   2589,       3,      2.9583,      2.5188,      0.0000,      0.4396
    1729,    898,    899,   2606,       3,      1.4236,      1.2711,      0.0000,      0.1525
    1730,    900,    901,   2571,       3,      1.5475,      1.3885,      0.0000,      0.1591
    1731,    902,   2572,   2607,       3,      1.9301,      1.5469,      0.0000,      0.3832
    1732,    904,    905,   2608,       3,      1.8432,      1.4484,      0.0000,      0.3948
    1733,    906,    907,   2573,       3,      1.5900,      1.1686,      0.0000,      0.4214
    1734,    908,    909,   2609,       3,      2.1109,      1.3937,      0.0000,      0.7172
    1735,    910,    911,   2611,       3,      1.5495,      1.0252,      0.0000,      0.5243
    1736,    913,    914,   2610,       3,      1.2696,      0.8477,      0.0000,      0.4218
    1737,   2574,    910,   2611,       3,      2.0444,      1.3166,      0.0000,      0.7278
    1738,    911,   2575,   2611,       3,      1.5495,      1.0252,      0.0000,      0.5243
    1739,   2575,    913,   2610,       3,      1.2696,      0.8477,      0.0000,      0.4218
    1740,    907,   2612,   2573,       3,      1.7127,      1.2199,      0.0000,      0.4928
    1741,   2528,   2575,   2610,       3,      1.3403,      0.9064,      0.0000,      0.4339
    1742,    907,   2609,   2612,       3,      2.0779,      1.3506,      0.0000,      0.7273
    1743,   2544,   2612,   2609,       3,      2.0779,      1.3506,      0.0000,      0.7273
    1744,   2544,   2609,   2574,       3,      2.0444,      1.3166,      0.0000,      0.7278
    1745,   2544,   2574,   2611,       3,      2.0444,      1.3166,      0.0000,      0.7278
    1746,   2539,   2544,   2611,       3,      1.9543,      1.2526,      0.0000,      0.7016
    1747,   2528,   2611,   2575,       3,      1.3403,      0.9064,      0.0000,      0.4339
    1748,   2458,   2589,   2570,       3,      2.9583,      2.5188,      0.0000,      0.4396
    1749,   2570,    898,   2606,       3,      1.4876,      1.3223,      0.0000,      0.1653
    1750,   2571,    901,   2607,       3,      1.7351,      1.4739,      0.0000,      0.2613
    1751,   2572,    904,   2608,       3,      1.8432,      1.4484,      0.0000,      0.3948
    1752,   2544,   2548,   2612,       3,      1.9543,      1.2526,      0.0000,      0.7016
    1753,   2578,   2630,   2590,       3,      3.9026,      2.1992,      0.0000,      1.7034
    1754,   2579,   2614,   2602,       3,      3.0971,      1.5989,      0.0000,      1.4982
    1755,   2606,   2571,   2615,       3,      1.7013,      1.4517,      0.0000,      0.2497
    1756,   2608,   2616,   2624,       3,      2.0325,      1.4639,      0.0000,      0.5686
    1757,   2551,   2573,   2612,       3,      1.9464,      1.2383,      0.0000,      0.7081
    1758,   2578,   2548,   2591,       3,      3.0906,      1.8271,      0.0000,      1.2635
    1759,   2579,   2617,   2629,       3,      2.9738,      1.4473,      0.0000,      1.5265
    1760,   2550,   2618,   2553,       3,      1.8605,      1.1030,      0.0000,      0.7575
    1761,   2542,   2593,   2597,       3,      2.4678,      1.7056,      0.0000,      0.7621
    1762,   2554,   2555,   2598,       3,      5.0387,      3.4253,      0.0000,      1.6135
    1763,   2170,   2556,   2598,       3,      5.2951,      3.5459,      0.0000,      1.7492
    1764,   2597,   2599,   2618,       3,      2.3373,      1.6112,      0.0000,      0.7261
    1765,   2173,   2558,   2585,       3,      4.6901,      2.9040,      0.0000,      1.7861
    1766,     97,   2370,   2586,       3,      2.2637,      1.6069,      0.0000,      0.6568
    1767,   2559,   2596,   2619,       3,      1.2257,      0.8478,      0.0000,      0.3779
    1768,   2619,   2596,   2620,       3,      1.4692,      1.0921,      0.0000,      0.3771
    1769,   2557,   2597,   2593,       3,      2.4678,      1.7056,      0.0000,      0.7621
    1770,   2172,   2585,   2599,       3,      3.5297,      2.3531,      0.0000,      1.1766
    1771,   2370,   2559,   2619,       3,      2.0938,      1.3704,      0.0000,      0.7235
    1772,   2592,   2620,   2596,       3,      1.1761,      0.8106,      0.0000,      0.3655
    1773,   2557,   2599,   2597,       3,      2.8925,      2.0264,      0.0000,      0.8660
    1774,   2586,   2370,   2619,       3,      2.2637,      1.6069,      0.0000,      0.6568
    1775,   2121,   2586,   2619,       3,      2.2637,      1.6069,      0.0000,      0.6568
    1776,   2585,   2621,   2599,       3,      3.5297,      2.3531,      0.0000,      1.1766
    1777,   2558,   2619,   2620,       3,      1.4692,      1.0921,      0.0000,      0.3771
    1778,   2558,   2621,   2585,       3,      2.5191,      1.7809,      0.0000,      0.7382
    1779,   2558,   2620,   2621,       3,      1.4692,      1.0921,      0.0000,      0.3771
    1780,   2618,   2599,   2621,       3,      1.9951,      1.4437,      0.0000,      0.5514
    1781,   2592,   2621,   2620,       3,      1.4692,      1.0921,      0.0000,      0.3771
    1782,   2550,   2597,   2618,       3,      1.9201,      1.3215,      0.0000,      0.5987
    1783,   2592,   2618,   2621,       3,      1.9951,      1.4437,      0.0000,      0.5514
    1784,   2592,   2553,   2618,       3,      1.9201,      1.3215,      0.0000,      0.5987
    1785,   2598,   2583,   2622,       3,      4.3891,      2.9304,      0.0000,      1.4587
    1786,   2557,   2593,   2582,       3,      3.0722,      2.0964,      0.0000,      0.9759
    1787,   2509,   2555,   2554,       3,      4.6901,      3.4322,      0.0000,      1.2578
    1788,   2557,   2582,   2583,       3,      3.0722,      2.0964,      0.0000,      0.9759
    1789,   2554,   2598,   2622,       3,      4.4542,      3.1052,      0.0000,      1.3490
    1790,   2582,   2622,   2583,       3,      3.0722,      2.0964,      0.0000,      0.9759
    1791,   2349,   2554,   2622,       3,      3.7549,      2.5437,      0.0000,      1.2113
    1792,   2582,   2546,   2622,       3,      3.0722,      2.0964,      0.0000,      0.9759
    1793,   2615,   2623,   2628,       3,      2.5429,      1.5699,      0.0000,      0.9729
    1794,   2607,   2572,   2624,       3,      1.8886,      1.4771,      0.0000,      0.4115
    1795,   2551,   2608,   2573,       3,      1.7127,      1.2199,      0.0000,      0.4928
    1796,   2578,   2591,   2613,       3,      3.6076,      2.0758,      0.0000,      1.5318
    1797,   2552,   2617,   2579,       3,      2.4625,      1.3899,      0.0000,      1.0726
    1798,   2581,   2592,   2600,       3,      1.7163,      1.1010,      0.0000,      0.6153
    1799,   2551,   2616,   2608,       3,      2.5396,      1.5166,      0.0000,      1.0229
    1800,   2552,   2595,   2617,       3,      2.1160,      1.2761,      0.0000,      0.8400
    1801,   2596,   2559,   2600,       3,      1.1761,      0.8106,      0.0000,      0.3655
    1802,   2451,   2560,   2626,       3,      4.7340,      1.6954,      0.0000,      3.0386
    1803,   2452,   2374,   2627,       3,      4.8165,      2.6132,      0.0000,      2.2033
    1804,   2375,   2454,   2603,       3,      5.2916,      2.8454,      0.0000,      2.4462
    1805,   2376,   2604,   2594,       3,      5.9431,      3.0578,      0.0000,      2.8852
    1806,   2377,   2604,   2455,       3,      5.7719,      2.9789,      0.0000,      2.7929
    1807,   2373,   2626,   2560,       3,      4.7340,      1.6954,      0.0000,      3.0386
    1808,   2588,   2451,   2626,       3,      5.6021,      1.4323,      0.0000,      4.1698
    1809,   2373,   2452,   2626,       3,      4.5249,      2.1245,      0.0000,      2.4004
    1810,   2602,   2452,   2613,       3,      3.2019,      1.7779,      0.0000,      1.4240
    1811,   2595,   2581,   2600,       3,      2.1160,      1.2761,      0.0000,      0.8400
    1812,   2579,   2629,   2614,       3,      3.0971,      1.5989,      0.0000,      1.4982
    1813,   2595,   2600,   2617,       3,      2.1160,      1.2761,      0.0000,      0.8400
    1814,   2588,   2629,   2617,       3,      2.9738,      1.4473,      0.0000,      1.5265
    1815,   2600,   2601,   2617,       3,      2.8147,      1.5388,      0.0000,      1.2759
    1816,   2588,   2617,   2601,       3,      2.8147,      1.5388,      0.0000,      1.2759
    1817,   2588,   2626,   2629,       3,      2.9738,      1.4473,      0.0000,      1.5265
    1818,   2591,   2602,   2613,       3,      3.6076,      2.0758,      0.0000,      1.5318
    1819,   2614,   2629,   2626,       3,      3.0971,      1.5989,      0.0000,      1.4982
    1820,   2579,   2602,   2591,       3,      3.2019,      1.7779,      0.0000,      1.4240
    1821,   2602,   2614,   2626,       3,      3.0971,      1.5989,      0.0000,      1.4982
    1822,   2603,   2630,   2627,       3,      3.9026,      2.1992,      0.0000,      1.7034
    1823,   2606,   2615,   2628,       3,      2.5429,      1.5699,      0.0000,      0.9729
    1824,   2551,   2590,   2616,       3,      2.5396,      1.5166,      0.0000,      1.0229
    1825,   2613,   2452,   2627,       3,      4.1319,      2.3343,      0.0000,      1.7975
    1826,   2374,   2453,   2627,       3,      4.6734,      2.5845,      0.0000,      2.0888
    1827,   2453,   2603,   2627,       3,      4.6734,      2.5845,      0.0000,      2.0888
    1828,   2590,   2630,   2603,       3,      3.9026,      2.1992,      0.0000,      1.7034
    1829,   2613,   2627,   2630,       3,      3.9026,      2.1992,      0.0000,      1.7034
    1830,   2578,   2613,   2630,       3,      3.9026,      2.1992,      0.0000,      1.7034
    1831,   2594,   2590,   2603,       3,      3.4724,      1.9389,      0.0000,      1.5334
    1832,   2456,   2628,   2623,       3,      3.9455,      2.0723,      0.0000,      1.8732
    1833,   2594,   2625,   2616,       3,      2.6689,      1.5864,      0.0000,      1.0825
    1834,   2454,   2594,   2603,       3,      5.5958,      2.9397,      0.0000,      2.6561
    1835,   2377,   2456,   2623,       3,      3.9455,      2.0723,      0.0000,      1.8732
    1836,   2376,   2594,   2454,       3,      5.9431,      3.0578,      0.0000,      2.8852
    1837,   2604,   2377,   2623,       3,      5.3302,      2.7769,      0.0000,      2.5533
    1838,   2594,   2604,   2625,       3,      4.4353,      2.3605,      0.0000,      2.0748
    1839,   2604,   2623,   2625,       3,      4.4353,      2.3605,      0.0000,      2.0748
    1840,   2378,   2628,   2456,       3,      3.5002,      1.8948,      0.0000,      1.6054
    1841,   2378,   2457,   2605,       3,      3.0985,      1.9757,      0.0000,      1.1228
    1842,   2605,   2606,   2628,       3,      2.5493,      1.7515,      0.0000,      0.7978
    1843,   2457,   2379,   2631,       3,      3.1781,      2.2730,      0.0000,      0.9051
    1844,   2605,   2457,   2631,       3,      2.5493,      1.7515,      0.0000,      0.7978
    1845,   2606,   2605,   2631,       3,      2.5493,      1.7515,      0.0000,      0.7978
    1846,   2570,   2606,   2631,       3,      2.2547,      1.6814,      0.0000,      0.5733
    1847,   2458,   2570,   2631,       3,      2.2547,      1.6814,      0.0000,      0.5733
    1848,   2379,   2458,   2631,       3,      3.1781,      2.2730,      0.0000,      0.9051
    1849,     68,   2458,   2379,       3,      3.1781,      2.2730,      0.0000,      0.9051
    1850,     68,   2379,     70,       3,      3.3355,      2.4482,      0.0000,      0.8873
    1851,   2572,   2608,   2624,       3,      1.8886,      1.4771,      0.0000,      0.4115
    1852,   2615,   2625,   2623,       3,      3.0736,      1.7355,      0.0000,      1.3381
    1853,   2571,   2607,   2615,       3,      1.9869,      1.5816,      0.0000,      0.4053
    1854,   2624,   2616,   2625,       3,      2.6689,      1.5864,      0.0000,      1.0825
    1855,   2615,   2607,   2624,       3,      1.9869,      1.5816,      0.0000,      0.4053
    1856,   2615,   2624,   2625,       3,      2.0325,      1.4639,      0.0000,      0.5686
    1857,   2587,   2174,   2632,       3,      5.1426,      2.2365,      0.0000,      2.9061
    1858,   2450,   2372,   2633,       3,      8.0947,      2.5267,      0.0000,      5.5681
    1859,   2587,   2601,   2600,       3,      2.8147,      1.5388,      0.0000,      1.2759
    1860,   2122,   2632,   2174,       3,      1.1139,      0.7992,      0.0000,      0.3147
    1861,   2372,   2588,   2633,       3,      5.8939,      2.2872,      0.0000,      3.6067
    1862,   2122,   2450,   2632,       3,      5.1426,      2.2365,      0.0000,      2.9061
    1863,   2587,   2633,   2601,       3,      5.8939,      2.2872,      0.0000,      3.6067
    1864,   2632,   2450,   2633,       3,      5.1426,      2.2365,      0.0000,      2.9061
    1865,   2587,   2632,   2633,       3,      5.1426,      2.2365,      0.0000,      2.9061
    1866,   2549,   2581,   2595,       3,      2.1160,      1.2761,      0.0000,      0.8400
    1867,   2529,   2541,   2532,       3,      0.7559,      0.5898,      0.0000,      0.1661
    1868,   2529,   2345,   2541,       3,      0.9219,      0.7666,      0.0000,      0.1553
    1869,   2446,   2532,   2541,       3,      0.3213,      0.2031,      0.0000,      0.1182
    1870,   2346,   2532,   2446,       3,      0.3213,      0.2031,      0.0000,      0.1182
    1871,   2532,   2346,   2533,       3,      0.4172,      0.2700,      0.0000,      0.1472
    1872,   2532,   2533,   2537,       3,      1.1614,      0.6656,      0.0000,      0.4958
    1873,   2537,   2533,   2545,       3,      1.4548,      0.7264,      0.0000,      0.7284
    1874,   2537,   2545,   2580,       3,      1.4548,      0.7264,      0.0000,      0.7284
    1875,   2545,   2553,   2580,       3,      1.4548,      0.7264,      0.0000,      0.7284
    1876,   2549,   2580,   2581,       3,      2.0501,      1.2529,      0.0000,      0.7973
    1877,    914,   2576,   2610,       3,      1.0370,      0.6849,      0.0000,      0.3521
    1878,    915,    916,   2576,       3,      0.8839,      0.5707,      0.0000,      0.3132
    1879,    916,     14,   2577,       3,      0.4624,      0.3712,      0.0000,      0.0912
    1880,   2576,    916,   2577,       3,      0.6321,      0.5405,      0.0000,      0.0917
    1881,   2519,   2528,   2610,       3,      1.0573,      0.7332,      0.0000,      0.3241
    1882,   2519,   2610,   2576,       3,      1.0573,      0.7332,      0.0000,      0.3241
    1883,   2385,   2576,   2577,       3,      0.6321,      0.5405,      0.0000,      0.0917
    1884,   2355,   2385,   2577,       3,      0.6321,      0.5405,      0.0000,      0.0917
    1885,   2213,   2355,   2577,       3,      0.6392,      0.5449,      0.0000,      0.0943
    1886,     13,    447,   2213,       3,      0.6047,      0.5043,      0.0000,      0.1004
    1887,   2119,   2172,   2584,       3,      6.5499,      4.2137,      0.0000,      2.3363
    1888,   2583,   2556,   2584,       3,      5.5059,      3.5965,      0.0000,      1.9093
    1889,   2118,   2171,   2556,       3,      6.1332,      4.0284,      0.0000,      2.1048
    1890,   2557,   2583,   2584,       3,      4.3891,      2.9304,      0.0000,      1.4587
    1891,   2556,   2171,   2584,       3,      6.1332,      4.0284,      0.0000,      2.1048
    1892,   2383,     93,   2462,       3,     66.4297,     28.5925,      0.0000,     37.8373
    1893,   1983,   2564,   2073,       3,     73.9282,     32.3107,      0.0000,     41.6174
    1894,   2075,   2567,   2209,       3,    127.9076,     31.5686,      0.0000,     96.3390
    1895,   2076,   2210,   2566,       3,    124.6809,     47.0259,      0.0000,     77.6550
    1896,    448,   2077,   2212,       3,     99.2575,     43.9754,      0.0000,     55.2821
    1897,     25,   2567,    846,       3,    218.0813,     47.8757,      0.0000,    170.2056
    1898,     28,   2077,    448,       3,     87.8245,     43.4247,      0.0000,     44.3998
    1899,   2567,     25,   2636,       3,    132.4910,     27.0255,      0.0000,    105.4654
    1900,   2209,   2635,   2565,       3,     81.2628,     24.6624,      0.0000,     56.6004
    1901,   1985,   2634,   2075,       3,    239.2623,     64.6198,      0.0000,    174.6424
    1902,     28,   2210,   2077,       3,    125.0872,     49.4645,      0.0000,     75.6227
    1903,   1985,   2076,   2634,       3,    239.2968,     67.0410,      0.0000,    172.2558
    1904,     27,   2210,     28,       3,     90.4779,     42.2085,      0.0000,     48.2693
    1905,   2566,   2637,   2634,       3,    124.6809,     47.0259,      0.0000,     77.6550
    1906,   2210,     27,   2637,       3,    110.6356,     44.4161,      0.0000,     66.2195
    1907,   2566,   2210,   2637,       3,    124.6809,     47.0259,      0.0000,     77.6550
    1908,     26,   2637,     27,       3,     90.4779,     42.2085,      0.0000,     48.2693
    1909,     25,    890,   2636,       3,    164.8574,     34.8317,      0.0000,    130.0257
    1910,     26,   2567,   2634,       3,    171.2310,     51.9354,      0.0000,    119.2957
    1911,    890,   2635,   2636,       3,    132.4910,     27.0255,      0.0000,    105.4654
    1912,     26,   2634,   2637,       3,    110.6356,     44.4161,      0.0000,     66.2195
    1913,   2209,   2636,   2635,       3,    132.4910,     27.0255,      0.0000,    105.4654
    1914,   2075,   2634,   2567,       3,    171.2310,     51.9354,      0.0000,    119.2957
    1915,   2209,   2567,   2636,       3,    132.4910,     27.0255,      0.0000,    105.4654
    1916,   2383,   2462,   2564,       3,     78.5763,     35.4336,      0.0000,     43.1427
    1917,    890,   2568,   2635,       3,     79.8456,     18.8813,      0.0000,     60.9643
    1918,    891,    892,   2568,       3,     20.5880,      9.0240,      0.0000,     11.5639
    1919,    893,   2569,   2638,       3,      7.4968,      5.2943,      0.0000,      2.2025
    1920,   2458,   2561,   2589,       3,      3.9696,      3.2479,      0.0000,      0.7217
    1921,   1080,   1081,   2380,       3,      5.5574,      4.4475,      0.0000,      1.1099
    1922,   2562,   2460,   2639,       3,     15.0648,      8.4658,      0.0000,      6.5989
    1923,   2382,   2461,   2640,       3,     42.6210,     15.1213,      0.0000,     27.4997
    1924,   1083,   2563,   2461,       3,     42.6210,     15.1213,      0.0000,     27.4997
    1925,   2563,   2383,   2564,       3,     70.9122,     28.2637,      0.0000,     42.6485
    1926,    893,   2638,   2641,       3,      7.4968,      5.2943,      0.0000,      2.2025
    1927,    894,    895,   2569,       3,      4.6036,      3.4546,      0.0000,      1.1490
    1928,   2380,   2459,   2561,       3,      3.9696,      3.2479,      0.0000,      0.7217
    1929,    892,   2641,   2568,       3,     13.6770,      7.9688,      0.0000,      5.7082
    1930,   2569,    895,   2589,       3,      3.9516,      3.2458,      0.0000,      0.7058
    1931,   2380,   1081,   2459,       3,      6.4946,      5.1505,      0.0000,      1.3440
    1932,   2561,   2569,   2589,       3,      3.9696,      3.2479,      0.0000,      0.7217
    1933,   2569,   2459,   2638,       3,      7.4968,      5.2943,      0.0000,      2.2025
    1934,   2459,   2569,   2561,       3,      3.9696,      3.2479,      0.0000,      0.7217
    1935,   2381,   2638,   2459,       3,      9.7383,      6.4716,      0.0000,      3.2667
    1936,    892,    893,   2641,       3,     18.8182,      9.2317,      0.0000,      9.5865
    1937,   2638,   2562,   2641,       3,     11.2824,      7.2081,      0.0000,      4.0744
    1938,    478,   2562,   2381,       3,      9.7383,      6.4716,      0.0000,      3.2667
    1939,     69,    478,   2381,       3,     10.7350,      7.0025,      0.0000,      3.7325
    1940,   2381,   2562,   2638,       3,     11.2824,      7.2081,      0.0000,      4.0744
    1941,   2635,   2568,   2642,       3,     40.0116,     15.5055,      0.0000,     24.5061
    1942,     94,   1083,   2461,       3,     40.4530,     14.6840,      0.0000,     25.7689
    1943,   2565,   2635,   2642,       3,     40.0116,     15.5055,      0.0000,     24.5061
    1944,   2461,   2563,   2640,       3,     42.6210,     15.1213,      0.0000,     27.4997
    1945,   2565,   2642,   2640,       3,     47.0412,     16.0227,      0.0000,     31.0186
    1946,   2563,   2565,   2640,       3,     68.1158,     22.5619,      0.0000,     45.5540
    1947,   2563,   2564,   2565,       3,     68.1158,     22.5619,      0.0000,     45.5540
    1948,   2208,   2565,   2564,       3,     89.5228,     36.6944,      0.0000,     52.8284
    1949,   2208,   2209,   2565,       3,    105.7044,     39.9438,      0.0000,     65.7606
    1950,   1984,   2208,   2074,       3,    120.4536,     41.8756,      0.0000,     78.5780
    1951,     95,   2382,   2460,       3,     15.0648,      8.4658,      0.0000,      6.5989
    1952,   2568,   2641,   2642,       3,     20.7366,      9.6674,      0.0000,     11.0693
    1953,   2562,   2639,   2641,       3,     17.0401,     10.1246,      0.0000,      6.9155
    1954,   2382,   2639,   2460,       3,     15.0648,      8.4658,      0.0000,      6.5989
    1955,   2639,   2642,   2641,       3,     17.0401,     10.1246,      0.0000,      6.9155
    1956,   2639,   2382,   2640,       3,     21.7431,     10.9415,      0.0000,     10.8016
    1957,   2639,   2640,   2642,       3,     17.0401,     10.1246,      0.0000,      6.9155
    1958,     98,   1156,   2167,       3,      9.6528,      5.4210,      0.0000,      4.2318
    1959,   2168,   2351,   2547,       3,      6.5226,      4.2961,      0.0000,      2.2264
    1960,   2369,   2449,   2547,       3,      7.1732,      4.4804,      0.0000,      2.6928
    1961,   2115,   2449,   2167,       3,      7.1732,      4.4804,      0.0000,      2.6928
    1962,   2115,   2168,   2547,       3,      7.7588,      4.8690,      0.0000,      2.8898
    1963,   2115,   2547,   2449,       3,      7.1732,      4.4804,      0.0000,      2.6928
    1964,   2112,   2165,   2353,       3,     14.9446,     11.3393,      0.0000,      3.6053
    1965,   2111,   2535,   2163,       3,     33.9268,     20.6001,      0.0000,     13.3267
    1966,   2112,   2276,   2511,       3,     27.8304,     17.9288,      0.0000,      9.9015
    1967,   2111,   2164,   2535,       3,     35.4708,     21.0113,      0.0000,     14.4595
    1968,   2164,   2112,   2511,       3,     25.6498,     17.1538,      0.0000,      8.4960
    1969,   2164,   2511,   2535,       3,     27.8304,     17.9288,      0.0000,      9.9015
    1970,   2166,   2352,   2275,       3,     12.9180,      9.4998,      0.0000,      3.4182
    1971,   2113,   2166,   2275,       3,     13.7545,     10.7595,      0.0000,      2.9950
    1972,   2113,   2275,   2368,       3,     13.7545,     10.7595,      0.0000,      2.9950
    1973,   2275,   2353,   2368,       3,     13.2773,     10.2871,      0.0000,      2.9902
    1974,   2165,   2368,   2353,       3,     14.9446,     11.3393,      0.0000,      3.6053
    1975,     42,   2326,   2427,       3,      8.0896,      6.2634,      0.0000,      1.8262
    1976,    956,   2501,    957,       3,      6.0874,      4.6617,      0.0000,      1.4256
    1977,   2428,   2502,   2643,       3,      4.5234,      3.6906,      0.0000,      0.8328
    1978,    954,   2327,    955,       3,      5.4834,      4.2396,      0.0000,      1.2438
    1979,   2429,   2328,   2644,       3,      4.1082,      3.3471,      0.0000,      0.7611
    1980,   2430,   2329,   2645,       3,      3.1726,      2.6820,      0.0000,      0.4906
    1981,   2431,   2330,   2646,       3,      2.7703,      2.3569,      0.0000,      0.4135
    1982,   2432,   2331,   2647,       3,      2.6453,      2.1787,      0.0000,      0.4666
    1983,   2433,   2332,   2648,       3,      2.3639,      1.9905,      0.0000,      0.3734
    1984,   2434,   2333,   2649,       3,      2.2509,      1.8661,      0.0000,      0.3848
    1985,   2435,   2334,   2650,       3,      2.1531,      1.7748,      0.0000,      0.3782
    1986,   2436,   2335,   2651,       3,      1.5076,      1.3068,      0.0000,      0.2008
    1987,   2437,   2336,   2652,       3,      1.1157,      0.9768,      0.0000,      0.1388
    1988,   2438,   2337,   2653,       3,      0.7224,      0.6611,      0.0000,      0.0613
    1989,   2439,   2338,   2654,       3,      0.4156,      0.3888,      0.0000,      0.0268
    1990,   2440,   2339,   2655,       3,      0.3030,      0.2868,      0.0000,      0.0162
    1991,   2441,   2340,   2656,       3,      0.2524,      0.2430,      0.0000,      0.0094
    1992,   2442,    454,   2503,       3,      0.2425,      0.2350,      0.0000,      0.0074
    1993,     38,   2341,   2503,       3,      0.3143,      0.2921,      0.0000,      0.0222
    1994,   2443,    466,   2504,       3,      0.5221,      0.4907,      0.0000,      0.0314
    1995,    465,   2342,   2504,       3,      0.4662,      0.4520,      0.0000,      0.0142
    1996,   2215,   2657,   2356,       3,      0.5625,      0.5443,      0.0000,      0.0182
    1997,   2514,   2520,   2658,       3,      0.5785,      0.5039,      0.0000,      0.0747
    1998,   2393,   2521,   2659,       3,      0.4956,      0.4024,      0.0000,      0.0931
    1999,   2466,   2283,   2515,       3,      0.5061,      0.4390,      0.0000,      0.0671
    2000,   2394,   2467,   2660,       3,      0.3789,      0.2654,      0.0000,      0.1135
    2001,   2360,   2219,   2661,       3,      0.5011,      0.3908,      0.0000,      0.1103
    2002,   2523,   2516,   2662,       3,      0.3729,      0.2644,      0.0000,      0.1084
    2003,   2468,   2395,   2469,       3,      0.5641,      0.4548,      0.0000,      0.1093
    2004,   2517,   2663,   2710,       3,      0.6673,      0.5406,      0.0000,      0.1267
    2005,   2288,   2397,   2470,       3,      0.6123,      0.5360,      0.0000,      0.0763
    2006,   2289,   2524,   2397,       3,      0.6191,      0.5292,      0.0000,      0.0899
    2007,   2398,   2525,   2664,       3,      0.9568,      0.8224,      0.0000,      0.1344
    2008,   2471,   2400,   2665,       3,      1.1740,      1.0042,      0.0000,      0.1698
    2009,   2293,   2473,   2526,       3,      1.5257,      1.2839,      0.0000,      0.2418
    2010,   2294,   2401,   2473,       3,      1.4688,      1.2447,      0.0000,      0.2242
    2011,   2295,   2402,   2527,       3,      2.4648,      2.0102,      0.0000,      0.4546
    2012,   2231,   2297,   2242,       3,      4.0937,      3.4570,      0.0000,      0.6367
    2013,   2133,   2243,   2305,       3,      3.0210,      2.4950,      0.0000,      0.5260
    2014,   1998,   2134,   2306,       3,      2.8443,      2.3014,      0.0000,      0.5429
    2015,   2088,   2180,   2476,       3,      1.9586,      1.6102,      0.0000,      0.3484
    2016,   2406,   2477,   2666,       3,      1.2255,      1.0236,      0.0000,      0.2019
    2017,   2136,   2307,   2180,       3,      1.3908,      1.1582,      0.0000,      0.2326
    2018,   2000,   2137,   2308,       3,      1.1427,      0.9294,      0.0000,      0.2133
    2019,   2090,   2183,   2479,       3,      0.8500,      0.6880,      0.0000,      0.1620
    2020,   2408,   2480,   2667,       3,      0.3995,      0.3213,      0.0000,      0.0782
    2021,   2139,   2309,   2183,       3,      0.5567,      0.4483,      0.0000,      0.1084
    2022,   2002,   2140,   2310,       3,      0.3830,      0.3091,      0.0000,      0.0739
    2023,   2092,   2186,   2482,       3,      0.2759,      0.2226,      0.0000,      0.0532
    2024,   2410,   2483,   2668,       3,      0.1255,      0.1022,      0.0000,      0.0233
    2025,   2142,   2311,   2186,       3,      0.1770,      0.1435,      0.0000,      0.0335
    2026,   2004,   2143,   2312,       3,      0.1043,      0.0849,      0.0000,      0.0194
    2027,   2094,   2189,   2485,       3,      0.0662,      0.0542,      0.0000,      0.0121
    2028,   2145,   2313,   2189,       3,      0.0428,      0.0352,      0.0000,      0.0076
    2029,   2251,   2096,   2314,       3,      0.0255,      0.0210,      0.0000,      0.0046
    2030,   2487,   2413,   2669,       3,      0.0362,      0.0290,      0.0000,      0.0072
    2031,   2252,   2007,   2414,       3,      0.0299,      0.0240,      0.0000,      0.0059
    2032,   2315,   2097,   2670,       3,      0.0358,      0.0268,      0.0000,      0.0090
    2033,   2192,   2488,   2253,       3,      0.0282,      0.0206,      0.0000,      0.0076
    2034,   2098,   2489,   2488,       3,      0.0347,      0.0273,      0.0000,      0.0074
    2035,   2316,   2254,   2672,       3,      0.0270,      0.0224,      0.0000,      0.0046
    2036,   2148,   2317,   2417,       3,      0.0612,      0.0502,      0.0000,      0.0109
    2037,   2100,   2149,   2418,       3,      0.0650,      0.0534,      0.0000,      0.0116
    2038,   2150,   2195,   2491,       3,      0.1464,      0.1194,      0.0000,      0.0270
    2039,   2012,   2151,   2318,       3,      0.1836,      0.1495,      0.0000,      0.0341
    2040,   2102,   2197,   2492,       3,      0.4187,      0.3411,      0.0000,      0.0776
    2041,   2420,   2493,   2673,       3,      0.6216,      0.5064,      0.0000,      0.1152
    2042,   2153,   2319,   2197,       3,      0.5211,      0.4248,      0.0000,      0.0963
    2043,   2014,   2154,   2320,       3,      0.7598,      0.6195,      0.0000,      0.1404
    2044,   2104,   2200,   2495,       3,      1.2197,      1.0075,      0.0000,      0.2122
    2045,   2422,   2496,   2674,       3,      1.6313,      1.3698,      0.0000,      0.2615
    2046,   2156,   2321,   2200,       3,      1.4624,      1.2434,      0.0000,      0.2189
    2047,   2016,   2157,   2322,       3,      1.7980,      1.5231,      0.0000,      0.2750
    2048,   2106,   2203,   2498,       3,      2.3914,      2.0457,      0.0000,      0.3458
    2049,   2159,   2323,   2203,       3,      3.0294,      2.5797,      0.0000,      0.4497
    2050,   2386,   2444,   2657,       3,      0.5625,      0.5443,      0.0000,      0.0182
    2051,   2658,   2675,   2765,       3,      0.5401,      0.5052,      0.0000,      0.0349
    2052,   2659,   2521,   2676,       3,      0.4956,      0.4024,      0.0000,      0.0931
    2053,   2515,   2394,   2677,       3,      0.4394,      0.3294,      0.0000,      0.1100
    2054,   2467,   2522,   2660,       3,      0.2716,      0.1606,      0.0000,      0.1110
    2055,   2522,   2360,   2661,       3,      0.4088,      0.2964,      0.0000,      0.1124
    2056,    885,   2661,   2219,       3,      0.5011,      0.3908,      0.0000,      0.1103
    2057,   2523,   2662,   2771,       3,      0.4142,      0.3133,      0.0000,      0.1009
    2058,   2396,   2468,   2469,       3,      0.6082,      0.4994,      0.0000,      0.1088
    2059,   2663,   2517,   2679,       3,      0.6673,      0.5406,      0.0000,      0.1267
    2060,   2524,   2289,   2680,       3,      0.5214,      0.4510,      0.0000,      0.0704
    2061,   2291,   2399,   2525,       3,      0.7973,      0.6830,      0.0000,      0.1144
    2062,   2665,   2400,   2681,       3,      1.1740,      1.0042,      0.0000,      0.1698
    2063,   2401,   2527,   2682,       3,      1.8446,      1.5398,      0.0000,      0.3048
    2064,   2231,   2242,   2402,       3,      4.3469,      3.5026,      0.0000,      0.8443
    2065,   2243,   2683,   2527,       3,      2.5100,      2.0146,      0.0000,      0.4954
    2066,   2179,   2405,   2306,       3,      2.3576,      1.8847,      0.0000,      0.4728
    2067,   2476,   2244,   2684,       3,      1.4105,      1.2167,      0.0000,      0.1938
    2068,   2136,   2477,   2307,       3,      1.3908,      1.1582,      0.0000,      0.2326
    2069,   2182,   2407,   2308,       3,      1.0589,      0.8668,      0.0000,      0.1920
    2070,   2479,   2246,   2685,       3,      0.6420,      0.5152,      0.0000,      0.1268
    2071,   2139,   2480,   2309,       3,      0.5567,      0.4483,      0.0000,      0.1084
    2072,   2185,   2409,   2310,       3,      0.3606,      0.2909,      0.0000,      0.0697
    2073,   2482,   2248,   2686,       3,      0.2569,      0.2085,      0.0000,      0.0483
    2074,   2142,   2483,   2311,       3,      0.1770,      0.1435,      0.0000,      0.0335
    2075,   2188,   2411,   2312,       3,      0.0999,      0.0814,      0.0000,      0.0185
    2076,   2485,   2250,   2687,       3,      0.0569,      0.0468,      0.0000,      0.0101
    2077,   2145,   2486,   2313,       3,      0.0428,      0.0352,      0.0000,      0.0076
    2078,   2412,   2487,   2688,       3,      0.0432,      0.0350,      0.0000,      0.0081
    2079,   2413,   2252,   2414,       3,      0.0362,      0.0290,      0.0000,      0.0072
    2080,   2315,   2670,   2689,       3,      0.0359,      0.0272,      0.0000,      0.0087
    2081,   2671,   2489,   2690,       3,      0.0451,      0.0358,      0.0000,      0.0093
    2082,   2316,   2672,   2691,       3,      0.0270,      0.0224,      0.0000,      0.0046
    2083,   2417,   2317,   2692,       3,      0.0612,      0.0502,      0.0000,      0.0109
    2084,   2194,   2490,   2418,       3,      0.0746,      0.0612,      0.0000,      0.0134
    2085,   2491,   2256,   2693,       3,      0.1464,      0.1194,      0.0000,      0.0270
    2086,   2196,   2419,   2318,       3,      0.2502,      0.2038,      0.0000,      0.0464
    2087,   2492,   2257,   2694,       3,      0.5005,      0.4124,      0.0000,      0.0881
    2088,   2153,   2493,   2319,       3,      0.5211,      0.4248,      0.0000,      0.0963
    2089,   2199,   2421,   2320,       3,      0.8329,      0.6815,      0.0000,      0.1514
    2090,   2259,   2695,   2807,       3,      1.3148,      1.1212,      0.0000,      0.1935
    2091,   2156,   2496,   2321,       3,      1.4624,      1.2434,      0.0000,      0.2189
    2092,   2202,   2423,   2322,       3,      1.7226,      1.4905,      0.0000,      0.2321
    2093,   2261,   2808,   2498,       3,      2.3914,      2.0457,      0.0000,      0.3458
    2094,   2159,   2499,   2323,       3,      3.0294,      2.5797,      0.0000,      0.4497
    2095,   2499,   2643,   2697,       3,      3.7207,      3.1155,      0.0000,      0.6051
    2096,   2327,   2429,   2502,       3,      4.4522,      3.5895,      0.0000,      0.8627
    2097,   2502,   2644,   2698,       3,      4.0067,      3.3227,      0.0000,      0.6839
    2098,   2328,    951,   2430,       3,      3.8720,      3.1794,      0.0000,      0.6926
    2099,   2329,   2431,   2645,       3,      2.9526,      2.5113,      0.0000,      0.4413
    2100,   2645,   2646,   2699,       3,      3.0261,      2.5227,      0.0000,      0.5034
    2101,   2330,    945,   2432,       3,      2.8367,      2.4011,      0.0000,      0.4356
    2102,   2331,   2433,   2647,       3,      2.4199,      2.0200,      0.0000,      0.4000
    2103,   2647,   2648,   2700,       3,      2.4134,      2.0290,      0.0000,      0.3843
    2104,   2332,    939,   2434,       3,      2.2952,      1.9378,      0.0000,      0.3574
    2105,   2333,   2435,   2649,       3,      2.1597,      1.7602,      0.0000,      0.3996
    2106,   2649,   2650,   2701,       3,      1.7606,      1.5211,      0.0000,      0.2396
    2107,   2334,    933,   2436,       3,      2.0642,      1.7239,      0.0000,      0.3403
    2108,   2335,   2437,   2651,       3,      1.3372,      1.1738,      0.0000,      0.1634
    2109,   2651,   2652,   2702,       3,      1.2038,      1.0676,      0.0000,      0.1362
    2110,   2336,    927,   2438,       3,      1.0447,      0.9199,      0.0000,      0.1248
    2111,   2337,   2439,   2653,       3,      0.6255,      0.5812,      0.0000,      0.0444
    2112,   2653,   2654,   2703,       3,      0.7457,      0.6870,      0.0000,      0.0587
    2113,   2338,    921,   2440,       3,      0.2790,      0.2631,      0.0000,      0.0160
    2114,   2339,   2441,   2655,       3,      0.2930,      0.2770,      0.0000,      0.0160
    2115,   2441,   2656,   2704,       3,      0.2397,      0.2309,      0.0000,      0.0088
    2116,   2442,   2503,   2705,       3,      0.3143,      0.2921,      0.0000,      0.0222
    2117,   2387,   2465,   2443,       3,      0.2866,      0.2782,      0.0000,      0.0084
    2118,   2675,   2658,   2706,       3,      0.6707,      0.5867,      0.0000,      0.0840
    2119,   2676,   2707,   2768,       3,      0.5675,      0.4700,      0.0000,      0.0975
    2120,   2466,   2515,   2708,       3,      0.5426,      0.4336,      0.0000,      0.1090
    2121,   2394,   2660,   2677,       3,      0.4394,      0.3294,      0.0000,      0.1100
    2122,   2285,   2770,   2661,       3,      0.3454,      0.2352,      0.0000,      0.1102
    2123,   2678,   2662,   2709,       3,      0.4955,      0.3854,      0.0000,      0.1101
    2124,   2396,   2710,   2772,       3,      0.5438,      0.4325,      0.0000,      0.1113
    2125,   2517,   2470,   2518,       3,      0.7104,      0.5879,      0.0000,      0.1225
    2126,   2524,   2680,   2711,       3,      0.5736,      0.4876,      0.0000,      0.0860
    2127,   2664,   2712,   2711,       3,      0.9811,      0.8379,      0.0000,      0.1432
    2128,   2665,   2713,   3035,       3,      1.2528,      1.0684,      0.0000,      0.1843
    2129,   2293,   2681,   2400,       3,      1.1740,      1.0042,      0.0000,      0.1698
    2130,   2401,   2682,   2526,       3,      1.7030,      1.4243,      0.0000,      0.2787
    2131,   2177,   2402,   2242,       3,      4.0937,      3.4570,      0.0000,      0.6367
    2132,   2243,   2405,   2683,       3,      2.3576,      1.8847,      0.0000,      0.4728
    2133,   2179,   2476,   2475,       3,      2.1388,      1.7229,      0.0000,      0.4159
    2134,   2244,   2406,   2715,       3,      1.2255,      1.0236,      0.0000,      0.2019
    2135,   2136,   2181,   2477,       3,      1.2871,      1.0619,      0.0000,      0.2252
    2136,   2182,   2479,   2478,       3,      1.0077,      0.8202,      0.0000,      0.1875
    2137,   2246,   2408,   2717,       3,      0.5538,      0.4445,      0.0000,      0.1093
    2138,   2139,   2184,   2480,       3,      0.4531,      0.3658,      0.0000,      0.0873
    2139,   2481,   2482,   2718,       3,      0.2984,      0.2407,      0.0000,      0.0577
    2140,   2248,   2410,   2719,       3,      0.1890,      0.1541,      0.0000,      0.0349
    2141,   2142,   2187,   2483,       3,      0.1273,      0.1033,      0.0000,      0.0240
    2142,   2484,   2485,   2720,       3,      0.0911,      0.0747,      0.0000,      0.0164
    2143,   2250,   2412,   2721,       3,      0.0610,      0.0501,      0.0000,      0.0109
    2144,   2145,   2190,   2486,       3,      0.0314,      0.0258,      0.0000,      0.0056
    2145,   2688,   2487,   2722,       3,      0.0560,      0.0456,      0.0000,      0.0104
    2146,   2413,   2414,   2669,       3,      0.0405,      0.0322,      0.0000,      0.0083
    2147,   2414,   2315,   2689,       3,      0.0359,      0.0272,      0.0000,      0.0087
    2148,   2097,   2415,   2670,       3,      0.0358,      0.0268,      0.0000,      0.0090
    2149,   2671,   2690,   2723,       3,      0.0451,      0.0358,      0.0000,      0.0093
    2150,   2316,   2691,   2750,       3,      0.0396,      0.0318,      0.0000,      0.0077
    2151,   2254,   2255,   2672,       3,      0.0184,      0.0156,      0.0000,      0.0028
    2152,   2691,   2692,   2724,       3,      0.0586,      0.0483,      0.0000,      0.0104
    2153,   2490,   2194,   2725,       3,      0.0897,      0.0733,      0.0000,      0.0164
    2154,   2693,   2256,   2726,       3,      0.1705,      0.1389,      0.0000,      0.0315
    2155,   2492,   2694,   2727,       3,      0.3487,      0.2893,      0.0000,      0.0594
    2156,   2420,   2673,   2728,       3,      0.9308,      0.7777,      0.0000,      0.1530
    2157,   2153,   2198,   2493,       3,      0.6216,      0.5064,      0.0000,      0.1152
    2158,   2421,   2199,   2729,       3,      0.8877,      0.7230,      0.0000,      0.1647
    2159,   2695,   2259,   2730,       3,      1.3148,      1.1212,      0.0000,      0.1935
    2160,   2156,   2201,   2496,       3,      1.6313,      1.3698,      0.0000,      0.2615
    2161,   2423,   2202,   2731,       3,      1.9027,      1.6222,      0.0000,      0.2805
    2162,   2696,   2261,   2732,       3,      2.2291,      1.9280,      0.0000,      0.3011
    2163,   2159,   2204,   2499,       3,      4.0681,      3.4583,      0.0000,      0.6098
    2164,   2327,    954,   2429,       3,      5.0069,      3.9454,      0.0000,      1.0615
    2165,   2698,   2644,   2733,       3,      4.0067,      3.3227,      0.0000,      0.6839
    2166,   2430,   2645,   2734,       3,      3.0802,      2.6075,      0.0000,      0.4727
    2167,   2699,   2646,   2735,       3,      3.0261,      2.5227,      0.0000,      0.5034
    2168,   2432,   2647,   2736,       3,      2.6328,      2.2198,      0.0000,      0.4130
    2169,   2700,   2648,   2737,       3,      2.4134,      2.0290,      0.0000,      0.3843
    2170,   2434,   2649,   2738,       3,      1.9849,      1.6632,      0.0000,      0.3218
    2171,   2701,   2650,   2739,       3,      1.7606,      1.5211,      0.0000,      0.2396
    2172,   2436,   2651,   2740,       3,      1.3372,      1.1738,      0.0000,      0.1634
    2173,   2702,   2652,   2741,       3,      1.1325,      0.9993,      0.0000,      0.1332
    2174,   2438,   2653,   2742,       3,      0.6624,      0.6125,      0.0000,      0.0499
    2175,   2703,   2654,   2743,       3,      0.6098,      0.5701,      0.0000,      0.0397
    2176,   2440,   2655,   2744,       3,      0.2930,      0.2770,      0.0000,      0.0160
    2177,   2704,   2656,   2745,       3,      0.2397,      0.2309,      0.0000,      0.0088
    2178,   2705,   2746,   2766,       3,      0.3943,      0.3784,      0.0000,      0.0159
    2179,   2341,   2443,   2705,       3,      0.4458,      0.4073,      0.0000,      0.0386
    2180,   2675,   2706,   2747,       3,      0.6817,      0.5863,      0.0000,      0.0953
    2181,   2669,   2414,   2689,       3,      0.0405,      0.0322,      0.0000,      0.0083
    2182,   2670,   2415,   2748,       3,      0.0388,      0.0297,      0.0000,      0.0092
    2183,   2723,   2749,   2748,       3,      0.0594,      0.0469,      0.0000,      0.0125
    2184,   2489,   2416,   2750,       3,      0.0311,      0.0247,      0.0000,      0.0065
    2185,   2010,   2672,   2255,       3,      0.0184,      0.0156,      0.0000,      0.0028
    2186,   2724,   2692,   2751,       3,      0.0764,      0.0629,      0.0000,      0.0134
    2187,   2490,   2725,   2752,       3,      0.1251,      0.1028,      0.0000,      0.0223
    2188,   2693,   2753,   2725,       3,      0.1473,      0.1220,      0.0000,      0.0253
    2189,   2256,   2318,   2726,       3,      0.1705,      0.1389,      0.0000,      0.0315
    2190,   2492,   2727,   2845,       3,      0.3487,      0.2893,      0.0000,      0.0594
    2191,   2257,   2420,   2755,       3,      0.6208,      0.5168,      0.0000,      0.1040
    2192,   2258,   2673,   2493,       3,      0.7084,      0.5774,      0.0000,      0.1310
    2193,   2494,   2421,   2729,       3,      0.8329,      0.6815,      0.0000,      0.1514
    2194,   2104,   2729,   2199,       3,      0.8877,      0.7230,      0.0000,      0.1647
    2195,   2730,   2756,   2868,       3,      1.4297,      1.2225,      0.0000,      0.2072
    2196,   2422,   2674,   2757,       3,      1.8432,      1.5828,      0.0000,      0.2604
    2197,   2497,   2758,   2674,       3,      1.9988,      1.7207,      0.0000,      0.2781
    2198,   2106,   2731,   2202,       3,      1.9027,      1.6222,      0.0000,      0.2805
    2199,   2732,   2759,   3034,       3,      2.3064,      1.9813,      0.0000,      0.3252
    2200,   2262,   2643,   2499,       3,      4.4643,      3.7569,      0.0000,      0.7074
    2201,   2429,   2644,   2502,       3,      4.4522,      3.5895,      0.0000,      0.8627
    2202,   2328,   2430,   2644,       3,      4.1082,      3.3471,      0.0000,      0.7611
    2203,   2329,    948,   2431,       3,      3.0913,      2.6223,      0.0000,      0.4690
    2204,   2735,   2760,   2759,       3,      2.7079,      2.2573,      0.0000,      0.4505
    2205,   2330,   2432,   2646,       3,      2.7703,      2.3569,      0.0000,      0.4135
    2206,   2331,    942,   2433,       3,      2.4711,      2.0301,      0.0000,      0.4410
    2207,   2700,   2737,   2761,       3,      2.2520,      1.8911,      0.0000,      0.3609
    2208,   2332,   2434,   2648,       3,      2.3639,      1.9905,      0.0000,      0.3734
    2209,   2333,    936,   2435,       3,      2.2876,      1.8704,      0.0000,      0.4172
    2210,   2701,   2739,   2762,       3,      1.6980,      1.4757,      0.0000,      0.2223
    2211,   2334,   2436,   2650,       3,      2.1531,      1.7748,      0.0000,      0.3782
    2212,   2335,    930,   2437,       3,      1.4044,      1.2175,      0.0000,      0.1869
    2213,   2702,   2741,   2763,       3,      1.2038,      1.0676,      0.0000,      0.1362
    2214,   2336,   2438,   2652,       3,      1.1157,      0.9768,      0.0000,      0.1388
    2215,   2337,    924,   2439,       3,      0.6778,      0.6227,      0.0000,      0.0551
    2216,   2703,   2743,   2764,       3,      0.7457,      0.6870,      0.0000,      0.0587
    2217,   2338,   2440,   2654,       3,      0.4156,      0.3888,      0.0000,      0.0268
    2218,   2339,     39,   2441,       3,      0.2790,      0.2641,      0.0000,      0.0148
    2219,   2704,   2745,   2765,       3,      0.3584,      0.3427,      0.0000,      0.0158
    2220,   2340,   2442,   2766,       3,      0.2425,      0.2350,      0.0000,      0.0074
    2221,   2675,   2747,   2767,       3,      0.6817,      0.5863,      0.0000,      0.0953
    2222,   2658,   2520,   2768,       3,      0.5785,      0.5039,      0.0000,      0.0747
    2223,   2707,   2676,   2769,       3,      0.5675,      0.4700,      0.0000,      0.0975
    2224,   2521,   2466,   2708,       3,      0.4956,      0.4024,      0.0000,      0.0931
    2225,   2515,   2677,   2708,       3,      0.5426,      0.4336,      0.0000,      0.1090
    2226,   2660,   2522,   2770,       3,      0.2716,      0.1606,      0.0000,      0.1110
    2227,   2662,   2678,   2771,       3,      0.4142,      0.3133,      0.0000,      0.1009
    2228,   2662,   2516,   2772,       3,      0.4302,      0.3237,      0.0000,      0.1065
    2229,   2396,   2517,   2710,       3,      0.5739,      0.4543,      0.0000,      0.1196
    2230,   2517,   2518,   2679,       3,      0.7104,      0.5879,      0.0000,      0.1225
    2231,   2224,   2680,   2289,       3,      0.5866,      0.5048,      0.0000,      0.0817
    2232,   2712,   2664,   2773,       3,      0.9811,      0.8379,      0.0000,      0.1432
    2233,   2713,   2665,   2774,       3,      1.2528,      1.0684,      0.0000,      0.1843
    2234,   2401,   2526,   2473,       3,      1.5257,      1.2839,      0.0000,      0.2418
    2235,   2305,   2527,   2402,       3,      3.0210,      2.4950,      0.0000,      0.5260
    2236,   2476,   2684,   2714,       3,      1.5296,      1.3115,      0.0000,      0.2181
    2237,   2244,   2773,   2684,       3,      1.4105,      1.2167,      0.0000,      0.1938
    2238,   2666,   2775,   2794,       3,      0.9725,      0.7972,      0.0000,      0.1753
    2239,   2478,   2776,   2666,       3,      0.9107,      0.7397,      0.0000,      0.1711
    2240,   2479,   2685,   2716,       3,      0.7837,      0.6323,      0.0000,      0.1514
    2241,   2685,   2246,   2717,       3,      0.5538,      0.4445,      0.0000,      0.1093
    2242,   2408,   2667,   2777,       3,      0.3909,      0.3142,      0.0000,      0.0767
    2243,   2481,   2778,   2667,       3,      0.3604,      0.2897,      0.0000,      0.0707
    2244,   2482,   2686,   2718,       3,      0.2984,      0.2407,      0.0000,      0.0577
    2245,   2686,   2248,   2719,       3,      0.2049,      0.1660,      0.0000,      0.0389
    2246,   2410,   2668,   2779,       3,      0.1320,      0.1079,      0.0000,      0.0241
    2247,   2484,   2780,   2668,       3,      0.1167,      0.0955,      0.0000,      0.0212
    2248,   2485,   2687,   2720,       3,      0.0911,      0.0747,      0.0000,      0.0164
    2249,   2687,   2250,   2721,       3,      0.0610,      0.0501,      0.0000,      0.0109
    2250,   2251,   2314,   2486,       3,      0.0255,      0.0210,      0.0000,      0.0046
    2251,   2688,   2722,   2781,       3,      0.0494,      0.0395,      0.0000,      0.0099
    2252,   2689,   2782,   2722,       3,      0.0494,      0.0395,      0.0000,      0.0099
    2253,   2675,   2767,   2783,       3,      0.7574,      0.6438,      0.0000,      0.1137
    2254,   2706,   2658,   2768,       3,      0.6707,      0.5867,      0.0000,      0.0840
    2255,   2520,   2659,   2768,       3,      0.5785,      0.5039,      0.0000,      0.0747
    2256,   2707,   2769,   2784,       3,      0.6375,      0.5258,      0.0000,      0.1117
    2257,   2676,   2521,   2708,       3,      0.4956,      0.4024,      0.0000,      0.0931
    2258,   2677,   2660,   2785,       3,      0.2747,      0.1645,      0.0000,      0.1103
    2259,   2523,   2771,   2786,       3,      0.4142,      0.3133,      0.0000,      0.1009
    2260,   2709,   2662,   2772,       3,      0.4955,      0.3854,      0.0000,      0.1101
    2261,   2468,   2772,   2516,       3,      0.5131,      0.4034,      0.0000,      0.1096
    2262,   2710,   2663,   2787,       3,      0.6673,      0.5406,      0.0000,      0.1267
    2263,   2518,   2524,   2679,       3,      0.7104,      0.5879,      0.0000,      0.1225
    2264,   2398,   2711,   2680,       3,      0.5736,      0.4876,      0.0000,      0.0860
    2265,   2675,   2783,   2788,       3,      0.7574,      0.6438,      0.0000,      0.1137
    2266,   2747,   2706,   2789,       3,      0.6817,      0.5863,      0.0000,      0.0953
    2267,   2659,   2676,   2768,       3,      0.5675,      0.4700,      0.0000,      0.0975
    2268,   2784,   2769,   2790,       3,      0.5038,      0.3891,      0.0000,      0.1147
    2269,   2660,   2770,   2785,       3,      0.2747,      0.1645,      0.0000,      0.1103
    2270,   2786,   2791,   2790,       3,      0.4220,      0.3217,      0.0000,      0.1003
    2271,   2678,   2709,   2792,       3,      0.4955,      0.3854,      0.0000,      0.1101
    2272,   2396,   2772,   2468,       3,      0.5438,      0.4325,      0.0000,      0.1113
    2273,   2787,   2663,   2793,       3,      0.7516,      0.6168,      0.0000,      0.1348
    2274,   2679,   2524,   2711,       3,      0.6207,      0.5176,      0.0000,      0.1031
    2275,   2398,   2664,   2711,       3,      0.7483,      0.6431,      0.0000,      0.1052
    2276,   2715,   2406,   2794,       3,      1.0099,      0.8384,      0.0000,      0.1715
    2277,   2245,   2666,   2477,       3,      1.1470,      0.9350,      0.0000,      0.2120
    2278,   2716,   2685,   2795,       3,      0.6904,      0.5557,      0.0000,      0.1346
    2279,   2408,   2777,   2796,       3,      0.3909,      0.3142,      0.0000,      0.0767
    2280,   2247,   2667,   2480,       3,      0.3970,      0.3203,      0.0000,      0.0767
    2281,   2718,   2686,   2797,       3,      0.2984,      0.2407,      0.0000,      0.0577
    2282,   2410,   2779,   2798,       3,      0.1320,      0.1079,      0.0000,      0.0241
    2283,   2249,   2668,   2483,       3,      0.1130,      0.0920,      0.0000,      0.0210
    2284,   2720,   2687,   2799,       3,      0.0911,      0.0747,      0.0000,      0.0164
    2285,   2314,   2412,   2486,       3,      0.0314,      0.0258,      0.0000,      0.0056
    2286,   2487,   2669,   2722,       3,      0.0405,      0.0322,      0.0000,      0.0083
    2287,   2782,   2689,   2800,       3,      0.0575,      0.0456,      0.0000,      0.0120
    2288,   2671,   2723,   2748,       3,      0.0420,      0.0327,      0.0000,      0.0092
    2289,   2723,   2690,   2801,       3,      0.0451,      0.0358,      0.0000,      0.0093
    2290,   2316,   2750,   2416,       3,      0.0311,      0.0247,      0.0000,      0.0065
    2291,   2417,   2691,   2672,       3,      0.0427,      0.0352,      0.0000,      0.0075
    2292,   2724,   2751,   2802,       3,      0.0790,      0.0648,      0.0000,      0.0142
    2293,   2317,   2490,   2692,       3,      0.0612,      0.0502,      0.0000,      0.0109
    2294,   2150,   2725,   2194,       3,      0.0897,      0.0733,      0.0000,      0.0164
    2295,   2693,   2803,   2865,       3,      0.1686,      0.1394,      0.0000,      0.0292
    2296,   2419,   2196,   2804,       3,      0.2502,      0.2038,      0.0000,      0.0464
    2297,   2754,   2727,   2805,       3,      0.3444,      0.2855,      0.0000,      0.0589
    2298,   2694,   2257,   2755,       3,      0.6208,      0.5168,      0.0000,      0.1040
    2299,   2420,   2728,   2806,       3,      0.9308,      0.7777,      0.0000,      0.1530
    2300,   2258,   2421,   2673,       3,      0.7084,      0.5774,      0.0000,      0.1310
    2301,   2729,   2495,   2807,       3,      1.2197,      1.0075,      0.0000,      0.2122
    2302,   2259,   2321,   2730,       3,      1.4297,      1.2225,      0.0000,      0.2072
    2303,   2260,   2674,   2496,       3,      1.8432,      1.5828,      0.0000,      0.2604
    2304,   2758,   2497,   2808,       3,      1.9988,      1.7207,      0.0000,      0.2781
    2305,   2261,   2323,   2732,       3,      2.3073,      1.9864,      0.0000,      0.3210
    2306,   2424,   2499,   2697,       3,      3.7207,      3.1155,      0.0000,      0.6051
    2307,   2643,   2502,   2698,       3,      4.0067,      3.3227,      0.0000,      0.6839
    2308,   2430,   2733,   2644,       3,      3.9597,      3.2700,      0.0000,      0.6896
    2309,   2431,   2646,   2645,       3,      2.9526,      2.5113,      0.0000,      0.4413
    2310,   2432,   2735,   2646,       3,      2.7947,      2.3547,      0.0000,      0.4400
    2311,   2433,   2648,   2647,       3,      2.4199,      2.0200,      0.0000,      0.4000
    2312,   2434,   2737,   2648,       3,      2.2520,      1.8911,      0.0000,      0.3609
    2313,   2435,   2650,   2649,       3,      2.1597,      1.7602,      0.0000,      0.3996
    2314,   2436,   2739,   2650,       3,      1.6980,      1.4757,      0.0000,      0.2223
    2315,   2437,   2652,   2651,       3,      1.2695,      1.1071,      0.0000,      0.1625
    2316,   2438,   2741,   2652,       3,      1.1025,      0.9835,      0.0000,      0.1190
    2317,   2439,   2654,   2653,       3,      0.6255,      0.5812,      0.0000,      0.0444
    2318,   2440,   2743,   2654,       3,      0.6098,      0.5701,      0.0000,      0.0397
    2319,   2655,   2441,   2704,       3,      0.2589,      0.2468,      0.0000,      0.0121
    2320,   2645,   2699,   2734,       3,      3.0261,      2.5227,      0.0000,      0.5034
    2321,   2735,   2432,   2736,       3,      2.7079,      2.2573,      0.0000,      0.4505
    2322,   2647,   2700,   2736,       3,      2.6328,      2.2198,      0.0000,      0.4130
    2323,   2737,   2434,   2738,       3,      2.2520,      1.8911,      0.0000,      0.3609
    2324,   2649,   2701,   2738,       3,      1.9849,      1.6632,      0.0000,      0.3218
    2325,   2739,   2436,   2740,       3,      1.6980,      1.4757,      0.0000,      0.2223
    2326,   2651,   2702,   2740,       3,      1.3372,      1.1738,      0.0000,      0.1634
    2327,   2741,   2438,   2742,       3,      1.1025,      0.9835,      0.0000,      0.1190
    2328,   2653,   2703,   2742,       3,      0.6624,      0.6125,      0.0000,      0.0499
    2329,   2743,   2440,   2744,       3,      0.5694,      0.5306,      0.0000,      0.0388
    2330,   2655,   2704,   2744,       3,      0.2930,      0.2770,      0.0000,      0.0160
    2331,   2514,   2658,   2809,       3,      0.4355,      0.4146,      0.0000,      0.0209
    2332,   2788,   2783,   2810,       3,      0.7574,      0.6438,      0.0000,      0.1137
    2333,   2789,   2811,   2834,       3,      0.6876,      0.5799,      0.0000,      0.1077
    2334,   2768,   2707,   2812,       3,      0.6727,      0.5718,      0.0000,      0.1009
    2335,   2676,   2708,   2769,       3,      0.5346,      0.4259,      0.0000,      0.1087
    2336,   2677,   2769,   2708,       3,      0.5346,      0.4259,      0.0000,      0.1087
    2337,   2677,   2790,   2769,       3,      0.5038,      0.3891,      0.0000,      0.1147
    2338,   2677,   2785,   2790,       3,      0.2627,      0.1546,      0.0000,      0.1081
    2339,   2523,   2790,   2785,       3,      0.2627,      0.1546,      0.0000,      0.1081
    2340,   2523,   2785,   2770,       3,      0.2627,      0.1546,      0.0000,      0.1081
    2341,   2516,   2523,   2770,       3,      0.2326,      0.1235,      0.0000,      0.1092
    2342,   2522,   2661,   2770,       3,      0.2716,      0.1606,      0.0000,      0.1110
    2343,   2733,   2430,   2734,       3,      3.6189,      3.0343,      0.0000,      0.5846
    2344,   2735,   2736,   2760,       3,      2.5114,      2.1216,      0.0000,      0.3898
    2345,   2700,   2761,   2830,       3,      2.3401,      1.9772,      0.0000,      0.3630
    2346,   2737,   2738,   2761,       3,      2.2520,      1.8911,      0.0000,      0.3609
    2347,   2738,   2701,   2762,       3,      1.7606,      1.5211,      0.0000,      0.2396
    2348,   2739,   2740,   2762,       3,      1.6980,      1.4757,      0.0000,      0.2223
    2349,   2740,   2702,   2763,       3,      1.2038,      1.0676,      0.0000,      0.1362
    2350,   2741,   2742,   2763,       3,      1.1025,      0.9835,      0.0000,      0.1190
    2351,   2742,   2703,   2764,       3,      0.7457,      0.6870,      0.0000,      0.0587
    2352,   2743,   2744,   2966,       3,      0.3692,      0.3476,      0.0000,      0.0217
    2353,   2704,   2765,   2813,       3,      0.2998,      0.2842,      0.0000,      0.0156
    2354,   2788,   2814,   2854,       3,      0.8227,      0.7334,      0.0000,      0.0893
    2355,   2783,   2767,   2815,       3,      0.7563,      0.6254,      0.0000,      0.1309
    2356,   2811,   2789,   2816,       3,      0.6034,      0.4951,      0.0000,      0.1083
    2357,   2706,   2768,   2812,       3,      0.6727,      0.5718,      0.0000,      0.1009
    2358,   2523,   2786,   2790,       3,      0.3737,      0.2684,      0.0000,      0.1053
    2359,   2786,   2771,   2817,       3,      0.4142,      0.3133,      0.0000,      0.1009
    2360,   2792,   2709,   2818,       3,      0.4955,      0.3854,      0.0000,      0.1101
    2361,   2787,   2793,   2819,       3,      0.7516,      0.6168,      0.0000,      0.1348
    2362,   2679,   2711,   2820,       3,      0.8139,      0.6779,      0.0000,      0.1360
    2363,   2715,   2794,   2821,       3,      1.0099,      0.8384,      0.0000,      0.1715
    2364,   2245,   2478,   2666,       3,      1.1470,      0.9350,      0.0000,      0.2120
    2365,   2716,   2795,   2822,       3,      0.6904,      0.5557,      0.0000,      0.1346
    2366,   2408,   2796,   2963,       3,      0.4960,      0.3985,      0.0000,      0.0976
    2367,   2247,   2481,   2667,       3,      0.3970,      0.3203,      0.0000,      0.0767
    2368,   2797,   2823,   2881,       3,      0.3083,      0.2496,      0.0000,      0.0586
    2369,   2719,   2410,   2798,       3,      0.1534,      0.1247,      0.0000,      0.0287
    2370,   2249,   2484,   2668,       3,      0.1255,      0.1022,      0.0000,      0.0233
    2371,   2799,   2824,   2884,       3,      0.0978,      0.0802,      0.0000,      0.0176
    2372,   2314,   2487,   2412,       3,      0.0432,      0.0350,      0.0000,      0.0081
    2373,   2669,   2689,   2722,       3,      0.0405,      0.0322,      0.0000,      0.0083
    2374,   2670,   2800,   2689,       3,      0.0423,      0.0326,      0.0000,      0.0097
    2375,   2748,   2749,   2825,       3,      0.0594,      0.0469,      0.0000,      0.0125
    2376,   2690,   2489,   2750,       3,      0.0451,      0.0358,      0.0000,      0.0093
    2377,   2417,   2692,   2691,       3,      0.0427,      0.0352,      0.0000,      0.0075
    2378,   2802,   2751,   2826,       3,      0.0790,      0.0648,      0.0000,      0.0142
    2379,   2491,   2693,   2725,       3,      0.1464,      0.1194,      0.0000,      0.0270
    2380,   2693,   2726,   2803,       3,      0.2146,      0.1776,      0.0000,      0.0370
    2381,   2102,   2804,   2196,       3,      0.2801,      0.2282,      0.0000,      0.0519
    2382,   2754,   2805,   2827,       3,      0.3145,      0.2603,      0.0000,      0.0542
    2383,   2694,   2755,   2828,       3,      0.6302,      0.5243,      0.0000,      0.1059
    2384,   2806,   2728,   2829,       3,      0.9308,      0.7777,      0.0000,      0.1530
    2385,   2494,   2729,   2807,       3,      1.0510,      0.8637,      0.0000,      0.1873
    2386,   2259,   2807,   2495,       3,      1.2197,      1.0075,      0.0000,      0.2122
    2387,   2422,   2756,   2730,       3,      1.5027,      1.2883,      0.0000,      0.2144
    2388,   2260,   2497,   2674,       3,      1.7370,      1.4800,      0.0000,      0.2570
    2389,   2497,   2423,   2731,       3,      1.7226,      1.4905,      0.0000,      0.2321
    2390,   2697,   2643,   2698,       3,      4.0067,      3.3227,      0.0000,      0.6839
    2391,   2760,   2736,   2830,       3,      2.5232,      2.1379,      0.0000,      0.3852
    2392,   2762,   2831,   2852,       3,      1.5263,      1.3439,      0.0000,      0.1825
    2393,   2742,   2832,   2898,       3,      0.9951,      0.9046,      0.0000,      0.0905
    2394,   2744,   2704,   2813,       3,      0.2998,      0.2842,      0.0000,      0.0156
    2395,   2658,   2765,   2809,       3,      0.4355,      0.4146,      0.0000,      0.0209
    2396,   2814,   2788,   2833,       3,      0.7900,      0.6795,      0.0000,      0.1105
    2397,   2810,   2783,   2815,       3,      0.7563,      0.6254,      0.0000,      0.1309
    2398,   2767,   2747,   2834,       3,      0.6817,      0.5863,      0.0000,      0.0953
    2399,   2789,   2706,   2812,       3,      0.6727,      0.5718,      0.0000,      0.1009
    2400,   2784,   2790,   2791,       3,      0.4220,      0.3217,      0.0000,      0.1003
    2401,   2786,   2817,   2835,       3,      0.3970,      0.3140,      0.0000,      0.0830
    2402,   2678,   2792,   2836,       3,      0.5121,      0.4062,      0.0000,      0.1059
    2403,   2709,   2772,   2818,       3,      0.4955,      0.3854,      0.0000,      0.1101
    2404,   2819,   2837,   2860,       3,      0.9384,      0.7810,      0.0000,      0.1574
    2405,   2663,   2679,   2793,       3,      0.7516,      0.6168,      0.0000,      0.1348
    2406,   2711,   2712,   2820,       3,      0.8139,      0.6779,      0.0000,      0.1360
    2407,   2712,   2715,   2821,       3,      0.9351,      0.7900,      0.0000,      0.1451
    2408,   2406,   2666,   2794,       3,      1.0099,      0.8384,      0.0000,      0.1715
    2409,   2775,   2666,   2776,       3,      0.9725,      0.7972,      0.0000,      0.1753
    2410,   2716,   2822,   2776,       3,      0.7772,      0.6285,      0.0000,      0.1486
    2411,   2685,   2717,   2839,       3,      0.5538,      0.4445,      0.0000,      0.1093
    2412,   2777,   2667,   2778,       3,      0.3604,      0.2897,      0.0000,      0.0707
    2413,   2823,   2797,   2840,       3,      0.3083,      0.2496,      0.0000,      0.0586
    2414,   2719,   2798,   2841,       3,      0.1497,      0.1225,      0.0000,      0.0272
    2415,   2779,   2668,   2780,       3,      0.1320,      0.1079,      0.0000,      0.0241
    2416,   2824,   2799,   2842,       3,      0.1121,      0.0919,      0.0000,      0.0202
    2417,   2412,   2688,   2721,       3,      0.0610,      0.0501,      0.0000,      0.0109
    2418,   2781,   2722,   2782,       3,      0.0628,      0.0503,      0.0000,      0.0125
    2419,   2670,   2748,   2800,       3,      0.0540,      0.0425,      0.0000,      0.0116
    2420,   2825,   2749,   2843,       3,      0.0594,      0.0469,      0.0000,      0.0125
    2421,   2690,   2750,   2801,       3,      0.0451,      0.0358,      0.0000,      0.0093
    2422,   2691,   2724,   2750,       3,      0.0405,      0.0333,      0.0000,      0.0073
    2423,   2826,   2844,   2890,       3,      0.1104,      0.0908,      0.0000,      0.0195
    2424,   2490,   2751,   2692,       3,      0.0764,      0.0629,      0.0000,      0.0134
    2425,   2752,   2725,   2753,       3,      0.1473,      0.1220,      0.0000,      0.0253
    2426,   2726,   2754,   2803,       3,      0.2146,      0.1776,      0.0000,      0.0370
    2427,   2727,   2754,   2845,       3,      0.3487,      0.2893,      0.0000,      0.0594
    2428,   2827,   2805,   2846,       3,      0.3444,      0.2855,      0.0000,      0.0589
    2429,   2694,   2828,   2847,       3,      0.6302,      0.5243,      0.0000,      0.1059
    2430,   2420,   2806,   2867,       3,      0.7381,      0.6148,      0.0000,      0.1233
    2431,   2494,   2728,   2673,       3,      0.9308,      0.7777,      0.0000,      0.1530
    2432,   2807,   2695,   2848,       3,      1.3148,      1.1212,      0.0000,      0.1935
    2433,   2422,   2757,   2849,       3,      1.5986,      1.3929,      0.0000,      0.2057
    2434,   2808,   2850,   2895,       3,      2.2228,      1.9041,      0.0000,      0.3187
    2435,   2697,   2698,   2733,       3,      3.7207,      3.1155,      0.0000,      0.6051
    2436,   2760,   2830,   2896,       3,      2.2566,      1.9468,      0.0000,      0.3098
    2437,   2761,   2738,   2852,       3,      1.9314,      1.6421,      0.0000,      0.2893
    2438,   2762,   2740,   2853,       3,      1.4657,      1.2919,      0.0000,      0.1738
    2439,   2742,   2764,   2832,       3,      0.9951,      0.9046,      0.0000,      0.0905
    2440,   2744,   2813,   2966,       3,      0.3692,      0.3476,      0.0000,      0.0217
    2441,   2814,   2833,   2855,       3,      0.7900,      0.6795,      0.0000,      0.1105
    2442,   2810,   2815,   2856,       3,      0.7563,      0.6254,      0.0000,      0.1309
    2443,   2747,   2789,   2834,       3,      0.6817,      0.5863,      0.0000,      0.0953
    2444,   2789,   2812,   2816,       3,      0.6727,      0.5718,      0.0000,      0.1009
    2445,   2784,   2791,   2857,       3,      0.4220,      0.3217,      0.0000,      0.1003
    2446,   2817,   2858,   2942,       3,      0.4464,      0.3550,      0.0000,      0.0913
    2447,   2678,   2836,   2859,       3,      0.5121,      0.4062,      0.0000,      0.1059
    2448,   2710,   2818,   2772,       3,      0.5739,      0.4543,      0.0000,      0.1196
    2449,   2688,   2781,   2886,       3,      0.0560,      0.0456,      0.0000,      0.0104
    2450,   2782,   2800,   2861,       3,      0.0540,      0.0425,      0.0000,      0.0116
    2451,   2843,   2862,   2925,       3,      0.0683,      0.0542,      0.0000,      0.0141
    2452,   2723,   2801,   2863,       3,      0.0697,      0.0561,      0.0000,      0.0136
    2453,   2724,   2802,   2864,       3,      0.0790,      0.0648,      0.0000,      0.0142
    2454,   2490,   2826,   2751,       3,      0.0764,      0.0629,      0.0000,      0.0134
    2455,   2752,   2753,   2865,       3,      0.1473,      0.1220,      0.0000,      0.0253
    2456,   2419,   2845,   2726,       3,      0.2502,      0.2038,      0.0000,      0.0464
    2457,   2754,   2827,   2866,       3,      0.3145,      0.2603,      0.0000,      0.0542
    2458,   2694,   2929,   2846,       3,      0.4580,      0.3794,      0.0000,      0.0786
    2459,   2828,   2755,   2867,       3,      0.6208,      0.5168,      0.0000,      0.1040
    2460,   2494,   2829,   2728,       3,      0.9756,      0.8116,      0.0000,      0.1640
    2461,   2848,   2695,   2868,       3,      1.3148,      1.1212,      0.0000,      0.1935
    2462,   2756,   2422,   2849,       3,      1.5986,      1.3929,      0.0000,      0.2057
    2463,   2757,   2674,   2758,       3,      1.9988,      1.7207,      0.0000,      0.2781
    2464,   2850,   2696,   2869,       3,      2.2291,      1.9280,      0.0000,      0.3011
    2465,   2424,   2697,   2733,       3,      3.7207,      3.1155,      0.0000,      0.6051
    2466,   2851,   2830,   2870,       3,      2.1343,      1.8248,      0.0000,      0.3095
    2467,   2852,   2871,   2953,       3,      1.7009,      1.4851,      0.0000,      0.2159
    2468,   2831,   2762,   2853,       3,      1.5263,      1.3439,      0.0000,      0.1825
    2469,   2740,   2763,   2853,       3,      1.2073,      1.0806,      0.0000,      0.1266
    2470,   2832,   2764,   2872,       3,      0.7824,      0.7220,      0.0000,      0.0604
    2471,   2675,   2813,   2765,       3,      0.5401,      0.5052,      0.0000,      0.0349
    2472,   2855,   2873,   2957,       3,      0.9817,      0.8622,      0.0000,      0.1195
    2473,   2788,   2810,   2833,       3,      0.7900,      0.6795,      0.0000,      0.1105
    2474,   2856,   2815,   2874,       3,      0.7563,      0.6254,      0.0000,      0.1309
    2475,   2834,   2811,   2875,       3,      0.6034,      0.4951,      0.0000,      0.1083
    2476,   2784,   2857,   2876,       3,      0.4424,      0.3451,      0.0000,      0.0973
    2477,   2786,   2835,   2902,       3,      0.3970,      0.3140,      0.0000,      0.0830
    2478,   2678,   2859,   2817,       3,      0.4755,      0.3768,      0.0000,      0.0986
    2479,   2792,   2878,   2880,       3,      0.6166,      0.4958,      0.0000,      0.1209
    2480,   2710,   2787,   2818,       3,      0.5739,      0.4543,      0.0000,      0.1196
    2481,   2860,   2822,   2879,       3,      0.7772,      0.6285,      0.0000,      0.1486
    2482,   2839,   2880,   2941,       3,      0.6388,      0.5145,      0.0000,      0.1242
    2483,   2796,   2777,   2881,       3,      0.3909,      0.3142,      0.0000,      0.0767
    2484,   2823,   2840,   2882,       3,      0.2954,      0.2400,      0.0000,      0.0555
    2485,   2686,   2719,   2883,       3,      0.1890,      0.1541,      0.0000,      0.0349
    2486,   2798,   2779,   2884,       3,      0.1320,      0.1079,      0.0000,      0.0241
    2487,   2824,   2842,   2885,       3,      0.1057,      0.0867,      0.0000,      0.0191
    2488,   2687,   2721,   2886,       3,      0.0610,      0.0501,      0.0000,      0.0109
    2489,   2782,   2861,   2887,       3,      0.0737,      0.0588,      0.0000,      0.0149
    2490,   2800,   2748,   2825,       3,      0.0614,      0.0485,      0.0000,      0.0129
    2491,   2862,   2843,   2888,       3,      0.0768,      0.0615,      0.0000,      0.0153
    2492,   2863,   2889,   2888,       3,      0.0697,      0.0561,      0.0000,      0.0136
    2493,   2724,   2801,   2750,       3,      0.0564,      0.0454,      0.0000,      0.0110
    2494,   2864,   2802,   2890,       3,      0.0790,      0.0648,      0.0000,      0.0142
    2495,   2490,   2752,   2826,       3,      0.0934,      0.0769,      0.0000,      0.0165
    2496,   2693,   2865,   2753,       3,      0.1473,      0.1220,      0.0000,      0.0253
    2497,   2419,   2804,   2845,       3,      0.2801,      0.2282,      0.0000,      0.0519
    2498,   2754,   2866,   2803,       3,      0.2547,      0.2105,      0.0000,      0.0442
    2499,   2694,   2805,   2727,       3,      0.3444,      0.2855,      0.0000,      0.0589
    2500,   2867,   2892,   2916,       3,      0.8836,      0.7372,      0.0000,      0.1464
    2501,   2806,   2829,   2893,       3,      1.1038,      0.9285,      0.0000,      0.1753
    2502,   2848,   2868,   2894,       3,      1.3905,      1.1857,      0.0000,      0.2048
    2503,   2757,   2895,   2897,       3,      1.7036,      1.4850,      0.0000,      0.2186
    2504,   2850,   2869,   2896,       3,      2.1428,      1.8621,      0.0000,      0.2807
    2505,   2424,   2733,   2734,       3,      3.2426,      2.7480,      0.0000,      0.4946
    2506,   2851,   2870,   2897,       3,      1.8553,      1.5992,      0.0000,      0.2561
    2507,   2700,   2830,   2736,       3,      2.3401,      1.9772,      0.0000,      0.3630
    2508,   2738,   2762,   2852,       3,      1.6950,      1.4766,      0.0000,      0.2184
    2509,   2853,   2763,   2898,       3,      1.2073,      1.0806,      0.0000,      0.1266
    2510,   2675,   2788,   2813,       3,      0.7486,      0.6611,      0.0000,      0.0876
    2511,   2873,   2855,   2899,       3,      0.8724,      0.7491,      0.0000,      0.1233
    2512,   2856,   2900,   2936,       3,      0.4621,      0.3777,      0.0000,      0.0844
    2513,   2767,   2874,   2815,       3,      0.7563,      0.6254,      0.0000,      0.1309
    2514,   2834,   2875,   2937,       3,      0.6548,      0.5427,      0.0000,      0.1121
    2515,   2876,   2857,   2902,       3,      0.4424,      0.3451,      0.0000,      0.0973
    2516,   2877,   2835,   2903,       3,      0.3771,      0.3030,      0.0000,      0.0741
    2517,   2678,   2817,   2771,       3,      0.4142,      0.3133,      0.0000,      0.1009
    2518,   2792,   2818,   2878,       3,      0.6166,      0.4958,      0.0000,      0.1209
    2519,   2787,   2860,   2904,       3,      0.6722,      0.5446,      0.0000,      0.1276
    2520,   2795,   2879,   2822,       3,      0.6904,      0.5557,      0.0000,      0.1346
    2521,   2880,   2839,   2905,       3,      0.5131,      0.4102,      0.0000,      0.1029
    2522,   2777,   2778,   2881,       3,      0.3604,      0.2897,      0.0000,      0.0707
    2523,   2823,   2882,   2906,       3,      0.3380,      0.2734,      0.0000,      0.0645
    2524,   2686,   2883,   2840,       3,      0.2779,      0.2259,      0.0000,      0.0520
    2525,   2719,   2841,   2883,       3,      0.1890,      0.1541,      0.0000,      0.0349
    2526,   2779,   2780,   2884,       3,      0.1167,      0.0955,      0.0000,      0.0212
    2527,   2824,   2885,   2907,       3,      0.1057,      0.0867,      0.0000,      0.0191
    2528,   2687,   2886,   2842,       3,      0.0946,      0.0776,      0.0000,      0.0170
    2529,   2688,   2886,   2721,       3,      0.0610,      0.0501,      0.0000,      0.0109
    2530,   2781,   2782,   2887,       3,      0.0575,      0.0456,      0.0000,      0.0120
    2531,   2800,   2825,   2861,       3,      0.0677,      0.0538,      0.0000,      0.0139
    2532,   2862,   2888,   2908,       3,      0.0923,      0.0743,      0.0000,      0.0181
    2533,   2723,   2843,   2749,       3,      0.0594,      0.0469,      0.0000,      0.0125
    2534,   2801,   2724,   2864,       3,      0.0736,      0.0599,      0.0000,      0.0137
    2535,   2802,   2826,   2890,       3,      0.0790,      0.0648,      0.0000,      0.0142
    2536,   2752,   2844,   2826,       3,      0.1104,      0.0908,      0.0000,      0.0195
    2537,   2884,   2780,   2909,       3,      0.1055,      0.0865,      0.0000,      0.0190
    2538,   2907,   2910,   2920,       3,      0.1560,      0.1274,      0.0000,      0.0286
    2539,   2687,   2842,   2799,       3,      0.0978,      0.0802,      0.0000,      0.0176
    2540,   2887,   2911,   2924,       3,      0.0737,      0.0588,      0.0000,      0.0149
    2541,   2862,   2912,   2925,       3,      0.1012,      0.0810,      0.0000,      0.0202
    2542,   2723,   2888,   2843,       3,      0.0683,      0.0542,      0.0000,      0.0141
    2543,   2863,   2801,   2864,       3,      0.0697,      0.0561,      0.0000,      0.0136
    2544,   2890,   2844,   2913,       3,      0.1104,      0.0908,      0.0000,      0.0195
    2545,   2865,   2891,   2914,       3,      0.1997,      0.1648,      0.0000,      0.0349
    2546,   2846,   2915,   2948,       3,      0.3694,      0.3059,      0.0000,      0.0635
    2547,   2847,   2828,   2916,       3,      0.6302,      0.5243,      0.0000,      0.1059
    2548,   2420,   2867,   2755,       3,      0.6208,      0.5168,      0.0000,      0.1040
    2549,   2494,   2807,   2829,       3,      0.9756,      0.8116,      0.0000,      0.1640
    2550,   2848,   2894,   2917,       3,      1.3905,      1.1857,      0.0000,      0.2048
    2551,   2695,   2730,   2868,       3,      1.4387,      1.2299,      0.0000,      0.2089
    2552,   2881,   2778,   2918,       3,      0.3321,      0.2677,      0.0000,      0.0645
    2553,   2823,   2906,   2919,       3,      0.3380,      0.2734,      0.0000,      0.0645
    2554,   2686,   2840,   2797,       3,      0.2779,      0.2259,      0.0000,      0.0520
    2555,   2481,   2918,   2778,       3,      0.3604,      0.2897,      0.0000,      0.0707
    2556,   2796,   2823,   2919,       3,      0.3740,      0.3010,      0.0000,      0.0729
    2557,   2882,   2840,   2922,       3,      0.2954,      0.2400,      0.0000,      0.0555
    2558,   2824,   2907,   2920,       3,      0.1121,      0.0919,      0.0000,      0.0202
    2559,   2907,   2885,   2923,       3,      0.1057,      0.0867,      0.0000,      0.0191
    2560,   2886,   2781,   2924,       3,      0.0628,      0.0503,      0.0000,      0.0125
    2561,   2861,   2825,   2925,       3,      0.0614,      0.0485,      0.0000,      0.0129
    2562,   2862,   2908,   2926,       3,      0.0923,      0.0743,      0.0000,      0.0181
    2563,   2723,   2863,   2888,       3,      0.0697,      0.0561,      0.0000,      0.0136
    2564,   2863,   2864,   2889,       3,      0.0697,      0.0561,      0.0000,      0.0136
    2565,   2890,   2913,   2927,       3,      0.1228,      0.1009,      0.0000,      0.0218
    2566,   2752,   2865,   2914,       3,      0.1686,      0.1394,      0.0000,      0.0292
    2567,   2891,   2866,   2928,       3,      0.1997,      0.1648,      0.0000,      0.0349
    2568,   2915,   2846,   2929,       3,      0.4580,      0.3794,      0.0000,      0.0786
    2569,   2847,   2916,   2930,       3,      0.7651,      0.6367,      0.0000,      0.1283
    2570,   2806,   2892,   2867,       3,      0.8836,      0.7372,      0.0000,      0.1464
    2571,   2829,   2807,   2848,       3,      1.0843,      0.9005,      0.0000,      0.1838
    2572,   2917,   2894,   2931,       3,      1.3905,      1.1857,      0.0000,      0.2048
    2573,   2849,   2897,   2932,       3,      1.6345,      1.4297,      0.0000,      0.2049
    2574,   2761,   2870,   2830,       3,      2.0018,      1.7014,      0.0000,      0.3004
    2575,   2831,   2871,   2852,       3,      1.5753,      1.3812,      0.0000,      0.1941
    2576,   2853,   2898,   2951,       3,      1.1949,      1.0637,      0.0000,      0.1313
    2577,   2872,   2934,   2955,       3,      0.8650,      0.7913,      0.0000,      0.0737
    2578,   2788,   2854,   2813,       3,      0.8227,      0.7334,      0.0000,      0.0893
    2579,   2873,   2899,   2935,       3,      0.8860,      0.7403,      0.0000,      0.1457
    2580,   2810,   2936,   2958,       3,      0.8179,      0.6785,      0.0000,      0.1394
    2581,   2856,   2874,   2937,       3,      0.6859,      0.5639,      0.0000,      0.1219
    2582,   2901,   2875,   2938,       3,      0.4277,      0.3454,      0.0000,      0.0823
    2583,   2902,   2939,   2992,       3,      0.3686,      0.2939,      0.0000,      0.0747
    2584,   2877,   2903,   2940,       3,      0.3427,      0.2766,      0.0000,      0.0661
    2585,   2858,   2817,   2859,       3,      0.4464,      0.3550,      0.0000,      0.0913
    2586,   2818,   2787,   2904,       3,      0.6722,      0.5446,      0.0000,      0.1276
    2587,   2860,   2879,   2904,       3,      0.6722,      0.5446,      0.0000,      0.1276
    2588,   2879,   2795,   2941,       3,      0.6388,      0.5145,      0.0000,      0.1242
    2589,   2792,   2880,   2836,       3,      0.5121,      0.4062,      0.0000,      0.1059
    2590,   2878,   2818,   2904,       3,      0.6166,      0.4958,      0.0000,      0.1209
    2591,   2685,   2941,   2795,       3,      0.6904,      0.5557,      0.0000,      0.1346
    2592,   2878,   2904,   2879,       3,      0.6722,      0.5446,      0.0000,      0.1276
    2593,   2685,   2839,   2941,       3,      0.6388,      0.5145,      0.0000,      0.1242
    2594,   2878,   2879,   2880,       3,      0.6166,      0.4958,      0.0000,      0.1209
    2595,   2879,   2941,   2880,       3,      0.6388,      0.5145,      0.0000,      0.1242
    2596,   2921,   2919,   2942,       3,      0.4140,      0.3300,      0.0000,      0.0840
    2597,   2882,   2922,   2943,       3,      0.2605,      0.2121,      0.0000,      0.0484
    2598,   2883,   2841,   2944,       3,      0.1730,      0.1416,      0.0000,      0.0315
    2599,   2910,   2907,   2945,       3,      0.1248,      0.1020,      0.0000,      0.0227
    2600,   2885,   2842,   2946,       3,      0.1057,      0.0867,      0.0000,      0.0191
    2601,   2781,   2887,   2924,       3,      0.0824,      0.0664,      0.0000,      0.0160
    2602,   2861,   2925,   2971,       3,      0.0821,      0.0655,      0.0000,      0.0165
    2603,   2825,   2843,   2925,       3,      0.0683,      0.0542,      0.0000,      0.0141
    2604,   2862,   2926,   2947,       3,      0.1050,      0.0845,      0.0000,      0.0205
    2605,   2888,   2889,   2908,       3,      0.0923,      0.0743,      0.0000,      0.0181
    2606,   2889,   2864,   2890,       3,      0.0851,      0.0687,      0.0000,      0.0163
    2607,   2752,   2913,   2844,       3,      0.1104,      0.0908,      0.0000,      0.0195
    2608,   2914,   2891,   2928,       3,      0.1997,      0.1648,      0.0000,      0.0349
    2609,   2866,   2827,   2948,       3,      0.3145,      0.2603,      0.0000,      0.0542
    2610,   2847,   2930,   2949,       3,      0.7651,      0.6367,      0.0000,      0.1283
    2611,   2828,   2867,   2916,       3,      0.6302,      0.5243,      0.0000,      0.1059
    2612,   2893,   2950,   2975,       3,      1.1038,      0.9285,      0.0000,      0.1753
    2613,   2917,   2931,   2951,       3,      1.3194,      1.1392,      0.0000,      0.1802
    2614,   2868,   2756,   2952,       3,      1.4693,      1.2512,      0.0000,      0.2181
    2615,   2932,   2897,   2953,       3,      1.7009,      1.4851,      0.0000,      0.2159
    2616,   2871,   2831,   2954,       3,      1.5263,      1.3439,      0.0000,      0.1825
    2617,   2933,   2898,   2955,       3,      1.0277,      0.9218,      0.0000,      0.1059
    2618,   2934,   2872,   2956,       3,      1.0691,      0.9457,      0.0000,      0.1234
    2619,   2814,   2957,   2956,       3,      0.8384,      0.7405,      0.0000,      0.0980
    2620,   2899,   2855,   2958,       3,      0.8882,      0.7410,      0.0000,      0.1473
    2621,   2810,   2856,   2936,       3,      0.7793,      0.6530,      0.0000,      0.1263
    2622,   2856,   2937,   2959,       3,      0.5346,      0.4381,      0.0000,      0.0965
    2623,   2767,   2834,   2874,       3,      0.6859,      0.5639,      0.0000,      0.1219
    2624,   2901,   2938,   2960,       3,      0.4277,      0.3454,      0.0000,      0.0823
    2625,   2919,   2903,   2942,       3,      0.3771,      0.3030,      0.0000,      0.0741
    2626,   2903,   2961,   2940,       3,      0.3586,      0.2892,      0.0000,      0.0694
    2627,   2858,   2859,   2962,       3,      0.4704,      0.3754,      0.0000,      0.0950
    2628,   2836,   2880,   2905,       3,      0.5121,      0.4062,      0.0000,      0.1059
    2629,   2839,   2717,   2963,       3,      0.5538,      0.4445,      0.0000,      0.1093
    2630,   2903,   2919,   2961,       3,      0.3586,      0.2892,      0.0000,      0.0694
    2631,   2859,   2836,   2905,       3,      0.5121,      0.4062,      0.0000,      0.1059
    2632,   2905,   2839,   2963,       3,      0.5131,      0.4102,      0.0000,      0.1029
    2633,   2408,   2963,   2717,       3,      0.5538,      0.4445,      0.0000,      0.1093
    2634,   2835,   2942,   2903,       3,      0.3771,      0.3030,      0.0000,      0.0741
    2635,   2859,   2905,   2962,       3,      0.4704,      0.3754,      0.0000,      0.0950
    2636,   2962,   2905,   2963,       3,      0.4704,      0.3754,      0.0000,      0.0950
    2637,   2817,   2942,   2835,       3,      0.4140,      0.3300,      0.0000,      0.0840
    2638,   2921,   2962,   2963,       3,      0.4704,      0.3754,      0.0000,      0.0950
    2639,   2858,   2921,   2942,       3,      0.4464,      0.3550,      0.0000,      0.0913
    2640,   2921,   2858,   2962,       3,      0.4464,      0.3550,      0.0000,      0.0913
    2641,   2796,   2921,   2963,       3,      0.4363,      0.3492,      0.0000,      0.0871
    2642,   2796,   2919,   2921,       3,      0.4363,      0.3492,      0.0000,      0.0871
    2643,   2823,   2796,   2881,       3,      0.3553,      0.2866,      0.0000,      0.0687
    2644,   2185,   2481,   2409,       3,      0.3606,      0.2909,      0.0000,      0.0697
    2645,   2185,   2482,   2481,       3,      0.3335,      0.2690,      0.0000,      0.0645
    2646,   2481,   2718,   2918,       3,      0.3321,      0.2677,      0.0000,      0.0645
    2647,   2718,   2797,   2918,       3,      0.2984,      0.2407,      0.0000,      0.0577
    2648,   2797,   2881,   2918,       3,      0.3321,      0.2677,      0.0000,      0.0645
    2649,   2870,   2953,   2897,       3,      1.7009,      1.4851,      0.0000,      0.2159
    2650,   2871,   2954,   2964,       3,      1.5263,      1.3249,      0.0000,      0.2014
    2651,   2933,   2955,   2965,       3,      1.1611,      1.0186,      0.0000,      0.1426
    2652,   2742,   2898,   2763,       3,      1.2073,      1.0806,      0.0000,      0.1266
    2653,   2956,   2872,   2966,       3,      0.6080,      0.5658,      0.0000,      0.0422
    2654,   2814,   2855,   2957,       3,      0.8384,      0.7405,      0.0000,      0.0980
    2655,   2833,   2958,   2855,       3,      0.7900,      0.6795,      0.0000,      0.1105
    2656,   2936,   2900,   2967,       3,      0.4621,      0.3777,      0.0000,      0.0844
    2657,   2901,   2960,   2968,       3,      0.3739,      0.3011,      0.0000,      0.0727
    2658,   2875,   2811,   2876,       3,      0.6034,      0.4951,      0.0000,      0.1083
    2659,   2877,   2940,   2969,       3,      0.3235,      0.2585,      0.0000,      0.0650
    2660,   2906,   2961,   2919,       3,      0.3586,      0.2892,      0.0000,      0.0694
    2661,   2943,   2970,   2994,       3,      0.2677,      0.2175,      0.0000,      0.0502
    2662,   2840,   2883,   2922,       3,      0.2605,      0.2121,      0.0000,      0.0484
    2663,   2841,   2920,   2910,       3,      0.1387,      0.1136,      0.0000,      0.0251
    2664,   2907,   2923,   2945,       3,      0.1248,      0.1020,      0.0000,      0.0227
    2665,   2923,   2885,   2946,       3,      0.1057,      0.0867,      0.0000,      0.0191
    2666,   2842,   2886,   2946,       3,      0.0940,      0.0767,      0.0000,      0.0172
    2667,   2911,   2887,   2971,       3,      0.0821,      0.0655,      0.0000,      0.0165
    2668,   2912,   2862,   2947,       3,      0.1012,      0.0810,      0.0000,      0.0202
    2669,   2926,   2908,   2972,       3,      0.1050,      0.0845,      0.0000,      0.0205
    2670,   2927,   2973,   2972,       3,      0.1453,      0.1181,      0.0000,      0.0272
    2671,   2913,   2752,   2914,       3,      0.1228,      0.1009,      0.0000,      0.0218
    2672,   2928,   2866,   2948,       3,      0.2547,      0.2105,      0.0000,      0.0442
    2673,   2827,   2846,   2948,       3,      0.3145,      0.2603,      0.0000,      0.0542
    2674,   2847,   2949,   3001,       3,      0.5235,      0.4333,      0.0000,      0.0902
    2675,   2806,   2975,   2977,       3,      0.9957,      0.8541,      0.0000,      0.1416
    2676,   2829,   2848,   2893,       3,      1.1038,      0.9285,      0.0000,      0.1753
    2677,   2848,   2917,   2950,       3,      1.0585,      0.9207,      0.0000,      0.1378
    2678,   2933,   2965,   2976,       3,      1.1611,      1.0186,      0.0000,      0.1426
    2679,   2832,   2955,   2898,       3,      0.9951,      0.9046,      0.0000,      0.0905
    2680,   2814,   2956,   2854,       3,      0.8227,      0.7334,      0.0000,      0.0893
    2681,   2873,   2935,   2977,       3,      0.8860,      0.7403,      0.0000,      0.1457
    2682,   2810,   2958,   2833,       3,      0.7900,      0.6795,      0.0000,      0.1105
    2683,   2967,   2900,   2978,       3,      0.4621,      0.3777,      0.0000,      0.0844
    2684,   2901,   2968,   2979,       3,      0.3338,      0.2695,      0.0000,      0.0643
    2685,   2875,   2876,   2938,       3,      0.4277,      0.3454,      0.0000,      0.0823
    2686,   2877,   2969,   2980,       3,      0.3235,      0.2585,      0.0000,      0.0650
    2687,   2906,   2940,   2961,       3,      0.3586,      0.2892,      0.0000,      0.0694
    2688,   2970,   2943,   2981,       3,      0.2423,      0.1959,      0.0000,      0.0464
    2689,   2944,   2982,   2995,       3,      0.1943,      0.1585,      0.0000,      0.0359
    2690,   2945,   2983,   3007,       3,      0.1363,      0.1102,      0.0000,      0.0262
    2691,   2886,   2924,   2946,       3,      0.0940,      0.0767,      0.0000,      0.0172
    2692,   2911,   2971,   2984,       3,      0.0821,      0.0655,      0.0000,      0.0165
    2693,   2912,   2947,   2985,       3,      0.1012,      0.0810,      0.0000,      0.0202
    2694,   2889,   2972,   2908,       3,      0.0923,      0.0743,      0.0000,      0.0181
    2695,   2973,   2927,   2986,       3,      0.1628,      0.1332,      0.0000,      0.0295
    2696,   2928,   2948,   2987,       3,      0.3037,      0.2507,      0.0000,      0.0530
    2697,   2936,   2988,   2958,       3,      0.6644,      0.5499,      0.0000,      0.1145
    2698,   2967,   2978,   2989,       3,      0.4131,      0.3369,      0.0000,      0.0761
    2699,   2959,   2990,   2978,       3,      0.3266,      0.2653,      0.0000,      0.0613
    2700,   2901,   2979,   2959,       3,      0.3094,      0.2506,      0.0000,      0.0588
    2701,   2960,   2938,   2992,       3,      0.4277,      0.3454,      0.0000,      0.0823
    2702,   2877,   2980,   2939,       3,      0.3686,      0.2939,      0.0000,      0.0747
    2703,   2906,   2882,   2994,       3,      0.2954,      0.2400,      0.0000,      0.0555
    2704,   2922,   2883,   2995,       3,      0.2605,      0.2121,      0.0000,      0.0484
    2705,   2841,   2910,   2944,       3,      0.1943,      0.1585,      0.0000,      0.0359
    2706,   2983,   2945,   2996,       3,      0.1555,      0.1253,      0.0000,      0.0302
    2707,   2923,   2946,   2924,       3,      0.0940,      0.0767,      0.0000,      0.0172
    2708,   2911,   2984,   2997,       3,      0.0993,      0.0795,      0.0000,      0.0197
    2709,   2861,   2971,   2887,       3,      0.0821,      0.0655,      0.0000,      0.0165
    2710,   2985,   2998,   2997,       3,      0.1253,      0.1008,      0.0000,      0.0245
    2711,   2889,   2890,   2972,       3,      0.0851,      0.0687,      0.0000,      0.0163
    2712,   2973,   2986,   2999,       3,      0.1628,      0.1332,      0.0000,      0.0295
    2713,   2913,   2914,   2927,       3,      0.1228,      0.1009,      0.0000,      0.0218
    2714,   2928,   2987,   3000,       3,      0.3027,      0.2484,      0.0000,      0.0543
    2715,   2925,   2984,   2971,       3,      0.0821,      0.0655,      0.0000,      0.0165
    2716,   2998,   2985,   3002,       3,      0.1587,      0.1278,      0.0000,      0.0308
    2717,   2890,   2927,   2972,       3,      0.1325,      0.1085,      0.0000,      0.0240
    2718,   2914,   2986,   2927,       3,      0.1628,      0.1332,      0.0000,      0.0295
    2719,   2987,   3003,   3010,       3,      0.3660,      0.3000,      0.0000,      0.0660
    2720,   2915,   3001,   3004,       3,      0.5235,      0.4333,      0.0000,      0.0902
    2721,   2936,   2974,   2988,       3,      0.6644,      0.5499,      0.0000,      0.1145
    2722,   2989,   3005,   3010,       3,      0.2567,      0.2084,      0.0000,      0.0483
    2723,   2856,   2978,   2900,       3,      0.4621,      0.3777,      0.0000,      0.0844
    2724,   2944,   2910,   3007,       3,      0.1560,      0.1274,      0.0000,      0.0286
    2725,   2923,   2996,   2945,       3,      0.1363,      0.1102,      0.0000,      0.0262
    2726,   2911,   2923,   2924,       3,      0.0824,      0.0664,      0.0000,      0.0160
    2727,   2912,   2984,   2925,       3,      0.1012,      0.0810,      0.0000,      0.0202
    2728,   2998,   3002,   3008,       3,      0.1587,      0.1278,      0.0000,      0.0308
    2729,   2947,   2926,   3009,       3,      0.1050,      0.0845,      0.0000,      0.0205
    2730,   2914,   2928,   2986,       3,      0.1628,      0.1332,      0.0000,      0.0295
    2731,   2912,   2985,   2984,       3,      0.1012,      0.0810,      0.0000,      0.0202
    2732,   3008,   3002,   3011,       3,      0.1587,      0.1278,      0.0000,      0.0308
    2733,   3009,   3012,   3015,       3,      0.1517,      0.1227,      0.0000,      0.0291
    2734,   2967,   2989,   3010,       3,      0.3069,      0.2504,      0.0000,      0.0565
    2735,   2856,   2959,   2978,       3,      0.4131,      0.3369,      0.0000,      0.0761
    2736,   3006,   2991,   3013,       3,      0.2771,      0.2242,      0.0000,      0.0529
    2737,   2910,   2945,   3007,       3,      0.1700,      0.1372,      0.0000,      0.0328
    2738,   2911,   2996,   2923,       3,      0.1284,      0.1034,      0.0000,      0.0250
    2739,   2984,   2985,   2997,       3,      0.0993,      0.0795,      0.0000,      0.0197
    2740,   3011,   3002,   3015,       3,      0.1587,      0.1278,      0.0000,      0.0308
    2741,   2926,   2972,   3009,       3,      0.1050,      0.0845,      0.0000,      0.0205
    2742,   3000,   3010,   3005,       3,      0.2567,      0.2084,      0.0000,      0.0483
    2743,   2989,   2978,   2990,       3,      0.3266,      0.2653,      0.0000,      0.0613
    2744,   3006,   3013,   3016,       3,      0.2899,      0.2349,      0.0000,      0.0550
    2745,   2968,   3017,   3025,       3,      0.3082,      0.2483,      0.0000,      0.0599
    2746,   2990,   3006,   3016,       3,      0.3266,      0.2653,      0.0000,      0.0613
    2747,   3013,   2991,   3019,       3,      0.2771,      0.2242,      0.0000,      0.0529
    2748,   2968,   3014,   3017,       3,      0.3082,      0.2483,      0.0000,      0.0599
    2749,   2980,   3018,   3020,       3,      0.3055,      0.2438,      0.0000,      0.0617
    2750,   2943,   2922,   2995,       3,      0.2677,      0.2175,      0.0000,      0.0502
    2751,   2883,   2944,   2995,       3,      0.2398,      0.1957,      0.0000,      0.0440
    2752,   2982,   2944,   3007,       3,      0.2126,      0.1721,      0.0000,      0.0406
    2753,   2983,   2996,   3021,       3,      0.1471,      0.1185,      0.0000,      0.0286
    2754,   2998,   3008,   3022,       3,      0.1875,      0.1514,      0.0000,      0.0361
    2755,   2985,   3015,   3002,       3,      0.1587,      0.1278,      0.0000,      0.0308
    2756,   2972,   2973,   3009,       3,      0.1253,      0.1010,      0.0000,      0.0243
    2757,   2989,   2990,   3016,       3,      0.3266,      0.2653,      0.0000,      0.0613
    2758,   2979,   3019,   2991,       3,      0.2771,      0.2242,      0.0000,      0.0529
    2759,   3014,   2980,   3020,       3,      0.3060,      0.2455,      0.0000,      0.0605
    2760,   2970,   3020,   3018,       3,      0.3055,      0.2438,      0.0000,      0.0617
    2761,   2981,   2943,   2995,       3,      0.2423,      0.1959,      0.0000,      0.0464
    2762,   3007,   2983,   3023,       3,      0.1700,      0.1372,      0.0000,      0.0328
    2763,   2996,   2911,   2997,       3,      0.1284,      0.1034,      0.0000,      0.0250
    2764,   2998,   3022,   3027,       3,      0.2036,      0.1645,      0.0000,      0.0391
    2765,   2947,   3015,   2985,       3,      0.1115,      0.0895,      0.0000,      0.0220
    2766,   2973,   2999,   3012,       3,      0.1517,      0.1227,      0.0000,      0.0291
    2767,   3005,   2989,   3016,       3,      0.2567,      0.2084,      0.0000,      0.0483
    2768,   3019,   2979,   3025,       3,      0.2702,      0.2186,      0.0000,      0.0516
    2769,   3017,   3014,   3020,       3,      0.3082,      0.2483,      0.0000,      0.0599
    2770,   2970,   2981,   3026,       3,      0.2423,      0.1959,      0.0000,      0.0464
    2771,   2982,   3007,   3023,       3,      0.1700,      0.1372,      0.0000,      0.0328
    2772,   2983,   3021,   3027,       3,      0.1471,      0.1185,      0.0000,      0.0286
    2773,   2968,   3025,   2979,       3,      0.2921,      0.2359,      0.0000,      0.0562
    2774,   2970,   3026,   3028,       3,      0.2775,      0.2233,      0.0000,      0.0542
    2775,   2981,   2995,   2982,       3,      0.2423,      0.1959,      0.0000,      0.0464
    2776,   3025,   3017,   3028,       3,      0.3082,      0.2483,      0.0000,      0.0599
    2777,   2981,   2982,   3026,       3,      0.2423,      0.1959,      0.0000,      0.0464
    2778,   3023,   3027,   3024,       3,      0.2237,      0.1806,      0.0000,      0.0431
    2779,   3019,   3025,   3029,       3,      0.2921,      0.2359,      0.0000,      0.0562
    2780,   3017,   3020,   3028,       3,      0.3082,      0.2483,      0.0000,      0.0599
    2781,   2982,   3023,   3026,       3,      0.2363,      0.1899,      0.0000,      0.0464
    2782,   3024,   3019,   3029,       3,      0.2702,      0.2186,      0.0000,      0.0516
    2783,   3025,   3028,   3029,       3,      0.2921,      0.2359,      0.0000,      0.0562
    2784,   2970,   3028,   3020,       3,      0.3060,      0.2455,      0.0000,      0.0605
    2785,   3023,   3024,   3029,       3,      0.2494,      0.2012,      0.0000,      0.0481
    2786,   3026,   3029,   3028,       3,      0.2775,      0.2233,      0.0000,      0.0542
    2787,   3023,   3029,   3026,       3,      0.2494,      0.2012,      0.0000,      0.0481
    2788,   2996,   2997,   3021,       3,      0.1471,      0.1185,      0.0000,      0.0286
    2789,   3023,   2983,   3027,       3,      0.1555,      0.1253,      0.0000,      0.0302
    2790,   2997,   2998,   3021,       3,      0.1471,      0.1185,      0.0000,      0.0286
    2791,   3022,   3024,   3027,       3,      0.2237,      0.1806,      0.0000,      0.0431
    2792,   2998,   3027,   3021,       3,      0.1471,      0.1185,      0.0000,      0.0286
    2793,   2947,   3009,   3015,       3,      0.1253,      0.1010,      0.0000,      0.0243
    2794,   2973,   3012,   3009,       3,      0.1517,      0.1227,      0.0000,      0.0291
    2795,   3000,   3005,   3011,       3,      0.2567,      0.2084,      0.0000,      0.0483
    2796,   3011,   3015,   3012,       3,      0.1517,      0.1227,      0.0000,      0.0291
    2797,   2928,   3000,   2999,       3,      0.1759,      0.1433,      0.0000,      0.0327
    2798,   2928,   2999,   2986,       3,      0.1628,      0.1332,      0.0000,      0.0295
    2799,   2999,   3000,   3011,       3,      0.1759,      0.1433,      0.0000,      0.0327
    2800,   2999,   3011,   3012,       3,      0.1517,      0.1227,      0.0000,      0.0291
    2801,   3013,   3019,   3024,       3,      0.2702,      0.2186,      0.0000,      0.0516
    2802,   3011,   3005,   3016,       3,      0.2567,      0.2084,      0.0000,      0.0483
    2803,   3013,   3024,   3022,       3,      0.2544,      0.2058,      0.0000,      0.0486
    2804,   3008,   3011,   3016,       3,      0.1875,      0.1514,      0.0000,      0.0361
    2805,   3016,   3013,   3022,       3,      0.2544,      0.2058,      0.0000,      0.0486
    2806,   3008,   3016,   3022,       3,      0.1875,      0.1514,      0.0000,      0.0361
    2807,   2970,   3018,   3030,       3,      0.3055,      0.2438,      0.0000,      0.0617
    2808,   2940,   2906,   2994,       3,      0.3427,      0.2766,      0.0000,      0.0661
    2809,   2882,   2943,   2994,       3,      0.3079,      0.2492,      0.0000,      0.0587
    2810,   2969,   3018,   2980,       3,      0.3055,      0.2438,      0.0000,      0.0617
    2811,   2994,   2970,   3030,       3,      0.3112,      0.2499,      0.0000,      0.0613
    2812,   2969,   3030,   3018,       3,      0.3112,      0.2499,      0.0000,      0.0613
    2813,   2940,   2994,   3030,       3,      0.3112,      0.2499,      0.0000,      0.0613
    2814,   2969,   2940,   3030,       3,      0.3235,      0.2585,      0.0000,      0.0650
    2815,   2993,   2980,   3014,       3,      0.3646,      0.2925,      0.0000,      0.0721
    2816,   2960,   3014,   2968,       3,      0.3379,      0.2718,      0.0000,      0.0661
    2817,   2876,   2992,   2938,       3,      0.4277,      0.3454,      0.0000,      0.0823
    2818,   2960,   2993,   3014,       3,      0.3646,      0.2925,      0.0000,      0.0721
    2819,   2876,   2902,   2992,       3,      0.3976,      0.3189,      0.0000,      0.0786
    2820,   2960,   2992,   2993,       3,      0.3646,      0.2925,      0.0000,      0.0721
    2821,   2939,   2993,   2992,       3,      0.3646,      0.2925,      0.0000,      0.0721
    2822,   2939,   2980,   2993,       3,      0.3646,      0.2925,      0.0000,      0.0721
    2823,   2877,   2939,   2902,       3,      0.3686,      0.2939,      0.0000,      0.0747
    2824,   2835,   2877,   2902,       3,      0.3550,      0.2822,      0.0000,      0.0728
    2825,   2786,   2902,   2857,       3,      0.4424,      0.3451,      0.0000,      0.0973
    2826,   2786,   2857,   2791,       3,      0.4220,      0.3217,      0.0000,      0.1003
    2827,   2915,   2987,   2948,       3,      0.3037,      0.2507,      0.0000,      0.0530
    2828,   2974,   3004,   3001,       3,      0.5800,      0.4796,      0.0000,      0.1004
    2829,   2936,   2967,   3004,       3,      0.4739,      0.3905,      0.0000,      0.0834
    2830,   2987,   3010,   3000,       3,      0.3069,      0.2504,      0.0000,      0.0565
    2831,   2915,   3003,   2987,       3,      0.3660,      0.3000,      0.0000,      0.0660
    2832,   2936,   3004,   2974,       3,      0.5800,      0.4796,      0.0000,      0.1004
    2833,   2967,   3010,   3003,       3,      0.3660,      0.3000,      0.0000,      0.0660
    2834,   3003,   2915,   3004,       3,      0.3660,      0.3000,      0.0000,      0.0660
    2835,   2967,   3003,   3004,       3,      0.3660,      0.3000,      0.0000,      0.0660
    2836,   2979,   2991,   3006,       3,      0.2771,      0.2242,      0.0000,      0.0529
    2837,   2959,   3006,   2990,       3,      0.3266,      0.2653,      0.0000,      0.0613
    2838,   2959,   2979,   3006,       3,      0.2899,      0.2349,      0.0000,      0.0550
    2839,   2901,   2959,   2937,       3,      0.5346,      0.4381,      0.0000,      0.0965
    2840,   2875,   2901,   2937,       3,      0.5066,      0.4132,      0.0000,      0.0933
    2841,   2834,   2937,   2874,       3,      0.6859,      0.5639,      0.0000,      0.1219
    2842,   2949,   2974,   3001,       3,      0.5800,      0.4796,      0.0000,      0.1004
    2843,   2915,   2929,   3001,       3,      0.4580,      0.3794,      0.0000,      0.0786
    2844,   2847,   3001,   2929,       3,      0.4580,      0.3794,      0.0000,      0.0786
    2845,   2694,   2847,   2929,       3,      0.4580,      0.3794,      0.0000,      0.0786
    2846,   2694,   2846,   2805,       3,      0.3444,      0.2855,      0.0000,      0.0589
    2847,   2832,   2872,   2955,       3,      0.9951,      0.9046,      0.0000,      0.0905
    2848,   2934,   2956,   2957,       3,      1.0691,      0.9457,      0.0000,      0.1234
    2849,   2873,   2977,   3031,       3,      1.0030,      0.8722,      0.0000,      0.1308
    2850,   2899,   2958,   2949,       3,      0.6793,      0.5637,      0.0000,      0.1156
    2851,   2949,   2988,   2974,       3,      0.6644,      0.5499,      0.0000,      0.1145
    2852,   2949,   2958,   2988,       3,      0.6644,      0.5499,      0.0000,      0.1145
    2853,   2930,   2916,   2935,       3,      0.7651,      0.6367,      0.0000,      0.1283
    2854,   2899,   2949,   2930,       3,      0.7651,      0.6367,      0.0000,      0.1283
    2855,   2899,   2930,   2935,       3,      0.7651,      0.6367,      0.0000,      0.1283
    2856,   2892,   2935,   2916,       3,      0.8836,      0.7372,      0.0000,      0.1464
    2857,   2806,   2893,   2975,       3,      0.9957,      0.8541,      0.0000,      0.1416
    2858,   2848,   2950,   2893,       3,      1.1038,      0.9285,      0.0000,      0.1753
    2859,   2933,   2976,   3032,       3,      1.1835,      1.0281,      0.0000,      0.1555
    2860,   2934,   2965,   2955,       3,      1.1611,      1.0186,      0.0000,      0.1426
    2861,   2957,   2873,   3033,       3,      1.1169,      0.9758,      0.0000,      0.1410
    2862,   2892,   2977,   2935,       3,      0.8836,      0.7372,      0.0000,      0.1464
    2863,   2950,   3032,   3031,       3,      1.1835,      1.0281,      0.0000,      0.1555
    2864,   2965,   2934,   3033,       3,      1.1169,      0.9758,      0.0000,      0.1410
    2865,   2806,   2977,   2892,       3,      0.8836,      0.7372,      0.0000,      0.1464
    2866,   2917,   3032,   2950,       3,      1.1835,      1.0281,      0.0000,      0.1555
    2867,   2976,   2965,   3033,       3,      1.1611,      1.0186,      0.0000,      0.1426
    2868,   2934,   2957,   3033,       3,      1.1169,      0.9758,      0.0000,      0.1410
    2869,   2975,   3031,   2977,       3,      0.9957,      0.8541,      0.0000,      0.1416
    2870,   2917,   2933,   3032,       3,      1.1835,      1.0281,      0.0000,      0.1555
    2871,   2873,   3031,   2976,       3,      1.1393,      0.9912,      0.0000,      0.1481
    2872,   2950,   3031,   2975,       3,      0.9957,      0.8541,      0.0000,      0.1416
    2873,   2873,   2976,   3033,       3,      1.1169,      0.9758,      0.0000,      0.1410
    2874,   2976,   3031,   3032,       3,      1.1835,      1.0281,      0.0000,      0.1555
    2875,   2813,   2854,   2956,       3,      0.8227,      0.7334,      0.0000,      0.0893
    2876,   2764,   2966,   2872,       3,      0.8650,      0.7913,      0.0000,      0.0737
    2877,   2813,   2956,   2966,       3,      0.8594,      0.7685,      0.0000,      0.0909
    2878,   2743,   2966,   2764,       3,      0.5694,      0.5306,      0.0000,      0.0388
    2879,   2894,   2868,   2952,       3,      1.3905,      1.1857,      0.0000,      0.2048
    2880,   2849,   2932,   2964,       3,      1.6345,      1.4297,      0.0000,      0.2049
    2881,   2931,   2894,   2952,       3,      1.3194,      1.1392,      0.0000,      0.1802
    2882,   2931,   2952,   2954,       3,      1.4693,      1.2512,      0.0000,      0.2181
    2883,   2756,   2964,   2952,       3,      1.5027,      1.2883,      0.0000,      0.2144
    2884,   2756,   2849,   2964,       3,      1.5263,      1.3249,      0.0000,      0.2014
    2885,   2871,   2964,   2932,       3,      1.6345,      1.4297,      0.0000,      0.2049
    2886,   2761,   2852,   2870,       3,      1.8553,      1.5992,      0.0000,      0.2561
    2887,   2852,   2953,   2870,       3,      1.7009,      1.4851,      0.0000,      0.2159
    2888,   2871,   2932,   2953,       3,      1.6345,      1.4297,      0.0000,      0.2049
    2889,   2952,   2964,   2954,       3,      1.4693,      1.2512,      0.0000,      0.2181
    2890,   2831,   2853,   2954,       3,      1.5263,      1.3439,      0.0000,      0.1825
    2891,   2933,   2917,   2951,       3,      1.2673,      1.1019,      0.0000,      0.1654
    2892,   2951,   2931,   2954,       3,      1.3194,      1.1392,      0.0000,      0.1802
    2893,   2898,   2933,   2951,       3,      1.1949,      1.0637,      0.0000,      0.1313
    2894,   2853,   2951,   2954,       3,      1.3861,      1.2179,      0.0000,      0.1682
    2895,   2811,   2816,   2876,       3,      0.6034,      0.4951,      0.0000,      0.1083
    2896,   2784,   2876,   2816,       3,      0.6251,      0.5126,      0.0000,      0.1125
    2897,   2707,   2784,   2816,       3,      0.6251,      0.5126,      0.0000,      0.1125
    2898,   2707,   2816,   2812,       3,      0.6727,      0.5718,      0.0000,      0.1009
    2899,   2484,   2909,   2780,       3,      0.1167,      0.0955,      0.0000,      0.0212
    2900,   2798,   2920,   2841,       3,      0.1497,      0.1225,      0.0000,      0.0272
    2901,   2798,   2884,   2920,       3,      0.1200,      0.0983,      0.0000,      0.0217
    2902,   2824,   2920,   2884,       3,      0.1387,      0.1136,      0.0000,      0.0251
    2903,   2188,   2484,   2411,       3,      0.0999,      0.0814,      0.0000,      0.0185
    2904,   2188,   2485,   2484,       3,      0.0896,      0.0730,      0.0000,      0.0166
    2905,   2484,   2720,   2909,       3,      0.1055,      0.0865,      0.0000,      0.0190
    2906,   2720,   2799,   2909,       3,      0.0911,      0.0747,      0.0000,      0.0164
    2907,   2799,   2884,   2909,       3,      0.1055,      0.0865,      0.0000,      0.0190
    2908,   2696,   2732,   2869,       3,      2.2291,      1.9280,      0.0000,      0.3011
    2909,   2732,   2424,   2734,       3,      3.2070,      2.6951,      0.0000,      0.5119
    2910,   2757,   2758,   2895,       3,      1.9988,      1.7207,      0.0000,      0.2781
    2911,   2896,   2869,   3034,       3,      2.1428,      1.8621,      0.0000,      0.2807
    2912,   2732,   2734,   2759,       3,      2.8164,      2.3378,      0.0000,      0.4786
    2913,   2758,   2808,   2895,       3,      1.9988,      1.7207,      0.0000,      0.2781
    2914,   2732,   3034,   2869,       3,      2.3064,      1.9813,      0.0000,      0.3252
    2915,   2699,   2759,   2734,       3,      3.0261,      2.5227,      0.0000,      0.5034
    2916,   2850,   2896,   2851,       3,      2.2566,      1.9468,      0.0000,      0.3098
    2917,   2699,   2735,   2759,       3,      3.0261,      2.5227,      0.0000,      0.5034
    2918,   2759,   2760,   3034,       3,      2.3064,      1.9813,      0.0000,      0.3252
    2919,   2757,   2897,   2849,       3,      1.7036,      1.4850,      0.0000,      0.2186
    2920,   2851,   2897,   2895,       3,      1.9800,      1.7121,      0.0000,      0.2679
    2921,   2850,   2851,   2895,       3,      2.1343,      1.8248,      0.0000,      0.3095
    2922,   2830,   2851,   2896,       3,      2.2566,      1.9468,      0.0000,      0.3098
    2923,   2760,   2896,   3034,       3,      2.3064,      1.9813,      0.0000,      0.3252
    2924,   2803,   2891,   2865,       3,      0.1997,      0.1648,      0.0000,      0.0349
    2925,   2492,   2845,   2804,       3,      0.2801,      0.2282,      0.0000,      0.0519
    2926,   2803,   2866,   2891,       3,      0.1997,      0.1648,      0.0000,      0.0349
    2927,   2726,   2845,   2754,       3,      0.2852,      0.2343,      0.0000,      0.0509
    2928,   2261,   2696,   2850,       3,      2.2291,      1.9280,      0.0000,      0.3011
    2929,   2497,   2731,   2808,       3,      1.8967,      1.6463,      0.0000,      0.2503
    2930,   2261,   2850,   2808,       3,      2.2839,      1.9603,      0.0000,      0.3237
    2931,   2498,   2808,   2731,       3,      1.8967,      1.6463,      0.0000,      0.2503
    2932,   2838,   2822,   2860,       3,      0.9354,      0.7695,      0.0000,      0.1659
    2933,   2787,   2819,   2860,       3,      0.8550,      0.7086,      0.0000,      0.1464
    2934,   2793,   2679,   2820,       3,      0.7516,      0.6168,      0.0000,      0.1348
    2935,   2820,   2712,   2821,       3,      0.8139,      0.6779,      0.0000,      0.1360
    2936,   2775,   2821,   2794,       3,      0.9725,      0.7972,      0.0000,      0.1753
    2937,   2837,   2838,   2860,       3,      0.9384,      0.7810,      0.0000,      0.1574
    2938,   2819,   2793,   2820,       3,      0.7516,      0.6168,      0.0000,      0.1348
    2939,   2819,   2820,   2821,       3,      0.8550,      0.7086,      0.0000,      0.1464
    2940,   2821,   2775,   2838,       3,      0.9725,      0.7972,      0.0000,      0.1753
    2941,   2819,   2821,   2837,       3,      0.9384,      0.7810,      0.0000,      0.1574
    2942,   2821,   2838,   2837,       3,      0.9384,      0.7810,      0.0000,      0.1574
    2943,   2775,   2776,   2838,       3,      0.9725,      0.7972,      0.0000,      0.1753
    2944,   2776,   2822,   2838,       3,      0.9354,      0.7695,      0.0000,      0.1659
    2945,   2478,   2716,   2776,       3,      0.9107,      0.7397,      0.0000,      0.1711
    2946,   2478,   2479,   2716,       3,      0.7837,      0.6323,      0.0000,      0.1514
    2947,   2182,   2478,   2407,       3,      1.0589,      0.8668,      0.0000,      0.1920
    2948,   2745,   2809,   2765,       3,      0.4355,      0.4146,      0.0000,      0.0209
    2949,   2656,   2340,   2766,       3,      0.2397,      0.2309,      0.0000,      0.0088
    2950,   2442,   2705,   2766,       3,      0.2425,      0.2350,      0.0000,      0.0074
    2951,   2745,   2656,   2766,       3,      0.2922,      0.2818,      0.0000,      0.0104
    2952,   2745,   2766,   2746,       3,      0.3943,      0.3784,      0.0000,      0.0159
    2953,   2745,   2746,   2809,       3,      0.3943,      0.3784,      0.0000,      0.0159
    2954,   2514,   2809,   2746,       3,      0.3943,      0.3784,      0.0000,      0.0159
    2955,   2514,   2746,   2705,       3,      0.3943,      0.3784,      0.0000,      0.0159
    2956,   2465,   2514,   2705,       3,      0.4901,      0.4461,      0.0000,      0.0440
    2957,   2341,   2705,   2503,       3,      0.3143,      0.2921,      0.0000,      0.0222
    2958,   2243,   2527,   2305,       3,      3.0210,      2.4950,      0.0000,      0.5260
    2959,   2715,   2712,   2773,       3,      1.1048,      0.9300,      0.0000,      0.1748
    2960,   2525,   2471,   3035,       3,      1.0135,      0.8616,      0.0000,      0.1519
    2961,   2665,   2681,   2774,       3,      1.4346,      1.2169,      0.0000,      0.2177
    2962,   2682,   2527,   2683,       3,      2.5100,      2.0146,      0.0000,      0.4954
    2963,   2244,   2715,   2773,       3,      1.1048,      0.9300,      0.0000,      0.1748
    2964,   2664,   2525,   3035,       3,      0.9568,      0.8224,      0.0000,      0.1344
    2965,   2471,   2665,   3035,       3,      1.0135,      0.8616,      0.0000,      0.1519
    2966,   2475,   2682,   2683,       3,      2.5100,      2.0146,      0.0000,      0.4954
    2967,   2773,   2664,   3035,       3,      1.1033,      0.9391,      0.0000,      0.1642
    2968,   2713,   2773,   3035,       3,      1.1033,      0.9391,      0.0000,      0.1642
    2969,   2684,   2773,   2713,       3,      1.4105,      1.2167,      0.0000,      0.1938
    2970,   2684,   2713,   2714,       3,      1.4105,      1.2167,      0.0000,      0.1938
    2971,   2714,   2713,   2774,       3,      1.5296,      1.3115,      0.0000,      0.2181
    2972,   2682,   2475,   2774,       3,      1.5544,      1.3240,      0.0000,      0.2304
    2973,   2526,   2682,   2681,       3,      1.7030,      1.4243,      0.0000,      0.2787
    2974,   2681,   2682,   2774,       3,      1.4346,      1.2169,      0.0000,      0.2177
    2975,   2475,   2714,   2774,       3,      1.5296,      1.3115,      0.0000,      0.2181
    2976,   2475,   2476,   2714,       3,      1.5296,      1.3115,      0.0000,      0.2181
    2977,   2179,   2475,   2405,       3,      2.3576,      1.8847,      0.0000,      0.4728
    2978,   2415,   2671,   2748,       3,      0.0420,      0.0327,      0.0000,      0.0092
    2979,   2415,   2488,   2671,       3,      0.0330,      0.0251,      0.0000,      0.0079
    2980,   2488,   2489,   2671,       3,      0.0347,      0.0273,      0.0000,      0.0074
    2981,   2098,   2488,   2192,       3,      0.0282,      0.0206,      0.0000,      0.0076
    2982,   2465,   2659,   2520,       3,      0.5785,      0.5039,      0.0000,      0.0747
    2983,   2392,   2659,   2465,       3,      0.3260,      0.3055,      0.0000,      0.0205
    2984,   2392,   2393,   2659,       3,      0.3755,      0.3251,      0.0000,      0.0504
    2985,   2282,   2393,   2392,       3,      0.3260,      0.3055,      0.0000,      0.0205
    2986,   2282,   2392,   2358,       3,      0.3975,      0.3813,      0.0000,      0.0161
    2987,   2387,   2443,   2504,       3,      0.2866,      0.2782,      0.0000,      0.0084
    2988,    919,   2444,   2386,       3,      0.5502,      0.5325,      0.0000,      0.0176
    2989,   2357,   2387,   2504,       3,      0.4280,      0.4139,      0.0000,      0.0141
    2990,   2281,   2504,   2342,       3,      0.4936,      0.4788,      0.0000,      0.0148
    2991,   2281,   2342,   2386,       3,      0.5316,      0.5149,      0.0000,      0.0167
    2992,    919,   2386,   2342,       3,      0.4936,      0.4788,      0.0000,      0.0148
    2993,     67,    919,   2342,       3,      0.5023,      0.4872,      0.0000,      0.0151
    2994,   2427,   2326,   3036,       3,      7.2800,      5.4511,      0.0000,      1.8289
    2995,    956,   2327,   2501,       3,      6.0874,      4.6617,      0.0000,      1.4256
    2996,   2262,   2425,   2643,       3,      4.4643,      3.7569,      0.0000,      0.7074
    2997,   2018,   2160,   2324,       3,      4.9667,      4.1642,      0.0000,      0.8025
    2998,   2205,   2108,   2426,       3,      5.8371,      4.7612,      0.0000,      1.0759
    2999,   2325,   2267,   2427,       3,      8.0896,      6.2634,      0.0000,      1.8262
    3000,   2326,   2501,   3036,       3,      7.2800,      5.4511,      0.0000,      1.8289
    3001,   2428,   2643,   2500,       3,      5.8284,      4.6901,      0.0000,      1.1384
    3002,   2205,   2425,   2324,       3,      5.3163,      4.3642,      0.0000,      0.9521
    3003,   2325,   2427,   3036,       3,      7.8131,      6.1280,      0.0000,      1.6850
    3004,   2428,   3036,   2501,       3,      6.5096,      4.9888,      0.0000,      1.5207
    3005,   2425,   2205,   2426,       3,      5.8371,      4.7612,      0.0000,      1.0759
    3006,   2426,   2325,   3036,       3,      7.8131,      6.1280,      0.0000,      1.6850
    3007,   2428,   2500,   3036,       3,      5.8284,      4.6901,      0.0000,      1.1384
    3008,   2425,   2426,   2500,       3,      5.8284,      4.6901,      0.0000,      1.1384
    3009,   2500,   2426,   3036,       3,      5.8284,      4.6901,      0.0000,      1.1384
    3010,   2343,   2657,   2444,       3,      0.5502,      0.5325,      0.0000,      0.0176
    3011,   2343,     66,   2530,       3,      0.6058,      0.5856,      0.0000,      0.0203
    3012,   2356,   2530,   2391,       3,      0.5897,      0.5700,      0.0000,      0.0197
    3013,   2343,   2356,   2657,       3,      0.5625,      0.5443,      0.0000,      0.0182
    3014,   2343,   2530,   2356,       3,      0.6058,      0.5856,      0.0000,      0.0203
    3015,   2242,   2297,   2474,       3,      4.5581,      3.8640,      0.0000,      0.6941
    3016,   2389,   2233,   3037,       3,      7.8630,      6.5770,      0.0000,      1.2860
    3017,   2177,   2242,   2474,       3,      4.0937,      3.4570,      0.0000,      0.6367
    3018,   2361,   2474,   2403,       3,      5.3271,      4.5895,      0.0000,      0.7375
    3019,     34,   2361,   2403,       3,      5.3271,      4.5895,      0.0000,      0.7375
    3020,     34,   2403,   2232,       3,      4.4445,      3.8572,      0.0000,      0.5873
    3021,     34,   2232,     35,       3,      4.3343,      3.7859,      0.0000,      0.5484
    3022,   2361,   2404,   2474,       3,      6.2958,      5.4209,      0.0000,      0.8749
    3023,   2086,   2474,   2404,       3,      6.8981,      5.8386,      0.0000,      1.0595
    3024,   2404,   2389,   3038,       3,      8.4135,      7.0742,      0.0000,      1.3393
    3025,   2176,   2086,   2404,       3,      6.8981,      5.8386,      0.0000,      1.0595
    3026,   2241,   2176,   2404,       3,      9.0661,      7.3439,      0.0000,      1.7223
    3027,   2241,   3038,   2299,       3,     10.1818,      8.1822,      0.0000,      1.9996
    3028,   2241,   2404,   3038,       3,      8.4135,      7.0742,      0.0000,      1.3393
    3029,   2299,   3038,   3039,       3,      8.4135,      7.0742,      0.0000,      1.3393
    3030,   1623,   3037,   2233,       3,      9.0094,      7.4375,      0.0000,      1.5720
    3031,   2234,   2299,   3039,       3,     10.1818,      8.1822,      0.0000,      1.9996
    3032,   2389,   3039,   3038,       3,      9.8386,      8.1009,      0.0000,      1.7377
    3033,     33,   3037,   1623,       3,      8.5634,      7.0792,      0.0000,      1.4842
    3034,   2389,   3037,   3039,       3,      9.0094,      7.4375,      0.0000,      1.5720
    3035,   3037,     33,   3039,       3,      9.0094,      7.4375,      0.0000,      1.5720
    3036,   2227,   2293,   2472,       3,      0.9286,      0.7963,      0.0000,      0.1322
    3037,   2471,   2399,   2472,       3,      0.9342,      0.7926,      0.0000,      0.1417
    3038,   2226,   2292,   2399,       3,      0.7162,      0.6207,      0.0000,      0.0956
    3039,   2400,   2471,   2472,       3,      0.9342,      0.7926,      0.0000,      0.1417
    3040,   2399,   2292,   2472,       3,      0.7162,      0.6207,      0.0000,      0.0956
    3041,   1943,   2029,   2278,       3,    125.7360,     53.7446,      0.0000,     71.9914
    3042,   2031,   1946,   2448,       3,    274.1393,     83.6456,      0.0000,    190.4937
    3043,   2112,   2353,   2276,       3,     19.3339,     14.1168,      0.0000,      5.2171
    3044,   1945,   3040,   2030,       3,    152.1511,     59.8058,      0.0000,     92.3453
    3045,   2365,   2031,   2448,       3,    201.8142,     71.8659,      0.0000,    129.9483
    3046,   2276,   2354,   2448,       3,    115.3630,     47.1173,      0.0000,     68.2458
    3047,   2354,   3040,   2365,       3,    201.8142,     71.8659,      0.0000,    129.9483
    3048,   2276,   2448,   2511,       3,     27.8304,     17.9288,      0.0000,      9.9015
    3049,   2354,   2365,   2448,       3,    201.8142,     71.8659,      0.0000,    129.9483
    3050,   2277,   3040,   2354,       3,    100.7691,     46.1737,      0.0000,     54.5954
    3051,   2277,     51,   2447,       3,    100.7691,     46.1737,      0.0000,     54.5954
    3052,   2278,   2029,   2364,       3,     95.4469,     44.9760,      0.0000,     50.4709
    3053,   2277,   2447,   3040,       3,    146.1715,     61.1360,      0.0000,     85.0354
    3054,     50,   2278,   2364,       3,    102.0773,     47.9842,      0.0000,     54.0931
    3055,   2030,   3040,   2447,       3,    117.2765,     50.6898,      0.0000,     66.5867
    3056,   1944,   2030,   2447,       3,    152.1511,     59.8058,      0.0000,     92.3453
    3057,   1944,   2447,   2364,       3,    102.0773,     47.9842,      0.0000,     54.0931
    3058,   1944,   2364,   2029,       3,    125.7360,     53.7446,      0.0000,     71.9914
    3059,    399,    400,   2384,       3,     52.1256,     24.2825,      0.0000,     27.8432
    3060,     92,   1982,   2073,       3,     55.5322,     26.1454,      0.0000,     29.3867
    3061,     92,   2462,     93,       3,     78.5763,     35.4336,      0.0000,     43.1427
    3062,     91,   2384,   1982,       3,     52.1256,     24.2825,      0.0000,     27.8432
    3063,     92,   2073,   2462,       3,     78.5763,     35.4336,      0.0000,     43.1427
    3064,     92,     91,   1982,       3,     60.8773,     29.6234,      0.0000,     31.2540
    3065,   2241,   2299,   3048,       3,     10.1818,      8.1822,      0.0000,      1.9996
    3066,   2300,   2235,   3041,       3,     59.3998,     31.0238,      0.0000,     28.3760
    3067,     30,   2236,   2363,       3,     97.1625,     51.0374,      0.0000,     46.1251
    3068,    453,   2237,   2301,       3,    123.3525,     55.6815,      0.0000,     67.6710
    3069,   2082,   1992,   3042,       3,    182.4069,     73.2034,      0.0000,    109.2035
    3070,   1993,   2303,   2083,       3,    196.2954,     71.5705,      0.0000,    124.7249
    3071,   1994,   2085,   2240,       3,    172.0007,     64.0728,      0.0000,    107.9279
    3072,   2176,   2241,   2362,       3,      9.0661,      7.3439,      0.0000,      1.7223
    3073,   2300,   3041,   3043,       3,     63.7844,     30.0089,      0.0000,     33.7755
    3074,     31,   2363,   3044,       3,     89.0093,     42.1007,      0.0000,     46.9086
    3075,   2236,   2081,   2363,       3,    120.4830,     58.2109,      0.0000,     62.2722
    3076,   1990,   2081,   2236,       3,    120.4830,     58.2109,      0.0000,     62.2722
    3077,   1990,   2236,   2302,       3,    132.3609,     59.1303,      0.0000,     73.2305
    3078,     29,   2302,   2236,       3,    120.4830,     58.2109,      0.0000,     62.2722
    3079,     29,   2301,   2302,       3,    132.3609,     59.1303,      0.0000,     73.2305
    3080,   2080,   2302,   2301,       3,    123.3525,     55.6815,      0.0000,     67.6710
    3081,   1989,   2080,   2301,       3,    161.2004,     66.7759,      0.0000,     94.4245
    3082,   1989,   2301,   2237,       3,    111.5126,     50.8922,      0.0000,     60.6204
    3083,   3043,   3041,   3045,       3,     63.7844,     30.0089,      0.0000,     33.7755
    3084,   2235,     31,   3044,       3,     73.1239,     38.1861,      0.0000,     34.9378
    3085,   2081,   2238,   2363,       3,    104.1584,     52.1476,      0.0000,     52.0108
    3086,   2238,   2082,   3042,       3,    182.4069,     73.2034,      0.0000,    109.2035
    3087,   1992,   2083,   3042,       3,    197.7279,     79.5249,      0.0000,    118.2030
    3088,   1993,   2084,   2303,       3,    196.2954,     71.5705,      0.0000,    124.7249
    3089,    732,   2240,   2085,       3,    172.0007,     64.0728,      0.0000,    107.9279
    3090,   3043,   3045,   3046,       3,     66.4375,     30.7606,      0.0000,     35.6769
    3091,   3041,   2235,   3044,       3,     63.7844,     30.0089,      0.0000,     33.7755
    3092,   2238,   3044,   2363,       3,    104.1584,     52.1476,      0.0000,     52.0108
    3093,   3043,   2362,   3048,       3,     50.1123,     25.2548,      0.0000,     24.8575
    3094,   2300,   3043,   3048,       3,     40.3971,     21.1274,      0.0000,     19.2697
    3095,   2241,   3048,   2362,       3,     19.5442,     13.0073,      0.0000,      6.5369
    3096,   2234,   2300,   3048,       3,     19.5442,     13.0073,      0.0000,      6.5369
    3097,   1622,   2300,   2234,       3,     27.7665,     16.3275,      0.0000,     11.4390
    3098,     32,   1622,   2234,       3,     21.1179,     14.1381,      0.0000,      6.9798
    3099,   2362,   3046,   3047,       3,     66.4375,     30.7606,      0.0000,     35.6769
    3100,   3041,   3044,   3045,       3,     63.7844,     30.0089,      0.0000,     33.7755
    3101,   2238,   3042,   3049,       3,    118.0922,     52.9530,      0.0000,     65.1393
    3102,   2362,   3043,   3046,       3,     50.1123,     25.2548,      0.0000,     24.8575
    3103,   3045,   3044,   3049,       3,    118.0922,     52.9530,      0.0000,     65.1393
    3104,   1996,   2362,   3047,       3,     76.1046,     34.2562,      0.0000,     41.8484
    3105,   2238,   3049,   3044,       3,    118.0922,     52.9530,      0.0000,     65.1393
    3106,   2239,   3047,   3046,       3,     66.4375,     30.7606,      0.0000,     35.6769
    3107,   2239,   3049,   3042,       3,    118.0922,     52.9530,      0.0000,     65.1393
    3108,   2239,   3046,   3045,       3,     83.0674,     37.5334,      0.0000,     45.5340
    3109,   2239,   3045,   3049,       3,    118.0922,     52.9530,      0.0000,     65.1393
    3110,   1996,   2304,   2240,       3,     99.6389,     43.7615,      0.0000,     55.8774
    3111,   2239,   2303,   3047,       3,    115.9722,     50.4463,      0.0000,     65.5260
    3112,   2303,   2084,   2304,       3,    136.8032,     53.3260,      0.0000,     83.4772
    3113,   2304,   1996,   3047,       3,     99.6389,     43.7615,      0.0000,     55.8774
    3114,   2303,   2304,   3047,       3,     99.6389,     43.7615,      0.0000,     55.8774
    3115,   1085,   2069,   1981,       3,     39.4604,     18.9861,      0.0000,     20.4744
    3116,    398,    399,   2068,       3,     49.4011,     20.4064,      0.0000,     28.9947
    3117,     91,   2068,   2384,       3,     52.1256,     24.2825,      0.0000,     27.8432
    3118,    476,   1085,   1981,       3,     42.3853,     21.0273,      0.0000,     21.3580
    3119,    399,   2384,   2068,       3,     52.1256,     24.2825,      0.0000,     27.8432
    3120,    476,   1981,   2068,       3,     43.1685,     18.9358,      0.0000,     24.2327
    3121,    398,   2068,   1981,       3,     46.4179,     21.9759,      0.0000,     24.4420
    3122,    450,   2211,   2079,       3,    104.8215,     46.2397,      0.0000,     58.5818
    3123,    452,   2237,    453,       3,    100.9620,     50.3066,      0.0000,     50.6553
    3124,    451,    450,   2079,       3,     90.8324,     47.8918,      0.0000,     42.9406
    3125,    452,   2079,   2237,       3,    111.5126,     50.8922,      0.0000,     60.6204
    3126,    452,    451,   2079,       3,     90.8324,     47.8918,      0.0000,     42.9406
    3127,     49,    462,   2028,       3,     56.8789,     26.9342,      0.0000,     29.9448
    3128,    461,   1942,   2028,       3,    181.1871,     64.3431,      0.0000,    116.8440
    3129,   1942,    461,   2027,       3,    201.3278,     68.5583,      0.0000,    132.7695
    3130,    462,    461,   2028,       3,     56.8789,     26.9342,      0.0000,     29.9448
    3131,     46,   1628,   3050,       3,     10.6125,      8.0900,      0.0000,      2.5225
    3132,   1627,     45,   3051,       3,     10.0006,      8.0240,      0.0000,      1.9766
    3133,   1626,    958,   2263,       3,      8.4523,      6.8578,      0.0000,      1.5945
    3134,   2206,   3052,   3056,       3,      9.4762,      7.5219,      0.0000,      1.9543
    3135,    794,   2161,   2019,       3,      7.8682,      6.3317,      0.0000,      1.5365
    3136,   2162,   2207,   3053,       3,    156.4352,     41.4422,      0.0000,    114.9931
    3137,   1938,   2024,   3060,       3,    379.6073,     74.3524,      0.0000,    305.2549
    3138,     44,   2264,   3056,       3,      8.4510,      6.9965,      0.0000,      1.4544
    3139,   2161,    795,   2162,       3,      8.8967,      7.1790,      0.0000,      1.7177
    3140,   2022,   2023,   2207,       3,    204.2646,     62.9524,      0.0000,    141.3122
    3141,   2023,   1938,   3054,       3,    285.7808,     50.8301,      0.0000,    234.9507
    3142,     44,   2263,   2264,       3,      8.0793,      6.5886,      0.0000,      1.4907
    3143,   2206,   3056,   2264,       3,      7.7749,      6.4266,      0.0000,      1.3483
    3144,   2161,   2162,   2206,       3,      8.9794,      7.3468,      0.0000,      1.6326
    3145,   2023,   3053,   2207,       3,    297.2039,     69.5940,      0.0000,    227.6099
    3146,   2024,   1939,   3057,       3,    310.2709,     73.7429,      0.0000,    236.5280
    3147,     47,     46,   3058,       3,     18.9364,     12.0333,      0.0000,      6.9032
    3148,    959,   3050,   1628,       3,     10.6125,      8.0900,      0.0000,      2.5225
    3149,   1627,   3051,   3059,       3,      9.2040,      7.5162,      0.0000,      1.6878
    3150,     44,   1626,   2263,       3,      8.4523,      6.8578,      0.0000,      1.5945
    3151,   2162,   3052,   2206,       3,      8.9794,      7.3468,      0.0000,      1.6326
    3152,   2022,   1937,   2023,       3,    241.2904,     74.7240,      0.0000,    166.5664
    3153,     46,   3050,   3058,       3,     18.9364,     12.0333,      0.0000,      6.9032
    3154,    959,   1627,   3059,       3,     10.7450,      8.2683,      0.0000,      2.4767
    3155,     45,     44,   3056,       3,      8.9278,      7.3685,      0.0000,      1.5593
    3156,   3052,   2162,   3053,       3,      9.4762,      7.5219,      0.0000,      1.9543
    3157,   3053,   2023,   3054,       3,    285.7808,     50.8301,      0.0000,    234.9507
    3158,   3053,   3054,   3058,       3,     90.0030,     24.7146,      0.0000,     65.2884
    3159,   3058,   3054,   3060,       3,    460.8967,     68.0457,      0.0000,    392.8510
    3160,     47,   3058,   3060,       3,     90.0030,     24.7146,      0.0000,     65.2884
    3161,   1938,   3060,   3054,       3,    285.7808,     50.8301,      0.0000,    234.9507
    3162,   3057,     47,   3060,       3,    553.4117,     82.7634,      0.0000,    470.6482
    3163,   2024,   3057,   3060,       3,    460.8967,     68.0457,      0.0000,    392.8510
    3164,   3051,     45,   3056,       3,      9.2040,      7.5162,      0.0000,      1.6878
    3165,   3050,   3053,   3058,       3,     90.0030,     24.7146,      0.0000,     65.2884
    3166,   3050,    959,   3059,       3,     10.7755,      8.3414,      0.0000,      2.4342
    3167,   3051,   3056,   3052,       3,      9.2040,      7.5162,      0.0000,      1.6878
    3168,   3051,   3052,   3059,       3,      9.2040,      7.5162,      0.0000,      1.6878
    3169,   3052,   3053,   3059,       3,     10.7755,      8.3414,      0.0000,      2.4342
    3170,   3050,   3059,   3053,       3,     13.9831,      9.7388,      0.0000,      4.2443
    3171,   2025,   1940,   3055,       3,    479.3249,     99.1008,      0.0000,    380.2240
    3172,    457,     48,   2025,       3,    692.2026,     94.3424,      0.0000,    597.8602
    3173,     48,     47,   3057,       3,    360.1216,     52.5033,      0.0000,    307.6182
    3174,   1939,   2025,   3057,       3,    553.4117,     82.7634,      0.0000,    470.6482
    3175,    457,   2025,   3055,       3,    425.8554,     89.6401,      0.0000,    336.2153
    3176,   2025,     48,   3057,       3,    553.4117,     82.7634,      0.0000,    470.6482
    3177,    458,    457,   3055,       3,    450.3590,     89.7640,      0.0000,    360.5950
    3178,   1940,   2026,   3055,       3,    425.8554,     89.6401,      0.0000,    336.2153
    3179,    460,   2027,    461,       3,     88.4974,     42.3707,      0.0000,     46.1267
    3180,    458,   3055,   2026,       3,    425.8554,     89.6401,      0.0000,    336.2153
    3181,    460,    459,   3061,       3,    132.1136,     53.9668,      0.0000,     78.1468
    3182,   2027,    460,   3061,       3,    158.2748,     61.4123,      0.0000,     96.8625
    3183,    459,    458,   2026,       3,    201.6892,     66.9615,      0.0000,    134.7277
    3184,   1941,   2027,   3061,       3,    158.2748,     61.4123,      0.0000,     96.8625
    3185,    459,   2026,   3061,       3,    158.2748,     61.4123,      0.0000,     96.8625
    3186,   2026,   1941,   3061,       3,    402.5055,    111.2444,      0.0000,    291.2611
    3187,    958,   1625,   2267,       3,      7.3260,      5.9400,      0.0000,      1.3860
    3188,   2266,   2265,   3062,       3,      8.0653,      6.4496,      0.0000,      1.6157
    3189,   2264,   2263,   3063,       3,      7.7749,      6.4266,      0.0000,      1.3483
    3190,   2108,   3062,   2265,       3,      7.8287,      6.1911,      0.0000,      1.6377
    3191,   2263,   2267,   3063,       3,      7.7100,      6.3021,      0.0000,      1.4079
    3192,   2108,   2161,   3062,       3,      7.9485,      6.4503,      0.0000,      1.4982
    3193,   2263,    958,   2267,       3,      8.0793,      6.5886,      0.0000,      1.4907
    3194,   2206,   2264,   3062,       3,      7.7749,      6.4266,      0.0000,      1.3483
    3195,   2266,   3063,   2267,       3,      7.7100,      6.3021,      0.0000,      1.4079
    3196,   3062,   2264,   3063,       3,      7.7100,      6.3021,      0.0000,      1.4079
    3197,   2266,   3062,   3063,       3,      8.0653,      6.4496,      0.0000,      1.6157
    3198,    449,   2211,    450,       3,     94.2526,     48.5699,      0.0000,     45.6826
    3199,   1987,   2078,   2212,       3,    129.9751,     51.1443,      0.0000,     78.8308
    3200,   2211,    449,   2212,       3,    104.8215,     46.2397,      0.0000,     58.5818
    3201,   2078,   2211,   2212,       3,    129.9751,     51.1443,      0.0000,     78.8308
    3202,   1936,   2022,   3064,       3,    181.2049,     64.0829,      0.0000,    117.1220
    3203,   2109,   2207,   2162,       3,    156.4352,     41.4422,      0.0000,    114.9931
    3204,    796,   2020,   2109,       3,     80.8766,     29.5636,      0.0000,     51.3130
    3205,   2021,   1936,   3064,       3,    181.2049,     64.0829,      0.0000,    117.1220
    3206,   2022,   2207,   3064,       3,    143.0128,     48.5042,      0.0000,     94.5085
    3207,   2109,   3064,   2207,       3,    143.0128,     48.5042,      0.0000,     94.5085
    3208,   2020,   3064,   2109,       3,    113.0381,     44.0755,      0.0000,     68.9626
    3209,   2020,   2021,   3064,       3,    169.0596,     62.0443,      0.0000,    107.0153
    3210,   1935,   2021,   2020,       3,    170.3613,     62.5147,      0.0000,    107.8466
    3211,    797,   1935,   2020,       3,    170.3613,     62.5147,      0.0000,    107.8466
    3212,    258,   1935,    797,       3,    170.3613,     62.5147,      0.0000,    107.8466
    3213,    258,    259,   1935,       3,    184.5129,     67.0035,      0.0000,    117.5094
    3214,   2053,   1966,   3065,       3,    237.7401,     54.1605,      0.0000,    183.5796
    3215,   2054,   1967,   3066,       3,    176.1380,     42.1085,      0.0000,    134.0294
    3216,   2055,   1968,   3067,       3,    161.8358,     36.0942,      0.0000,    125.7415
    3217,   2056,   1969,   3068,       3,    164.9153,     39.8256,      0.0000,    125.0896
    3218,   2057,   1970,   3069,       3,    169.9350,     38.8926,      0.0000,    131.0424
    3219,   2058,   1971,   3070,       3,    209.6194,     54.0389,      0.0000,    155.5805
    3220,   2059,   1972,   3071,       3,    241.8005,     64.3132,      0.0000,    177.4873
    3221,   2060,   1973,   3072,       3,    295.5642,     62.0745,      0.0000,    233.4898
    3222,   2061,   1974,   3073,       3,    352.5391,     64.8677,      0.0000,    287.6715
    3223,   2062,   1975,   3074,       3,    468.0492,     91.7267,      0.0000,    376.3225
    3224,   2063,   1976,   3075,       3,    439.2040,     72.3035,      0.0000,    366.9005
    3225,     88,   1110,   2067,       3,    306.9242,     47.9041,      0.0000,    259.0201
    3226,   1109,   1108,   3076,       3,    384.7098,     63.6655,      0.0000,    321.0443
    3227,   1106,   1105,   3077,       3,    336.2778,     61.0357,      0.0000,    275.2421
    3228,   1102,   3090,   1103,       3,    270.6446,     57.3598,      0.0000,    213.2848
    3229,   1099,   3079,   3123,       3,    142.1418,     45.8536,      0.0000,     96.2882
    3230,   1097,   1096,   3080,       3,     65.7907,     24.6039,      0.0000,     41.1868
    3231,   1094,   1093,   3081,       3,     39.7934,     16.7289,      0.0000,     23.0645
    3232,   1091,   1090,   3082,       3,     62.1408,     31.2381,      0.0000,     30.9028
    3233,    471,     76,   3083,       3,    152.4714,     45.0866,      0.0000,    107.3848
    3234,    123,   2175,    489,       3,      8.7026,      6.0019,      0.0000,      2.7008
    3235,    488,    121,   3084,       3,    229.9402,     33.2081,      0.0000,    196.7321
    3236,   2124,    120,   3085,       3,    295.0426,     62.3047,      0.0000,    232.7379
    3237,   1966,    353,   2054,       3,    226.1033,     51.4441,      0.0000,    174.6592
    3238,   1967,   2055,   3066,       3,    160.2595,     36.3182,      0.0000,    123.9413
    3239,   3066,   3067,   3087,       3,    117.3344,     31.9951,      0.0000,     85.3393
    3240,   1968,    359,   2056,       3,    161.8358,     36.0942,      0.0000,    125.7415
    3241,   1969,   2057,   3068,       3,    159.3001,     39.4805,      0.0000,    119.8196
    3242,   3068,   3069,   3088,       3,    105.2171,     33.1774,      0.0000,     72.0396
    3243,   1970,    365,   2058,       3,    169.9350,     38.8926,      0.0000,    131.0424
    3244,   1971,   2059,   3070,       3,    208.9488,     52.0839,      0.0000,    156.8649
    3245,   3070,   3071,   3089,       3,    159.9315,     51.8863,      0.0000,    108.0452
    3246,   1972,    371,   2060,       3,    253.8957,     59.2748,      0.0000,    194.6210
    3247,   1973,   2061,   3072,       3,    267.0328,     55.9574,      0.0000,    211.0754
    3248,   3072,   3073,   3090,       3,    267.0328,     55.9574,      0.0000,    211.0754
    3249,   1974,    377,   2062,       3,    380.7413,     67.2259,      0.0000,    313.5154
    3250,   1975,   2063,   3074,       3,    482.1259,     85.6689,      0.0000,    396.4570
    3251,   3074,   3075,   3091,       3,    382.9779,     73.8877,      0.0000,    309.0902
    3252,   1976,    383,   2064,       3,    481.9268,     56.4232,      0.0000,    425.5036
    3253,   1975,    380,   2063,       3,    484.9889,     89.7394,      0.0000,    395.2495
    3254,   2063,   3075,   3074,       3,    482.1259,     85.6689,      0.0000,    396.4570
    3255,   1106,   3074,   3091,       3,    382.9779,     73.8877,      0.0000,    309.0902
    3256,   1108,   1107,   3091,       3,    356.5484,     70.1308,      0.0000,    286.4177
    3257,   1108,   3091,   3075,       3,    439.2040,     72.3035,      0.0000,    366.9005
    3258,   1108,   3075,   3076,       3,    419.4006,     53.1328,      0.0000,    366.2679
    3259,   1976,   3076,   3075,       3,    439.2040,     72.3035,      0.0000,    366.9005
    3260,   1976,   2064,   3076,       3,    419.4006,     53.1328,      0.0000,    366.2679
    3261,   1109,   3076,   2064,       3,    419.4006,     53.1328,      0.0000,    366.2679
    3262,   1110,   1109,   2064,       3,    391.3513,     45.6889,      0.0000,    345.6624
    3263,   1110,   2064,   1977,       3,    462.7759,     55.9478,      0.0000,    406.8280
    3264,   1110,   1977,   2067,       3,    414.3862,     58.8774,      0.0000,    355.5088
    3265,   1966,   2054,   3065,       3,    172.8607,     39.5121,      0.0000,    133.3486
    3266,   1967,    356,   2055,       3,    176.4389,     38.4335,      0.0000,    138.0053
    3267,   3067,   3092,   3114,       3,    103.3251,     29.2911,      0.0000,     74.0341
    3268,   2056,   3068,   3093,       3,    126.1393,     37.0370,      0.0000,     89.1023
    3269,   3088,   3069,   3094,       3,    105.2171,     33.1774,      0.0000,     72.0396
    3270,   2058,   3070,   3095,       3,    164.9420,     43.7025,      0.0000,    121.2395
    3271,   3089,   3071,   3096,       3,    159.9315,     51.8863,      0.0000,    108.0452
    3272,   1973,    374,   2061,       3,    315.4641,     65.9823,      0.0000,    249.4818
    3273,   3090,   3073,   3097,       3,    309.5427,     60.8995,      0.0000,    248.6432
    3274,   1106,   3091,   1107,       3,    356.5484,     70.1308,      0.0000,    286.4177
    3275,   1974,   2062,   3073,       3,    352.5391,     64.8677,      0.0000,    287.6715
    3276,   3074,   1106,   3077,       3,    360.1504,     66.1859,      0.0000,    293.9644
    3277,   3077,   1105,   3097,       3,    360.1504,     66.1859,      0.0000,    293.9644
    3278,   2062,   3097,   3073,       3,    328.4595,     61.6564,      0.0000,    266.8031
    3279,   2062,   3074,   3077,       3,    360.1504,     66.1859,      0.0000,    293.9644
    3280,   2062,   3077,   3097,       3,    360.1504,     66.1859,      0.0000,    293.9644
    3281,   1968,   2056,   3067,       3,    161.8358,     36.0942,      0.0000,    125.7415
    3282,   1969,    362,   2057,       3,    175.4770,     41.3570,      0.0000,    134.1200
    3283,   2175,    123,   3098,       3,      9.1058,      6.3331,      0.0000,      2.7727
    3284,   2123,    488,   3084,       3,     22.5675,     15.2444,      0.0000,      7.3230
    3285,    121,    487,   3099,       3,    378.2166,     52.3882,      0.0000,    325.8284
    3286,    120,   4286,   3085,       3,    291.2761,     73.1423,      0.0000,    218.1338
    3287,   1168,   3086,   3105,       3,    278.5834,     73.0631,      0.0000,    205.5203
    3288,   2050,   1963,   3100,       3,    446.3222,     97.8979,      0.0000,    348.4243
    3289,   2051,   1964,   3101,       3,    497.6503,    112.6146,      0.0000,    385.0357
    3290,   2052,   1965,   3102,       3,    275.0032,     64.7786,      0.0000,    210.2246
    3291,   3065,   3103,   3102,       3,    172.8607,     39.5121,      0.0000,    133.3486
    3292,   2055,   3067,   3066,       3,    160.2595,     36.3182,      0.0000,    123.9413
    3293,   2056,   3092,   3067,       3,    103.3251,     29.2911,      0.0000,     74.0341
    3294,   2057,   3069,   3068,       3,    159.3001,     39.4805,      0.0000,    119.8196
    3295,   1095,   3080,   1096,       3,     65.7907,     24.6039,      0.0000,     41.1868
    3296,   3068,   3088,   3093,       3,    105.2171,     33.1774,      0.0000,     72.0396
    3297,   1095,   1094,   3104,       3,     50.9217,     23.1536,      0.0000,     27.7682
    3298,   3080,   3093,   3088,       3,    105.2171,     33.1774,      0.0000,     72.0396
    3299,   3080,   1095,   3104,       3,     62.9413,     25.7657,      0.0000,     37.1755
    3300,   3093,   3080,   3104,       3,     67.3343,     27.3520,      0.0000,     39.9823
    3301,   3085,   1167,   3105,       3,    287.1658,     70.9021,      0.0000,    216.2637
    3302,   2050,   3100,   3106,       3,    428.0060,     96.0220,      0.0000,    331.9840
    3303,   2051,   3101,   3107,       3,    403.8332,     91.6416,      0.0000,    312.1916
    3304,   2052,   3102,   3108,       3,    180.8272,     46.9059,      0.0000,    133.9213
    3305,   1965,    350,   2053,       3,    345.5086,     75.4991,      0.0000,    270.0095
    3306,   3103,   3065,   3109,       3,    141.1461,     35.4885,      0.0000,    105.6576
    3307,   3066,   3087,   3110,       3,    117.3344,     31.9951,      0.0000,     85.3393
    3308,   2056,   3093,   3120,       3,     86.1718,     27.2929,      0.0000,     58.8789
    3309,   1094,   3081,   3104,       3,     67.3343,     27.3520,      0.0000,     39.9823
    3310,   1092,   3081,   1093,       3,     39.7934,     16.7289,      0.0000,     23.0645
    3311,   1091,   3082,   3111,       3,     69.9806,     30.7780,      0.0000,     39.2027
    3312,     77,    471,   3112,       3,    121.0286,     42.7048,      0.0000,     78.3238
    3313,   1167,   1168,   3105,       3,    278.5834,     73.0631,      0.0000,    205.5203
    3314,   3086,   2050,   3106,       3,    340.1406,     79.6897,      0.0000,    260.4509
    3315,    345,   3100,   1963,       3,    446.3222,     97.8979,      0.0000,    348.4243
    3316,   3110,   3087,   3114,       3,    117.3344,     31.9951,      0.0000,     85.3393
    3317,   1092,   1091,   3111,       3,     57.0188,     25.8337,      0.0000,     31.1851
    3318,     77,   3082,   1090,       3,     62.1408,     31.2381,      0.0000,     30.9028
    3319,    471,   3083,   3112,       3,    103.8662,     41.2028,      0.0000,     62.6634
    3320,   3083,     76,   3113,       3,    115.8398,     36.0222,      0.0000,     79.8176
    3321,   3084,    121,   3099,       3,    229.9402,     33.2081,      0.0000,    196.7321
    3322,    487,   2124,   3099,       3,    378.2166,     52.3882,      0.0000,    325.8284
    3323,   3085,   3105,   3115,       3,    291.9266,     71.8428,      0.0000,    220.0838
    3324,    345,   2051,   3100,       3,    428.0060,     96.0220,      0.0000,    331.9840
    3325,   3083,   3084,   3117,       3,    281.0029,     59.9225,      0.0000,    221.0804
    3326,   2124,   3085,   3115,       3,    291.9266,     71.8428,      0.0000,    220.0838
    3327,   3086,   3115,   3105,       3,    278.5834,     73.0631,      0.0000,    205.5203
    3328,   3084,   3083,   3113,       3,    115.8398,     36.0222,      0.0000,     79.8176
    3329,   3084,   3099,   3117,       3,    281.0029,     59.9225,      0.0000,    221.0804
    3330,   3086,   3106,   3115,       3,    285.8594,     77.0179,      0.0000,    208.8415
    3331,   3116,   3083,   3117,       3,    281.0029,     59.9225,      0.0000,    221.0804
    3332,   3099,   2124,   3118,       3,    323.6449,     63.1821,      0.0000,    260.4628
    3333,   2124,   3115,   3118,       3,    291.2911,     69.3617,      0.0000,    221.9293
    3334,   3106,   3118,   3115,       3,    285.8594,     77.0179,      0.0000,    208.8415
    3335,   3099,   3107,   3116,       3,    107.3061,     44.7601,      0.0000,     62.5460
    3336,   3099,   3116,   3117,       3,    281.0029,     59.9225,      0.0000,    221.0804
    3337,   3107,   3099,   3118,       3,    291.2911,     69.3617,      0.0000,    221.9293
    3338,   2051,   3107,   3106,       3,    460.2082,    103.2204,      0.0000,    356.9878
    3339,   3106,   3107,   3118,       3,    291.2911,     69.3617,      0.0000,    221.9293
    3340,   2051,   3106,   3100,       3,    428.0060,     96.0220,      0.0000,    331.9840
    3341,   3067,   3114,   3087,       3,    117.3344,     31.9951,      0.0000,     85.3393
    3342,   3081,   1092,   3111,       3,     47.2513,     19.6979,      0.0000,     27.5534
    3343,     77,   3112,   3119,       3,     92.6294,     32.6061,      0.0000,     60.0234
    3344,   3107,   3108,   3116,       3,    107.3061,     44.7601,      0.0000,     62.5460
    3345,   1965,   2053,   3102,       3,    252.0934,     58.5306,      0.0000,    193.5628
    3346,   2054,   3109,   3065,       3,    133.3211,     35.5135,      0.0000,     97.8076
    3347,   2054,   3066,   3110,       3,    136.7886,     35.6473,      0.0000,    101.1413
    3348,   3114,   3092,   3120,       3,    103.3251,     29.2911,      0.0000,     74.0341
    3349,   3111,   3082,   3121,       3,     69.9806,     30.7780,      0.0000,     39.2027
    3350,   3112,   3083,   3116,       3,    222.0283,     58.7785,      0.0000,    163.2499
    3351,   2053,   3065,   3102,       3,    180.8272,     46.9059,      0.0000,    133.9213
    3352,   3109,   2054,   3110,       3,    133.3211,     35.5135,      0.0000,     97.8076
    3353,   2056,   3120,   3092,       3,    103.3251,     29.2911,      0.0000,     74.0341
    3354,   3082,     77,   3119,       3,     69.9806,     30.7780,      0.0000,     39.2027
    3355,   3108,   3112,   3116,       3,    107.3061,     44.7601,      0.0000,     62.5460
    3356,   3102,   3103,   3108,       3,    141.1461,     35.4885,      0.0000,    105.6576
    3357,   3110,   3111,   3121,       3,    112.3669,     33.2811,      0.0000,     79.0858
    3358,   3082,   3119,   3121,       3,     92.6294,     32.6061,      0.0000,     60.0234
    3359,   3108,   3119,   3112,       3,     92.6294,     32.6061,      0.0000,     60.0234
    3360,   3109,   3110,   3121,       3,    133.3211,     35.5135,      0.0000,     97.8076
    3361,   3108,   3121,   3119,       3,     92.6294,     32.6061,      0.0000,     60.0234
    3362,   3103,   3109,   3121,       3,    133.3211,     35.5135,      0.0000,     97.8076
    3363,   3103,   3121,   3108,       3,    141.1461,     35.4885,      0.0000,    105.6576
    3364,   3111,   3110,   3114,       3,     99.6333,     30.1613,      0.0000,     69.4719
    3365,   3093,   3104,   3120,       3,     93.3939,     31.6282,      0.0000,     61.7656
    3366,   3081,   3111,   3114,       3,     99.6333,     30.1613,      0.0000,     69.4719
    3367,   3081,   3120,   3104,       3,     55.4464,     21.8747,      0.0000,     33.5717
    3368,   3081,   3114,   3120,       3,     86.1718,     27.2929,      0.0000,     58.8789
    3369,    348,   3101,   1964,       3,    497.6503,    112.6146,      0.0000,    385.0357
    3370,   2052,   3108,   3107,       3,    275.0032,     64.7786,      0.0000,    210.2246
    3371,    348,    349,   3101,       3,    483.7827,    106.9771,      0.0000,    376.8057
    3372,   2052,   3107,   3101,       3,    275.0032,     64.7786,      0.0000,    210.2246
    3373,    123,   1137,   3098,       3,     10.0768,      7.0019,      0.0000,      3.0749
    3374,   2123,   3084,   3113,       3,    115.8398,     36.0222,      0.0000,     79.8176
    3375,     76,    470,   3113,       3,    115.8398,     36.0222,      0.0000,     79.8176
    3376,     74,   2175,   3098,       3,      9.0971,      6.2696,      0.0000,      2.8275
    3377,    470,   2123,   3113,       3,     41.0971,     20.5781,      0.0000,     20.5190
    3378,   1060,     74,   3098,       3,     10.0768,      7.0019,      0.0000,      3.0749
    3379,     75,   2123,    470,       3,     41.0971,     20.5781,      0.0000,     20.5190
    3380,   3098,   1137,   3122,       3,     12.0489,      8.6869,      0.0000,      3.3620
    3381,     75,    122,   2123,       3,     22.5675,     15.2444,      0.0000,      7.3230
    3382,   1060,   3098,   3122,       3,     11.7648,      8.1473,      0.0000,      3.6175
    3383,    122,   3122,   1137,       3,     13.7041,      9.8578,      0.0000,      3.8463
    3384,     75,   1060,   3122,       3,     13.7041,      9.8578,      0.0000,      3.8463
    3385,     75,   3122,    122,       3,     13.7041,      9.8578,      0.0000,      3.8463
    3386,   1970,   2058,   3069,       3,    128.9715,     35.3225,      0.0000,     93.6490
    3387,   1971,    368,   2059,       3,    219.9101,     52.1250,      0.0000,    167.7852
    3388,   2059,   3071,   3070,       3,    208.9488,     52.0839,      0.0000,    156.8649
    3389,   1099,   3123,   1100,       3,    179.3768,     51.2626,      0.0000,    128.1142
    3390,   1098,   3079,   1099,       3,    155.5471,     50.3798,      0.0000,    105.1673
    3391,   1097,   3080,   3124,       3,    102.5131,     35.8721,      0.0000,     66.6410
    3392,   2058,   3094,   3069,       3,    106.0808,     32.6039,      0.0000,     73.4770
    3393,   3070,   3089,   3095,       3,    159.9315,     51.8863,      0.0000,    108.0452
    3394,   3079,   3089,   3123,       3,    167.2512,     52.3191,      0.0000,    114.9321
    3395,   1098,   1097,   3124,       3,     79.1625,     28.0159,      0.0000,     51.1466
    3396,   3080,   3088,   3094,       3,    106.0808,     32.6039,      0.0000,     73.4770
    3397,   3079,   3095,   3089,       3,    142.1418,     45.8536,      0.0000,     96.2882
    3398,   3080,   3094,   3124,       3,    106.0808,     32.6039,      0.0000,     73.4770
    3399,   1098,   3095,   3079,       3,    142.1418,     45.8536,      0.0000,     96.2882
    3400,   3095,   1098,   3124,       3,    102.5131,     35.8721,      0.0000,     66.6410
    3401,   2058,   3095,   3124,       3,    131.3907,     40.2915,      0.0000,     91.0992
    3402,   2058,   3124,   3094,       3,    106.0808,     32.6039,      0.0000,     73.4770
    3403,   1972,   2060,   3071,       3,    241.8005,     64.3132,      0.0000,    177.4873
    3404,   2061,   3073,   3072,       3,    313.2872,     64.7188,      0.0000,    248.5683
    3405,   1104,   3097,   1105,       3,    298.0675,     59.3345,      0.0000,    238.7330
    3406,   1101,   3078,   1102,       3,    206.0564,     50.3788,      0.0000,    155.6775
    3407,   1100,   3123,   3125,       3,    167.2512,     52.3191,      0.0000,    114.9321
    3408,   2060,   3096,   3071,       3,    181.2876,     51.1867,      0.0000,    130.1009
    3409,   2060,   3072,   3126,       3,    239.7840,     53.1112,      0.0000,    186.6728
    3410,   1101,   1100,   3125,       3,    184.0540,     47.0022,      0.0000,    137.0519
    3411,   3089,   3096,   3123,       3,    167.2512,     52.3191,      0.0000,    114.9321
    3412,   2060,   3126,   3078,       3,    239.7840,     53.1112,      0.0000,    186.6728
    3413,   3078,   1101,   3125,       3,    184.0540,     47.0022,      0.0000,    137.0519
    3414,   3096,   3125,   3123,       3,    184.0540,     47.0022,      0.0000,    137.0519
    3415,   2060,   3078,   3096,       3,    181.2876,     51.1867,      0.0000,    130.1009
    3416,   3078,   3125,   3096,       3,    184.0540,     47.0022,      0.0000,    137.0519
    3417,   3072,   3090,   3126,       3,    239.7840,     53.1112,      0.0000,    186.6728
    3418,   1104,   3090,   3097,       3,    328.4595,     61.6564,      0.0000,    266.8031
    3419,   1103,   3090,   1104,       3,    270.6446,     57.3598,      0.0000,    213.2848
    3420,   1102,   3078,   3090,       3,    248.6289,     55.4442,      0.0000,    193.1847
    3421,   3090,   3078,   3126,       3,    239.7840,     53.1112,      0.0000,    186.6728
    3422,   1956,    324,   2044,       3,    219.0895,     76.5827,      0.0000,    142.5068
    3423,   1957,    327,   2045,       3,    227.7080,     72.0744,      0.0000,    155.6336
    3424,   1958,    330,   2046,       3,    232.3969,     76.7761,      0.0000,    155.6208
    3425,   1959,    333,   2047,       3,    266.2906,     78.1942,      0.0000,    188.0964
    3426,   1960,    336,   2048,       3,    342.2499,     95.3968,      0.0000,    246.8532
    3427,   1961,    339,   2049,       3,    381.6837,    102.6543,      0.0000,    279.0295
    3428,   1962,    342,   2050,       3,    417.9132,    104.8230,      0.0000,    313.0903
    3429,   1168,   2125,   3086,       3,    284.5058,     80.0737,      0.0000,    204.4321
    3430,   1169,   1170,   2125,       3,    248.7970,     77.1944,      0.0000,    171.6026
    3431,   1172,   1173,   2126,       3,    122.6485,     46.7134,      0.0000,     75.9352
    3432,   1959,   2047,   3128,       3,    266.2906,     78.1942,      0.0000,    188.0964
    3433,   2046,   1959,   3128,       3,    266.2906,     78.1942,      0.0000,    188.0964
    3434,   1960,   2048,   3130,       3,    330.4498,     92.5134,      0.0000,    237.9364
    3435,   1173,   1174,   3127,       3,     93.9856,     45.0361,      0.0000,     48.9494
    3436,   1958,   2046,   2126,       3,    232.3969,     76.7761,      0.0000,    155.6208
    3437,   2126,   1173,   3127,       3,    146.3607,     59.6269,      0.0000,     86.7338
    3438,   2045,   1958,   2126,       3,    232.3969,     76.7761,      0.0000,    155.6208
    3439,   2045,   2126,   3127,       3,    196.9022,     63.1948,      0.0000,    133.7074
    3440,   2047,   1960,   3130,       3,    315.3901,     93.8292,      0.0000,    221.5609
    3441,   2048,   1961,   3129,       3,    381.6837,    102.6543,      0.0000,    279.0295
    3442,   2126,   2046,   3128,       3,    237.3020,     79.0613,      0.0000,    158.2407
    3443,   3128,   2047,   3130,       3,    273.9193,     86.2869,      0.0000,    187.6324
    3444,   2048,   3129,   3130,       3,    330.4498,     92.5134,      0.0000,    237.9364
    3445,   1172,   2126,   3128,       3,    158.6628,     60.0050,      0.0000,     98.6577
    3446,   2125,   3130,   3129,       3,    315.1989,     86.9097,      0.0000,    228.2892
    3447,   1170,   1171,   3128,       3,    132.1586,     45.5632,      0.0000,     86.5954
    3448,   1170,   3130,   2125,       3,    266.4870,     77.4032,      0.0000,    189.0838
    3449,   1170,   3128,   3130,       3,    257.5449,     80.7449,      0.0000,    176.8000
    3450,   2125,   2049,   3086,       3,    364.4117,     93.8636,      0.0000,    270.5481
    3451,   1961,   2049,   3129,       3,    381.6837,    102.6543,      0.0000,    279.0295
    3452,   2049,   2125,   3129,       3,    315.1989,     86.9097,      0.0000,    228.2892
    3453,   2049,   2050,   3086,       3,    397.8470,    100.5538,      0.0000,    297.2932
    3454,   2049,   1962,   2050,       3,    417.9132,    104.8230,      0.0000,    313.0903
    3455,   1957,   2045,   3127,       3,    213.3938,     76.4800,      0.0000,    136.9138
    3456,   1174,   2127,   3127,       3,    144.5712,     57.8294,      0.0000,     86.7418
    3457,   1956,   2044,   2127,       3,    199.6105,     68.3109,      0.0000,    131.2997
    3458,   2044,   1957,   3127,       3,    213.3938,     76.4800,      0.0000,    136.9138
    3459,   2127,   2044,   3127,       3,    196.6840,     74.8964,      0.0000,    121.7875
    3460,   1089,     90,   1979,       3,     97.4636,     32.9194,      0.0000,     64.5442
    3461,    391,    392,   2071,       3,     69.7685,     29.2487,      0.0000,     40.5198
    3462,    472,   2071,   2128,       3,     69.7685,     29.2487,      0.0000,     40.5198
    3463,   1089,   1979,   2071,       3,     69.7685,     29.2487,      0.0000,     40.5198
    3464,    392,   2128,   2071,       3,     52.3152,     22.5304,      0.0000,     29.7848
    3465,    391,   2071,   1979,       3,     99.3105,     35.9458,      0.0000,     63.3647
    3466,    309,   3131,   1951,       3,    169.6032,     69.6815,      0.0000,     99.9216
    3467,   1952,    312,   2040,       3,    199.4308,     79.6229,      0.0000,    119.8080
    3468,   1953,    315,   2041,       3,    209.2306,     76.9263,      0.0000,    132.3043
    3469,    318,   2042,   3132,       3,    171.1651,     74.2960,      0.0000,     96.8691
    3470,   1955,    321,   2043,       3,    208.3042,     78.4017,      0.0000,    129.9025
    3471,   2043,   1956,   2127,       3,    199.6105,     68.3109,      0.0000,    131.2997
    3472,   1174,   1175,   2127,       3,     93.9856,     45.0361,      0.0000,     48.9494
    3473,   1175,   2043,   2127,       3,    144.5712,     57.8294,      0.0000,     86.7418
    3474,   1177,   2041,   3132,       3,    171.1651,     74.2960,      0.0000,     96.8691
    3475,   1175,   2042,   2043,       3,    175.8768,     72.0927,      0.0000,    103.7841
    3476,   1176,   1177,   3132,       3,    171.1651,     74.2960,      0.0000,     96.8691
    3477,   1954,   3132,   2041,       3,    227.0002,     89.1519,      0.0000,    137.8483
    3478,    318,   3132,   1954,       3,    227.0002,     89.1519,      0.0000,    137.8483
    3479,   1176,   3132,   2042,       3,    169.1549,     64.4458,      0.0000,    104.7091
    3480,   1175,   1176,   2042,       3,    112.4981,     51.8309,      0.0000,     60.6672
    3481,   2042,   1955,   2043,       3,    208.3042,     78.4017,      0.0000,    129.9025
    3482,    108,   1951,   3131,       3,    167.4735,     72.4405,      0.0000,     95.0330
    3483,    309,    310,   3131,       3,    193.6921,     81.4412,      0.0000,    112.2509
    3484,   1177,   1178,   2041,       3,    133.4964,     61.7601,      0.0000,     71.7363
    3485,   1111,    108,   3131,       3,    169.6032,     69.6815,      0.0000,     99.9216
    3486,    311,   1952,    310,       3,    187.2507,     69.2132,      0.0000,    118.0376
    3487,   1178,   1953,   2041,       3,    197.7257,     77.1972,      0.0000,    120.5286
    3488,    109,   1111,   1952,       3,    161.6606,     72.8096,      0.0000,     88.8510
    3489,   1178,   2040,   1953,       3,    179.0197,     79.0656,      0.0000,     99.9541
    3490,   1111,   3131,   1952,       3,    169.6032,     69.6815,      0.0000,     99.9216
    3491,   1178,   4285,   2040,       3,    158.5619,     77.1834,      0.0000,     81.3785
    3492,    109,   1952,   2040,       3,    161.6606,     72.8096,      0.0000,     88.8510
    3493,   1951,    107,   2036,       3,    143.7152,     62.5348,      0.0000,     81.1804
    3494,    486,   2036,   1166,       3,    131.8191,     52.0661,      0.0000,     79.7529
    3495,   1165,    485,   1950,       3,    134.7015,     53.3566,      0.0000,     81.3449
    3496,    308,   1951,   2036,       3,    167.4735,     72.4405,      0.0000,     95.0330
    3497,    306,    307,   2036,       3,    195.3388,     64.5610,      0.0000,    130.7778
    3498,    306,    486,   1950,       3,    156.4257,     57.9683,      0.0000,     98.4575
    3499,    306,   2036,    486,       3,    158.3259,     57.8166,      0.0000,    100.5093
    3500,    486,   1165,   1950,       3,    134.7015,     53.3566,      0.0000,     81.3449
    3501,   1950,    485,   2037,       3,    152.4370,     61.3334,      0.0000,     91.1036
    3502,    484,   2037,   1164,       3,    160.0276,     69.5465,      0.0000,     90.4810
    3503,   1163,    483,   1949,       3,    270.1606,     96.9453,      0.0000,    173.2152
    3504,    305,   1950,   2037,       3,    156.4257,     57.9683,      0.0000,     98.4575
    3505,    303,    304,   2037,       3,    287.7351,     97.4801,      0.0000,    190.2550
    3506,    303,    484,   1949,       3,    337.0995,    104.3004,      0.0000,    232.7991
    3507,    303,   2037,    484,       3,    206.4303,     76.5278,      0.0000,    129.9025
    3508,    484,   1163,   1949,       3,    270.1606,     96.9453,      0.0000,    173.2152
    3509,   1949,    483,   2038,       3,    367.1758,    112.3923,      0.0000,    254.7835
    3510,    482,   2038,   1162,       3,    483.7668,    133.5790,      0.0000,    350.1878
    3511,   1161,    106,   3133,       3,    914.1082,     71.8625,      0.0000,    842.2457
    3512,    300,   2038,   2039,       3,   1003.8624,    156.9062,      0.0000,    846.9562
    3513,    302,   1949,   2038,       3,    337.0995,    104.3004,      0.0000,    232.7991
    3514,    106,   2035,   2033,       3,    790.1559,     64.6497,      0.0000,    725.5062
    3515,    300,    301,   2038,       3,    880.8852,    153.3188,      0.0000,    727.5664
    3516,    106,   2033,   3133,       3,    914.1082,     71.8625,      0.0000,    842.2457
    3517,    482,   2039,   2038,       3,    687.5971,    136.6547,      0.0000,    550.9424
    3518,    299,   1948,    298,       3,    658.6185,    124.2057,      0.0000,    534.4128
    3519,    482,   1161,   2039,       3,   1023.7038,    143.5883,      0.0000,    880.1155
    3520,    299,   2039,   3133,       3,   1358.1952,    184.9348,      0.0000,   1173.2604
    3521,   1161,   3133,   2039,       3,   1003.8624,    156.9062,      0.0000,    846.9562
    3522,     90,     89,   2066,       3,    139.5038,     39.0672,      0.0000,    100.4367
    3523,    390,   1979,   2066,       3,    152.0741,     42.6090,      0.0000,    109.4651
    3524,   1979,     90,   2066,       3,     99.3105,     35.9458,      0.0000,     63.3647
    3525,    104,   2367,    105,       3,   1259.0035,    128.3635,      0.0000,   1130.6400
    3526,   1948,    299,   3133,       3,    658.6185,    124.2057,      0.0000,    534.4128
    3527,    106,   2035,   2033,       3,    790.1559,     64.6497,      0.0000,    725.5062
    3528,   1948,   2110,    298,       3,    658.6185,    124.2057,      0.0000,    534.4128
    3529,   2033,   2035,   2034,       3,    790.1559,     64.6497,      0.0000,    725.5062
    3530,     18,     17,   3134,      16,     34.2463,      0.0000,     34.2463,      0.0000
    3531,    802,    801,   3135,      16,     36.5476,      0.0000,     36.5476,      0.0000
    3532,    799,    798,   3136,      16,     41.3044,      0.0000,     41.3044,      0.0000
    3533,     14,   3137,   4283,      16,     39.0473,      0.0000,     39.0473,      0.0000
    3534,    915,    914,   3138,      16,     23.6556,      0.0000,     23.6556,      0.0000
    3535,    912,    911,   3139,      16,     13.6428,      0.0000,     13.6428,      0.0000
    3536,    909,    908,   3140,      16,      8.1572,      0.0000,      8.1572,      0.0000
    3537,    906,    905,   3141,      16,      5.7099,      0.0000,      5.7099,      0.0000
    3538,    903,    902,   3142,      16,      6.2123,      0.0000,      6.2123,      0.0000
    3539,    900,    899,   3143,      16,     13.7796,      0.0000,     13.7796,      0.0000
    3540,    897,    896,   3144,      16,     19.8442,      0.0000,     19.8442,      0.0000
    3541,    894,    893,   3145,      16,     17.5808,      0.0000,     17.5808,      0.0000
    3542,    891,    890,   3146,      16,    221.2405,      0.0000,    221.2405,      0.0000
    3543,     24,     23,   3147,      16,    521.9751,      0.0000,    521.9751,      0.0000
    3544,    844,    843,   3148,      16,    315.3326,      0.0000,    315.3326,      0.0000
    3545,    841,    840,   3149,      16,    176.1053,      0.0000,    176.1053,      0.0000
    3546,     21,     20,   3150,      16,    134.5844,      0.0000,    134.5844,      0.0000
    3547,    838,    837,   3151,      16,     75.1231,      0.0000,     75.1231,      0.0000
    3548,    835,    834,   3152,      16,     28.9337,      0.0000,     28.9337,      0.0000
    3549,    832,    831,   3153,      16,      7.0249,      0.0000,      7.0249,      0.0000
    3550,    829,    828,   3154,      16,      1.8441,      0.0000,      1.8441,      0.0000
    3551,    826,    825,   3155,      16,      1.6517,      0.0000,      1.6517,      0.0000
    3552,    823,    822,   3156,      16,      2.6814,      0.0000,      2.6814,      0.0000
    3553,    820,    819,   3157,      16,      4.2993,      0.0000,      4.2993,      0.0000
    3554,    816,   3158,   3183,      16,      6.2739,      0.0000,      6.2739,      0.0000
    3555,    814,    813,   3159,      16,      9.6717,      0.0000,      9.6717,      0.0000
    3556,    811,    810,   3160,      16,     13.9369,      0.0000,     13.9369,      0.0000
    3557,    808,    807,   3161,      16,     20.3507,      0.0000,     20.3507,      0.0000
    3558,    805,    804,   3162,      16,     28.6154,      0.0000,     28.6154,      0.0000
    3559,     19,     18,   3134,      16,     33.4411,      0.0000,     33.4411,      0.0000
    3560,     17,    803,   3134,      16,     34.2463,      0.0000,     34.2463,      0.0000
    3561,    802,   3135,   3163,      16,     35.1427,      0.0000,     35.1427,      0.0000
    3562,    800,    799,   3164,      16,     39.2869,      0.0000,     39.2869,      0.0000
    3563,     16,   3136,    798,      16,     41.3044,      0.0000,     41.3044,      0.0000
    3564,     16,     15,   3137,      16,     42.0027,      0.0000,     42.0027,      0.0000
    3565,     14,    916,   3137,      16,     39.0473,      0.0000,     39.0473,      0.0000
    3566,    915,   3138,   3165,      16,     28.1526,      0.0000,     28.1526,      0.0000
    3567,    913,    912,   3166,      16,     16.0936,      0.0000,     16.0936,      0.0000
    3568,    910,   3139,    911,      16,     13.6428,      0.0000,     13.6428,      0.0000
    3569,    909,   3140,   3167,      16,      7.8964,      0.0000,      7.8964,      0.0000
    3570,    907,    906,   3168,      16,      6.1219,      0.0000,      6.1219,      0.0000
    3571,    904,   3141,    905,      16,      5.7099,      0.0000,      5.7099,      0.0000
    3572,    903,   3142,   3169,      16,      6.1137,      0.0000,      6.1137,      0.0000
    3573,    901,    900,   3170,      16,     10.2522,      0.0000,     10.2522,      0.0000
    3574,    898,   3143,    899,      16,     13.7796,      0.0000,     13.7796,      0.0000
    3575,    897,   3144,   3171,      16,     16.9135,      0.0000,     16.9135,      0.0000
    3576,    895,    894,   3172,      16,     17.2839,      0.0000,     17.2839,      0.0000
    3577,    892,   3145,    893,      16,     17.5808,      0.0000,     17.5808,      0.0000
    3578,    891,   3146,   3173,      16,    132.9678,      0.0000,    132.9678,      0.0000
    3579,     25,     24,   3147,      16,    496.6323,      0.0000,    496.6323,      0.0000
    3580,     23,    845,   3147,      16,    521.9751,      0.0000,    521.9751,      0.0000
    3581,    844,   3148,   3174,      16,    350.5700,      0.0000,    350.5700,      0.0000
    3582,    842,    841,   3175,      16,    197.0026,      0.0000,    197.0026,      0.0000
    3583,     22,   3149,    840,      16,    176.1053,      0.0000,    176.1053,      0.0000
    3584,     22,     21,   3150,      16,    142.3281,      0.0000,    142.3281,      0.0000
    3585,     20,    839,   3150,      16,    134.5844,      0.0000,    134.5844,      0.0000
    3586,    838,   3151,   3176,      16,     95.5460,      0.0000,     95.5460,      0.0000
    3587,    836,    835,   3177,      16,     39.7946,      0.0000,     39.7946,      0.0000
    3588,    833,   3152,    834,      16,     28.9337,      0.0000,     28.9337,      0.0000
    3589,    832,   3153,   3178,      16,      6.4004,      0.0000,      6.4004,      0.0000
    3590,    830,    829,   3179,      16,      2.5285,      0.0000,      2.5285,      0.0000
    3591,    827,   3154,    828,      16,      1.8441,      0.0000,      1.8441,      0.0000
    3592,    826,   3155,   3180,      16,      1.7580,      0.0000,      1.7580,      0.0000
    3593,    824,    823,   3181,      16,      2.3540,      0.0000,      2.3540,      0.0000
    3594,    821,   3156,    822,      16,      2.6814,      0.0000,      2.6814,      0.0000
    3595,    820,   3157,   3182,      16,      3.8318,      0.0000,      3.8318,      0.0000
    3596,    818,    817,   3183,      16,      5.5695,      0.0000,      5.5695,      0.0000
    3597,    815,   3158,    816,      16,      7.2181,      0.0000,      7.2181,      0.0000
    3598,    814,   3159,   3184,      16,     10.0965,      0.0000,     10.0965,      0.0000
    3599,    812,    811,   3185,      16,     12.6036,      0.0000,     12.6036,      0.0000
    3600,    809,   3160,    810,      16,     13.9369,      0.0000,     13.9369,      0.0000
    3601,    808,   3161,   3186,      16,     18.5621,      0.0000,     18.5621,      0.0000
    3602,    806,    805,   3187,      16,     26.2283,      0.0000,     26.2283,      0.0000
    3603,     19,   3162,    804,      16,     28.6154,      0.0000,     28.6154,      0.0000
    3604,    803,    802,   3163,      16,     34.0340,      0.0000,     34.0340,      0.0000
    3605,    800,   3135,    801,      16,     36.5476,      0.0000,     36.5476,      0.0000
    3606,    799,   3136,   3164,      16,     39.2869,      0.0000,     39.2869,      0.0000
    3607,   3136,     16,   3137,      16,     41.9582,      0.0000,     41.9582,      0.0000
    3608,    915,   3165,    916,      16,     34.9215,      0.0000,     34.9215,      0.0000
    3609,    913,   3138,    914,      16,     23.6556,      0.0000,     23.6556,      0.0000
    3610,    912,   3139,   3166,      16,     18.0221,      0.0000,     18.0221,      0.0000
    3611,    910,    909,   3167,      16,      9.1069,      0.0000,      9.1069,      0.0000
    3612,    907,   3140,    908,      16,      8.1572,      0.0000,      8.1572,      0.0000
    3613,    906,   3141,   3168,      16,      6.3974,      0.0000,      6.3974,      0.0000
    3614,    904,    903,   3169,      16,      5.6173,      0.0000,      5.6173,      0.0000
    3615,    901,   3142,    902,      16,      6.2123,      0.0000,      6.2123,      0.0000
    3616,    900,   3143,   3170,      16,     10.2522,      0.0000,     10.2522,      0.0000
    3617,    898,    897,   3171,      16,     14.9150,      0.0000,     14.9150,      0.0000
    3618,    895,   3144,    896,      16,     19.8442,      0.0000,     19.8442,      0.0000
    3619,    894,   3145,   3172,      16,     17.2839,      0.0000,     17.2839,      0.0000
    3620,    892,    891,   3173,      16,     32.3053,      0.0000,     32.3053,      0.0000
    3621,     25,   3146,    890,      16,    221.2405,      0.0000,    221.2405,      0.0000
    3622,    845,    844,   3174,      16,    350.5700,      0.0000,    350.5700,      0.0000
    3623,    842,   3148,    843,      16,    315.3326,      0.0000,    315.3326,      0.0000
    3624,    841,   3149,   3175,      16,    197.0026,      0.0000,    197.0026,      0.0000
    3625,   3149,     22,   3150,      16,    139.5689,      0.0000,    139.5689,      0.0000
    3626,    839,    838,   3176,      16,    123.3715,      0.0000,    123.3715,      0.0000
    3627,    836,   3151,    837,      16,     75.1231,      0.0000,     75.1231,      0.0000
    3628,    835,   3152,   3177,      16,     47.5798,      0.0000,     47.5798,      0.0000
    3629,    833,    832,   3178,      16,      9.9431,      0.0000,      9.9431,      0.0000
    3630,    830,   3153,    831,      16,      7.0249,      0.0000,      7.0249,      0.0000
    3631,    829,   3154,   3179,      16,      2.5285,      0.0000,      2.5285,      0.0000
    3632,    827,    826,   3180,      16,      1.5510,      0.0000,      1.5510,      0.0000
    3633,    824,   3155,    825,      16,      1.6517,      0.0000,      1.6517,      0.0000
    3634,    823,   3156,   3181,      16,      2.3540,      0.0000,      2.3540,      0.0000
    3635,    821,    820,   3182,      16,      3.0289,      0.0000,      3.0289,      0.0000
    3636,    818,   3157,    819,      16,      4.9851,      0.0000,      4.9851,      0.0000
    3637,    816,   3183,    817,      16,      5.5695,      0.0000,      5.5695,      0.0000
    3638,    814,   3184,   3158,      16,      7.1164,      0.0000,      7.1164,      0.0000
    3639,    812,   3159,    813,      16,     10.0965,      0.0000,     10.0965,      0.0000
    3640,    811,   3160,   3185,      16,     12.6036,      0.0000,     12.6036,      0.0000
    3641,    809,    808,   3186,      16,     18.5621,      0.0000,     18.5621,      0.0000
    3642,    806,   3161,    807,      16,     20.3507,      0.0000,     20.3507,      0.0000
    3643,    805,   3162,   3187,      16,     26.2283,      0.0000,     26.2283,      0.0000
    3644,     19,   3134,   3162,      16,     32.9672,      0.0000,     32.9672,      0.0000
    3645,   3134,    803,   3163,      16,     32.9672,      0.0000,     32.9672,      0.0000
    3646,   3135,    800,   3164,      16,     37.1021,      0.0000,     37.1021,      0.0000
    3647,    916,   3165,   3137,      16,     40.0592,      0.0000,     40.0592,      0.0000
    3648,   3138,    913,   3166,      16,     20.1470,      0.0000,     20.1470,      0.0000
    3649,   3139,    910,   3167,      16,     13.7975,      0.0000,     13.7975,      0.0000
    3650,   3140,    907,   3168,      16,      7.1706,      0.0000,      7.1706,      0.0000
    3651,   3141,    904,   3169,      16,      5.4401,      0.0000,      5.4401,      0.0000
    3652,   3142,    901,   3170,      16,      7.2938,      0.0000,      7.2938,      0.0000
    3653,   3143,    898,   3171,      16,     11.5806,      0.0000,     11.5806,      0.0000
    3654,   3144,    895,   3172,      16,     19.1526,      0.0000,     19.1526,      0.0000
    3655,   3145,    892,   3173,      16,     32.3053,      0.0000,     32.3053,      0.0000
    3656,   3146,     25,   3147,      16,    457.0196,      0.0000,    457.0196,      0.0000
    3657,   3147,    845,   3174,      16,    457.0196,      0.0000,    457.0196,      0.0000
    3658,   3148,    842,   3175,      16,    252.4885,      0.0000,    252.4885,      0.0000
    3659,   3150,    839,   3176,      16,    139.5689,      0.0000,    139.5689,      0.0000
    3660,   3151,    836,   3177,      16,     47.5798,      0.0000,     47.5798,      0.0000
    3661,   3152,    833,   3178,      16,     31.1624,      0.0000,     31.1624,      0.0000
    3662,   3153,    830,   3179,      16,      4.5651,      0.0000,      4.5651,      0.0000
    3663,   3154,    827,   3180,      16,      1.5956,      0.0000,      1.5956,      0.0000
    3664,   3155,    824,   3181,      16,      1.9125,      0.0000,      1.9125,      0.0000
    3665,   3156,    821,   3182,      16,      2.6845,      0.0000,      2.6845,      0.0000
    3666,   3157,    818,   3183,      16,      4.9851,      0.0000,      4.9851,      0.0000
    3667,    814,   3158,    815,      16,      7.2181,      0.0000,      7.2181,      0.0000
    3668,   3159,    812,   3185,      16,     10.8387,      0.0000,     10.8387,      0.0000
    3669,   3160,    809,   3186,      16,     15.2949,      0.0000,     15.2949,      0.0000
    3670,   3161,    806,   3187,      16,     22.5762,      0.0000,     22.5762,      0.0000
    3671,   3162,   3134,   3163,      16,     28.7272,      0.0000,     28.7272,      0.0000
    3672,   3135,   3164,   3188,      16,     35.8857,      0.0000,     35.8857,      0.0000
    3673,   3136,   3137,   3165,      16,     39.6148,      0.0000,     39.6148,      0.0000
    3674,   3166,   3189,   3211,      16,     19.8921,      0.0000,     19.8921,      0.0000
    3675,   3167,   3140,   3190,      16,      7.8964,      0.0000,      7.8964,      0.0000
    3676,   3169,   3191,   3203,      16,      4.0458,      0.0000,      4.0458,      0.0000
    3677,   3170,   3143,   3192,      16,     11.5806,      0.0000,     11.5806,      0.0000
    3678,   3144,   3172,   3193,      16,     15.1806,      0.0000,     15.1806,      0.0000
    3679,   3146,   3147,   3174,      16,    457.0196,      0.0000,    457.0196,      0.0000
    3680,   3148,   3175,   3194,      16,    196.0066,      0.0000,    196.0066,      0.0000
    3681,   3149,   3150,   3176,      16,    139.5689,      0.0000,    139.5689,      0.0000
    3682,   3151,   3177,   3195,      16,     47.5798,      0.0000,     47.5798,      0.0000
    3683,   3178,   3153,   3196,      16,      6.4004,      0.0000,      6.4004,      0.0000
    3684,   3180,   3197,   3206,      16,      2.3621,      0.0000,      2.3621,      0.0000
    3685,   3181,   3156,   3198,      16,      2.6845,      0.0000,      2.6845,      0.0000
    3686,   3157,   3183,   3199,      16,      5.6322,      0.0000,      5.6322,      0.0000
    3687,   3184,   3159,   3200,      16,     10.0965,      0.0000,     10.0965,      0.0000
    3688,   3186,   3201,   3209,      16,     13.2412,      0.0000,     13.2412,      0.0000
    3689,   3162,   3163,   3187,      16,     28.7272,      0.0000,     28.7272,      0.0000
    3690,   3163,   3135,   3188,      16,     35.1427,      0.0000,     35.1427,      0.0000
    3691,   3164,   3136,   3165,      16,     39.6148,      0.0000,     39.6148,      0.0000
    3692,   3139,   3189,   3166,      16,     18.0221,      0.0000,     18.0221,      0.0000
    3693,   3167,   3190,   3202,      16,      8.1119,      0.0000,      8.1119,      0.0000
    3694,   3168,   3141,   3203,      16,      5.6583,      0.0000,      5.6583,      0.0000
    3695,   3169,   3142,   3204,      16,      6.1137,      0.0000,      6.1137,      0.0000
    3696,   3143,   3171,   3192,      16,     11.5806,      0.0000,     11.5806,      0.0000
    3697,   3144,   3205,   3171,      16,     15.1364,      0.0000,     15.1364,      0.0000
    3698,   3145,   3193,   3172,      16,     15.1806,      0.0000,     15.1806,      0.0000
    3699,   3173,   3146,   3174,      16,    241.4082,      0.0000,    241.4082,      0.0000
    3700,   3174,   3148,   3194,      16,    280.4378,      0.0000,    280.4378,      0.0000
    3701,   3175,   3176,   3194,      16,    196.0066,      0.0000,    196.0066,      0.0000
    3702,   3151,   3195,   3194,      16,     74.9584,      0.0000,     74.9584,      0.0000
    3703,   3152,   3195,   3177,      16,     47.5798,      0.0000,     47.5798,      0.0000
    3704,   3178,   3196,   3205,      16,      3.8689,      0.0000,      3.8689,      0.0000
    3705,   3179,   3154,   3206,      16,      1.9410,      0.0000,      1.9410,      0.0000
    3706,   3180,   3155,   3207,      16,      1.7580,      0.0000,      1.7580,      0.0000
    3707,   3156,   3182,   3198,      16,      2.6845,      0.0000,      2.6845,      0.0000
    3708,   3157,   3212,   3182,      16,      4.5450,      0.0000,      4.5450,      0.0000
    3709,   3158,   3199,   3183,      16,      5.6322,      0.0000,      5.6322,      0.0000
    3710,   3184,   3200,   3208,      16,     11.5827,      0.0000,     11.5827,      0.0000
    3711,   3185,   3160,   3209,      16,     13.8080,      0.0000,     13.8080,      0.0000
    3712,   3186,   3161,   3210,      16,     20.6953,      0.0000,     20.6953,      0.0000
    3713,   3163,   3188,   3210,      16,     22.3810,      0.0000,     22.3810,      0.0000
    3714,   3154,   3180,   3206,      16,      1.9410,      0.0000,      1.9410,      0.0000
    3715,   3180,   3207,   3213,      16,      2.3644,      0.0000,      2.3644,      0.0000
    3716,   3198,   3214,   3207,      16,      2.8951,      0.0000,      2.8951,      0.0000
    3717,   3196,   3206,   3215,      16,      3.0196,      0.0000,      3.0196,      0.0000
    3718,   3197,   3180,   3213,      16,      3.2424,      0.0000,      3.2424,      0.0000
    3719,   3155,   3181,   3207,      16,      2.2181,      0.0000,      2.2181,      0.0000
    3720,   3198,   3216,   3217,      16,      3.4834,      0.0000,      3.4834,      0.0000
    3721,   3158,   3184,   3202,      16,      9.4295,      0.0000,      9.4295,      0.0000
    3722,   3181,   3198,   3207,      16,      2.2181,      0.0000,      2.2181,      0.0000
    3723,   3182,   3216,   3198,      16,      3.4834,      0.0000,      3.4834,      0.0000
    3724,   3199,   3158,   3202,      16,      7.1164,      0.0000,      7.1164,      0.0000
    3725,   3213,   3207,   3214,      16,      2.8951,      0.0000,      2.8951,      0.0000
    3726,   3199,   3190,   3212,      16,      5.9917,      0.0000,      5.9917,      0.0000
    3727,   3213,   3214,   3217,      16,      2.8951,      0.0000,      2.8951,      0.0000
    3728,   3157,   3199,   3212,      16,      4.8666,      0.0000,      4.8666,      0.0000
    3729,   3198,   3217,   3214,      16,      2.8951,      0.0000,      2.8951,      0.0000
    3730,   3182,   3212,   3191,      16,      4.0458,      0.0000,      4.0458,      0.0000
    3731,   3191,   3217,   3216,      16,      3.4834,      0.0000,      3.4834,      0.0000
    3732,   3182,   3191,   3216,      16,      3.4834,      0.0000,      3.4834,      0.0000
    3733,   3197,   3215,   3206,      16,      3.0196,      0.0000,      3.0196,      0.0000
    3734,   3169,   3217,   3191,      16,      4.0458,      0.0000,      4.0458,      0.0000
    3735,   3142,   3170,   3204,      16,      7.5821,      0.0000,      7.5821,      0.0000
    3736,   3145,   3173,   3193,      16,     17.7956,      0.0000,     17.7956,      0.0000
    3737,   3173,   3174,   3194,      16,    308.2375,      0.0000,    308.2375,      0.0000
    3738,   3175,   3149,   3176,      16,    167.7064,      0.0000,    167.7064,      0.0000
    3739,   3152,   3178,   3195,      16,     31.1624,      0.0000,     31.1624,      0.0000
    3740,   3153,   3179,   3196,      16,      3.1966,      0.0000,      3.1966,      0.0000
    3741,   3151,   3194,   3176,      16,    127.9715,      0.0000,    127.9715,      0.0000
    3742,   3179,   3206,   3196,      16,      3.1966,      0.0000,      3.1966,      0.0000
    3743,   3173,   3194,   3195,      16,    145.4831,      0.0000,    145.4831,      0.0000
    3744,   3205,   3196,   3215,      16,      3.0196,      0.0000,      3.0196,      0.0000
    3745,   3193,   3173,   3195,      16,     13.9709,      0.0000,     13.9709,      0.0000
    3746,   3205,   3215,   3218,      16,      3.6941,      0.0000,      3.6941,      0.0000
    3747,   3178,   3193,   3195,      16,     46.3239,      0.0000,     46.3239,      0.0000
    3748,   3193,   3178,   3205,      16,      4.5243,      0.0000,      4.5243,      0.0000
    3749,   3144,   3193,   3205,      16,     15.1364,      0.0000,     15.1364,      0.0000
    3750,   3171,   3205,   3218,      16,      3.6941,      0.0000,      3.6941,      0.0000
    3751,   3171,   3197,   3192,      16,      5.9309,      0.0000,      5.9309,      0.0000
    3752,   3197,   3218,   3215,      16,      3.6941,      0.0000,      3.6941,      0.0000
    3753,   3169,   3204,   3217,      16,      5.0202,      0.0000,      5.0202,      0.0000
    3754,   3170,   3192,   3204,      16,      7.5821,      0.0000,      7.5821,      0.0000
    3755,   3171,   3218,   3197,      16,      3.6941,      0.0000,      3.6941,      0.0000
    3756,   3204,   3213,   3217,      16,      3.4939,      0.0000,      3.4939,      0.0000
    3757,   3192,   3197,   3213,      16,      5.9309,      0.0000,      5.9309,      0.0000
    3758,   3192,   3213,   3204,      16,      5.9309,      0.0000,      5.9309,      0.0000
    3759,   3160,   3186,   3209,      16,     13.8080,      0.0000,     13.8080,      0.0000
    3760,   3200,   3209,   3220,      16,     12.7021,      0.0000,     12.7021,      0.0000
    3761,   3201,   3186,   3219,      16,     14.2305,      0.0000,     14.2305,      0.0000
    3762,   3164,   3165,   3188,      16,     35.8857,      0.0000,     35.8857,      0.0000
    3763,   3167,   3202,   3208,      16,     11.9078,      0.0000,     11.9078,      0.0000
    3764,   3159,   3185,   3200,      16,     11.8937,      0.0000,     11.8937,      0.0000
    3765,   3201,   3220,   3209,      16,     12.7021,      0.0000,     12.7021,      0.0000
    3766,   3138,   3188,   3165,      16,     32.5543,      0.0000,     32.5543,      0.0000
    3767,   3202,   3184,   3208,      16,      9.4295,      0.0000,      9.4295,      0.0000
    3768,   3185,   3209,   3200,      16,     11.5827,      0.0000,     11.5827,      0.0000
    3769,   3138,   3211,   3188,      16,     19.8921,      0.0000,     19.8921,      0.0000
    3770,   3139,   3167,   3208,      16,      9.6493,      0.0000,      9.6493,      0.0000
    3771,   3208,   3200,   3220,      16,     12.7021,      0.0000,     12.7021,      0.0000
    3772,   3138,   3166,   3211,      16,     19.8921,      0.0000,     19.8921,      0.0000
    3773,   3189,   3139,   3208,      16,     16.1319,      0.0000,     16.1319,      0.0000
    3774,   3189,   3219,   3211,      16,     19.8921,      0.0000,     19.8921,      0.0000
    3775,   3189,   3201,   3219,      16,     16.1319,      0.0000,     16.1319,      0.0000
    3776,   3201,   3189,   3208,      16,     14.2305,      0.0000,     14.2305,      0.0000
    3777,   3201,   3208,   3220,      16,     12.7021,      0.0000,     12.7021,      0.0000
    3778,   3188,   3211,   3219,      16,     19.8921,      0.0000,     19.8921,      0.0000
    3779,   3186,   3210,   3219,      16,     18.7918,      0.0000,     18.7918,      0.0000
    3780,   3161,   3187,   3210,      16,     24.6917,      0.0000,     24.6917,      0.0000
    3781,   3188,   3219,   3210,      16,     22.3810,      0.0000,     22.3810,      0.0000
    3782,   3163,   3210,   3187,      16,     24.6917,      0.0000,     24.6917,      0.0000
    3783,   3141,   3169,   3203,      16,      5.3007,      0.0000,      5.3007,      0.0000
    3784,   3190,   3199,   3202,      16,      8.1119,      0.0000,      8.1119,      0.0000
    3785,   3140,   3168,   3190,      16,      6.3974,      0.0000,      6.3974,      0.0000
    3786,   3203,   3191,   3212,      16,      4.8666,      0.0000,      4.8666,      0.0000
    3787,   3190,   3168,   3203,      16,      6.3974,      0.0000,      6.3974,      0.0000
    3788,   3190,   3203,   3212,      16,      5.3007,      0.0000,      5.3007,      0.0000
    3789,     59,     58,   3221,      15,     27.1264,      0.0000,     27.1264,      0.0000
    3790,   1001,   1000,   3222,      15,     18.1374,      0.0000,     18.1374,      0.0000
    3791,    998,    997,   3223,      15,     11.3606,      0.0000,     11.3606,      0.0000
    3792,    995,    994,   3224,      15,      6.2155,      0.0000,      6.2155,      0.0000
    3793,    992,    991,   3225,      15,      3.0504,      0.0000,      3.0504,      0.0000
    3794,    989,    988,   3226,      15,      1.1860,      0.0000,      1.1860,      0.0000
    3795,    986,    985,   3227,      15,      0.6490,      0.0000,      0.6490,      0.0000
    3796,    983,    982,   3228,      15,      1.3208,      0.0000,      1.3208,      0.0000
    3797,    980,    979,   3229,      15,      3.0830,      0.0000,      3.0830,      0.0000
    3798,    977,    976,   3230,      15,      5.8421,      0.0000,      5.8421,      0.0000
    3799,    974,    973,   3231,      15,      9.6511,      0.0000,      9.6511,      0.0000
    3800,    971,    970,   3232,      15,     19.4549,      0.0000,     19.4549,      0.0000
    3801,    968,    967,   3233,      15,     40.3315,      0.0000,     40.3315,      0.0000
    3802,     56,     55,   3234,      15,     58.5533,      0.0000,     58.5533,      0.0000
    3803,    964,   3261,    965,      15,     78.9082,      0.0000,     78.9082,      0.0000
    3804,    962,    961,   3236,      15,    272.0708,      0.0000,    272.0708,      0.0000
    3805,     53,     52,   3237,      15,    357.0126,      0.0000,    357.0126,      0.0000
    3806,   1032,   1031,   3238,      15,     56.5310,      0.0000,     56.5310,      0.0000
    3807,   1029,   1028,   3239,      15,     25.8999,      0.0000,     25.8999,      0.0000
    3808,   1026,   1025,   3240,      15,      5.4031,      0.0000,      5.4031,      0.0000
    3809,   1023,   1022,   3241,      15,      1.2295,      0.0000,      1.2295,      0.0000
    3810,   1020,   1019,   3242,      15,      1.2446,      0.0000,      1.2446,      0.0000
    3811,   1017,   1016,   3243,      15,      4.2193,      0.0000,      4.2193,      0.0000
    3812,   1014,   1013,   3244,      15,     10.9495,      0.0000,     10.9495,      0.0000
    3813,   1011,   1010,   3245,      15,     22.7563,      0.0000,     22.7563,      0.0000
    3814,     62,     61,   3246,      15,     37.2327,      0.0000,     37.2327,      0.0000
    3815,   1007,   1006,   3247,      15,     32.9537,      0.0000,     32.9537,      0.0000
    3816,   1004,   1003,   3248,      15,     30.3752,      0.0000,     30.3752,      0.0000
    3817,     60,     59,   3221,      15,     28.4185,      0.0000,     28.4185,      0.0000
    3818,     58,   1002,   3221,      15,     27.1264,      0.0000,     27.1264,      0.0000
    3819,   1001,   3222,   3249,      15,     20.8172,      0.0000,     20.8172,      0.0000
    3820,    999,    998,   3250,      15,     13.1365,      0.0000,     13.1365,      0.0000
    3821,    996,   3223,    997,      15,     11.3606,      0.0000,     11.3606,      0.0000
    3822,    995,   3224,   3251,      15,      6.0046,      0.0000,      6.0046,      0.0000
    3823,    993,    992,   3252,      15,      3.7993,      0.0000,      3.7993,      0.0000
    3824,    990,   3225,    991,      15,      3.0504,      0.0000,      3.0504,      0.0000
    3825,    989,   3226,   3253,      15,      1.5802,      0.0000,      1.5802,      0.0000
    3826,    987,    986,   3254,      15,      0.6722,      0.0000,      0.6722,      0.0000
    3827,    984,   3227,    985,      15,      0.6490,      0.0000,      0.6490,      0.0000
    3828,    983,   3228,   3255,      15,      1.0450,      0.0000,      1.0450,      0.0000
    3829,    981,    980,   3256,      15,      1.7026,      0.0000,      1.7026,      0.0000
    3830,    978,   3229,    979,      15,      3.0830,      0.0000,      3.0830,      0.0000
    3831,    977,   3230,   3257,      15,      6.1264,      0.0000,      6.1264,      0.0000
    3832,    975,    974,   3258,      15,      8.3727,      0.0000,      8.3727,      0.0000
    3833,    972,   3231,    973,      15,      9.6511,      0.0000,      9.6511,      0.0000
    3834,    971,   3232,   3259,      15,     16.2512,      0.0000,     16.2512,      0.0000
    3835,    969,    968,   3260,      15,     33.7318,      0.0000,     33.7318,      0.0000
    3836,     57,   3233,    967,      15,     40.3315,      0.0000,     40.3315,      0.0000
    3837,     57,     56,   3234,      15,     54.7105,      0.0000,     54.7105,      0.0000
    3838,     55,    966,   3234,      15,     58.5533,      0.0000,     58.5533,      0.0000
    3839,    964,   3235,   3261,      15,    104.4302,      0.0000,    104.4302,      0.0000
    3840,    963,    962,   3262,      15,    178.9864,      0.0000,    178.9864,      0.0000
    3841,     54,   3236,    961,      15,    272.0708,      0.0000,    272.0708,      0.0000
    3842,     54,     53,   3237,      15,    445.2733,      0.0000,    445.2733,      0.0000
    3843,     52,   1033,   3237,      15,    357.0126,      0.0000,    357.0126,      0.0000
    3844,   1032,   3238,   3263,      15,     57.4980,      0.0000,     57.4980,      0.0000
    3845,   1030,   1029,   3264,      15,     40.5033,      0.0000,     40.5033,      0.0000
    3846,   1027,   3239,   1028,      15,     25.8999,      0.0000,     25.8999,      0.0000
    3847,   1026,   3240,   3265,      15,      4.5925,      0.0000,      4.5925,      0.0000
    3848,   1024,   1023,   3266,      15,      1.8272,      0.0000,      1.8272,      0.0000
    3849,   1021,   3241,   1022,      15,      1.2295,      0.0000,      1.2295,      0.0000
    3850,   1020,   3242,   3267,      15,      1.3575,      0.0000,      1.3575,      0.0000
    3851,   1018,   1017,   3268,      15,      3.1023,      0.0000,      3.1023,      0.0000
    3852,   1015,   3243,   1016,      15,      4.2193,      0.0000,      4.2193,      0.0000
    3853,   1014,   3244,   3269,      15,      8.5883,      0.0000,      8.5883,      0.0000
    3854,   1012,   1011,   3270,      15,     19.1919,      0.0000,     19.1919,      0.0000
    3855,   1009,   3245,   1010,      15,     22.7563,      0.0000,     22.7563,      0.0000
    3856,     63,     62,   3246,      15,     36.5500,      0.0000,     36.5500,      0.0000
    3857,     61,   1008,   3246,      15,     37.2327,      0.0000,     37.2327,      0.0000
    3858,   1007,   3247,   3271,      15,     33.1973,      0.0000,     33.1973,      0.0000
    3859,   1005,   1004,   3272,      15,     30.4714,      0.0000,     30.4714,      0.0000
    3860,     60,   3248,   1003,      15,     30.3752,      0.0000,     30.3752,      0.0000
    3861,   1002,   1001,   3249,      15,     24.9725,      0.0000,     24.9725,      0.0000
    3862,    999,   3222,   1000,      15,     18.1374,      0.0000,     18.1374,      0.0000
    3863,    998,   3223,   3250,      15,     14.3026,      0.0000,     14.3026,      0.0000
    3864,    996,    995,   3251,      15,      7.2302,      0.0000,      7.2302,      0.0000
    3865,    993,   3224,    994,      15,      6.2155,      0.0000,      6.2155,      0.0000
    3866,    992,   3225,   3252,      15,      3.7993,      0.0000,      3.7993,      0.0000
    3867,    990,    989,   3253,      15,      2.4853,      0.0000,      2.4853,      0.0000
    3868,    987,   3226,    988,      15,      1.1860,      0.0000,      1.1860,      0.0000
    3869,    986,   3227,   3254,      15,      0.6668,      0.0000,      0.6668,      0.0000
    3870,    984,    983,   3255,      15,      1.0450,      0.0000,      1.0450,      0.0000
    3871,    981,   3228,    982,      15,      1.3208,      0.0000,      1.3208,      0.0000
    3872,    980,   3229,   3256,      15,      2.0877,      0.0000,      2.0877,      0.0000
    3873,    978,    977,   3257,      15,      5.2136,      0.0000,      5.2136,      0.0000
    3874,    975,   3230,    976,      15,      5.8421,      0.0000,      5.8421,      0.0000
    3875,    974,   3231,   3258,      15,      8.3727,      0.0000,      8.3727,      0.0000
    3876,    972,    971,   3259,      15,     16.2512,      0.0000,     16.2512,      0.0000
    3877,    969,   3232,    970,      15,     19.4549,      0.0000,     19.4549,      0.0000
    3878,    968,   3233,   3260,      15,     33.7318,      0.0000,     33.7318,      0.0000
    3879,   3233,     57,   3234,      15,     53.7865,      0.0000,     53.7865,      0.0000
    3880,    966,    965,   3261,      15,     78.9082,      0.0000,     78.9082,      0.0000
    3881,    963,   3235,    964,      15,    130.5019,      0.0000,    130.5019,      0.0000
    3882,    962,   3236,   3262,      15,    132.9658,      0.0000,    132.9658,      0.0000
    3883,   3236,     54,   3237,      15,    369.4625,      0.0000,    369.4625,      0.0000
    3884,   1033,   1032,   3263,      15,     52.0928,      0.0000,     52.0928,      0.0000
    3885,   1030,   3238,   1031,      15,     56.5310,      0.0000,     56.5310,      0.0000
    3886,   1029,   3239,   3264,      15,     34.2575,      0.0000,     34.2575,      0.0000
    3887,   1027,   1026,   3265,      15,     16.0912,      0.0000,     16.0912,      0.0000
    3888,   1024,   3240,   1025,      15,      5.4031,      0.0000,      5.4031,      0.0000
    3889,   1023,   3241,   3266,      15,      2.1378,      0.0000,      2.1378,      0.0000
    3890,   1021,   1020,   3267,      15,      0.9681,      0.0000,      0.9681,      0.0000
    3891,   1018,   3242,   1019,      15,      1.2446,      0.0000,      1.2446,      0.0000
    3892,   1017,   3243,   3268,      15,      3.1023,      0.0000,      3.1023,      0.0000
    3893,   1015,   1014,   3269,      15,      5.4889,      0.0000,      5.4889,      0.0000
    3894,   1012,   3244,   1013,      15,     10.9495,      0.0000,     10.9495,      0.0000
    3895,   1011,   3245,   3270,      15,     19.1919,      0.0000,     19.1919,      0.0000
    3896,   1009,   3246,   3273,      15,     34.3949,      0.0000,     34.3949,      0.0000
    3897,   1008,   1007,   3271,      15,     33.1973,      0.0000,     33.1973,      0.0000
    3898,   1005,   3247,   1006,      15,     32.9537,      0.0000,     32.9537,      0.0000
    3899,   1004,   3248,   3272,      15,     30.4714,      0.0000,     30.4714,      0.0000
    3900,     60,   3221,   3248,      15,     27.5257,      0.0000,     27.5257,      0.0000
    3901,   3221,   1002,   3249,      15,     27.5257,      0.0000,     27.5257,      0.0000
    3902,   3222,    999,   3250,      15,     14.3026,      0.0000,     14.3026,      0.0000
    3903,   3223,    996,   3251,      15,     11.7216,      0.0000,     11.7216,      0.0000
    3904,   3224,    993,   3252,      15,      5.1349,      0.0000,      5.1349,      0.0000
    3905,   3225,    990,   3253,      15,      2.4853,      0.0000,      2.4853,      0.0000
    3906,   3226,    987,   3254,      15,      0.9193,      0.0000,      0.9193,      0.0000
    3907,   3227,    984,   3255,      15,      0.7264,      0.0000,      0.7264,      0.0000
    3908,   3228,    981,   3256,      15,      1.7026,      0.0000,      1.7026,      0.0000
    3909,   3229,    978,   3257,      15,      3.0791,      0.0000,      3.0791,      0.0000
    3910,   3230,    975,   3258,      15,      6.8025,      0.0000,      6.8025,      0.0000
    3911,   3231,    972,   3259,      15,     11.3169,      0.0000,     11.3169,      0.0000
    3912,   3232,    969,   3260,      15,     24.5283,      0.0000,     24.5283,      0.0000
    3913,    966,   3261,   3281,      15,     75.3575,      0.0000,     75.3575,      0.0000
    3914,   3235,    963,   3262,      15,    104.4302,      0.0000,    104.4302,      0.0000
    3915,   1033,   3263,   3236,      15,     57.4980,      0.0000,     57.4980,      0.0000
    3916,   3238,   1030,   3264,      15,     53.8529,      0.0000,     53.8529,      0.0000
    3917,   3239,   1027,   3265,      15,     24.1858,      0.0000,     24.1858,      0.0000
    3918,   3240,   1024,   3266,      15,      3.3912,      0.0000,      3.3912,      0.0000
    3919,   3241,   1021,   3267,      15,      0.9306,      0.0000,      0.9306,      0.0000
    3920,   3242,   1018,   3268,      15,      1.8289,      0.0000,      1.8289,      0.0000
    3921,   3243,   1015,   3269,      15,      5.4889,      0.0000,      5.4889,      0.0000
    3922,   3244,   1012,   3270,      15,     13.9497,      0.0000,     13.9497,      0.0000
    3923,     63,   3246,   1009,      15,     34.0420,      0.0000,     34.0420,      0.0000
    3924,   3246,   1008,   3271,      15,     35.2010,      0.0000,     35.2010,      0.0000
    3925,   3247,   1005,   3272,      15,     31.4672,      0.0000,     31.4672,      0.0000
    3926,   3248,   3221,   3249,      15,     27.5257,      0.0000,     27.5257,      0.0000
    3927,   3222,   3250,   3274,      15,     14.3026,      0.0000,     14.3026,      0.0000
    3928,   3251,   3224,   3275,      15,      6.0046,      0.0000,      6.0046,      0.0000
    3929,   3253,   3276,   3299,      15,      3.4980,      0.0000,      3.4980,      0.0000
    3930,   3254,   3227,   3277,      15,      0.6668,      0.0000,      0.6668,      0.0000
    3931,   3228,   3256,   3303,      15,      2.0877,      0.0000,      2.0877,      0.0000
    3932,   3257,   3230,   3279,      15,      6.1264,      0.0000,      6.1264,      0.0000
    3933,   3259,   3280,   3292,      15,      9.4788,      0.0000,      9.4788,      0.0000
    3934,   3260,   3233,   3281,      15,     40.6220,      0.0000,     40.6220,      0.0000
    3935,   3261,   3235,   3282,      15,    104.4302,      0.0000,    104.4302,      0.0000
    3936,   1033,   3236,   3237,      15,    369.4625,      0.0000,    369.4625,      0.0000
    3937,   3264,   3239,   3283,      15,     24.1858,      0.0000,     24.1858,      0.0000
    3938,   3240,   3266,   3284,      15,      2.1378,      0.0000,      2.1378,      0.0000
    3939,   3267,   3242,   3285,      15,      1.3575,      0.0000,      1.3575,      0.0000
    3940,   3269,   3286,   3307,      15,      5.7851,      0.0000,      5.7851,      0.0000
    3941,   3270,   3245,   3287,      15,     22.5883,      0.0000,     22.5883,      0.0000
    3942,   3246,   3271,   3273,      15,     26.8304,      0.0000,     26.8304,      0.0000
    3943,   3247,   3272,   3288,      15,     28.9553,      0.0000,     28.9553,      0.0000
    3944,   3222,   3274,   3288,      15,     17.9340,      0.0000,     17.9340,      0.0000
    3945,   3223,   3274,   3250,      15,     14.3026,      0.0000,     14.3026,      0.0000
    3946,   3224,   3252,   3275,      15,      4.3797,      0.0000,      4.3797,      0.0000
    3947,   3276,   3253,   3289,      15,      2.6515,      0.0000,      2.6515,      0.0000
    3948,   3254,   3277,   3290,      15,      0.7124,      0.0000,      0.7124,      0.0000
    3949,   3256,   3278,   3303,      15,      2.0877,      0.0000,      2.0877,      0.0000
    3950,   3229,   3278,   3256,      15,      3.0791,      0.0000,      3.0791,      0.0000
    3951,   3279,   3291,   3302,      15,      8.5941,      0.0000,      8.5941,      0.0000
    3952,   3258,   3231,   3292,      15,      9.6067,      0.0000,      9.6067,      0.0000
    3953,   3259,   3232,   3293,      15,     20.4740,      0.0000,     20.4740,      0.0000
    3954,   3233,   3234,   3281,      15,     40.6220,      0.0000,     40.6220,      0.0000
    3955,   3282,   3294,   3296,      15,     37.8411,      0.0000,     37.8411,      0.0000
    3956,   3236,   3263,   3282,      15,    212.5939,      0.0000,    212.5939,      0.0000
    3957,   3281,   3296,   3293,      15,     37.8411,      0.0000,     37.8411,      0.0000
    3958,   3235,   3262,   3282,      15,    132.9658,      0.0000,    132.9658,      0.0000
    3959,   3238,   3264,   3295,      15,     34.2575,      0.0000,     34.2575,      0.0000
    3960,   3236,   3282,   3262,      15,    132.9658,      0.0000,    132.9658,      0.0000
    3961,   3295,   3280,   3298,      15,     17.1395,      0.0000,     17.1395,      0.0000
    3962,    966,   3281,   3234,      15,     53.7865,      0.0000,     53.7865,      0.0000
    3963,   3263,   3294,   3282,      15,     28.3274,      0.0000,     28.3274,      0.0000
    3964,   3238,   3295,   3298,      15,     17.1395,      0.0000,     17.1395,      0.0000
    3965,   3280,   3297,   3298,      15,     17.1395,      0.0000,     17.1395,      0.0000
    3966,   3261,   3296,   3281,      15,     43.8979,      0.0000,     43.8979,      0.0000
    3967,   3261,   3282,   3296,      15,     37.8411,      0.0000,     37.8411,      0.0000
    3968,   3294,   3297,   3296,      15,     37.8411,      0.0000,     37.8411,      0.0000
    3969,   3294,   3298,   3297,      15,     17.1395,      0.0000,     17.1395,      0.0000
    3970,   3238,   3298,   3294,      15,     17.1395,      0.0000,     17.1395,      0.0000
    3971,   3238,   3294,   3263,      15,     28.3274,      0.0000,     28.3274,      0.0000
    3972,   3232,   3260,   3293,      15,     29.8647,      0.0000,     29.8647,      0.0000
    3973,   3259,   3297,   3280,      15,     12.8153,      0.0000,     12.8153,      0.0000
    3974,   3260,   3281,   3293,      15,     29.8647,      0.0000,     29.8647,      0.0000
    3975,   3259,   3293,   3297,      15,     25.4142,      0.0000,     25.4142,      0.0000
    3976,   3293,   3296,   3297,      15,     25.4142,      0.0000,     25.4142,      0.0000
    3977,   3272,   3249,   3288,      15,     28.9553,      0.0000,     28.9553,      0.0000
    3978,   3223,   3251,   3274,      15,     11.7216,      0.0000,     11.7216,      0.0000
    3979,   3252,   3225,   3299,      15,      3.1429,      0.0000,      3.1429,      0.0000
    3980,   3226,   3289,   3253,      15,      1.1950,      0.0000,      1.1950,      0.0000
    3981,   3290,   3277,   3300,      15,      0.7124,      0.0000,      0.7124,      0.0000
    3982,   3229,   3257,   3278,      15,      3.0791,      0.0000,      3.0791,      0.0000
    3983,   3225,   3253,   3299,      15,      3.1429,      0.0000,      3.1429,      0.0000
    3984,   3226,   3254,   3289,      15,      1.1950,      0.0000,      1.1950,      0.0000
    3985,   3290,   3300,   3301,      15,      0.9820,      0.0000,      0.9820,      0.0000
    3986,   3227,   3255,   3277,      15,      0.7124,      0.0000,      0.7124,      0.0000
    3987,   3257,   3265,   3278,      15,      3.1207,      0.0000,      3.1207,      0.0000
    3988,   3291,   3280,   3295,      15,     12.8153,      0.0000,     12.8153,      0.0000
    3989,   3264,   3283,   3295,      15,     16.1104,      0.0000,     16.1104,      0.0000
    3990,   3239,   3265,   3283,      15,     14.2605,      0.0000,     14.2605,      0.0000
    3991,   3240,   3284,   3278,      15,      1.8850,      0.0000,      1.8850,      0.0000
    3992,   3266,   3301,   3284,      15,      1.8850,      0.0000,      1.8850,      0.0000
    3993,   3255,   3300,   3277,      15,      0.7124,      0.0000,      0.7124,      0.0000
    3994,   3257,   3279,   3302,      15,      7.5523,      0.0000,      7.5523,      0.0000
    3995,   3283,   3291,   3295,      15,     14.2605,      0.0000,     14.2605,      0.0000
    3996,   3289,   3254,   3290,      15,      0.7453,      0.0000,      0.7453,      0.0000
    3997,   3300,   3255,   3303,      15,      0.9820,      0.0000,      0.9820,      0.0000
    3998,   3283,   3302,   3291,      15,     10.2861,      0.0000,     10.2861,      0.0000
    3999,   3267,   3289,   3290,      15,      0.7492,      0.0000,      0.7492,      0.0000
    4000,   3228,   3303,   3255,      15,      1.3600,      0.0000,      1.3600,      0.0000
    4001,   3265,   3302,   3283,      15,      8.5941,      0.0000,      8.5941,      0.0000
    4002,   3267,   3290,   3301,      15,      1.1161,      0.0000,      1.1161,      0.0000
    4003,   3257,   3302,   3265,      15,      8.5941,      0.0000,      8.5941,      0.0000
    4004,   3241,   3267,   3301,      15,      1.1161,      0.0000,      1.1161,      0.0000
    4005,   3240,   3278,   3265,      15,      4.5925,      0.0000,      4.5925,      0.0000
    4006,   3266,   3241,   3301,      15,      1.2366,      0.0000,      1.2366,      0.0000
    4007,   3278,   3284,   3303,      15,      1.5545,      0.0000,      1.5545,      0.0000
    4008,   3284,   3301,   3300,      15,      1.1161,      0.0000,      1.1161,      0.0000
    4009,   3284,   3300,   3303,      15,      1.5545,      0.0000,      1.5545,      0.0000
    4010,   3271,   3247,   3288,      15,     31.3345,      0.0000,     31.3345,      0.0000
    4011,   3248,   3249,   3272,      15,     29.2146,      0.0000,     29.2146,      0.0000
    4012,   3222,   3288,   3249,      15,     24.4434,      0.0000,     24.4434,      0.0000
    4013,   3244,   3304,   3269,      15,     11.2328,      0.0000,     11.2328,      0.0000
    4014,   3270,   3287,   3305,      15,     22.3112,      0.0000,     22.3112,      0.0000
    4015,   3245,   1009,   3273,      15,     26.8304,      0.0000,     26.8304,      0.0000
    4016,   3274,   3304,   3306,      15,     13.6387,      0.0000,     13.6387,      0.0000
    4017,   3244,   3306,   3304,      15,     13.6387,      0.0000,     13.6387,      0.0000
    4018,   3274,   3305,   3288,      15,     17.2140,      0.0000,     17.2140,      0.0000
    4019,   3244,   3270,   3306,      15,     13.6387,      0.0000,     13.6387,      0.0000
    4020,   3305,   3274,   3306,      15,     17.2140,      0.0000,     17.2140,      0.0000
    4021,   3270,   3305,   3306,      15,     17.2140,      0.0000,     17.2140,      0.0000
    4022,   3245,   3273,   3287,      15,     26.8304,      0.0000,     26.8304,      0.0000
    4023,   3271,   3287,   3273,      15,     26.8304,      0.0000,     26.8304,      0.0000
    4024,   3287,   3271,   3288,      15,     22.3112,      0.0000,     22.3112,      0.0000
    4025,   3287,   3288,   3305,      15,     17.2140,      0.0000,     17.2140,      0.0000
    4026,   3275,   3252,   3299,      15,      4.3797,      0.0000,      4.3797,      0.0000
    4027,   3267,   3285,   3289,      15,      1.8200,      0.0000,      1.8200,      0.0000
    4028,   3242,   3268,   3285,      15,      2.4440,      0.0000,      2.4440,      0.0000
    4029,   3286,   3269,   3304,      15,      5.7851,      0.0000,      5.7851,      0.0000
    4030,   3251,   3304,   3274,      15,      9.7703,      0.0000,      9.7703,      0.0000
    4031,   3276,   3289,   3285,      15,      2.6515,      0.0000,      2.6515,      0.0000
    4032,   3268,   3243,   3307,      15,      4.1155,      0.0000,      4.1155,      0.0000
    4033,   3251,   3286,   3304,      15,      5.7851,      0.0000,      5.7851,      0.0000
    4034,   3285,   3268,   3307,      15,      2.4440,      0.0000,      2.4440,      0.0000
    4035,   3243,   3269,   3307,      15,      4.1155,      0.0000,      4.1155,      0.0000
    4036,   3251,   3275,   3286,      15,      5.0678,      0.0000,      5.0678,      0.0000
    4037,   3276,   3285,   3307,      15,      2.6515,      0.0000,      2.6515,      0.0000
    4038,   3286,   3275,   3308,      15,      4.0204,      0.0000,      4.0204,      0.0000
    4039,   3307,   3286,   3308,      15,      4.0204,      0.0000,      4.0204,      0.0000
    4040,   3275,   3299,   3308,      15,      4.0204,      0.0000,      4.0204,      0.0000
    4041,   3276,   3307,   3308,      15,      4.0204,      0.0000,      4.0204,      0.0000
    4042,   3299,   3276,   3308,      15,      4.0204,      0.0000,      4.0204,      0.0000
    4043,   3231,   3259,   3292,      15,      9.6067,      0.0000,      9.6067,      0.0000
    4044,   3291,   3279,   3292,      15,      9.4788,      0.0000,      9.4788,      0.0000
    4045,   3230,   3258,   3279,      15,      7.7206,      0.0000,      7.7206,      0.0000
    4046,   3280,   3291,   3292,      15,     10.2861,      0.0000,     10.2861,      0.0000
    4047,   3279,   3258,   3292,      15,      7.7206,      0.0000,      7.7206,      0.0000
    4048,     84,     83,   3309,      18,    766.0804,      0.0000,    766.0804,      0.0000
    4049,   1039,   1040,   3310,      18,    357.5028,      0.0000,    357.5028,      0.0000
    4050,   1042,   1043,   3311,      18,    100.0058,      0.0000,    100.0058,      0.0000
    4051,   1045,   1046,   3312,      18,     24.1926,      0.0000,     24.1926,      0.0000
    4052,   1048,   1049,   3313,      18,     79.9098,      0.0000,     79.9098,      0.0000
    4053,   1051,   1052,   3314,      18,    175.6267,      0.0000,    175.6267,      0.0000
    4054,   1054,   1055,   3315,      18,    230.9715,      0.0000,    230.9715,      0.0000
    4055,     81,     80,   3316,      18,    221.7978,      0.0000,    221.7978,      0.0000
    4056,   1058,   1059,   3317,      18,    397.0791,      0.0000,    397.0791,      0.0000
    4057,     78,     77,   3318,      18,   1088.0094,      0.0000,   1088.0094,      0.0000
    4058,   1091,   1092,   3319,      18,    780.0087,      0.0000,    780.0087,      0.0000
    4059,   1094,   1095,   3320,      18,    614.0500,      0.0000,    614.0500,      0.0000
    4060,   1097,   1098,   3321,      18,    418.9476,      0.0000,    418.9476,      0.0000
    4061,   1100,   1101,   3322,      18,    205.0571,      0.0000,    205.0571,      0.0000
    4062,   1103,   1104,   3323,      18,    125.1797,      0.0000,    125.1797,      0.0000
    4063,   1106,   1107,   3324,      18,    326.6008,      0.0000,    326.6008,      0.0000
    4064,   1109,   1110,   3325,      18,    852.4611,      0.0000,    852.4611,      0.0000
    4065,     87,     86,   3326,      18,   1326.7236,      0.0000,   1326.7236,      0.0000
    4066,   1036,   1037,   3327,      18,    958.1898,      0.0000,    958.1898,      0.0000
    4067,     85,     84,   3309,      18,    823.3964,      0.0000,    823.3964,      0.0000
    4068,     83,   1038,   3309,      18,    766.0804,      0.0000,    766.0804,      0.0000
    4069,   1039,   3310,   3328,      18,    469.5320,      0.0000,    469.5320,      0.0000
    4070,   1041,   1042,   3329,      18,    152.7518,      0.0000,    152.7518,      0.0000
    4071,   1043,   1044,   3311,      18,    100.0058,      0.0000,    100.0058,      0.0000
    4072,   1045,   3312,   3330,      18,     30.4606,      0.0000,     30.4606,      0.0000
    4073,   1047,   1048,   3331,      18,     58.8966,      0.0000,     58.8966,      0.0000
    4074,   1049,   1050,   3313,      18,     79.9098,      0.0000,     79.9098,      0.0000
    4075,   1051,   3314,   3332,      18,    183.9052,      0.0000,    183.9052,      0.0000
    4076,   1053,   1054,   3333,      18,    199.2007,      0.0000,    199.2007,      0.0000
    4077,   1055,   1056,   3315,      18,    230.9715,      0.0000,    230.9715,      0.0000
    4078,     82,     81,   3316,      18,    221.9363,      0.0000,    221.9363,      0.0000
    4079,     80,   1057,   3316,      18,    221.7978,      0.0000,    221.7978,      0.0000
    4080,   1058,   3317,   3334,      18,    314.4522,      0.0000,    314.4522,      0.0000
    4081,     79,     78,   3318,      18,    994.4058,      0.0000,    994.4058,      0.0000
    4082,     77,   1090,   3318,      18,   1088.0094,      0.0000,   1088.0094,      0.0000
    4083,   1091,   3319,   3335,      18,    789.0998,      0.0000,    789.0998,      0.0000
    4084,   1093,   1094,   3336,      18,    700.0507,      0.0000,    700.0507,      0.0000
    4085,   1095,   1096,   3320,      18,    614.0500,      0.0000,    614.0500,      0.0000
    4086,   1097,   3321,   3337,      18,    351.5123,      0.0000,    351.5123,      0.0000
    4087,   1099,   1100,   3338,      18,    248.5052,      0.0000,    248.5052,      0.0000
    4088,   1101,   1102,   3322,      18,    205.0571,      0.0000,    205.0571,      0.0000
    4089,   1103,   3323,   3339,      18,    116.5385,      0.0000,    116.5385,      0.0000
    4090,   1105,   1106,   3340,      18,    250.1808,      0.0000,    250.1808,      0.0000
    4091,   1107,   1108,   3324,      18,    326.6008,      0.0000,    326.6008,      0.0000
    4092,   1109,   3325,   3341,      18,    666.7459,      0.0000,    666.7459,      0.0000
    4093,     88,     87,   3326,      18,   1316.4110,      0.0000,   1316.4110,      0.0000
    4094,     86,   1035,   3326,      18,   1326.7236,      0.0000,   1326.7236,      0.0000
    4095,   1036,   3327,   3342,      18,    987.6142,      0.0000,    987.6142,      0.0000
    4096,   1038,   1039,   3328,      18,    666.6304,      0.0000,    666.6304,      0.0000
    4097,   1040,   1041,   3310,      18,    357.5028,      0.0000,    357.5028,      0.0000
    4098,   1042,   3311,   3329,      18,    152.7518,      0.0000,    152.7518,      0.0000
    4099,   1044,   1045,   3330,      18,     66.4866,      0.0000,     66.4866,      0.0000
    4100,   1046,   1047,   3312,      18,     24.1926,      0.0000,     24.1926,      0.0000
    4101,   1048,   3313,   3331,      18,     58.8966,      0.0000,     58.8966,      0.0000
    4102,   1050,   1051,   3332,      18,    105.4427,      0.0000,    105.4427,      0.0000
    4103,   1052,   1053,   3314,      18,    175.6267,      0.0000,    175.6267,      0.0000
    4104,   1054,   3315,   3333,      18,    224.1665,      0.0000,    224.1665,      0.0000
    4105,   1056,   3316,   3343,      18,    244.1761,      0.0000,    244.1761,      0.0000
    4106,   1057,   1058,   3334,      18,    314.4522,      0.0000,    314.4522,      0.0000
    4107,     79,   3317,   1059,      18,    397.0791,      0.0000,    397.0791,      0.0000
    4108,   1090,   1091,   3335,      18,    940.3111,      0.0000,    940.3111,      0.0000
    4109,   1092,   1093,   3319,      18,    780.0087,      0.0000,    780.0087,      0.0000
    4110,   1094,   3320,   3336,      18,    630.8316,      0.0000,    630.8316,      0.0000
    4111,   1096,   1097,   3337,      18,    435.0271,      0.0000,    435.0271,      0.0000
    4112,   1098,   1099,   3321,      18,    418.9476,      0.0000,    418.9476,      0.0000
    4113,   1100,   3322,   3338,      18,    248.5052,      0.0000,    248.5052,      0.0000
    4114,   1102,   1103,   3339,      18,    154.7214,      0.0000,    154.7214,      0.0000
    4115,   1104,   1105,   3323,      18,    125.1797,      0.0000,    125.1797,      0.0000
    4116,   1106,   3324,   3340,      18,    250.1808,      0.0000,    250.1808,      0.0000
    4117,   1108,   1109,   3341,      18,    422.9196,      0.0000,    422.9196,      0.0000
    4118,     88,   3325,   1110,      18,    852.4611,      0.0000,    852.4611,      0.0000
    4119,   1035,   1036,   3342,      18,   1169.2177,      0.0000,   1169.2177,      0.0000
    4120,     85,   3327,   1037,      18,    958.1898,      0.0000,    958.1898,      0.0000
    4121,   3309,   1038,   3328,      18,    782.9575,      0.0000,    782.9575,      0.0000
    4122,   3310,   1041,   3329,      18,    257.5001,      0.0000,    257.5001,      0.0000
    4123,   3311,   1044,   3330,      18,     66.4866,      0.0000,     66.4866,      0.0000
    4124,   3312,   1047,   3331,      18,     33.6770,      0.0000,     33.6770,      0.0000
    4125,   3313,   1050,   3332,      18,     82.3568,      0.0000,     82.3568,      0.0000
    4126,   3314,   1053,   3333,      18,    199.2007,      0.0000,    199.2007,      0.0000
    4127,     82,   3316,   1056,      18,    224.7533,      0.0000,    224.7533,      0.0000
    4128,   3316,   1057,   3334,      18,    238.6785,      0.0000,    238.6785,      0.0000
    4129,   3317,     79,   3318,      18,    900.2981,      0.0000,    900.2981,      0.0000
    4130,   3318,   1090,   3335,      18,    900.2981,      0.0000,    900.2981,      0.0000
    4131,   3319,   1093,   3336,      18,    700.0507,      0.0000,    700.0507,      0.0000
    4132,   3320,   1096,   3337,      18,    542.9708,      0.0000,    542.9708,      0.0000
    4133,   3321,   1099,   3338,      18,    335.5414,      0.0000,    335.5414,      0.0000
    4134,   3322,   1102,   3339,      18,    154.7214,      0.0000,    154.7214,      0.0000
    4135,   3323,   1105,   3340,      18,    161.8966,      0.0000,    161.8966,      0.0000
    4136,   3324,   1108,   3341,      18,    422.9196,      0.0000,    422.9196,      0.0000
    4137,   3325,     88,   3326,      18,   1212.8379,      0.0000,   1212.8379,      0.0000
    4138,   3326,   1035,   3342,      18,   1212.8379,      0.0000,   1212.8379,      0.0000
    4139,     85,   3309,   3327,      18,    782.9575,      0.0000,    782.9575,      0.0000
    4140,   3310,   3344,   3356,      18,    231.3319,      0.0000,    231.3319,      0.0000
    4141,   3330,   3345,   3355,      18,    133.3640,      0.0000,    133.3640,      0.0000
    4142,   3331,   3313,   3346,      18,     82.3568,      0.0000,     82.3568,      0.0000
    4143,   3333,   3347,   3348,      18,    229.2265,      0.0000,    229.2265,      0.0000
    4144,   3315,   1056,   3343,      18,    244.1761,      0.0000,    244.1761,      0.0000
    4145,   3316,   3334,   3343,      18,    244.1761,      0.0000,    244.1761,      0.0000
    4146,   3317,   3318,   3335,      18,    900.2981,      0.0000,    900.2981,      0.0000
    4147,   3319,   3336,   3347,      18,    690.9530,      0.0000,    690.9530,      0.0000
    4148,   3337,   3321,   3349,      18,    351.5123,      0.0000,    351.5123,      0.0000
    4149,   3339,   3350,   3353,      18,    109.3065,      0.0000,    109.3065,      0.0000
    4150,   3340,   3324,   3351,      18,    325.0049,      0.0000,    325.0049,      0.0000
    4151,   3325,   3326,   3342,      18,   1212.8379,      0.0000,   1212.8379,      0.0000
    4152,   3327,   3309,   3328,      18,    782.9575,      0.0000,    782.9575,      0.0000
    4153,   3310,   3329,   3344,      18,    231.3319,      0.0000,    231.3319,      0.0000
    4154,   3338,   3322,   3353,      18,    183.0658,      0.0000,    183.0658,      0.0000
    4155,   3323,   3340,   3354,      18,    215.8793,      0.0000,    215.8793,      0.0000
    4156,   3324,   3341,   3351,      18,    325.0049,      0.0000,    325.0049,      0.0000
    4157,   3341,   3325,   3342,      18,    853.0559,      0.0000,    853.0559,      0.0000
    4158,   3327,   3328,   3342,      18,    888.1477,      0.0000,    888.1477,      0.0000
    4159,   3329,   3311,   3355,      18,    106.8632,      0.0000,    106.8632,      0.0000
    4160,   3311,   3330,   3355,      18,    106.8632,      0.0000,    106.8632,      0.0000
    4161,   3330,   3312,   3350,      18,     29.9309,      0.0000,     29.9309,      0.0000
    4162,   3340,   3351,   3354,      18,    309.5997,      0.0000,    309.5997,      0.0000
    4163,   3342,   3328,   3356,      18,    611.6016,      0.0000,    611.6016,      0.0000
    4164,   3344,   3329,   3355,      18,    231.3319,      0.0000,    231.3319,      0.0000
    4165,   3345,   3330,   3350,      18,     50.9928,      0.0000,     50.9928,      0.0000
    4166,   3341,   3342,   3356,      18,    507.4538,      0.0000,    507.4538,      0.0000
    4167,   3310,   3356,   3328,      18,    339.9144,      0.0000,    339.9144,      0.0000
    4168,   3351,   3341,   3356,      18,    309.5997,      0.0000,    309.5997,      0.0000
    4169,   3344,   3355,   3354,      18,    231.3319,      0.0000,    231.3319,      0.0000
    4170,   3354,   3351,   3356,      18,    309.5997,      0.0000,    309.5997,      0.0000
    4171,   3344,   3354,   3356,      18,    231.3319,      0.0000,    231.3319,      0.0000
    4172,   3345,   3354,   3355,      18,    133.3640,      0.0000,    133.3640,      0.0000
    4173,   3339,   3345,   3350,      18,     50.9928,      0.0000,     50.9928,      0.0000
    4174,   3323,   3354,   3345,      18,     82.8671,      0.0000,     82.8671,      0.0000
    4175,   3323,   3345,   3339,      18,    125.8817,      0.0000,    125.8817,      0.0000
    4176,   3322,   3339,   3353,      18,    183.0658,      0.0000,    183.0658,      0.0000
    4177,   3350,   3312,   3352,      18,     67.5920,      0.0000,     67.5920,      0.0000
    4178,   3321,   3338,   3349,      18,    233.1564,      0.0000,    233.1564,      0.0000
    4179,   3350,   3352,   3353,      18,    109.3065,      0.0000,    109.3065,      0.0000
    4180,   3349,   3338,   3353,      18,    233.1564,      0.0000,    233.1564,      0.0000
    4181,   3352,   3349,   3353,      18,    109.3065,      0.0000,    109.3065,      0.0000
    4182,   3320,   3348,   3336,      18,    553.7752,      0.0000,    553.7752,      0.0000
    4183,   3312,   3331,   3352,      18,     52.7859,      0.0000,     52.7859,      0.0000
    4184,   3313,   3332,   3346,      18,     82.3568,      0.0000,     82.3568,      0.0000
    4185,   3315,   3347,   3333,      18,    229.2265,      0.0000,    229.2265,      0.0000
    4186,   3334,   3317,   3335,      18,    449.9945,      0.0000,    449.9945,      0.0000
    4187,   3320,   3337,   3348,      18,    542.9708,      0.0000,    542.9708,      0.0000
    4188,   3331,   3346,   3352,      18,     52.7859,      0.0000,     52.7859,      0.0000
    4189,   3315,   3334,   3347,      18,    242.8019,      0.0000,    242.8019,      0.0000
    4190,   3314,   3348,   3332,      18,    183.9052,      0.0000,    183.9052,      0.0000
    4191,   3315,   3343,   3334,      18,    244.1761,      0.0000,    244.1761,      0.0000
    4192,   3314,   3333,   3348,      18,    183.9052,      0.0000,    183.9052,      0.0000
    4193,   3334,   3335,   3347,      18,    649.7823,      0.0000,    649.7823,      0.0000
    4194,   3336,   3348,   3347,      18,    553.7752,      0.0000,    553.7752,      0.0000
    4195,   3319,   3347,   3335,      18,    690.9530,      0.0000,    690.9530,      0.0000
    4196,   3346,   3349,   3352,      18,    104.9706,      0.0000,    104.9706,      0.0000
    4197,   3332,   3348,   3337,      18,    287.5432,      0.0000,    287.5432,      0.0000
    4198,   3337,   3349,   3346,      18,    160.5506,      0.0000,    160.5506,      0.0000
    4199,   3332,   3337,   3346,      18,    104.9706,      0.0000,    104.9706,      0.0000
    4200,    113,    112,   3357,      17,    242.5843,      0.0000,    242.5843,      0.0000
    4201,   1113,   1112,   3358,      17,    776.4607,      0.0000,    776.4607,      0.0000
    4202,    110,    109,   3359,      17,   1844.7407,      0.0000,   1844.7407,      0.0000
    4203,   1177,   1176,   3360,      17,    581.7710,      0.0000,    581.7710,      0.0000
    4204,   1174,   1173,   3361,      17,    721.7720,      0.0000,    721.7720,      0.0000
    4205,   1171,   1170,   3362,      17,    329.6803,      0.0000,    329.6803,      0.0000
    4206,   1168,   1167,   3363,      17,    244.2124,      0.0000,    244.2124,      0.0000
    4207,    119,    118,   3364,      17,    509.5807,      0.0000,    509.5807,      0.0000
    4208,   1135,   1134,   3365,      17,    532.5502,      0.0000,    532.5502,      0.0000
    4209,    116,    115,   3366,      17,    374.0764,      0.0000,    374.0764,      0.0000
    4210,   1132,   1131,   3367,      17,    117.6034,      0.0000,    117.6034,      0.0000
    4211,   1129,   1128,   3368,      17,     56.5837,      0.0000,     56.5837,      0.0000
    4212,   1126,   1125,   3369,      17,     75.4006,      0.0000,     75.4006,      0.0000
    4213,   1123,   1122,   3370,      17,     62.0890,      0.0000,     62.0890,      0.0000
    4214,   1120,   1119,   3371,      17,     58.3918,      0.0000,     58.3918,      0.0000
    4215,   1117,   1116,   3372,      17,    146.8712,      0.0000,    146.8712,      0.0000
    4216,    114,    113,   3357,      17,    227.6119,      0.0000,    227.6119,      0.0000
    4217,    112,   1114,   3357,      17,    262.4893,      0.0000,    262.4893,      0.0000
    4218,   1113,   3358,   3373,      17,    767.4107,      0.0000,    767.4107,      0.0000
    4219,    111,    110,   3359,      17,   1736.4591,      0.0000,   1736.4591,      0.0000
    4220,    109,   4285,   3359,      17,   1844.7407,      0.0000,   1844.7407,      0.0000
    4221,   3360,   3374,   3386,      17,    146.7419,      0.0000,    146.7419,      0.0000
    4222,   1175,   1174,   3375,      17,    615.9151,      0.0000,    615.9151,      0.0000
    4223,   1172,   3361,   1173,      17,    721.7720,      0.0000,    721.7720,      0.0000
    4224,   1171,   3362,   3376,      17,    436.1313,      0.0000,    436.1313,      0.0000
    4225,   1169,   1168,   3377,      17,    168.1323,      0.0000,    168.1323,      0.0000
    4226,   1167,   4286,   3363,      17,    244.2124,      0.0000,    244.2124,      0.0000
    4227,    120,    119,   3364,      17,    509.5807,      0.0000,    509.5807,      0.0000
    4228,    118,   1136,   3364,      17,    562.3847,      0.0000,    562.3847,      0.0000
    4229,   1135,   3365,   3378,      17,    541.9513,      0.0000,    541.9513,      0.0000
    4230,    117,    116,   3366,      17,    426.5364,      0.0000,    426.5364,      0.0000
    4231,    115,   1133,   3366,      17,    374.0764,      0.0000,    374.0764,      0.0000
    4232,   1132,   3367,   3379,      17,    168.9219,      0.0000,    168.9219,      0.0000
    4233,   1130,   1129,   3380,      17,     59.1165,      0.0000,     59.1165,      0.0000
    4234,   1127,   3368,   1128,      17,     56.5837,      0.0000,     56.5837,      0.0000
    4235,   1126,   3369,   3381,      17,     87.5587,      0.0000,     87.5587,      0.0000
    4236,   1124,   1123,   3382,      17,     81.7146,      0.0000,     81.7146,      0.0000
    4237,   1121,   3370,   1122,      17,     62.0890,      0.0000,     62.0890,      0.0000
    4238,   1120,   3371,   3383,      17,     54.2538,      0.0000,     54.2538,      0.0000
    4239,   1118,   1117,   3384,      17,    118.6136,      0.0000,    118.6136,      0.0000
    4240,   1115,   3372,   1116,      17,    146.8712,      0.0000,    146.8712,      0.0000
    4241,   1115,   3357,   3385,      17,    196.4504,      0.0000,    196.4504,      0.0000
    4242,   1114,   1113,   3373,      17,    306.6513,      0.0000,    306.6513,      0.0000
    4243,    111,   3358,   1112,      17,    776.4607,      0.0000,    776.4607,      0.0000
    4244,   3359,   1178,   3386,      17,   1420.5854,      0.0000,   1420.5854,      0.0000
    4245,   1175,   3360,   1176,      17,    581.7710,      0.0000,    581.7710,      0.0000
    4246,   1174,   3361,   3375,      17,    615.9151,      0.0000,    615.9151,      0.0000
    4247,   1172,   1171,   3376,      17,    436.1313,      0.0000,    436.1313,      0.0000
    4248,   1169,   3362,   1170,      17,    329.6803,      0.0000,    329.6803,      0.0000
    4249,   1168,   3363,   3377,      17,    141.2184,      0.0000,    141.2184,      0.0000
    4250,   3364,   3363,   4286,      17,    336.1364,      0.0000,    336.1364,      0.0000
    4251,   1136,   1135,   3378,      17,    560.9947,      0.0000,    560.9947,      0.0000
    4252,    117,   3365,   1134,      17,    532.5502,      0.0000,    532.5502,      0.0000
    4253,   1133,   1132,   3379,      17,    168.9219,      0.0000,    168.9219,      0.0000
    4254,   1130,   3367,   1131,      17,    117.6034,      0.0000,    117.6034,      0.0000
    4255,   1129,   3368,   3380,      17,     59.1165,      0.0000,     59.1165,      0.0000
    4256,   1127,   1126,   3381,      17,     74.4658,      0.0000,     74.4658,      0.0000
    4257,   1124,   3369,   1125,      17,     75.4006,      0.0000,     75.4006,      0.0000
    4258,   1123,   3370,   3382,      17,     71.7269,      0.0000,     71.7269,      0.0000
    4259,   1121,   1120,   3383,      17,     54.2538,      0.0000,     54.2538,      0.0000
    4260,   1118,   3371,   1119,      17,     58.3918,      0.0000,     58.3918,      0.0000
    4261,   1117,   3372,   3384,      17,    118.6136,      0.0000,    118.6136,      0.0000
    4262,    114,   3357,   1115,      17,    227.6119,      0.0000,    227.6119,      0.0000
    4263,   3357,   1114,   3373,      17,    243.0019,      0.0000,    243.0019,      0.0000
    4264,   3358,    111,   3359,      17,   1589.9121,      0.0000,   1589.9121,      0.0000
    4265,   1177,   3386,   1178,      17,   1420.5854,      0.0000,   1420.5854,      0.0000
    4266,   3360,   1175,   3375,      17,    503.3821,      0.0000,    503.3821,      0.0000
    4267,   3361,   1172,   3376,      17,    619.3859,      0.0000,    619.3859,      0.0000
    4268,   1169,   3391,   3362,      17,    264.7983,      0.0000,    264.7983,      0.0000
    4269,   3364,   1136,   3378,      17,    449.8928,      0.0000,    449.8928,      0.0000
    4270,   3365,    117,   3366,      17,    386.1117,      0.0000,    386.1117,      0.0000
    4271,   3366,   1133,   3379,      17,    291.5635,      0.0000,    291.5635,      0.0000
    4272,   3367,   1130,   3380,      17,     86.0815,      0.0000,     86.0815,      0.0000
    4273,   3368,   1127,   3381,      17,     63.9330,      0.0000,     63.9330,      0.0000
    4274,   3369,   1124,   3382,      17,     77.4515,      0.0000,     77.4515,      0.0000
    4275,   3370,   1121,   3383,      17,     58.0053,      0.0000,     58.0053,      0.0000
    4276,   3371,   1118,   3384,      17,     79.2221,      0.0000,     79.2221,      0.0000
    4277,   3372,   1115,   3385,      17,    196.4504,      0.0000,    196.4504,      0.0000
    4278,   3357,   3373,   3385,      17,    196.4504,      0.0000,    196.4504,      0.0000
    4279,   3358,   3359,   3386,      17,   1589.9121,      0.0000,   1589.9121,      0.0000
    4280,   1177,   3360,   3386,      17,    741.9717,      0.0000,    741.9717,      0.0000
    4281,   3384,   3372,   3387,      17,    148.7243,      0.0000,    148.7243,      0.0000
    4282,   3373,   3358,   3386,      17,    767.4107,      0.0000,    767.4107,      0.0000
    4283,   3374,   3360,   3383,      17,    146.7419,      0.0000,    146.7419,      0.0000
    4284,   3372,   3385,   3387,      17,    164.7043,      0.0000,    164.7043,      0.0000
    4285,   3373,   3386,   3374,      17,    715.5908,      0.0000,    715.5908,      0.0000
    4286,   3371,   3374,   3383,      17,     67.2022,      0.0000,     67.2022,      0.0000
    4287,   3373,   3387,   3385,      17,    196.4504,      0.0000,    196.4504,      0.0000
    4288,   3374,   3371,   3384,      17,    110.5164,      0.0000,    110.5164,      0.0000
    4289,   3373,   3374,   3387,      17,    164.7043,      0.0000,    164.7043,      0.0000
    4290,   3374,   3384,   3387,      17,    110.5164,      0.0000,    110.5164,      0.0000
    4291,   3380,   3368,   3388,      17,     61.0361,      0.0000,     61.0361,      0.0000
    4292,   3369,   3382,   3389,      17,     81.7146,      0.0000,     81.7146,      0.0000
    4293,   3360,   3375,   3383,      17,    374.6721,      0.0000,    374.6721,      0.0000
    4294,   3377,   3363,   3390,      17,    263.5091,      0.0000,    263.5091,      0.0000
    4295,   3365,   3366,   3379,      17,    386.1117,      0.0000,    386.1117,      0.0000
    4296,   3380,   3391,   3392,      17,    123.3698,      0.0000,    123.3698,      0.0000
    4297,   3368,   3381,   3388,      17,     61.0361,      0.0000,     61.0361,      0.0000
    4298,   3381,   3369,   3389,      17,     81.1182,      0.0000,     81.1182,      0.0000
    4299,   3370,   3389,   3382,      17,     81.7146,      0.0000,     81.7146,      0.0000
    4300,   3383,   3375,   3389,      17,    374.6721,      0.0000,    374.6721,      0.0000
    4301,   3380,   3388,   3391,      17,    106.8314,      0.0000,    106.8314,      0.0000
    4302,   3376,   3388,   3381,      17,    105.5269,      0.0000,    105.5269,      0.0000
    4303,   3367,   3380,   3392,      17,    119.7713,      0.0000,    119.7713,      0.0000
    4304,   3362,   3388,   3376,      17,    264.7983,      0.0000,    264.7983,      0.0000
    4305,   3377,   3392,   3391,      17,    141.2184,      0.0000,    141.2184,      0.0000
    4306,   3362,   3391,   3388,      17,    106.8314,      0.0000,    106.8314,      0.0000
    4307,   1169,   3377,   3391,      17,    141.2184,      0.0000,    141.2184,      0.0000
    4308,   3376,   3381,   3389,      17,     87.5587,      0.0000,     87.5587,      0.0000
    4309,   3370,   3383,   3389,      17,     69.2860,      0.0000,     69.2860,      0.0000
    4310,   3361,   3376,   3389,      17,    566.1944,      0.0000,    566.1944,      0.0000
    4311,   3361,   3389,   3375,      17,    566.1944,      0.0000,    566.1944,      0.0000
    4312,   3379,   3367,   3392,      17,    119.7713,      0.0000,    119.7713,      0.0000
    4313,   3377,   3390,   3392,      17,    123.3698,      0.0000,    123.3698,      0.0000
    4314,   3363,   3364,   3378,      17,    472.4566,      0.0000,    472.4566,      0.0000
    4315,   3379,   3392,   3390,      17,    241.8123,      0.0000,    241.8123,      0.0000
    4316,   3363,   3378,   3390,      17,    449.8928,      0.0000,    449.8928,      0.0000
    4317,   3365,   3379,   3390,      17,    448.8630,      0.0000,    448.8630,      0.0000
    4318,   3365,   3390,   3378,      17,    449.8928,      0.0000,    449.8928,      0.0000
    4319,    128,   3431,   1179,       1,    360.5992,    113.9044,      0.0000,    246.6947
    4320,    502,    129,   1252,       1,    382.8484,     95.6619,      0.0000,    287.1865
    4321,   1251,   1250,   3393,       1,    224.8952,     52.3007,      0.0000,    172.5945
    4322,   1249,    132,   3394,       1,    150.6218,     53.4984,      0.0000,     97.1234
    4323,    133,   1247,   3395,       1,    132.4810,     47.3173,      0.0000,     85.1638
    4324,   1246,    135,   3396,       1,    118.4469,     41.8160,      0.0000,     76.6309
    4325,    136,   1244,   3397,       1,    131.8311,     37.2912,      0.0000,     94.5400
    4326,   1243,    138,   3398,       1,     96.9066,     35.2609,      0.0000,     61.6456
    4327,   1241,   3399,   3468,       1,    141.1254,     42.2441,      0.0000,     98.8813
    4328,   1240,    141,   3400,       1,    147.4849,     47.1387,      0.0000,    100.3463
    4329,    142,   1238,   3401,       1,    165.3840,     50.8896,      0.0000,    114.4944
    4330,   1237,    144,   3402,       1,    183.7192,     58.6168,      0.0000,    125.1024
    4331,    145,   1235,   3403,       1,    320.3874,     92.2452,      0.0000,    228.1422
    4332,    147,    525,   1233,       1,    323.8922,    105.4993,      0.0000,    218.3929
    4333,    514,    125,   1232,       1,    334.2390,    107.8327,      0.0000,    226.4062
    4334,   1230,   3404,   1231,       1,    196.8714,     62.5404,      0.0000,    134.3309
    4335,   1228,   1227,   3405,       1,    169.3944,     51.9867,      0.0000,    117.4076
    4336,   1225,   1224,   3406,       1,    154.8872,     48.2013,      0.0000,    106.6859
    4337,   1222,   1221,   3407,       1,    158.5554,     47.4452,      0.0000,    111.1102
    4338,   1219,   1218,   3408,       1,    209.7917,     52.1475,      0.0000,    157.6442
    4339,   1216,   1215,   3409,       1,    140.1623,     43.1412,      0.0000,     97.0211
    4340,   1213,   1212,   3410,       1,    110.4480,     38.5230,      0.0000,     71.9250
    4341,   1210,   1209,   3411,       1,     99.6546,     36.7762,      0.0000,     62.8784
    4342,   1207,   1206,   3412,       1,     94.2753,     35.0821,      0.0000,     59.1931
    4343,    491,   3413,   3412,       1,     93.4811,     34.2723,      0.0000,     59.2088
    4344,    493,    494,   3414,       1,     90.1245,     34.3688,      0.0000,     55.7557
    4345,    126,    496,   3415,       1,     88.2366,     34.7289,      0.0000,     53.5077
    4346,    498,    499,   3416,       1,     86.6382,     34.0302,      0.0000,     52.6080
    4347,    127,   1205,    501,       1,     89.4043,     35.7077,      0.0000,     53.6966
    4348,   1204,   1203,   3417,       1,     92.1012,     36.6135,      0.0000,     55.4876
    4349,   1201,   1200,   3418,       1,     98.8337,     38.5442,      0.0000,     60.2895
    4350,   1198,   1197,   3419,       1,    113.1090,     42.2343,      0.0000,     70.8748
    4351,   1195,   1194,   3420,       1,    147.6780,     46.7616,      0.0000,    100.9164
    4352,   1192,   1191,   3421,       1,    139.7701,     46.4463,      0.0000,     93.3238
    4353,   1189,   1188,   3422,       1,    119.4961,     42.7254,      0.0000,     76.7708
    4354,   1186,   1185,   3423,       1,    134.3426,     47.7772,      0.0000,     86.5653
    4355,   1183,   1182,   3424,       1,    154.0626,     54.7847,      0.0000,     99.2780
    4356,   1180,   1179,   3425,       1,    343.5388,    110.4776,      0.0000,    233.0612
    4357,    131,   3393,   4298,       1,    222.4695,     50.9168,      0.0000,    171.5527
    4358,   3393,    131,   3427,       1,    220.8199,     54.2888,      0.0000,    166.5311
    4359,   1180,   3425,   3426,       1,    408.3741,    119.1462,      0.0000,    289.2279
    4360,    131,   1249,   3426,       1,    156.4279,     54.9065,      0.0000,    101.5214
    4361,    131,   3426,   3427,       1,    220.8199,     54.2888,      0.0000,    166.5311
    4362,   3425,   3427,   3426,       1,    408.3741,    119.1462,      0.0000,    289.2279
    4363,    502,   1252,   3428,       1,    379.1306,     93.0518,      0.0000,    286.0788
    4364,    504,    503,   3428,       1,    382.9312,     93.8541,      0.0000,    289.0771
    4365,    502,   3428,    503,       1,    382.9312,     93.8541,      0.0000,    289.0771
    4366,    509,   3429,    510,       1,    782.1088,    155.5057,      0.0000,    626.6031
    4367,    504,   3428,   3430,       1,    437.6372,     99.7660,      0.0000,    337.8713
    4368,    506,    505,   3430,       1,    491.5640,    107.1628,      0.0000,    384.4012
    4369,    504,   3430,    505,       1,    491.5640,    107.1628,      0.0000,    384.4012
    4370,   3393,   3427,   3430,       1,    476.5856,    104.2580,      0.0000,    372.3276
    4371,    507,   3430,   3427,       1,    546.8709,    111.8520,      0.0000,    435.0190
    4372,    506,   3430,    507,       1,    496.4224,    109.0131,      0.0000,    387.4093
    4373,    508,    507,   3427,       1,    758.2622,    145.3726,      0.0000,    612.8896
    4374,    508,   3427,   3429,       1,    782.1088,    155.5057,      0.0000,    626.6031
    4375,    508,   3429,    509,       1,    817.3939,    157.8269,      0.0000,    659.5670
    4376,   3393,   3430,   3428,       1,    476.5856,    104.2580,      0.0000,    372.3276
    4377,   1251,   3393,   3428,       1,    355.1010,     86.9874,      0.0000,    268.1136
    4378,   1251,   3428,   1252,       1,    355.1010,     86.9874,      0.0000,    268.1136
    4379,    130,   1251,   1252,       1,     99.6703,     32.2110,      0.0000,     67.4593
    4380,   3425,   3429,   3427,       1,    782.1088,    155.5057,      0.0000,    626.6031
    4381,    511,    510,   3429,       1,    820.3045,    159.9400,      0.0000,    660.3645
    4382,    511,   3429,   3425,       1,    782.1088,    155.5057,      0.0000,    626.6031
    4383,    511,   3425,   3431,       1,    360.5992,    113.9044,      0.0000,    246.6947
    4384,    513,    512,   3431,       1,    353.7919,    112.9828,      0.0000,    240.8091
    4385,    128,    513,   3431,       1,    353.7919,    112.9828,      0.0000,    240.8091
    4386,    511,   3431,    512,       1,    348.2839,    110.2499,      0.0000,    238.0340
    4387,   3425,   1179,   3431,       1,    360.5992,    113.9044,      0.0000,    246.6947
    4388,   1232,   1231,   3432,       1,    245.8319,     76.1789,      0.0000,    169.6530
    4389,   1229,   3404,   1230,       1,    196.8714,     62.5404,      0.0000,    134.3309
    4390,   3432,   3434,   3438,       1,    343.4230,    107.5250,      0.0000,    235.8980
    4391,   1229,   1228,   3433,       1,    172.0003,     52.8940,      0.0000,    119.1063
    4392,   1237,   3402,   3433,       1,    174.2531,     53.8795,      0.0000,    120.3736
    4393,    144,   1236,   3436,       1,    199.3029,     64.1206,      0.0000,    135.1823
    4394,   3403,   3435,   3434,       1,    401.0517,    120.0132,      0.0000,    281.0385
    4395,   1231,   3404,   3432,       1,    245.8319,     76.1789,      0.0000,    169.6530
    4396,   1229,   3433,   3402,       1,    180.6223,     57.0701,      0.0000,    123.5522
    4397,   1234,   3403,   1235,       1,    320.3874,     92.2452,      0.0000,    228.1422
    4398,   3432,   3404,   3436,       1,    205.0123,     65.3011,      0.0000,    139.7113
    4399,   1229,   3402,   3404,       1,    205.0123,     65.3011,      0.0000,    139.7113
    4400,   3402,   3436,   3404,       1,    203.2806,     65.2592,      0.0000,    138.0214
    4401,    144,   3436,   3402,       1,    180.6223,     57.0701,      0.0000,    123.5522
    4402,   1234,    524,   3403,       1,    376.4180,    114.3344,      0.0000,    262.0837
    4403,    146,   1233,   1234,       1,    121.9552,     35.3415,      0.0000,     86.6137
    4404,    514,   1232,   3437,       1,    333.1344,    104.7705,      0.0000,    228.3638
    4405,    516,    515,   3437,       1,    339.0866,    105.3227,      0.0000,    233.7639
    4406,    514,   3437,    515,       1,    339.0866,    105.3227,      0.0000,    233.7639
    4407,   1232,   3432,   3437,       1,    333.1344,    104.7705,      0.0000,    228.3638
    4408,    145,   3436,   1236,       1,    199.3029,     64.1206,      0.0000,    135.1823
    4409,    145,   3432,   3436,       1,    305.2102,     92.3834,      0.0000,    212.8268
    4410,    145,   3434,   3432,       1,    381.5583,    112.8767,      0.0000,    268.6816
    4411,    145,   3403,   3434,       1,    376.4180,    114.3344,      0.0000,    262.0837
    4412,    524,   1233,    525,       1,    341.1512,    111.9351,      0.0000,    229.2161
    4413,    524,   1234,   1233,       1,    295.7129,     95.7105,      0.0000,    200.0024
    4414,    523,   3403,    524,       1,    393.0787,    121.1549,      0.0000,    271.9238
    4415,    522,   3403,    523,       1,    390.9946,    120.5825,      0.0000,    270.4121
    4416,    516,   3437,   3438,       1,    342.2521,    107.0375,      0.0000,    235.2145
    4417,    518,    517,   3438,       1,    344.1720,    107.3656,      0.0000,    236.8064
    4418,    516,   3438,    517,       1,    344.1720,    107.3656,      0.0000,    236.8064
    4419,   3432,   3438,   3437,       1,    343.4230,    107.5250,      0.0000,    235.8980
    4420,    518,   3438,   3434,       1,    372.5889,    112.6962,      0.0000,    259.8927
    4421,    519,    518,   3434,       1,    406.8209,    120.7708,      0.0000,    286.0501
    4422,    519,   3434,   3435,       1,    401.0517,    120.0132,      0.0000,    281.0385
    4423,    520,    519,   3435,       1,    409.4841,    123.1004,      0.0000,    286.3837
    4424,    521,    520,   3435,       1,    409.4841,    123.1004,      0.0000,    286.3837
    4425,    521,   3435,   3403,       1,    398.8822,    120.6977,      0.0000,    278.1845
    4426,    521,   3403,    522,       1,    390.9946,    120.5825,      0.0000,    270.4121
    4427,    124,    490,   1206,       1,     94.5409,     35.4525,      0.0000,     59.0884
    4428,    491,    492,   3413,       1,     92.0934,     33.4250,      0.0000,     58.6684
    4429,    493,   3414,   3439,       1,     90.3001,     34.5197,      0.0000,     55.7804
    4430,    495,    126,   3440,       1,     88.9678,     34.7399,      0.0000,     54.2279
    4431,    496,    497,   3415,       1,     88.2366,     34.7289,      0.0000,     53.5077
    4432,    498,   3416,   3441,       1,     87.0038,     34.1626,      0.0000,     52.8412
    4433,    500,    501,   3442,       1,     88.4695,     35.0057,      0.0000,     53.4638
    4434,   3417,   3443,   3442,       1,     88.3413,     34.6091,      0.0000,     53.7322
    4435,   1202,   1201,   3444,       1,     93.0521,     36.6932,      0.0000,     56.3589
    4436,   1199,   3418,   1200,       1,     98.8337,     38.5442,      0.0000,     60.2895
    4437,   1198,   3419,   3445,       1,    112.6690,     41.7613,      0.0000,     70.9077
    4438,   1196,   1195,   3446,       1,    140.5353,     48.5470,      0.0000,     91.9882
    4439,   1193,   3420,   1194,       1,    147.6780,     46.7616,      0.0000,    100.9164
    4440,   1192,   3421,   3447,       1,    153.0912,     47.9082,      0.0000,    105.1830
    4441,   1190,   1189,   3448,       1,    118.1956,     42.0156,      0.0000,     76.1801
    4442,   1187,   3422,   1188,       1,    119.4961,     42.7254,      0.0000,     76.7708
    4443,   1186,   3423,   3449,       1,    134.8537,     48.0035,      0.0000,     86.8502
    4444,   1184,   1183,   3450,       1,    147.8001,     52.6014,      0.0000,     95.1986
    4445,   1181,   3424,   1182,       1,    154.0626,     54.7847,      0.0000,     99.2780
    4446,   1181,   1180,   3426,       1,    249.1481,     83.7159,      0.0000,    165.4322
    4447,   1249,   3394,   3426,       1,    156.4279,     54.9065,      0.0000,    101.5214
    4448,    132,   1248,   3394,       1,    150.6218,     53.4984,      0.0000,     97.1234
    4449,   1183,   3424,   3450,       1,    147.8001,     52.6014,      0.0000,     95.1986
    4450,   3424,   1181,   3426,       1,    169.1007,     59.9167,      0.0000,    109.1840
    4451,   1248,    133,   3450,       1,    146.8883,     52.1942,      0.0000,     94.6941
    4452,   3394,   3424,   3426,       1,    151.9423,     53.7932,      0.0000,     98.1490
    4453,   3394,   1248,   3450,       1,    146.8883,     52.1942,      0.0000,     94.6941
    4454,   3394,   3450,   3424,       1,    153.2218,     54.4756,      0.0000,     98.7462
    4455,    492,    493,   3439,       1,     90.4132,     34.1823,      0.0000,     56.2310
    4456,    494,    495,   3414,       1,     90.1245,     34.3688,      0.0000,     55.7557
    4457,    126,   3415,   3440,       1,     89.7691,     34.8487,      0.0000,     54.9204
    4458,    497,    498,   3441,       1,     86.9577,     34.2003,      0.0000,     52.7574
    4459,    499,    500,   3416,       1,     86.6382,     34.0302,      0.0000,     52.6080
    4460,    501,   1205,   3442,       1,     88.2389,     34.7132,      0.0000,     53.5256
    4461,   3443,   3417,   3451,       1,     88.3413,     34.6091,      0.0000,     53.7322
    4462,   1201,   3418,   3444,       1,     96.7916,     37.9329,      0.0000,     58.8587
    4463,   1199,   1198,   3445,       1,    111.3688,     41.7151,      0.0000,     69.6537
    4464,   1196,   3419,   1197,       1,    113.1090,     42.2343,      0.0000,     70.8748
    4465,   1195,   3420,   3446,       1,    140.5353,     48.5470,      0.0000,     91.9882
    4466,   1193,   1192,   3447,       1,    153.8061,     46.7102,      0.0000,    107.0959
    4467,   1190,   3421,   1191,       1,    139.7701,     46.4463,      0.0000,     93.3238
    4468,   1189,   3422,   3448,       1,    118.1956,     42.0156,      0.0000,     76.1801
    4469,   1186,   3449,   3452,       1,    123.2207,     44.0276,      0.0000,     79.1931
    4470,   1184,   3423,   1185,       1,    134.3426,     47.7772,      0.0000,     86.5653
    4471,    133,   3395,   3450,       1,    135.2388,     48.2114,      0.0000,     87.0274
    4472,   1247,    134,   3449,       1,    128.6871,     46.0233,      0.0000,     82.6637
    4473,   1186,   3452,   1187,       1,    121.4671,     43.4970,      0.0000,     77.9701
    4474,   3423,   1184,   3450,       1,    137.7469,     48.9868,      0.0000,     88.7600
    4475,   1246,   3452,   3449,       1,    123.2207,     44.0276,      0.0000,     79.1931
    4476,   3395,   3423,   3450,       1,    135.2388,     48.2114,      0.0000,     87.0274
    4477,    134,   1246,   3449,       1,    128.6871,     46.0233,      0.0000,     82.6637
    4478,   3395,   3449,   3423,       1,    135.2388,     48.2114,      0.0000,     87.0274
    4479,   1247,   3449,   3395,       1,    135.2388,     48.2114,      0.0000,     87.0274
    4480,   1204,   3442,   1205,       1,     89.1611,     35.4450,      0.0000,     53.7161
    4481,   3441,   3451,   3453,       1,     90.5921,     35.4347,      0.0000,     55.1574
    4482,   1202,   3417,   1203,       1,     92.1012,     36.6135,      0.0000,     55.4876
    4483,   3418,   3454,   3459,       1,     98.0344,     38.0079,      0.0000,     60.0266
    4484,   3445,   3419,   3455,       1,    112.6690,     41.7613,      0.0000,     70.9077
    4485,   3446,   3420,   3456,       1,    149.9975,     48.2911,      0.0000,    101.7064
    4486,   3421,   1190,   3448,       1,    120.9127,     41.9738,      0.0000,     78.9389
    4487,   3422,   1187,   3452,       1,    123.2207,     44.0276,      0.0000,     79.1931
    4488,   1246,   3396,   3452,       1,    118.3730,     41.7009,      0.0000,     76.6721
    4489,    135,   1245,   3396,       1,    118.4469,     41.8160,      0.0000,     76.6309
    4490,   3396,   3422,   3452,       1,    119.3568,     42.5743,      0.0000,     76.7825
    4491,   1245,    136,   3457,       1,    124.4764,     38.4607,      0.0000,     86.0157
    4492,   3396,   3448,   3422,       1,    119.3568,     42.5743,      0.0000,     76.7825
    4493,   3396,   1245,   3457,       1,    117.6931,     40.4622,      0.0000,     77.2309
    4494,   3448,   3396,   3457,       1,    118.0523,     41.3816,      0.0000,     76.6708
    4495,   3440,   3415,   3458,       1,     88.5623,     34.7576,      0.0000,     53.8047
    4496,   3416,    500,   3442,       1,     87.1112,     34.2005,      0.0000,     52.9107
    4497,   1204,   3417,   3442,       1,     90.6506,     35.9632,      0.0000,     54.6874
    4498,   3453,   3451,   3459,       1,     90.5921,     35.4347,      0.0000,     55.1574
    4499,   3417,   1202,   3444,       1,     93.5323,     36.5684,      0.0000,     56.9638
    4500,   3418,   1199,   3445,       1,     97.5882,     38.0099,      0.0000,     59.5782
    4501,   3419,   3446,   3455,       1,    127.4801,     45.4436,      0.0000,     82.0365
    4502,   3455,   3456,   3460,       1,    132.3487,     47.6019,      0.0000,     84.7468
    4503,   3420,   1193,   3447,       1,    153.8061,     46.7102,      0.0000,    107.0959
    4504,   3421,   3448,   3457,       1,    118.0523,     41.3816,      0.0000,     76.6708
    4505,    136,   3397,   3457,       1,    124.4764,     38.4607,      0.0000,     86.0157
    4506,    137,   3397,   1244,       1,    131.8311,     37.2912,      0.0000,     94.5400
    4507,   1243,   3398,   3461,       1,    107.7489,     37.1565,      0.0000,     70.5924
    4508,   1242,    139,   3462,       1,    253.8590,     52.5114,      0.0000,    201.3476
    4509,    140,   3399,   1241,       1,    141.1254,     42.2441,      0.0000,     98.8813
    4510,   3415,    497,   3441,       1,     87.9173,     34.6197,      0.0000,     53.2976
    4511,   3416,   3442,   3443,       1,     88.3413,     34.6091,      0.0000,     53.7322
    4512,   3453,   3459,   3464,       1,     95.4922,     37.2875,      0.0000,     58.2048
    4513,   3417,   3444,   3451,       1,     90.8979,     35.8056,      0.0000,     55.0923
    4514,   3418,   3445,   3454,       1,     98.0344,     38.0079,      0.0000,     60.0266
    4515,   3419,   1196,   3446,       1,    118.2448,     43.5403,      0.0000,     74.7045
    4516,   3460,   3456,   3465,       1,    132.3487,     47.6019,      0.0000,     84.7468
    4517,   3397,   3421,   3457,       1,    137.6469,     39.0238,      0.0000,     98.6231
    4518,   3420,   3447,   3456,       1,    149.9975,     48.2911,      0.0000,    101.7064
    4519,   3397,   3447,   3421,       1,    137.6469,     39.0238,      0.0000,     98.6231
    4520,    137,   1243,   3465,       1,    178.8016,     42.9518,      0.0000,    135.8499
    4521,   3447,   3465,   3456,       1,    148.7196,     49.4462,      0.0000,     99.2734
    4522,    137,   3447,   3397,       1,    137.6469,     39.0238,      0.0000,     98.6231
    4523,    137,   3465,   3447,       1,    178.8016,     42.9518,      0.0000,    135.8499
    4524,   3415,   3441,   3458,       1,     88.5623,     34.7576,      0.0000,     53.8047
    4525,   3441,   3416,   3443,       1,     87.0038,     34.1626,      0.0000,     52.8412
    4526,   3464,   3466,   3488,       1,    100.9324,     40.9420,      0.0000,     59.9904
    4527,   3444,   3459,   3451,       1,     95.4922,     37.2875,      0.0000,     58.2048
    4528,   3445,   3455,   3467,       1,    117.8971,     43.7419,      0.0000,     74.1552
    4529,   1243,   3461,   3465,       1,    180.8255,     49.7664,      0.0000,    131.0591
    4530,    138,   1242,   3398,       1,    107.7489,     37.1565,      0.0000,     70.5924
    4531,   3462,    139,   3468,       1,    253.8590,     52.5114,      0.0000,    201.3476
    4532,    140,   1240,   3463,       1,    132.7981,     44.2266,      0.0000,     88.5716
    4533,   1220,   3407,   1221,       1,    158.5554,     47.4452,      0.0000,    111.1102
    4534,   1220,   1219,   3469,       1,    183.5892,     50.3982,      0.0000,    133.1910
    4535,   3399,    140,   3463,       1,    137.5991,     45.1416,      0.0000,     92.4575
    4536,   3407,   1220,   3469,       1,    183.5892,     50.3982,      0.0000,    133.1910
    4537,   3399,   3463,   3407,       1,    137.5991,     45.1416,      0.0000,     92.4575
    4538,   3399,   3407,   3469,       1,    145.4548,     45.8957,      0.0000,     99.5591
    4539,   1217,   3408,   1218,       1,    209.7917,     52.1475,      0.0000,    157.6442
    4540,   1216,   3409,   3470,       1,    137.9247,     44.4222,      0.0000,     93.5025
    4541,   1214,   1213,   3471,       1,    112.3222,     38.1231,      0.0000,     74.1990
    4542,   1211,   3410,   1212,       1,    110.4480,     38.5230,      0.0000,     71.9250
    4543,   1210,   3411,   3472,       1,    100.5034,     36.5820,      0.0000,     63.9214
    4544,   1208,   1207,   3473,       1,     95.1817,     35.2829,      0.0000,     59.8987
    4545,    490,   3412,   1206,       1,     93.4811,     34.2723,      0.0000,     59.2088
    4546,   3413,    492,   3439,       1,     92.2555,     33.4257,      0.0000,     58.8298
    4547,   3414,    495,   3440,       1,     89.9734,     34.5990,      0.0000,     55.3744
    4548,   3441,   3443,   3451,       1,     88.3413,     34.6091,      0.0000,     53.7322
    4549,   1217,   1216,   3470,       1,    152.2840,     44.5674,      0.0000,    107.7166
    4550,   1214,   3409,   1215,       1,    140.1623,     43.1412,      0.0000,     97.0211
    4551,   1213,   3410,   3471,       1,    112.3222,     38.1231,      0.0000,     74.1990
    4552,   1211,   1210,   3472,       1,    100.5034,     36.5820,      0.0000,     63.9214
    4553,   1208,   3411,   1209,       1,     99.6546,     36.7762,      0.0000,     62.8784
    4554,   1207,   3412,   3473,       1,     95.1817,     35.2829,      0.0000,     59.8987
    4555,    490,    491,   3412,       1,     93.6216,     34.5939,      0.0000,     59.0276
    4556,   3439,   3414,   3475,       1,     90.3001,     34.5197,      0.0000,     55.7804
    4557,   3441,   3453,   3458,       1,     90.1642,     35.4318,      0.0000,     54.7324
    4558,   3466,   3474,   3476,       1,    104.8666,     41.5950,      0.0000,     63.2715
    4559,   3446,   3456,   3455,       1,    127.4801,     45.4436,      0.0000,     82.0365
    4560,   3460,   3465,   3461,       1,    132.3487,     47.6019,      0.0000,     84.7468
    4561,   3398,   1242,   3462,       1,    144.2861,     36.4395,      0.0000,    107.8466
    4562,    139,   1241,   3468,       1,    253.8590,     52.5114,      0.0000,    201.3476
    4563,   1219,   3408,   3469,       1,    187.0867,     50.9260,      0.0000,    136.1607
    4564,   3408,   1217,   3470,       1,    213.2791,     54.9021,      0.0000,    158.3770
    4565,   3409,   1214,   3471,       1,    128.9070,     41.9348,      0.0000,     86.9722
    4566,   3410,   1211,   3472,       1,    107.2054,     37.8224,      0.0000,     69.3830
    4567,   3411,   1208,   3473,       1,     97.4814,     35.9015,      0.0000,     61.5799
    4568,   3412,   3413,   3473,       1,     93.4811,     34.2723,      0.0000,     59.2088
    4569,   3439,   3475,   3477,       1,     91.1726,     35.4545,      0.0000,     55.7181
    4570,   3458,   3478,   3475,       1,     92.3532,     36.4579,      0.0000,     55.8953
    4571,   3466,   3476,   3479,       1,    107.6897,     43.1233,      0.0000,     64.5664
    4572,   3455,   3460,   3467,       1,    132.3487,     47.6019,      0.0000,     84.7468
    4573,   3461,   3398,   3480,       1,    107.7489,     37.1565,      0.0000,     70.5924
    4574,   3468,   3399,   3469,       1,    145.4548,     45.8957,      0.0000,     99.5591
    4575,   3470,   3409,   3481,       1,    137.9247,     44.4222,      0.0000,     93.5025
    4576,   3472,   3482,   3486,       1,    100.4802,     38.3391,      0.0000,     62.1411
    4577,   3439,   3477,   3483,       1,     93.8738,     36.6472,      0.0000,     57.2266
    4578,   3414,   3440,   3475,       1,     89.7691,     34.8487,      0.0000,     54.9204
    4579,   3453,   3478,   3458,       1,     92.3532,     36.4579,      0.0000,     55.8953
    4580,   3479,   3484,   3490,       1,    103.1306,     40.6537,      0.0000,     62.4769
    4581,   3467,   3476,   3474,       1,    104.8666,     41.5950,      0.0000,     63.2715
    4582,   3460,   3461,   3467,       1,    132.3487,     47.6019,      0.0000,     84.7468
    4583,   3398,   3462,   3480,       1,    123.5356,     44.9558,      0.0000,     78.5798
    4584,   3408,   3468,   3469,       1,    187.0867,     50.9260,      0.0000,    136.1607
    4585,   3470,   3481,   3485,       1,    122.6954,     46.0328,      0.0000,     76.6626
    4586,   3471,   3410,   3486,       1,    109.0615,     37.9515,      0.0000,     71.1101
    4587,   3472,   3411,   3487,       1,     98.2210,     35.8691,      0.0000,     62.3519
    4588,   3477,   3488,   3490,       1,     95.3696,     38.0666,      0.0000,     57.3031
    4589,   3440,   3458,   3475,       1,     89.7691,     34.8487,      0.0000,     54.9204
    4590,   3410,   3472,   3486,       1,    104.6971,     39.0897,      0.0000,     65.6074
    4591,   3477,   3475,   3478,       1,     92.3532,     36.4579,      0.0000,     55.8953
    4592,   3409,   3471,   3481,       1,    122.6954,     46.0328,      0.0000,     76.6626
    4593,   3482,   3472,   3483,       1,    100.4802,     38.3391,      0.0000,     62.1411
    4594,   3477,   3478,   3488,       1,     92.3532,     36.4579,      0.0000,     55.8953
    4595,   3471,   3489,   3481,       1,    122.6954,     46.0328,      0.0000,     76.6626
    4596,   3482,   3483,   3490,       1,    100.4802,     38.3391,      0.0000,     62.1411
    4597,   3453,   3488,   3478,       1,     92.3532,     36.4579,      0.0000,     55.8953
    4598,   3471,   3486,   3489,       1,    109.6701,     43.1807,      0.0000,     66.4894
    4599,   3477,   3490,   3483,       1,     96.5701,     36.5030,      0.0000,     60.0671
    4600,   3453,   3464,   3488,       1,     95.3696,     38.0666,      0.0000,     57.3031
    4601,   3484,   3489,   3486,       1,    103.1306,     40.6537,      0.0000,     62.4769
    4602,   3466,   3490,   3488,       1,     95.3696,     38.0666,      0.0000,     57.3031
    4603,   3482,   3484,   3486,       1,    103.1306,     40.6537,      0.0000,     62.4769
    4604,   3466,   3479,   3490,       1,    104.8946,     42.7073,      0.0000,     62.1873
    4605,   3484,   3482,   3490,       1,    103.1306,     40.6537,      0.0000,     62.4769
    4606,   3483,   3472,   3487,       1,     96.5701,     36.5030,      0.0000,     60.0671
    4607,   3411,   3473,   3487,       1,     94.8272,     34.6390,      0.0000,     60.1882
    4608,   3439,   3483,   3487,       1,     94.5356,     34.3467,      0.0000,     60.1889
    4609,   3413,   3487,   3473,       1,     94.8272,     34.6390,      0.0000,     60.1882
    4610,   3413,   3439,   3487,       1,     92.2555,     33.4257,      0.0000,     58.8298
    4611,   3470,   3485,   3480,       1,    123.5356,     44.9558,      0.0000,     78.5798
    4612,   3479,   3489,   3484,       1,    103.1306,     40.6537,      0.0000,     62.4769
    4613,   3467,   3461,   3491,       1,    110.7932,     44.0534,      0.0000,     66.7397
    4614,   3467,   3491,   3476,       1,    110.7932,     44.0534,      0.0000,     66.7397
    4615,   3461,   3480,   3491,       1,    110.7932,     44.0534,      0.0000,     66.7397
    4616,   3480,   3485,   3491,       1,    110.7932,     44.0534,      0.0000,     66.7397
    4617,   3462,   3470,   3480,       1,    246.5537,     55.4992,      0.0000,    191.0545
    4618,   3408,   3470,   3462,       1,    213.2791,     54.9021,      0.0000,    158.3770
    4619,   3408,   3462,   3468,       1,    229.1660,     55.5874,      0.0000,    173.5787
    4620,   3476,   3485,   3479,       1,    104.8946,     42.7073,      0.0000,     62.1873
    4621,   3485,   3481,   3489,       1,    122.6954,     46.0328,      0.0000,     76.6626
    4622,   3476,   3491,   3485,       1,    110.7932,     44.0534,      0.0000,     66.7397
    4623,   3479,   3485,   3489,       1,    109.6701,     43.1807,      0.0000,     66.4894
    4624,   3418,   3459,   3444,       1,     93.5323,     36.5684,      0.0000,     56.9638
    4625,   3445,   3467,   3474,       1,    104.8666,     41.5950,      0.0000,     63.2715
    4626,   3464,   3474,   3466,       1,    104.8666,     41.5950,      0.0000,     63.2715
    4627,   3454,   3464,   3459,       1,     98.0344,     38.0079,      0.0000,     60.0266
    4628,   3445,   3474,   3464,       1,    104.8666,     41.5950,      0.0000,     63.2715
    4629,   3445,   3464,   3454,       1,     98.0344,     38.0079,      0.0000,     60.0266
    4630,   1226,   3405,   1227,       1,    169.3944,     51.9867,      0.0000,    117.4076
    4631,   1226,   1225,   3492,       1,    166.0531,     50.9904,      0.0000,    115.0627
    4632,    143,   3401,   1238,       1,    165.3840,     50.8896,      0.0000,    114.4944
    4633,    143,   1237,   3433,       1,    175.8238,     54.8208,      0.0000,    121.0031
    4634,   1228,   3405,   3433,       1,    174.2531,     53.8795,      0.0000,    120.3736
    4635,   3405,   1226,   3492,       1,    163.4706,     50.2893,      0.0000,    113.1813
    4636,    143,   3433,   3405,       1,    174.2531,     53.8795,      0.0000,    120.3736
    4637,   3401,   3405,   3492,       1,    163.4706,     50.2893,      0.0000,    113.1813
    4638,   3401,    143,   3405,       1,    164.5232,     50.6854,      0.0000,    113.8378
    4639,   3401,   3492,   3493,       1,    164.5232,     50.6854,      0.0000,    113.8378
    4640,   1223,   3406,   1224,       1,    154.8872,     48.2013,      0.0000,    106.6859
    4641,   3407,   3463,   3494,       1,    137.5991,     45.1416,      0.0000,     92.4575
    4642,    141,   1239,   3400,       1,    147.4849,     47.1387,      0.0000,    100.3463
    4643,    142,   3401,   3493,       1,    159.6984,     49.4372,      0.0000,    110.2611
    4644,   1225,   3493,   3492,       1,    163.4706,     50.2893,      0.0000,    113.1813
    4645,   1222,   3407,   3494,       1,    145.2935,     46.3551,      0.0000,     98.9383
    4646,   1240,   3494,   3463,       1,    137.5991,     45.1416,      0.0000,     92.4575
    4647,   1239,    142,   3493,       1,    161.8392,     50.0184,      0.0000,    111.8208
    4648,   1225,   3406,   3493,       1,    159.6984,     49.4372,      0.0000,    110.2611
    4649,   1223,   1222,   3494,       1,    147.9081,     45.9973,      0.0000,    101.9108
    4650,   1240,   3400,   3494,       1,    147.4652,     47.0831,      0.0000,    100.3821
    4651,   1239,   3493,   3406,       1,    159.6984,     49.4372,      0.0000,    110.2611
    4652,   3406,   1223,   3494,       1,    153.4910,     48.0030,      0.0000,    105.4880
    4653,   3400,   1239,   3406,       1,    147.4652,     47.0831,      0.0000,    100.3821
    4654,   3400,   3406,   3494,       1,    147.4652,     47.0831,      0.0000,    100.3821
    4655,   1250,   1254,   4287,       9,      0.0000,      0.0000,      0.0000,      0.0000
    4656,   1250,   1251,   1254,       9,      0.0000,      0.0000,      0.0000,      0.0000
    4657,   1253,    146,   1258,       9,      0.0000,      0.0000,      0.0000,      0.0000
    4658,   1251,   1257,   1254,       9,      0.0000,      0.0000,      0.0000,      0.0000
    4659,   1253,   1258,   1255,       9,      0.0000,      0.0000,      0.0000,      0.0000
    4660,    130,   1257,   1251,       9,      0.0000,      0.0000,      0.0000,      0.0000
    4661,    130,   1253,   1255,       9,      0.0000,      0.0000,      0.0000,      0.0000
    4662,    130,   1255,   1257,       9,      0.0000,      0.0000,      0.0000,      0.0000
    4663,   1256,   1235,   4288,       9,      0.0000,      0.0000,      0.0000,      0.0000
    4664,   1234,   1235,   1256,       9,      0.0000,      0.0000,      0.0000,      0.0000
    4665,    146,   4304,   1258,       9,      0.0000,      0.0000,      0.0000,      0.0000
    4666,   1234,   4304,    146,       9,      0.0000,      0.0000,      0.0000,      0.0000
    4667,    150,    549,   1285,      10,    342.1442,    109.7671,      0.0000,    232.3771
    4668,    538,    151,   1286,      10,    401.8594,    106.4016,      0.0000,    295.4578
    4669,   1287,   1288,   3530,      10,    221.7229,     67.8599,      0.0000,    153.8630
    4670,   1289,    154,   3496,      10,    169.1358,     54.8914,      0.0000,    114.2444
    4671,    155,   1291,   3497,      10,    154.3800,     50.3291,      0.0000,    104.0509
    4672,   1292,    157,   3498,      10,    146.0842,     46.7600,      0.0000,     99.3242
    4673,    158,   1294,   3499,      10,    163.4755,     42.2544,      0.0000,    121.2211
    4674,   1295,    160,   3500,      10,    106.2784,     42.2566,      0.0000,     64.0219
    4675,    161,   1297,   3501,      10,    125.9179,     37.8964,      0.0000,     88.0214
    4676,   1298,    163,   3502,      10,    121.1389,     42.7765,      0.0000,     78.3624
    4677,    164,   1300,   3503,      10,    138.4599,     48.9467,      0.0000,     89.5131
    4678,   1301,    166,   3504,      10,    160.5537,     56.9746,      0.0000,    103.5791
    4679,   1303,   3505,   4300,      10,    384.8905,     93.0121,      0.0000,    291.8784
    4680,    169,    561,   1305,      10,    368.0132,    104.9517,      0.0000,    263.0615
    4681,    128,   1179,   3531,      10,    342.7677,    105.3529,      0.0000,    237.4148
    4682,   1180,   1181,   3506,      10,    240.8096,     80.5399,      0.0000,    160.2697
    4683,   1184,   3507,   3533,      10,    141.5176,     50.1714,      0.0000,     91.3461
    4684,   1186,   1187,   3508,      10,    123.7793,     44.2656,      0.0000,     79.5137
    4685,   1189,   1190,   3509,      10,    123.2176,     42.6783,      0.0000,     80.5393
    4686,   1192,   1193,   3510,      10,    195.7894,     49.1017,      0.0000,    146.6877
    4687,   1195,   1196,   3511,      10,    126.8327,     43.0163,      0.0000,     83.8164
    4688,   1198,   1199,   3512,      10,    102.9886,     38.7652,      0.0000,     64.2234
    4689,   1201,   1202,   3513,      10,     94.0341,     37.0100,      0.0000,     57.0241
    4690,   1204,   1205,   3514,      10,     90.1996,     36.1690,      0.0000,     54.0306
    4691,    527,   3515,   3514,      10,     93.0845,     38.2433,      0.0000,     54.8412
    4692,    529,    530,   3539,      10,     95.3072,     40.1405,      0.0000,     55.1668
    4693,    148,    532,   3517,      10,     96.1197,     40.2667,      0.0000,     55.8530
    4694,    534,    535,   3518,      10,     97.1181,     38.7155,      0.0000,     58.4025
    4695,    149,   1259,    537,      10,     95.1711,     35.4618,      0.0000,     59.7094
    4696,   1260,   1261,   3519,      10,     97.5265,     36.0021,      0.0000,     61.5244
    4697,   1263,   1264,   3520,      10,    106.0849,     37.5478,      0.0000,     68.5371
    4698,   1266,   1267,   3521,      10,    125.1533,     38.7469,      0.0000,     86.4064
    4699,   1269,   1270,   3522,      10,    187.6286,     47.2532,      0.0000,    140.3754
    4700,   1272,   1273,   3523,      10,    174.4418,     51.5024,      0.0000,    122.9394
    4701,   1275,   1276,   3524,      10,    143.9616,     47.0725,      0.0000,     96.8891
    4702,   1278,   1279,   3525,      10,    154.8931,     50.4345,      0.0000,    104.4585
    4703,   1281,   1282,   3526,      10,    170.1592,     55.1485,      0.0000,    115.0107
    4704,   1284,   1285,   3527,      10,    330.7945,    106.4552,      0.0000,    224.3393
    4705,    153,   3495,   4299,      10,    267.1398,     79.6931,      0.0000,    187.4467
    4706,   3495,    153,   3529,      10,    463.4910,    123.5720,      0.0000,    339.9190
    4707,   1284,   3527,   3528,      10,    241.6212,     78.7588,      0.0000,    162.8625
    4708,    549,   3527,   1285,      10,    430.0185,    119.6874,      0.0000,    310.3311
    4709,    153,   1289,   3528,      10,    179.0162,     55.4183,      0.0000,    123.5979
    4710,    548,   3527,    549,      10,    453.3336,    125.8357,      0.0000,    327.4979
    4711,    153,   3528,   3529,      10,    275.8511,     82.0130,      0.0000,    193.8381
    4712,    547,   3527,    548,      10,    453.3336,    125.8357,      0.0000,    327.4979
    4713,   3527,   3529,   3528,      10,    430.0185,    119.6874,      0.0000,    310.3311
    4714,    546,   3527,    547,      10,    452.3625,    123.6043,      0.0000,    328.7582
    4715,    546,   3529,   3527,      10,    618.1152,    146.2069,      0.0000,    471.9083
    4716,    545,   3529,    546,      10,    755.7315,    165.6851,      0.0000,    590.0465
    4717,    544,   3529,    545,      10,    742.9212,    162.2475,      0.0000,    580.6737
    4718,    538,   1286,   3530,      10,    429.7026,    117.7865,      0.0000,    311.9161
    4719,    540,    539,   3530,      10,    465.1891,    130.1520,      0.0000,    335.0371
    4720,    538,   3530,    539,      10,    465.1891,    130.1520,      0.0000,    335.0371
    4721,    543,   3495,   3529,      10,    659.0533,    153.9000,      0.0000,    505.1533
    4722,    543,   3529,    544,      10,    742.9212,    162.2475,      0.0000,    580.6737
    4723,    542,   3495,    543,      10,    572.3313,    148.2871,      0.0000,    424.0442
    4724,    541,   3495,    542,      10,    572.2948,    147.7080,      0.0000,    424.5868
    4725,    540,   3495,    541,      10,    572.2948,    147.7080,      0.0000,    424.5868
    4726,   3495,    540,   3530,      10,    413.0412,    117.9438,      0.0000,    295.0974
    4727,   1288,   3495,   3530,      10,    463.4910,    123.5720,      0.0000,    339.9190
    4728,   1286,   1287,   3530,      10,    413.0412,    117.9438,      0.0000,    295.0974
    4729,    152,   1287,   1286,      10,    125.7524,     37.4341,      0.0000,     88.3183
    4730,    551,    550,   3531,      10,    342.1110,    104.6763,      0.0000,    237.4347
    4731,   1180,   3506,   3532,      10,    221.0023,     73.2179,      0.0000,    147.7844
    4732,   1182,   1183,   3533,      10,    145.7852,     51.6527,      0.0000,     94.1324
    4733,   1184,   1185,   3507,      10,    141.5176,     50.1714,      0.0000,     91.3461
    4734,    128,   3531,    550,      10,    347.1165,    106.0823,      0.0000,    241.0342
    4735,   1179,   1180,   3532,      10,    299.1301,     98.6690,      0.0000,    200.4611
    4736,   1181,   1182,   3504,      10,    151.5609,     53.7359,      0.0000,     97.8250
    4737,   1183,   1184,   3533,      10,    145.7852,     51.6527,      0.0000,     94.1324
    4738,   1185,   1186,   3534,      10,    135.2084,     48.0172,      0.0000,     87.1912
    4739,   1300,    165,   3536,      10,    143.0432,     50.5137,      0.0000,     92.5295
    4740,    166,   1302,   3504,      10,    160.5537,     56.9746,      0.0000,    103.5791
    4741,    167,   3505,   3535,      10,    414.3603,    105.3554,      0.0000,    309.0049
    4742,   3531,   1179,   3532,      10,    342.7677,    105.3529,      0.0000,    237.4148
    4743,   3533,   3507,   3536,      10,    137.6120,     48.7932,      0.0000,     88.8188
    4744,   1181,   3504,   3506,      10,    221.0023,     73.2179,      0.0000,    147.7844
    4745,   3507,   1185,   3534,      10,    132.9581,     47.2375,      0.0000,     85.7206
    4746,   3504,   1182,   3533,      10,    164.2100,     57.9856,      0.0000,    106.2243
    4747,   3503,   3507,   3534,      10,    132.9581,     47.2375,      0.0000,     85.7206
    4748,   1301,   3504,   3533,      10,    164.2100,     57.9856,      0.0000,    106.2243
    4749,   3503,   3536,   3507,      10,    141.5726,     50.0407,      0.0000,     91.5319
    4750,   1301,   3533,   3536,      10,    141.5726,     50.0407,      0.0000,     91.5319
    4751,   1300,   3536,   3503,      10,    135.1633,     47.8585,      0.0000,     87.3048
    4752,    165,   1301,   3536,      10,    143.0432,     50.5137,      0.0000,     92.5295
    4753,    552,   3531,   3532,      10,    346.8172,    104.7719,      0.0000,    242.0454
    4754,   1302,   3506,   3504,      10,    221.0023,     73.2179,      0.0000,    147.7844
    4755,   1303,   1304,   3505,      10,    384.8905,     93.0121,      0.0000,    291.8784
    4756,    551,   3531,    552,      10,    342.1110,    104.6763,      0.0000,    237.4347
    4757,    167,   3506,   1302,      10,    185.2203,     63.1932,      0.0000,    122.0271
    4758,    553,    552,   3532,      10,    352.1399,    103.2266,      0.0000,    248.9134
    4759,   3506,    167,   3532,      10,    221.0023,     73.2179,      0.0000,    147.7844
    4760,    554,    553,   3532,      10,    352.1399,    103.2266,      0.0000,    248.9134
    4761,    554,   3535,    555,      10,    476.5926,    122.1211,      0.0000,    354.4715
    4762,    555,   3535,    556,      10,    469.4538,    119.9288,      0.0000,    349.5250
    4763,   1304,   3537,   3505,      10,    401.1096,    111.8218,      0.0000,    289.2878
    4764,   1304,    168,   1305,      10,    139.0284,     37.8304,      0.0000,    101.1981
    4765,   3532,    167,   3535,      10,    462.6195,    118.5880,      0.0000,    344.0315
    4766,    554,   3532,   3535,      10,    431.2176,    115.2716,      0.0000,    315.9459
    4767,    557,    556,   3535,      10,    469.4538,    119.9288,      0.0000,    349.5250
    4768,    557,   3535,   3505,      10,    459.7792,    118.4969,      0.0000,    341.2822
    4769,    558,    557,   3505,      10,    454.8243,    119.1892,      0.0000,    335.6351
    4770,    559,    558,   3505,      10,    454.8243,    119.1892,      0.0000,    335.6351
    4771,    559,   3505,   3537,      10,    401.1096,    111.8218,      0.0000,    289.2878
    4772,    561,    560,   3537,      10,    416.4952,    117.1269,      0.0000,    299.3683
    4773,   1305,    561,   3537,      10,    389.6012,    110.5004,      0.0000,    279.1008
    4774,    559,   3537,    560,      10,    416.4952,    117.1269,      0.0000,    299.3683
    4775,   1304,   1305,   3537,      10,    401.1096,    111.8218,      0.0000,    289.2878
    4776,   1283,   1284,   3528,      10,    241.6212,     78.7588,      0.0000,    162.8625
    4777,   1289,   3496,   3528,      10,    179.0162,     55.4183,      0.0000,    123.5979
    4778,    154,   1290,   3496,      10,    169.1358,     54.8914,      0.0000,    114.2444
    4779,   1282,   1283,   3526,      10,    170.1592,     55.1485,      0.0000,    115.0107
    4780,   1290,    155,   3538,      10,    165.8899,     54.0233,      0.0000,    111.8666
    4781,   1281,   3526,   3538,      10,    165.2494,     53.7168,      0.0000,    111.5326
    4782,   3526,   1283,   3528,      10,    187.0586,     60.4072,      0.0000,    126.6514
    4783,   3496,   1290,   3538,      10,    165.8899,     54.0233,      0.0000,    111.8666
    4784,   3496,   3526,   3528,      10,    171.5981,     55.0037,      0.0000,    116.5943
    4785,   3526,   3496,   3538,      10,    170.5657,     55.0854,      0.0000,    115.4803
    4786,    127,    526,   1205,      10,     89.4043,     35.7077,      0.0000,     53.6966
    4787,    527,    528,   3515,      10,     92.2330,     37.7638,      0.0000,     54.4692
    4788,    530,   3516,   3539,      10,     95.6498,     40.2956,      0.0000,     55.3542
    4789,    531,    148,   3540,      10,     96.0591,     40.3456,      0.0000,     55.7135
    4790,    532,    533,   3517,      10,     96.1197,     40.2667,      0.0000,     55.8530
    4791,    534,   3518,   3541,      10,     97.2975,     38.7053,      0.0000,     58.5922
    4792,    536,    537,   3542,      10,     96.1995,     36.4827,      0.0000,     59.7168
    4793,   3519,   3543,   3542,      10,     98.6183,     38.8308,      0.0000,     59.7875
    4794,   1262,   1263,   3544,      10,    100.5014,     37.2119,      0.0000,     63.2895
    4795,   1264,   1265,   3520,      10,    106.0849,     37.5478,      0.0000,     68.5371
    4796,   1266,   3521,   3545,      10,    129.0059,     41.4351,      0.0000,     87.5708
    4797,   1268,   1269,   3546,      10,    178.8036,     47.2520,      0.0000,    131.5517
    4798,   1270,   1271,   3522,      10,    187.6286,     47.2532,      0.0000,    140.3754
    4799,   1272,   3523,   3547,      10,    198.6180,     51.9165,      0.0000,    146.7016
    4800,   1274,   1275,   3548,      10,    142.6270,     46.1003,      0.0000,     96.5267
    4801,   1276,   3550,   3524,      10,    142.8001,     46.4738,      0.0000,     96.3264
    4802,   1278,   3525,   3549,      10,    155.2486,     50.5933,      0.0000,    104.6553
    4803,   1280,   1281,   3538,      10,    165.2494,     53.7168,      0.0000,    111.5326
    4804,    155,   3497,   3538,      10,    156.2041,     50.8986,      0.0000,    105.3055
    4805,   1291,    156,   3549,      10,    151.5075,     49.3488,      0.0000,    102.1587
    4806,   3498,   3550,   3549,      10,    145.5679,     47.6090,      0.0000,     97.9589
    4807,   1293,    158,   3551,      10,    155.7394,     43.2636,      0.0000,    112.4758
    4808,    159,   3499,   1294,      10,    163.4755,     42.2544,      0.0000,    121.2211
    4809,   1295,   3500,   3552,      10,    113.7273,     43.7090,      0.0000,     70.0183
    4810,   1296,    161,   3553,      10,    172.1218,     46.2243,      0.0000,    125.8975
    4811,    162,   3501,   1297,      10,    125.9179,     37.8964,      0.0000,     88.0214
    4812,    528,    529,   3578,      10,     93.6496,     38.7603,      0.0000,     54.8894
    4813,    530,    531,   3516,      10,     95.6499,     40.3047,      0.0000,     55.3451
    4814,    148,   3517,   3540,      10,     96.0591,     40.3456,      0.0000,     55.7135
    4815,    533,    534,   3541,      10,     97.1465,     39.1680,      0.0000,     57.9785
    4816,    535,    536,   3518,      10,     97.1181,     38.7155,      0.0000,     58.4025
    4817,    537,   1259,   3542,      10,     97.2268,     37.3627,      0.0000,     59.8641
    4818,   3543,   3519,   3555,      10,     98.6183,     38.8308,      0.0000,     59.7875
    4819,   1263,   3520,   3544,      10,    105.1750,     38.1113,      0.0000,     67.0637
    4820,   1265,   1266,   3545,      10,    122.8480,     39.9432,      0.0000,     82.9048
    4821,   1267,   1268,   3521,      10,    125.1533,     38.7469,      0.0000,     86.4064
    4822,   1269,   3522,   3546,      10,    178.8036,     47.2520,      0.0000,    131.5517
    4823,   1271,   1272,   3547,      10,    198.6180,     51.9165,      0.0000,    146.7016
    4824,   1273,   1274,   3523,      10,    174.4418,     51.5024,      0.0000,    122.9394
    4825,   1275,   3524,   3548,      10,    142.8001,     46.4738,      0.0000,     96.3264
    4826,   1279,   1280,   3525,      10,    154.8931,     50.4345,      0.0000,    104.4585
    4827,    157,   1293,   3498,      10,    146.0842,     46.7600,      0.0000,     99.3242
    4828,    158,   3499,   3551,      10,    151.5612,     44.1866,      0.0000,    107.3746
    4829,    159,   1295,   3552,      10,    108.9877,     42.4870,      0.0000,     66.5007
    4830,    160,   1296,   3500,      10,    106.2784,     42.2566,      0.0000,     64.0219
    4831,   3553,    161,   3556,      10,    172.1218,     46.2243,      0.0000,    125.8975
    4832,    162,   1298,   3554,      10,    118.6876,     41.0955,      0.0000,     77.5921
    4833,   1190,   1191,   3509,      10,    123.2176,     42.6783,      0.0000,     80.5393
    4834,   1191,   1192,   3557,      10,    171.2600,     47.8887,      0.0000,    123.3713
    4835,   3501,    162,   3554,      10,    122.0259,     39.2572,      0.0000,     82.7687
    4836,   3509,   1191,   3557,      10,    139.7610,     45.7426,      0.0000,     94.0183
    4837,   3501,   3554,   3509,      10,    119.2038,     40.8165,      0.0000,     78.3873
    4838,   3501,   3509,   3557,      10,    153.9812,     45.5940,      0.0000,    108.3872
    4839,   1259,   1260,   3542,      10,     95.7996,     35.9281,      0.0000,     59.8715
    4840,   3555,   3558,   3570,      10,    101.2019,     41.3704,      0.0000,     59.8315
    4841,   1261,   1262,   3519,      10,     97.5265,     36.0021,      0.0000,     61.5244
    4842,   3520,   3559,   3567,      10,    115.0210,     43.5373,      0.0000,     71.4836
    4843,   3545,   3521,   3560,      10,    129.0059,     41.4351,      0.0000,     87.5708
    4844,   3546,   3522,   3561,      10,    189.1363,     48.4666,      0.0000,    140.6698
    4845,   3523,   1274,   3548,      10,    150.2860,     46.5026,      0.0000,    103.7833
    4846,   3525,   1280,   3538,      10,    157.4960,     51.2648,      0.0000,    106.2312
    4847,   1293,   3551,   3548,      10,    151.5612,     44.1866,      0.0000,    107.3746
    4848,    159,   3552,   3561,      10,    129.5135,     47.6418,      0.0000,     81.8717
    4849,   3500,   1296,   3553,      10,    127.2601,     42.3953,      0.0000,     84.8648
    4850,    161,   3501,   3556,      10,    198.5702,     52.9340,      0.0000,    145.6362
    4851,   1192,   3510,   3557,      10,    171.2600,     47.8887,      0.0000,    123.3713
    4852,   1193,   1194,   3510,      10,    195.7894,     49.1017,      0.0000,    146.6877
    4853,   1195,   3511,   3563,      10,    129.2581,     45.5162,      0.0000,     83.7419
    4854,   1197,   1198,   3564,      10,    107.8074,     40.2925,      0.0000,     67.5149
    4855,   1199,   1200,   3512,      10,    102.9886,     38.7652,      0.0000,     64.2234
    4856,   1201,   3513,   3565,      10,     96.7642,     38.0836,      0.0000,     58.6806
    4857,   1203,   1204,   3566,      10,     90.9967,     36.4056,      0.0000,     54.5911
    4858,    526,   3514,   1205,      10,     91.7784,     37.2270,      0.0000,     54.5514
    4859,    529,   3539,   3578,      10,     95.8169,     40.2385,      0.0000,     55.5784
    4860,   3516,    531,   3540,      10,     95.6498,     40.2956,      0.0000,     55.3542
    4861,   3517,    533,   3541,      10,     96.5577,     40.0408,      0.0000,     56.5168
    4862,   3518,    536,   3542,      10,     97.1080,     38.1042,      0.0000,     59.0038
    4863,   1260,   3519,   3542,      10,     97.0944,     36.2331,      0.0000,     60.8614
    4864,   3558,   3555,   3567,      10,    110.6368,     42.4754,      0.0000,     68.1613
    4865,   3519,   1262,   3544,      10,    100.5014,     37.2119,      0.0000,     63.2895
    4866,   3520,   1265,   3545,      10,    109.4043,     40.1633,      0.0000,     69.2411
    4867,   3521,   3546,   3560,      10,    161.0057,     47.2892,      0.0000,    113.7164
    4868,   3522,   1271,   3547,      10,    194.5097,     48.9231,      0.0000,    145.5866
    4869,   3497,   3525,   3538,      10,    156.2041,     50.8986,      0.0000,    105.3055
    4870,   3562,   3552,   3568,      10,    139.1406,     52.6195,      0.0000,     86.5211
    4871,   3556,   3501,   3557,      10,    153.9812,     45.5940,      0.0000,    108.3872
    4872,   1194,   1195,   3563,      10,    136.9366,     45.4914,      0.0000,     91.4452
    4873,   1196,   1197,   3511,      10,    126.8327,     43.0163,      0.0000,     83.8164
    4874,   1198,   3512,   3564,      10,    107.8074,     40.2925,      0.0000,     67.5149
    4875,   1200,   1201,   3565,      10,    102.2527,     39.2610,      0.0000,     62.9917
    4876,   1202,   1203,   3513,      10,     94.0341,     37.0100,      0.0000,     57.0241
    4877,   1204,   3514,   3566,      10,     93.4255,     37.9111,      0.0000,     55.5144
    4878,    526,    527,   3514,      10,     90.8414,     36.6797,      0.0000,     54.1617
    4879,   3539,   3516,   3569,      10,     95.6498,     40.2956,      0.0000,     55.3542
    4880,   3541,   3570,   3575,      10,    101.2019,     41.3704,      0.0000,     59.8315
    4881,   3518,   3542,   3543,      10,     98.6183,     38.8308,      0.0000,     59.7875
    4882,   3558,   3567,   3571,      10,    116.1695,     44.7598,      0.0000,     71.4097
    4883,   3519,   3544,   3555,      10,    104.3965,     39.2444,      0.0000,     65.1521
    4884,   3520,   3545,   3559,      10,    115.0210,     43.5373,      0.0000,     71.4836
    4885,   3521,   1268,   3546,      10,    141.2968,     42.7429,      0.0000,     98.5539
    4886,   3522,   3547,   3561,      10,    189.1363,     48.4666,      0.0000,    140.6698
    4887,   3497,   3549,   3525,      10,    156.2041,     50.8986,      0.0000,    105.3055
    4888,   3562,   3568,   3572,      10,    139.1406,     52.6195,      0.0000,     86.5211
    4889,   3553,   3573,   3582,      10,    135.5997,     52.1585,      0.0000,     83.4412
    4890,   3510,   3556,   3557,      10,    188.9443,     49.5491,      0.0000,    139.3952
    4891,   1194,   3563,   3583,      10,    189.6562,     55.1998,      0.0000,    134.4564
    4892,   3511,   1197,   3564,      10,    122.1322,     43.3525,      0.0000,     78.7797
    4893,   3512,   1200,   3565,      10,    102.2527,     39.2610,      0.0000,     62.9917
    4894,   3513,   1203,   3566,      10,     93.3048,     37.1099,      0.0000,     56.1949
    4895,   3514,   3515,   3566,      10,     91.7784,     37.2270,      0.0000,     54.5514
    4896,   3539,   3569,   3574,      10,     96.4944,     40.5645,      0.0000,     55.9299
    4897,   3540,   3517,   3575,      10,     96.1576,     40.4433,      0.0000,     55.7143
    4898,   3541,   3518,   3543,      10,     97.2975,     38.7053,      0.0000,     58.5922
    4899,   3558,   3571,   3576,      10,    115.4012,     45.9359,      0.0000,     69.4653
    4900,   3544,   3567,   3555,      10,    110.6368,     42.4754,      0.0000,     68.1613
    4901,   3517,   3541,   3575,      10,     96.3664,     40.2965,      0.0000,     56.0699
    4902,   3541,   3543,   3555,      10,     98.6183,     38.8308,      0.0000,     59.7875
    4903,   3564,   3512,   3577,      10,    105.8514,     40.4837,      0.0000,     65.3677
    4904,   3566,   3578,   3585,      10,     96.5763,     39.6147,      0.0000,     56.9617
    4905,   3574,   3579,   3594,      10,     97.7595,     40.5908,      0.0000,     57.1687
    4906,   3516,   3540,   3569,      10,     95.6498,     40.2956,      0.0000,     55.3542
    4907,   3575,   3570,   3580,      10,    101.2019,     41.3704,      0.0000,     59.8315
    4908,   3558,   3576,   3581,      10,    115.4012,     45.9359,      0.0000,     69.4653
    4909,   3552,   3500,   3582,      10,    113.7273,     43.7090,      0.0000,     70.0183
    4910,   3556,   3510,   3583,      10,    189.6562,     55.1998,      0.0000,    134.4564
    4911,   3564,   3584,   3588,      10,    127.5712,     49.5842,      0.0000,     77.9870
    4912,   3512,   3565,   3577,      10,    109.8584,     43.6845,      0.0000,     66.1739
    4913,   3515,   3578,   3566,      10,     93.0845,     38.2433,      0.0000,     54.8412
    4914,   1194,   3583,   3510,      10,    188.9443,     49.5491,      0.0000,    139.3952
    4915,   3564,   3577,   3584,      10,    109.8584,     43.6845,      0.0000,     66.1739
    4916,   3513,   3585,   3595,      10,     96.5763,     39.6147,      0.0000,     56.9617
    4917,    528,   3578,   3515,      10,     93.0845,     38.2433,      0.0000,     54.8412
    4918,   3581,   3586,   3589,      10,    114.1891,     46.2858,      0.0000,     67.9033
    4919,   3568,   3587,   3591,      10,    122.2249,     48.4021,      0.0000,     73.8228
    4920,   3500,   3553,   3582,      10,    124.5343,     48.5487,      0.0000,     75.9857
    4921,   3553,   3556,   3583,      10,    198.5702,     52.9340,      0.0000,    145.6362
    4922,   3563,   3511,   3588,      10,    129.2581,     45.5162,      0.0000,     83.7419
    4923,   3573,   3588,   3590,      10,    126.5327,     50.1236,      0.0000,     76.4091
    4924,   3579,   3581,   3589,      10,    108.9882,     44.2388,      0.0000,     64.7494
    4925,   3576,   3572,   3591,      10,    115.4012,     45.9359,      0.0000,     69.4653
    4926,   3568,   3552,   3582,      10,    124.5343,     48.5487,      0.0000,     75.9857
    4927,   3590,   3587,   3592,      10,    122.2249,     48.4021,      0.0000,     73.8228
    4928,   3553,   3563,   3573,      10,    135.5997,     52.1585,      0.0000,     83.4412
    4929,   3553,   3583,   3563,      10,    189.6562,     55.1998,      0.0000,    134.4564
    4930,   3563,   3588,   3573,      10,    127.5712,     49.5842,      0.0000,     77.9870
    4931,   3573,   3590,   3592,      10,    126.5364,     49.7798,      0.0000,     76.7566
    4932,   3582,   3573,   3592,      10,    126.5364,     49.7798,      0.0000,     76.7566
    4933,   3568,   3582,   3592,      10,    126.5364,     49.7798,      0.0000,     76.7566
    4934,   3587,   3568,   3592,      10,    122.2249,     48.4021,      0.0000,     73.8228
    4935,   3587,   3590,   3593,      10,    122.2249,     48.4021,      0.0000,     73.8228
    4936,   3511,   3564,   3588,      10,    129.2581,     45.5162,      0.0000,     83.7419
    4937,   3584,   3589,   3586,      10,    114.1891,     46.2858,      0.0000,     67.9033
    4938,   3581,   3576,   3591,      10,    115.4012,     45.9359,      0.0000,     69.4653
    4939,   3568,   3591,   3572,      10,    118.4874,     47.0966,      0.0000,     71.3908
    4940,   3584,   3590,   3588,      10,    126.5327,     50.1236,      0.0000,     76.4091
    4941,   3577,   3589,   3584,      10,    109.8584,     43.6845,      0.0000,     66.1739
    4942,   3591,   3587,   3593,      10,    122.2249,     48.4021,      0.0000,     73.8228
    4943,   3584,   3593,   3590,      10,    118.8795,     47.7029,      0.0000,     71.1766
    4944,   3581,   3591,   3593,      10,    118.8795,     47.7029,      0.0000,     71.1766
    4945,   3584,   3586,   3593,      10,    114.1891,     46.2858,      0.0000,     67.9033
    4946,   3586,   3581,   3593,      10,    114.1891,     46.2858,      0.0000,     67.9033
    4947,   3578,   3539,   3594,      10,     94.9057,     39.3490,      0.0000,     55.5567
    4948,   3565,   3589,   3577,      10,    109.8584,     43.6845,      0.0000,     66.1739
    4949,   3513,   3566,   3585,      10,     96.5763,     39.6147,      0.0000,     56.9617
    4950,   3539,   3574,   3594,      10,     98.1906,     41.0684,      0.0000,     57.1222
    4951,   3589,   3565,   3595,      10,    100.1798,     41.0222,      0.0000,     59.1577
    4952,   3585,   3578,   3594,      10,     96.5763,     39.6147,      0.0000,     56.9617
    4953,   3579,   3589,   3595,      10,    100.1798,     41.0222,      0.0000,     59.1577
    4954,   3513,   3595,   3565,      10,     95.7449,     38.2278,      0.0000,     57.5171
    4955,   3594,   3579,   3595,      10,    100.1798,     41.0222,      0.0000,     59.1577
    4956,   3585,   3594,   3595,      10,     96.5763,     39.6147,      0.0000,     56.9617
    4957,   3569,   3540,   3575,      10,     96.4944,     40.5645,      0.0000,     55.9299
    4958,   3541,   3555,   3570,      10,    101.2019,     41.3704,      0.0000,     59.8315
    4959,   3579,   3574,   3580,      10,     98.1906,     41.0684,      0.0000,     57.1222
    4960,   3574,   3569,   3575,      10,     96.4944,     40.5645,      0.0000,     55.9299
    4961,   3558,   3581,   3580,      10,    101.8949,     42.0695,      0.0000,     59.8254
    4962,   3574,   3575,   3580,      10,     98.1906,     41.0684,      0.0000,     57.1222
    4963,   3558,   3580,   3570,      10,    101.2019,     41.3704,      0.0000,     59.8315
    4964,   3579,   3580,   3581,      10,    102.2361,     42.2911,      0.0000,     59.9450
    4965,   3520,   3567,   3544,      10,    109.4043,     40.1633,      0.0000,     69.2411
    4966,   3571,   3572,   3576,      10,    115.4012,     45.9359,      0.0000,     69.4653
    4967,   3559,   3571,   3567,      10,    115.0210,     43.5373,      0.0000,     71.4836
    4968,   3545,   3572,   3571,      10,    116.1695,     44.7598,      0.0000,     71.4097
    4969,   3545,   3571,   3559,      10,    115.0210,     43.5373,      0.0000,     71.4836
    4970,   1291,   3549,   3497,      10,    156.2041,     50.8986,      0.0000,    105.3055
    4971,   3545,   3560,   3572,      10,    141.7450,     50.3578,      0.0000,     91.3872
    4972,   3560,   3546,   3561,      10,    161.0057,     47.2892,      0.0000,    113.7164
    4973,    156,   1292,   3549,      10,    151.5075,     49.3488,      0.0000,    102.1587
    4974,   3560,   3562,   3572,      10,    139.1406,     52.6195,      0.0000,     86.5211
    4975,   1292,   3498,   3549,      10,    148.5086,     47.9522,      0.0000,    100.5565
    4976,   3560,   3561,   3562,      10,    139.1406,     52.6195,      0.0000,     86.5211
    4977,   1278,   3549,   3550,      10,    145.5679,     47.6090,      0.0000,     97.9589
    4978,   3552,   3562,   3561,      10,    139.1406,     52.6195,      0.0000,     86.5211
    4979,   1277,   1278,   3550,      10,    146.1290,     47.8965,      0.0000,     98.2325
    4980,    159,   3561,   3547,      10,    205.5727,     50.1520,      0.0000,    155.4207
    4981,   1276,   1277,   3550,      10,    146.1290,     47.8965,      0.0000,     98.2325
    4982,   3499,    159,   3547,      10,    164.8136,     43.3628,      0.0000,    121.4508
    4983,   3498,   3524,   3550,      10,    142.8001,     46.4738,      0.0000,     96.3264
    4984,   3499,   3547,   3523,      10,    164.8136,     43.3628,      0.0000,    121.4508
    4985,   3498,   3548,   3524,      10,    142.8001,     46.4738,      0.0000,     96.3264
    4986,   3499,   3523,   3551,      10,    164.8136,     43.3628,      0.0000,    121.4508
    4987,   1293,   3548,   3498,      10,    145.6761,     46.7864,      0.0000,     98.8897
    4988,   3523,   3548,   3551,      10,    151.5612,     44.1866,      0.0000,    107.3746
    4989,   3503,   3534,   3596,      10,    135.1633,     47.8585,      0.0000,     87.3048
    4990,   1187,   1188,   3508,      10,    123.7793,     44.2656,      0.0000,     79.5137
    4991,   3509,   3554,   3597,      10,    119.2038,     40.8165,      0.0000,     78.3873
    4992,    163,   3598,   3502,      10,    119.5196,     42.1151,      0.0000,     77.4045
    4993,    164,   3503,   3596,      10,    135.1633,     47.8585,      0.0000,     87.3048
    4994,   1186,   3596,   3534,      10,    132.9581,     47.2375,      0.0000,     85.7206
    4995,   1189,   3509,   3597,      10,    118.8909,     41.9951,      0.0000,     76.8959
    4996,   1298,   3502,   3554,      10,    119.2038,     40.8165,      0.0000,     78.3873
    4997,   1299,    164,   3596,      10,    132.0894,     46.7559,      0.0000,     85.3335
    4998,   1186,   3508,   3596,      10,    123.5935,     44.1322,      0.0000,     79.4613
    4999,   1188,   1189,   3597,      10,    117.2490,     41.5307,      0.0000,     75.7183
    5000,   3554,   3502,   3597,      10,    119.5196,     42.1151,      0.0000,     77.4045
    5001,   3596,   3508,   3598,      10,    123.5935,     44.1322,      0.0000,     79.4613
    5002,   3597,   3502,   3599,      10,    120.5524,     42.8951,      0.0000,     77.6573
    5003,   1299,   3596,   3598,      10,    122.8483,     43.6225,      0.0000,     79.2257
    5004,   1188,   3597,   3599,      10,    120.5524,     42.8951,      0.0000,     77.6573
    5005,    163,   1299,   3598,      10,    125.8554,     44.6099,      0.0000,     81.2455
    5006,   3508,   1188,   3599,      10,    120.5524,     42.8951,      0.0000,     77.6573
    5007,   3502,   3598,   3599,      10,    120.5524,     42.8951,      0.0000,     77.6573
    5008,   3598,   3508,   3599,      10,    120.5524,     42.8951,      0.0000,     77.6573
    5009,   1288,   1309,   4289,       8,      0.0000,      0.0000,      0.0000,      0.0000
    5010,   1287,   1309,   1288,       8,      0.0000,      0.0000,      0.0000,      0.0000
    5011,   1306,   1308,   1311,       8,      0.0000,      0.0000,      0.0000,      0.0000
    5012,   1309,   1287,   4307,       8,      0.0000,      0.0000,      0.0000,      0.0000
    5013,    152,   1306,   1311,       8,      0.0000,      0.0000,      0.0000,      0.0000
    5014,    152,   1311,   4307,       8,      0.0000,      0.0000,      0.0000,      0.0000
    5015,    168,   1308,   1306,       8,      0.0000,      0.0000,      0.0000,      0.0000
    5016,   1307,   1303,   4290,       8,      0.0000,      0.0000,      0.0000,      0.0000
    5017,    168,   1310,   1308,       8,      0.0000,      0.0000,      0.0000,      0.0000
    5018,   1304,   1303,   1307,       8,      0.0000,      0.0000,      0.0000,      0.0000
    5019,    168,   1304,   1310,       8,      0.0000,      0.0000,      0.0000,      0.0000
    5020,   1304,   1307,   1310,       8,      0.0000,      0.0000,      0.0000,      0.0000
    5021,    172,    585,   1332,      11,    325.9163,    105.9288,      0.0000,    219.9874
    5022,    574,    173,   1331,      11,    403.5897,     96.0352,      0.0000,    307.5545
    5023,    174,   1330,   3600,      11,    204.5088,     49.5041,      0.0000,    155.0046
    5024,    175,   1328,   3601,      11,    156.8294,     56.4758,      0.0000,    100.3536
    5025,   1327,    177,   3602,      11,    135.0133,     49.3088,      0.0000,     85.7045
    5026,    178,   1325,   3603,      11,    119.7510,     43.8224,      0.0000,     75.9286
    5027,    180,   3604,   3667,      11,    119.5572,     39.1067,      0.0000,     80.4505
    5028,    181,   1322,   3605,      11,     98.0814,     36.1850,      0.0000,     61.8964
    5029,   1321,    183,   3606,      11,    230.6579,     50.8796,      0.0000,    179.7783
    5030,    184,   1319,   3607,      11,    133.6319,     45.3459,      0.0000,     88.2860
    5031,    186,   3608,   3669,      11,    147.9090,     48.9716,      0.0000,     98.9374
    5032,   1316,   3609,   3670,      11,    163.2137,     53.5937,      0.0000,    109.6200
    5033,   1315,    189,   3610,      11,    237.8460,     79.6589,      0.0000,    158.1871
    5034,    191,    597,   1312,      11,    318.7935,    105.3963,      0.0000,    213.3972
    5035,    150,   1285,   3635,      11,    306.9441,    103.6186,      0.0000,    203.3254
    5036,   1283,   3660,   1284,      11,    235.9654,     76.6975,      0.0000,    159.2679
    5037,   1280,   3612,   3652,      11,    159.4438,     52.1575,      0.0000,    107.2864
    5038,   1277,   3613,   3653,      11,    146.6079,     48.4017,      0.0000,     98.2062
    5039,   1274,   3614,   1275,      11,    145.3274,     47.4431,      0.0000,     97.8844
    5040,   1272,   1271,   3615,      11,    207.7253,     49.5198,      0.0000,    158.2056
    5041,   1269,   1268,   3616,      11,    139.8918,     42.4860,      0.0000,     97.4058
    5042,   1266,   1265,   3617,      11,    108.8373,     38.3235,      0.0000,     70.5138
    5043,   1263,   1262,   3618,      11,    100.4405,     36.9069,      0.0000,     63.5335
    5044,   1260,   1259,   3619,      11,     94.8154,     35.0578,      0.0000,     59.7576
    5045,    563,   3620,   3619,      11,     92.3739,     33.1062,      0.0000,     59.2677
    5046,    565,    566,   3621,      11,     91.3354,     34.4190,      0.0000,     56.9165
    5047,    170,    568,   3622,      11,     90.1779,     34.7137,      0.0000,     55.4642
    5048,    570,    571,   3623,      11,     88.5412,     33.9406,      0.0000,     54.6006
    5049,    171,   1358,    573,      11,     91.1790,     35.5880,      0.0000,     55.5911
    5050,   1357,   1356,   3624,      11,     94.0347,     36.5246,      0.0000,     57.5101
    5051,   1354,   1353,   3625,      11,    101.0183,     38.4140,      0.0000,     62.6043
    5052,   1351,   1350,   3626,      11,    115.7608,     41.8874,      0.0000,     73.8735
    5053,   1348,   1347,   3627,      11,    142.6316,     47.2560,      0.0000,     95.3756
    5054,   1345,   1344,   3628,      11,    134.1473,     45.9889,      0.0000,     88.1584
    5055,   1342,   1341,   3629,      11,    116.4217,     42.6113,      0.0000,     73.8105
    5056,   1339,   1338,   3630,      11,    130.3773,     47.6631,      0.0000,     82.7142
    5057,   1336,   1335,   3631,      11,    150.0649,     54.7716,      0.0000,     95.2933
    5058,   1332,   3632,   3697,      11,    250.1810,     80.7346,      0.0000,    169.4464
    5059,   1331,    174,   3600,      11,    330.3866,     82.0214,      0.0000,    248.3653
    5060,   1329,   3600,   1330,      11,    204.5088,     49.5041,      0.0000,    155.0046
    5061,    574,   1331,   3600,      11,    330.3866,     82.0214,      0.0000,    248.3653
    5062,    175,   3634,   4306,      11,    307.0825,     58.6692,      0.0000,    248.4133
    5063,    575,    574,   3600,      11,    386.8708,     92.9392,      0.0000,    293.9315
    5064,    175,   3633,   3634,      11,    365.2825,     81.6112,      0.0000,    283.6713
    5065,    175,   3632,   3633,      11,    523.3206,    115.9679,      0.0000,    407.3528
    5066,    576,    575,   3600,      11,    386.8708,     92.9392,      0.0000,    293.9315
    5067,    584,   1332,    585,      11,    327.8085,    106.0433,      0.0000,    221.7652
    5068,   1332,    584,   3632,      11,    464.0909,    125.2216,      0.0000,    338.8694
    5069,    583,   3632,    584,      11,    542.8417,    133.4290,      0.0000,    409.4127
    5070,    582,   3632,    583,      11,    526.3207,    128.9287,      0.0000,    397.3920
    5071,    576,   3600,   3634,      11,    392.2498,     93.6984,      0.0000,    298.5514
    5072,    578,    577,   3634,      11,    397.6634,     95.8276,      0.0000,    301.8358
    5073,    576,   3634,    577,      11,    397.6634,     95.8276,      0.0000,    301.8358
    5074,   1329,   3634,   3600,      11,    365.2825,     81.6112,      0.0000,    283.6713
    5075,    578,   3634,   3633,      11,    480.2468,    108.5764,      0.0000,    371.6704
    5076,    579,    578,   3633,      11,    538.8976,    117.0732,      0.0000,    421.8244
    5077,    581,   3633,   3632,      11,    548.3717,    126.5550,      0.0000,    421.8166
    5078,    579,   3633,    580,      11,    538.8976,    117.0732,      0.0000,    421.8244
    5079,    580,   3633,    581,      11,    550.4348,    121.0407,      0.0000,    429.3942
    5080,    581,   3632,    582,      11,    526.3207,    128.9287,      0.0000,    397.3920
    5081,    587,    586,   3635,      11,    300.2976,    101.6832,      0.0000,    198.6145
    5082,   1282,   3611,   1283,      11,    199.5728,     66.1779,      0.0000,    133.3949
    5083,   1279,   3612,   1280,      11,    152.9070,     50.1763,      0.0000,    102.7306
    5084,   1276,   3613,   1277,      11,    143.7558,     47.6987,      0.0000,     96.0571
    5085,   1273,   3614,   1274,      11,    145.3274,     47.4431,      0.0000,     97.8844
    5086,   1272,   3615,   3636,      11,    204.5080,     52.4787,      0.0000,    152.0293
    5087,   1270,   1269,   3637,      11,    157.5146,     44.9958,      0.0000,    112.5188
    5088,   1267,   3616,   1268,      11,    139.8918,     42.4860,      0.0000,     97.4058
    5089,   1266,   3617,   3638,      11,    107.4554,     37.5957,      0.0000,     69.8597
    5090,   1264,   1263,   3639,      11,    100.7323,     36.4103,      0.0000,     64.3220
    5091,   1261,   3618,   1262,      11,    100.4405,     36.9069,      0.0000,     63.5335
    5092,   1260,   3619,   3640,      11,     93.5508,     33.8926,      0.0000,     59.6582
    5093,    149,    562,   1259,      11,     95.1711,     35.4618,      0.0000,     59.7094
    5094,    563,    564,   3620,      11,     92.4492,     33.1341,      0.0000,     59.3152
    5095,    565,   3621,   3641,      11,     91.5332,     34.2067,      0.0000,     57.3265
    5096,    567,    170,   3642,      11,     91.3187,     34.4526,      0.0000,     56.8661
    5097,    568,    569,   3622,      11,     90.1779,     34.7137,      0.0000,     55.4642
    5098,    570,   3623,   3643,      11,     88.9876,     34.0986,      0.0000,     54.8890
    5099,    572,    573,   3644,      11,     90.3051,     34.9074,      0.0000,     55.3978
    5100,   3624,   3645,   3644,      11,     90.4539,     34.5816,      0.0000,     55.8724
    5101,   1355,   1354,   3646,      11,     95.0517,     36.5945,      0.0000,     58.4572
    5102,   1352,   3625,   1353,      11,    101.0183,     38.4140,      0.0000,     62.6043
    5103,   1351,   3626,   3647,      11,    115.2232,     41.1482,      0.0000,     74.0750
    5104,   1349,   1348,   3648,      11,    138.7499,     48.4371,      0.0000,     90.3129
    5105,   1346,   3627,   1347,      11,    142.6316,     47.2560,      0.0000,     95.3756
    5106,   1345,   3628,   3649,      11,    146.8576,     48.2954,      0.0000,     98.5622
    5107,   1343,   1342,   3650,      11,    118.7227,     42.0095,      0.0000,     76.7132
    5108,   1340,   3629,   1341,      11,    116.4217,     42.6113,      0.0000,     73.8105
    5109,    150,   3635,    586,      11,    308.9241,    105.0092,      0.0000,    203.9149
    5110,   3611,   1282,   3652,      11,    166.2805,     54.6161,      0.0000,    111.6644
    5111,   3612,   1279,   3653,      11,    152.9070,     50.1763,      0.0000,    102.7306
    5112,   3613,   1276,   3654,      11,    142.2438,     47.2272,      0.0000,     95.0167
    5113,   1272,   3636,   3658,      11,    150.0775,     47.3844,      0.0000,    102.6931
    5114,   1270,   3615,   1271,      11,    207.7253,     49.5198,      0.0000,    158.2056
    5115,   1269,   3616,   3637,      11,    157.5146,     44.9958,      0.0000,    112.5188
    5116,   1267,   1266,   3638,      11,    110.5893,     38.0065,      0.0000,     72.5828
    5117,   1264,   3617,   1265,      11,    108.8373,     38.3235,      0.0000,     70.5138
    5118,   1263,   3618,   3639,      11,    100.7323,     36.4103,      0.0000,     64.3220
    5119,   1261,   1260,   3640,      11,     98.6220,     36.1707,      0.0000,     62.4514
    5120,    562,   3619,   1259,      11,     93.5508,     33.8926,      0.0000,     59.6582
    5121,    564,    565,   3641,      11,     91.5332,     34.2067,      0.0000,     57.3265
    5122,    566,    567,   3621,      11,     91.3354,     34.4190,      0.0000,     56.9165
    5123,    170,   3622,   3642,      11,     91.4441,     34.6034,      0.0000,     56.8406
    5124,    569,    570,   3643,      11,     88.8490,     34.1026,      0.0000,     54.7464
    5125,    571,    572,   3623,      11,     88.5412,     33.9406,      0.0000,     54.6006
    5126,    573,   1358,   3644,      11,     90.1731,     34.6415,      0.0000,     55.5316
    5127,   3645,   3624,   3655,      11,     90.4539,     34.5816,      0.0000,     55.8724
    5128,   1354,   3625,   3646,      11,     98.8732,     37.8044,      0.0000,     61.0688
    5129,   1352,   1351,   3647,      11,    114.0303,     41.4030,      0.0000,     72.6273
    5130,   1349,   3626,   1350,      11,    115.7608,     41.8874,      0.0000,     73.8735
    5131,   1348,   3627,   3648,      11,    138.7499,     48.4371,      0.0000,     90.3129
    5132,   1346,   1345,   3649,      11,    146.8576,     48.2954,      0.0000,     98.5622
    5133,   1343,   3628,   1344,      11,    134.1473,     45.9889,      0.0000,     88.1584
    5134,   1342,   3629,   3650,      11,    114.5886,     41.6341,      0.0000,     72.9545
    5135,   1340,   1339,   3651,      11,    118.9290,     43.6802,      0.0000,     75.2488
    5136,    179,   3603,   1325,      11,    119.7510,     43.8224,      0.0000,     75.9286
    5137,    180,   1323,   3604,      11,    119.5572,     39.1067,      0.0000,     80.4505
    5138,    181,   3605,   3656,      11,    103.2759,     37.4065,      0.0000,     65.8694
    5139,    182,   1321,   3657,      11,    132.5742,     35.7913,      0.0000,     96.7829
    5140,    183,   1320,   3636,      11,    230.6579,     50.8796,      0.0000,    179.7783
    5141,    185,   3607,   1319,      11,    133.6319,     45.3459,      0.0000,     88.2860
    5142,    186,   1317,   3608,      11,    155.6951,     51.0329,      0.0000,    104.6622
    5143,    188,   3609,   1316,      11,    163.2137,     53.5937,      0.0000,    109.6200
    5144,    189,   1314,   3659,      11,    308.8559,     91.1310,      0.0000,    217.7249
    5145,   3635,   1285,   3660,      11,    296.5458,     97.8900,      0.0000,    198.6558
    5146,   3635,   3660,   3661,      11,    306.9441,    103.6186,      0.0000,    203.3254
    5147,    188,   1315,   3611,      11,    168.2315,     55.7208,      0.0000,    112.5107
    5148,    189,   3659,   3662,      11,    361.1396,    112.6571,      0.0000,    248.4825
    5149,    588,   3635,   3661,      11,    330.9162,    106.0567,      0.0000,    224.8596
    5150,   1284,   3660,   1285,      11,    235.9654,     76.6975,      0.0000,    159.2679
    5151,   1315,   3610,   3611,      11,    237.8460,     79.6589,      0.0000,    158.1871
    5152,   1313,   3659,   1314,      11,    308.8559,     91.1310,      0.0000,    217.7249
    5153,    587,   3635,    588,      11,    300.2976,    101.6832,      0.0000,    198.6145
    5154,   1283,   3611,   3660,      11,    199.5728,     66.1779,      0.0000,    133.3949
    5155,    589,    588,   3661,      11,    375.3905,    111.9914,      0.0000,    263.3991
    5156,   3610,   3660,   3611,      11,    237.8460,     79.6589,      0.0000,    158.1871
    5157,    590,    589,   3661,      11,    371.0972,    110.6042,      0.0000,    260.4930
    5158,   3610,   3661,   3660,      11,    237.8460,     79.6589,      0.0000,    158.1871
    5159,    189,   3661,   3610,      11,    237.8460,     79.6589,      0.0000,    158.1871
    5160,   3661,    189,   3662,      11,    384.0949,    115.8340,      0.0000,    268.2609
    5161,    190,   1312,   1313,      11,    122.9227,     35.4743,      0.0000,     87.4483
    5162,    591,    590,   3661,      11,    371.0972,    110.6042,      0.0000,    260.4930
    5163,    591,   3661,   3662,      11,    388.5265,    117.0616,      0.0000,    271.4650
    5164,    592,    591,   3662,      11,    396.2286,    118.8799,      0.0000,    277.3487
    5165,    593,    592,   3662,      11,    396.2286,    118.8799,      0.0000,    277.3487
    5166,    593,   3662,   3659,      11,    379.5115,    116.0574,      0.0000,    263.4541
    5167,    594,    593,   3659,      11,    380.2743,    120.8107,      0.0000,    259.4636
    5168,    595,    594,   3659,      11,    380.2743,    120.8107,      0.0000,    259.4636
    5169,    596,   1312,    597,      11,    335.7768,    111.6946,      0.0000,    224.0822
    5170,    596,   1313,   1312,      11,    291.5658,     95.5381,      0.0000,    196.0277
    5171,    596,   3659,   1313,      11,    361.1396,    112.6571,      0.0000,    248.4825
    5172,    595,   3659,    596,      11,    380.7334,    120.8004,      0.0000,    259.9330
    5173,   1357,   3644,   1358,      11,     90.9925,     35.3403,      0.0000,     55.6522
    5174,   3643,   3655,   3663,      11,     92.7591,     35.4199,      0.0000,     57.3391
    5175,   1355,   3624,   1356,      11,     94.0347,     36.5246,      0.0000,     57.5101
    5176,   3625,   3664,   3675,      11,     99.9073,     37.8940,      0.0000,     62.0132
    5177,   3647,   3626,   3665,      11,    115.2232,     41.1482,      0.0000,     74.0750
    5178,   3648,   3627,   3666,      11,    146.3835,     47.8965,      0.0000,     98.4870
    5179,   3628,   1343,   3650,      11,    118.7227,     42.0095,      0.0000,     76.7132
    5180,   3629,   1340,   3651,      11,    121.3359,     44.4752,      0.0000,     76.8607
    5181,    179,   3667,   3629,      11,    116.3096,     40.0940,      0.0000,     76.2157
    5182,   3656,   3605,   3668,      11,    103.2759,     37.4065,      0.0000,     65.8694
    5183,   1321,   3606,   3657,      11,    132.5742,     35.7913,      0.0000,     96.7829
    5184,    184,   3658,   1320,      11,    161.2821,     43.8923,      0.0000,    117.3898
    5185,   3607,    185,   3669,      11,    138.2947,     46.5568,      0.0000,     91.7379
    5186,   3608,   1317,   3670,      11,    155.6951,     51.0329,      0.0000,    104.6622
    5187,   3609,    188,   3611,      11,    164.9534,     54.2900,      0.0000,    110.6634
    5188,   1281,   3652,   1282,      11,    162.5455,     53.1686,      0.0000,    109.3769
    5189,   1278,   3653,   1279,      11,    149.2938,     49.1135,      0.0000,    100.1803
    5190,    185,   1318,   3669,      11,    142.6942,     47.6811,      0.0000,     95.0131
    5191,    187,   3670,   1317,      11,    160.0504,     52.3506,      0.0000,    107.6999
    5192,   3609,   3611,   3652,      11,    164.9534,     54.2900,      0.0000,    110.6634
    5193,   1280,   3652,   1281,      11,    162.5455,     53.1686,      0.0000,    109.3769
    5194,   1277,   3653,   1278,      11,    149.2938,     49.1135,      0.0000,    100.1803
    5195,    186,   3669,   1318,      11,    142.6942,     47.6811,      0.0000,     95.0131
    5196,    187,   1316,   3670,      11,    160.0504,     52.3506,      0.0000,    107.6999
    5197,   3652,   3612,   3670,      11,    159.9299,     52.3719,      0.0000,    107.5579
    5198,   3653,   3613,   3669,      11,    143.7558,     47.6987,      0.0000,     96.0571
    5199,   3609,   3652,   3670,      11,    164.9534,     54.2900,      0.0000,    110.6634
    5200,   3608,   3653,   3669,      11,    148.7203,     49.0069,      0.0000,     99.7134
    5201,   3608,   3670,   3612,      11,    156.2751,     51.1770,      0.0000,    105.0980
    5202,   3608,   3612,   3653,      11,    152.2531,     50.0671,      0.0000,    102.1860
    5203,   3607,   3669,   3654,      11,    139.8268,     46.5866,      0.0000,     93.2401
    5204,   1275,   3654,   1276,      11,    142.2438,     47.2272,      0.0000,     95.0167
    5205,   3636,   3615,   3671,      11,    204.5080,     52.4787,      0.0000,    152.0293
    5206,   3637,   3616,   3672,      11,    140.9502,     43.9855,      0.0000,     96.9647
    5207,   3638,   3617,   3673,      11,    107.4554,     37.5957,      0.0000,     69.8597
    5208,   3639,   3618,   3674,      11,     99.2693,     35.9194,      0.0000,     63.3499
    5209,    562,    563,   3619,      11,     93.7912,     34.3297,      0.0000,     59.4615
    5210,   3620,    564,   3641,      11,     92.3739,     33.1062,      0.0000,     59.2677
    5211,   3621,    567,   3642,      11,     91.4441,     34.6034,      0.0000,     56.8406
    5212,   3622,    569,   3643,      11,     89.7066,     34.5201,      0.0000,     55.1865
    5213,   3623,    572,   3644,      11,     88.9876,     34.0986,      0.0000,     54.8890
    5214,   1357,   3624,   3644,      11,     92.5942,     35.8932,      0.0000,     56.7010
    5215,   3663,   3655,   3675,      11,     94.6748,     36.6110,      0.0000,     58.0638
    5216,   3624,   1355,   3646,      11,     95.0517,     36.5945,      0.0000,     58.4572
    5217,   3625,   1352,   3647,      11,     99.6048,     37.8474,      0.0000,     61.7574
    5218,   3626,   3648,   3665,      11,    120.7029,     43.8996,      0.0000,     76.8033
    5219,   3665,   3666,   3676,      11,    124.7164,     45.1041,      0.0000,     79.6124
    5220,   3627,   1346,   3649,      11,    148.9832,     47.9576,      0.0000,    101.0256
    5221,   3603,   3629,   3651,      11,    121.3359,     44.4752,      0.0000,     76.8607
    5222,    179,   1324,   3667,      11,    114.9862,     39.9592,      0.0000,     75.0270
    5223,   3656,   3668,   3677,      11,    116.4816,     43.0553,      0.0000,     73.4263
    5224,    182,   3605,   1322,      11,     98.0814,     36.1850,      0.0000,     61.8964
    5225,   3657,   3606,   3678,      11,    209.9094,     52.1905,      0.0000,    157.7189
    5226,    184,   3607,   3658,      11,    132.7099,     44.4149,      0.0000,     88.2949
    5227,   3613,   3654,   3669,      11,    143.7558,     47.6987,      0.0000,     96.0571
    5228,   1275,   3614,   3654,      11,    139.2124,     46.2011,      0.0000,     93.0113
    5229,   3615,   3637,   3671,      11,    170.2237,     49.2094,      0.0000,    121.0143
    5230,   3616,   1267,   3638,      11,    140.9502,     43.9855,      0.0000,     96.9647
    5231,   3617,   3639,   3673,      11,    101.1620,     35.8249,      0.0000,     65.3371
    5232,   3673,   3674,   3679,      11,     97.7343,     35.2330,      0.0000,     62.5013
    5233,   3618,   1261,   3640,      11,     98.6220,     36.1707,      0.0000,     62.4514
    5234,   3619,   3620,   3640,      11,     93.5508,     33.8926,      0.0000,     59.6582
    5235,   3641,   3621,   3680,      11,     91.5740,     34.4334,      0.0000,     57.1406
    5236,   3622,   3643,   3681,      11,     93.2410,     36.2014,      0.0000,     57.0397
    5237,   3623,   3644,   3645,      11,     90.4539,     34.5816,      0.0000,     55.8724
    5238,   3663,   3675,   3682,      11,     97.4003,     37.1642,      0.0000,     60.2361
    5239,   3624,   3646,   3655,      11,     92.9190,     35.7404,      0.0000,     57.1786
    5240,   3625,   3647,   3664,      11,     99.9073,     37.8940,      0.0000,     62.0132
    5241,   3626,   1349,   3648,      11,    121.4219,     43.6561,      0.0000,     77.7658
    5242,   3656,   3677,   3687,      11,    120.0454,     44.4044,      0.0000,     75.6410
    5243,   3605,   3657,   3668,      11,    115.5166,     39.0002,      0.0000,     76.5165
    5244,   3668,   3678,   3683,      11,    116.2082,     45.9758,      0.0000,     70.2324
    5245,   3607,   3654,   3614,      11,    139.8268,     46.5866,      0.0000,     93.2401
    5246,   3615,   1270,   3637,      11,    192.9044,     50.3481,      0.0000,    142.5563
    5247,   3616,   3638,   3672,      11,    140.9502,     43.9855,      0.0000,     96.9647
    5248,   3617,   1264,   3639,      11,    105.0822,     37.1549,      0.0000,     67.9273
    5249,   3679,   3674,   3684,      11,     97.7343,     35.2330,      0.0000,     62.5013
    5250,   3640,   3620,   3641,      11,     92.3739,     33.1062,      0.0000,     59.2677
    5251,   3621,   3642,   3680,      11,     91.4441,     34.6034,      0.0000,     56.8406
    5252,   3622,   3681,   3685,      11,     93.2410,     36.2014,      0.0000,     57.0397
    5253,   3643,   3623,   3645,      11,     88.9876,     34.0986,      0.0000,     54.8890
    5254,   3682,   3686,   3693,      11,    102.2604,     40.7014,      0.0000,     61.5590
    5255,   3646,   3675,   3655,      11,     95.6005,     36.4542,      0.0000,     59.1463
    5256,   3647,   3665,   3687,      11,    120.7029,     43.8996,      0.0000,     76.8033
    5257,   3605,    182,   3657,      11,    101.5720,     36.3630,      0.0000,     65.2090
    5258,   3622,   3685,   3680,      11,     93.0447,     35.1621,      0.0000,     57.8826
    5259,   3643,   3645,   3655,      11,     90.4539,     34.5816,      0.0000,     55.8724
    5260,   3618,   3640,   3674,      11,     99.2693,     35.9194,      0.0000,     63.3499
    5261,   3680,   3690,   3684,      11,     95.7179,     36.7409,      0.0000,     58.9770
    5262,   3643,   3663,   3681,      11,     93.2410,     36.2014,      0.0000,     57.0397
    5263,   3686,   3689,   3691,      11,    108.4303,     43.1456,      0.0000,     65.2848
    5264,   3648,   3666,   3665,      11,    130.5225,     45.3824,      0.0000,     85.1402
    5265,   3657,   3678,   3668,      11,    115.5166,     39.0002,      0.0000,     76.5165
    5266,   3638,   3692,   3688,      11,    120.6361,     48.0920,      0.0000,     72.5441
    5267,   3639,   3674,   3673,      11,    101.1620,     35.8249,      0.0000,     65.3371
    5268,   3640,   3684,   3674,      11,     95.2359,     35.4284,      0.0000,     59.8075
    5269,   3622,   3680,   3642,      11,     91.4441,     34.6034,      0.0000,     56.8406
    5270,   3681,   3663,   3693,      11,     93.2410,     36.2014,      0.0000,     57.0397
    5271,   3665,   3676,   3687,      11,    124.7164,     45.1041,      0.0000,     79.6124
    5272,   3677,   3668,   3683,      11,    116.2082,     45.9758,      0.0000,     70.2324
    5273,   3638,   3688,   3672,      11,    120.6361,     48.0920,      0.0000,     72.5441
    5274,   3638,   3673,   3696,      11,    102.5761,     37.2522,      0.0000,     65.3239
    5275,   3640,   3641,   3684,      11,     95.2359,     35.4284,      0.0000,     59.8075
    5276,   3680,   3685,   3690,      11,     95.7179,     36.7409,      0.0000,     58.9770
    5277,   3685,   3681,   3693,      11,     93.2410,     36.2014,      0.0000,     57.0397
    5278,   3663,   3682,   3693,      11,     96.4616,     37.9012,      0.0000,     58.5604
    5279,   3656,   3687,   3676,      11,    124.7164,     45.1041,      0.0000,     79.6124
    5280,   3683,   3688,   3692,      11,    120.6361,     48.0920,      0.0000,     72.5441
    5281,   3641,   3680,   3684,      11,     92.3304,     33.9479,      0.0000,     58.3825
    5282,   3693,   3686,   3695,      11,    102.2604,     40.7014,      0.0000,     61.5590
    5283,   3677,   3689,   3687,      11,    120.0454,     44.4044,      0.0000,     75.6410
    5284,   3683,   3692,   3691,      11,    111.0279,     44.6318,      0.0000,     66.3962
    5285,   3679,   3684,   3690,      11,     95.7179,     36.7409,      0.0000,     58.9770
    5286,   3690,   3685,   3695,      11,     95.7179,     36.7409,      0.0000,     58.9770
    5287,   3694,   3692,   3696,      11,    104.6264,     42.0846,      0.0000,     62.5418
    5288,   3679,   3690,   3695,      11,     95.7179,     36.7409,      0.0000,     58.9770
    5289,   3685,   3693,   3695,      11,     96.4616,     37.9012,      0.0000,     58.5604
    5290,   3638,   3696,   3692,      11,    111.0279,     44.6318,      0.0000,     66.3962
    5291,   3686,   3694,   3695,      11,    104.6264,     42.0846,      0.0000,     62.5418
    5292,   3673,   3679,   3696,      11,    102.5761,     37.2522,      0.0000,     65.3239
    5293,   3695,   3694,   3696,      11,    104.6264,     42.0846,      0.0000,     62.5418
    5294,   3679,   3695,   3696,      11,     98.6209,     37.3500,      0.0000,     61.2709
    5295,   3686,   3691,   3694,      11,    104.6264,     42.0846,      0.0000,     62.5418
    5296,   3677,   3691,   3689,      11,    108.4303,     43.1456,      0.0000,     65.2848
    5297,   3691,   3692,   3694,      11,    104.6264,     42.0846,      0.0000,     62.5418
    5298,   3677,   3683,   3691,      11,    116.2082,     45.9758,      0.0000,     70.2324
    5299,   3625,   3675,   3646,      11,     97.4003,     37.1642,      0.0000,     60.2361
    5300,   3647,   3687,   3689,      11,    108.3325,     41.9799,      0.0000,     66.3526
    5301,   3682,   3689,   3686,      11,    102.2604,     40.7014,      0.0000,     61.5590
    5302,   3664,   3682,   3675,      11,     99.9073,     37.8940,      0.0000,     62.0132
    5303,   3647,   3689,   3682,      11,    108.3325,     41.9799,      0.0000,     66.3526
    5304,   3647,   3682,   3664,      11,     99.9073,     37.8940,      0.0000,     62.0132
    5305,   3678,   3688,   3683,      11,    120.6361,     48.0920,      0.0000,     72.5441
    5306,   3671,   3637,   3672,      11,    170.2237,     49.2094,      0.0000,    121.0143
    5307,   3671,   3672,   3678,      11,    190.8937,     55.8611,      0.0000,    135.0326
    5308,   3672,   3688,   3678,      11,    120.6361,     48.0920,      0.0000,     72.5441
    5309,   3606,   3671,   3678,      11,    209.9094,     52.1905,      0.0000,    157.7189
    5310,   3607,   3614,   3658,      11,    141.3823,     46.5683,      0.0000,     94.8140
    5311,   3606,   3636,   3671,      11,    209.9094,     52.1905,      0.0000,    157.7189
    5312,   1273,   3658,   3614,      11,    141.3823,     46.5683,      0.0000,     94.8140
    5313,    183,   3636,   3606,      11,    230.6579,     50.8796,      0.0000,    179.7783
    5314,   1272,   3658,   1273,      11,    156.5486,     49.8312,      0.0000,    106.7173
    5315,   1320,   3658,   3636,      11,    161.2821,     43.8923,      0.0000,    117.3898
    5316,   3656,   3676,   3666,      11,    124.7164,     45.1041,      0.0000,     79.6124
    5317,   3627,   3649,   3666,      11,    146.3835,     47.8965,      0.0000,     98.4870
    5318,    179,   3629,   3603,      11,    120.3595,     43.9909,      0.0000,     76.3686
    5319,    180,   3667,   1324,      11,    114.9862,     39.9592,      0.0000,     75.0270
    5320,    181,   3656,   3666,      11,    152.7020,     48.5231,      0.0000,    104.1789
    5321,   3650,   3629,   3667,      11,    116.3428,     41.0032,      0.0000,     75.3397
    5322,    181,   3666,   3649,      11,    164.7305,     46.7512,      0.0000,    117.9793
    5323,   3604,   3628,   3650,      11,    131.9426,     44.4786,      0.0000,     87.4641
    5324,   1323,    181,   3649,      11,    150.1915,     41.6618,      0.0000,    108.5297
    5325,   3604,   3650,   3667,      11,    116.3428,     41.0032,      0.0000,     75.3397
    5326,   3604,   1323,   3649,      11,    128.4510,     40.5417,      0.0000,     87.9093
    5327,   3604,   3649,   3628,      11,    131.9426,     44.4786,      0.0000,     87.4641
    5328,   1334,   1333,   3697,      11,    250.2545,     83.8272,      0.0000,    166.4273
    5329,    176,   3601,   1328,      11,    156.8294,     56.4758,      0.0000,    100.3536
    5330,   1334,   3631,   1335,      11,    150.0649,     54.7716,      0.0000,     95.2933
    5331,   1332,   3697,   1333,      11,    250.2545,     83.8272,      0.0000,    166.4273
    5332,    176,   1327,   3631,      11,    151.7007,     54.8333,      0.0000,     96.8674
    5333,    175,   3697,   3632,      11,    510.8917,    126.5512,      0.0000,    384.3405
    5334,   3601,    176,   3631,      11,    160.2496,     57.3317,      0.0000,    102.9179
    5335,    175,   3601,   3697,      11,    160.2496,     57.3317,      0.0000,    102.9179
    5336,   1334,   3601,   3631,      11,    147.4896,     53.7500,      0.0000,     93.7396
    5337,   1334,   3697,   3601,      11,    250.1810,     80.7346,      0.0000,    169.4464
    5338,   1337,   1336,   3698,      11,    143.0906,     52.2575,      0.0000,     90.8331
    5339,    177,   1326,   3602,      11,    135.0133,     49.3088,      0.0000,     85.7045
    5340,   3603,   3651,   3699,      11,    121.3359,     44.4752,      0.0000,     76.8607
    5341,   1337,   3630,   1338,      11,    130.3773,     47.6631,      0.0000,     82.7142
    5342,   1336,   3631,   3698,      11,    139.5695,     50.8546,      0.0000,     88.7149
    5343,    178,   3603,   3699,      11,    124.7898,     45.7196,      0.0000,     79.0702
    5344,   1339,   3699,   3651,      11,    121.3359,     44.4752,      0.0000,     76.8607
    5345,   1327,   3698,   3631,      11,    139.5695,     50.8546,      0.0000,     88.7149
    5346,   1326,    178,   3699,      11,    122.7530,     44.9378,      0.0000,     77.8152
    5347,   1339,   3630,   3699,      11,    130.1266,     47.5962,      0.0000,     82.5304
    5348,   1327,   3602,   3698,      11,    135.1922,     49.3461,      0.0000,     85.8462
    5349,   1337,   3698,   3602,      11,    139.5695,     50.8546,      0.0000,     88.7149
    5350,   1337,   3602,   3630,      11,    130.1266,     47.5962,      0.0000,     82.5304
    5351,   1326,   3630,   3602,      11,    135.1922,     49.3461,      0.0000,     85.8462
    5352,   1326,   3699,   3630,      11,    124.7898,     45.7196,      0.0000,     79.0702
    5353,    201,    623,   1413,      14,    359.4552,    106.6308,      0.0000,    252.8244
    5354,    622,    621,   3700,      14,    429.6670,    125.8287,      0.0000,    303.8383
    5355,    619,    618,   3701,      14,    446.4267,    119.2988,      0.0000,    327.1280
    5356,    616,    615,   3702,      14,    414.3211,    112.5171,      0.0000,    301.8040
    5357,    613,    612,   3703,      14,    350.7908,    105.6019,      0.0000,    245.1889
    5358,    611,    202,   1412,      14,    333.1890,    107.4189,      0.0000,    225.7701
    5359,   1411,   1410,   3704,      14,    177.5739,     63.8644,      0.0000,    113.7095
    5360,   1408,   1407,   3705,      14,    137.1213,     50.1637,      0.0000,     86.9576
    5361,   1404,   3706,   3773,      14,    124.1445,     45.5843,      0.0000,     78.5602
    5362,   1402,   1401,   3707,      14,    114.9628,     41.7187,      0.0000,     73.2441
    5363,   1398,   3708,   3775,      14,    157.1065,     47.0223,      0.0000,    110.0842
    5364,   1396,   1395,   3709,      14,    121.3985,     42.5606,      0.0000,     78.8379
    5365,   1392,   3710,   3777,      14,    103.0583,     39.4508,      0.0000,     63.6074
    5366,   1390,   1389,   3711,      14,     93.7203,     36.7362,      0.0000,     56.9840
    5367,   1386,   3779,   1387,      14,     91.5693,     36.8416,      0.0000,     54.7277
    5368,    625,   3713,   3712,      14,     91.9903,     37.6382,      0.0000,     54.3522
    5369,    627,    628,   3714,      14,     94.6605,     39.9365,      0.0000,     54.7240
    5370,    630,   3715,   3781,      14,     96.5173,     40.3374,      0.0000,     56.1798
    5371,    632,    633,   3716,      14,     97.4109,     39.2687,      0.0000,     58.1422
    5372,    205,   1385,   3783,      14,     95.5946,     36.0261,      0.0000,     59.5685
    5373,   1384,   1383,   3717,      14,     96.6848,     36.2121,      0.0000,     60.4727
    5374,   1381,   1380,   3718,      14,    108.8721,     37.6781,      0.0000,     71.1940
    5375,   1378,   1377,   3719,      14,    138.6661,     40.1950,      0.0000,     98.4711
    5376,   1375,   1374,   3720,      14,    216.9032,     48.4229,      0.0000,    168.4804
    5377,   1372,   1371,   3721,      14,    190.8079,     49.6242,      0.0000,    141.1837
    5378,   1369,   1368,   3722,      14,    154.5145,     46.6394,      0.0000,    107.8751
    5379,   1366,   1365,   3723,      14,    164.1451,     50.1224,      0.0000,    114.0227
    5380,   1363,   1362,   3724,      14,    182.2114,     55.6242,      0.0000,    126.5872
    5381,   1360,   1359,   3725,      14,    351.3074,    107.0795,      0.0000,    244.2279
    5382,    610,    609,   3726,      14,    410.5603,    116.8842,      0.0000,    293.6761
    5383,    607,    606,   3727,      14,    777.1499,    151.5304,      0.0000,    625.6195
    5384,    604,    603,   3728,      14,    655.5825,    156.7029,      0.0000,    498.8797
    5385,    601,    600,   3729,      14,    513.0265,    141.9372,      0.0000,    371.0893
    5386,    192,   1518,   3796,      14,    297.2602,     85.3573,      0.0000,    211.9030
    5387,    194,   1516,   3730,      14,    243.9019,     75.2504,      0.0000,    168.6515
    5388,   1513,   3731,   3797,      14,    305.2478,     88.0323,      0.0000,    217.2155
    5389,   1512,   1511,   3732,      14,    209.6394,     57.9791,      0.0000,    151.6604
    5390,   1509,   1508,   3733,      14,    189.8442,     56.4093,      0.0000,    133.4349
    5391,   1506,   1505,   3734,      14,    179.2320,     54.5494,      0.0000,    124.6826
    5392,   1503,   1502,   3735,      14,    175.1338,     53.3438,      0.0000,    121.7900
    5393,   1500,   1499,   3736,      14,    170.1226,     51.9210,      0.0000,    118.2016
    5394,   1497,   1496,   3737,      14,    166.8160,     50.7964,      0.0000,    116.0196
    5395,   1494,   1493,   3738,      14,    163.2249,     49.5465,      0.0000,    113.6784
    5396,   1491,   1490,   3739,      14,    161.1202,     48.6500,      0.0000,    112.4702
    5397,   1488,   1487,   3740,      14,    158.6647,     47.2466,      0.0000,    111.4180
    5398,   1485,   1484,   3741,      14,    158.3231,     46.3157,      0.0000,    112.0073
    5399,   1482,   1481,   3742,      14,    161.8051,     44.9693,      0.0000,    116.8358
    5400,   1479,   1478,   3743,      14,    169.0679,     43.8119,      0.0000,    125.2560
    5401,   1476,   1475,   3744,      14,    183.5626,     42.4557,      0.0000,    141.1069
    5402,   1473,   1472,   3745,      14,    195.9531,     39.9487,      0.0000,    156.0043
    5403,   1471,   1470,   3746,      14,    133.1654,     43.2983,      0.0000,     89.8671
    5404,   1468,   1467,   3747,      14,    108.9382,     43.0247,      0.0000,     65.9136
    5405,    197,   1465,   3748,      14,    107.4339,     43.1668,      0.0000,     64.2671
    5406,   1463,   1462,   3749,      14,    121.1205,     43.5650,      0.0000,     77.5554
    5407,   1460,    198,   3750,      14,    248.6401,     53.6078,      0.0000,    195.0323
    5408,   1458,   1457,   3751,      14,    136.0170,     37.4764,      0.0000,     98.5406
    5409,   1455,   1454,   3752,      14,    120.0800,     38.9577,      0.0000,     81.1223
    5410,   1452,   1451,   3753,      14,    115.1879,     40.1561,      0.0000,     75.0318
    5411,   1449,   1448,   3754,      14,    116.4249,     42.0255,      0.0000,     74.3994
    5412,   1446,   1445,   3755,      14,    118.2893,     43.1671,      0.0000,     75.1222
    5413,   1443,   1442,   3756,      14,    123.4451,     45.1489,      0.0000,     78.2962
    5414,   1440,   1439,   3757,      14,    127.2555,     46.5666,      0.0000,     80.6889
    5415,   1437,   1436,   3758,      14,    133.0305,     48.5942,      0.0000,     84.4363
    5416,   1434,   1433,   3759,      14,    137.2889,     50.1700,      0.0000,     87.1189
    5417,   1431,   1430,   3760,      14,    143.4270,     52.3758,      0.0000,     91.0512
    5418,   1428,   1427,   3761,      14,    148.1125,     54.3018,      0.0000,     93.8107
    5419,   1425,   1424,   3762,      14,    156.9337,     57.9025,      0.0000,     99.0312
    5420,   1422,   1421,   3763,      14,    192.7137,     67.8581,      0.0000,    124.8556
    5421,   1419,    199,   3764,      14,    445.6704,    123.6440,      0.0000,    322.0264
    5422,   1417,   1416,   3765,      14,    332.8831,     88.7857,      0.0000,    244.0974
    5423,    200,   1414,   3766,      14,    313.7845,     96.4652,      0.0000,    217.3193
    5424,    623,    622,   3767,      14,    407.4057,    121.0237,      0.0000,    286.3819
    5425,    620,   3700,    621,      14,    429.6670,    125.8287,      0.0000,    303.8383
    5426,    619,   3701,   3768,      14,    402.0794,    109.8933,      0.0000,    292.1861
    5427,    617,    616,   3769,      14,    422.6086,    113.6752,      0.0000,    308.9334
    5428,    614,   3702,    615,      14,    414.3211,    112.5171,      0.0000,    301.8040
    5429,    613,   3703,   3770,      14,    345.5954,    105.1088,      0.0000,    240.4865
    5430,   1412,   1411,   3771,      14,    254.5365,     85.0010,      0.0000,    169.5355
    5431,   1410,   1409,   3865,      14,    148.6878,     54.3256,      0.0000,     94.3622
    5432,   3705,   3772,   3798,      14,    141.6632,     51.8244,      0.0000,     89.8387
    5433,   1405,   3773,   3848,      14,    127.0845,     46.6104,      0.0000,     80.4741
    5434,   1403,   3706,   1404,      14,    117.0655,     42.9628,      0.0000,     74.1027
    5435,   3707,   3774,   3799,      14,    114.9748,     42.0368,      0.0000,     72.9380
    5436,   1399,   3775,   3850,      14,    142.6806,     46.1930,      0.0000,     96.4876
    5437,   1397,   3708,   1398,      14,    160.7165,     46.7663,      0.0000,    113.9501
    5438,   3709,   3776,   3800,      14,    133.2357,     46.6068,      0.0000,     86.6289
    5439,   1393,   3777,   3852,      14,    111.3911,     42.3565,      0.0000,     69.0347
    5440,   1391,   3710,   1392,      14,    103.4297,     40.5210,      0.0000,     62.9087
    5441,   3711,   3778,   3801,      14,     98.2431,     39.2139,      0.0000,     59.0292
    5442,   1387,   3779,   3854,      14,     92.0646,     36.9422,      0.0000,     55.1223
    5443,    203,   3712,   1386,      14,     90.1065,     35.9146,      0.0000,     54.1919
    5444,    625,    626,   3713,      14,     93.7047,     39.0394,      0.0000,     54.6653
    5445,   3714,   3780,   3802,      14,     94.7847,     39.9386,      0.0000,     54.8461
    5446,    629,    204,   3781,      14,     96.0568,     40.4082,      0.0000,     55.6486
    5447,    630,    631,   3715,      14,     96.5173,     40.3374,      0.0000,     56.1798
    5448,   3716,   3782,   3805,      14,     97.4109,     39.2687,      0.0000,     58.1422
    5449,    634,    635,   3783,      14,     96.0268,     36.8147,      0.0000,     59.2122
    5450,   3717,   3784,   3808,      14,     98.1680,     37.9518,      0.0000,     60.2162
    5451,   1382,   1381,   3785,      14,    107.3557,     37.9472,      0.0000,     69.4085
    5452,   1379,   3718,   1380,      14,    108.8721,     37.6781,      0.0000,     71.1940
    5453,   3719,   3786,   3809,      14,    135.6800,     45.5605,      0.0000,     90.1195
    5454,   1376,   1375,   3787,      14,    199.0061,     46.5976,      0.0000,    152.4085
    5455,   1374,   1373,   4006,      14,    228.2523,     48.9719,      0.0000,    179.2805
    5456,   3721,   3788,   3810,      14,    211.8544,     47.7061,      0.0000,    164.1483
    5457,   1370,   1369,   3789,      14,    153.7981,     46.3677,      0.0000,    107.4304
    5458,   1368,   1367,   3882,      14,    157.3131,     48.1772,      0.0000,    109.1359
    5459,   3723,   3790,   3811,      14,    164.1451,     50.1224,      0.0000,    114.0227
    5460,   1364,   1363,   3791,      14,    176.7900,     53.9319,      0.0000,    122.8581
    5461,   1361,   3724,   1362,      14,    182.2114,     55.6242,      0.0000,    126.5872
    5462,   1360,   3725,   3792,      14,    362.2708,    103.1648,      0.0000,    259.1060
    5463,    193,    610,   1359,      14,    334.3049,    106.7351,      0.0000,    227.5698
    5464,    608,   3726,    609,      14,    410.5603,    116.8842,      0.0000,    293.6761
    5465,    607,   3727,   3793,      14,    677.9937,    142.5742,      0.0000,    535.4194
    5466,    605,    604,   3794,      14,    675.7746,    154.3215,      0.0000,    521.4531
    5467,    602,   3728,    603,      14,    655.5825,    156.7029,      0.0000,    498.8797
    5468,    601,   3729,   3795,      14,    547.2352,    146.8244,      0.0000,    400.4108
    5469,    599,    598,   3796,      14,    548.9467,    139.7198,      0.0000,    409.2269
    5470,   1517,    194,   3730,      14,    239.5189,     74.1024,      0.0000,    165.4165
    5471,   1515,   3730,   1516,      14,    243.9019,     75.2504,      0.0000,    168.6515
    5472,    599,   3729,    600,      14,    513.0265,    141.9372,      0.0000,    371.0893
    5473,    192,   3796,    598,      14,    548.9467,    139.7198,      0.0000,    409.2269
    5474,   1515,   1514,   3797,      14,    332.4528,     97.5430,      0.0000,    234.9098
    5475,   3729,    599,   3796,      14,    500.7186,    134.7984,      0.0000,    365.9202
    5476,   3730,   1515,   3797,      14,    281.5323,     85.1790,      0.0000,    196.3534
    5477,   3729,   3730,   3797,      14,    348.8095,    103.4900,      0.0000,    245.3195
    5478,   3730,   3729,   3796,      14,    425.0144,    115.5789,      0.0000,    309.4355
    5479,   1517,   3730,   3796,      14,    239.5189,     74.1024,      0.0000,    165.4165
    5480,   1517,   3796,   1518,      14,    297.2602,     85.3573,      0.0000,    211.9030
    5481,    620,    619,   3768,      14,    420.4337,    119.6096,      0.0000,    300.8241
    5482,    617,   3701,    618,      14,    446.4267,    119.2988,      0.0000,    327.1280
    5483,    616,   3702,   3769,      14,    415.2713,    112.1434,      0.0000,    303.1279
    5484,    614,    613,   3770,      14,    353.8304,    105.5572,      0.0000,    248.2731
    5485,    611,   3703,    612,      14,    350.7908,    105.6019,      0.0000,    245.1889
    5486,   1411,   3704,   3771,      14,    300.8065,     96.2364,      0.0000,    204.5701
    5487,   1409,   1408,   3798,      14,    141.1793,     51.6241,      0.0000,     89.5552
    5488,   1406,   3705,   1407,      14,    137.1213,     50.1637,      0.0000,     86.9576
    5489,   1404,   3773,   1405,      14,    124.1445,     45.5843,      0.0000,     78.5602
    5490,   1402,   3799,   3849,      14,    114.9748,     42.0368,      0.0000,     72.9380
    5491,   1401,   1400,   3868,      14,    116.9884,     42.1060,      0.0000,     74.8824
    5492,   1398,   3775,   1399,      14,    157.1065,     47.0223,      0.0000,    110.0842
    5493,   1396,   3800,   3851,      14,    133.2357,     46.6068,      0.0000,     86.6289
    5494,   1394,   3709,   1395,      14,    121.3985,     42.5606,      0.0000,     78.8379
    5495,   1392,   3777,   1393,      14,    107.6164,     41.5251,      0.0000,     66.0913
    5496,   1390,   3801,   3853,      14,     98.2431,     39.2139,      0.0000,     59.0292
    5497,   1388,   3711,   1389,      14,     93.7203,     36.7362,      0.0000,     56.9840
    5498,   1386,   3712,   3779,      14,     91.5693,     36.8416,      0.0000,     54.7277
    5499,    203,    624,   3712,      14,     90.8953,     36.8070,      0.0000,     54.0883
    5500,   3713,    626,   3802,      14,     94.3736,     39.5193,      0.0000,     54.8543
    5501,   3780,   3714,   3803,      14,     94.7847,     39.9386,      0.0000,     54.8461
    5502,   3781,   3804,   3803,      14,     97.5332,     40.8322,      0.0000,     56.7010
    5503,   3715,    631,   3805,      14,     97.0943,     40.0592,      0.0000,     57.0351
    5504,   3782,   3716,   3806,      14,     97.4109,     39.2687,      0.0000,     58.1422
    5505,    634,   3783,   3807,      14,     96.0742,     36.7737,      0.0000,     59.3006
    5506,   1385,   1384,   3808,      14,     96.9554,     36.9933,      0.0000,     59.9621
    5507,   1383,   1382,   3877,      14,     98.6430,     36.6288,      0.0000,     62.0142
    5508,   1381,   3718,   3785,      14,    111.2141,     39.2070,      0.0000,     72.0071
    5509,   1379,   1378,   3809,      14,    133.0081,     41.0197,      0.0000,     91.9883
    5510,   1376,   3719,   1377,      14,    138.6661,     40.1950,      0.0000,     98.4711
    5511,   1375,   3720,   3787,      14,    216.9032,     48.4229,      0.0000,    168.4804
    5512,   1373,   1372,   3810,      14,    219.7869,     51.8696,      0.0000,    167.9173
    5513,   1371,   1370,   4061,      14,    164.2728,     47.0233,      0.0000,    117.2494
    5514,   1369,   3722,   3789,      14,    156.7123,     46.0974,      0.0000,    110.6149
    5515,   1367,   1366,   3811,      14,    161.5571,     49.4284,      0.0000,    112.1286
    5516,   1365,   1364,   3992,      14,    165.4354,     50.5361,      0.0000,    114.8993
    5517,   1363,   3724,   3791,      14,    174.5795,     53.1311,      0.0000,    121.4484
    5518,   1360,   3792,   3812,      14,    319.3652,     88.3963,      0.0000,    230.9689
    5519,   1359,    610,   3726,      14,    415.2819,    117.1090,      0.0000,    298.1729
    5520,    608,    607,   3793,      14,    677.9937,    142.5742,      0.0000,    535.4194
    5521,    605,   3727,    606,      14,    777.1499,    151.5304,      0.0000,    625.6195
    5522,    604,   3728,   3794,      14,    675.7746,    154.3215,      0.0000,    521.4531
    5523,    602,    601,   3795,      14,    622.7396,    154.1435,      0.0000,    468.5960
    5524,   3795,   3729,   3797,      14,    483.6872,    135.8240,      0.0000,    347.8632
    5525,   1513,   3797,   1514,      14,    332.4528,     97.5430,      0.0000,    234.9098
    5526,    195,   3731,   1513,      14,    285.5021,     73.7621,      0.0000,    211.7400
    5527,   1512,   3732,   3813,      14,    211.0457,     58.6116,      0.0000,    152.4341
    5528,   1510,   1509,   3814,      14,    193.0070,     56.6614,      0.0000,    136.3456
    5529,   1507,   3733,   1508,      14,    189.8442,     56.4093,      0.0000,    133.4349
    5530,   1506,   3734,   3815,      14,    179.3603,     54.4862,      0.0000,    124.8741
    5531,   1504,   1503,   3816,      14,    176.2312,     53.6630,      0.0000,    122.5682
    5532,   1501,   3735,   1502,      14,    175.1338,     53.3438,      0.0000,    121.7900
    5533,   1500,   3736,   3817,      14,    169.7204,     51.7260,      0.0000,    117.9944
    5534,   1498,   1497,   3818,      14,    167.4261,     50.9986,      0.0000,    116.4275
    5535,   1495,   3737,   1496,      14,    166.8160,     50.7964,      0.0000,    116.0196
    5536,   1494,   3738,   3819,      14,    163.1153,     49.4884,      0.0000,    113.6269
    5537,   1492,   1491,   3820,      14,    161.5341,     48.8560,      0.0000,    112.6781
    5538,   1489,   3739,   1490,      14,    161.1202,     48.6500,      0.0000,    112.4702
    5539,   1488,   3740,   3821,      14,    159.1452,     47.5774,      0.0000,    111.5678
    5540,   1486,   1485,   3822,      14,    158.1039,     46.5001,      0.0000,    111.6038
    5541,   1483,   3741,   1484,      14,    158.3231,     46.3157,      0.0000,    112.0073
    5542,   1482,   3742,   3823,      14,    162.0415,     44.9548,      0.0000,    117.0867
    5543,   1480,   1479,   3824,      14,    166.9758,     44.1444,      0.0000,    122.8314
    5544,   1477,   3743,   1478,      14,    169.0679,     43.8119,      0.0000,    125.2560
    5545,   1476,   3744,   3825,      14,    180.6080,     42.7382,      0.0000,    137.8698
    5546,   1474,   1473,   3826,      14,    192.7897,     40.8180,      0.0000,    151.9716
    5547,    196,   3745,   1472,      14,    195.9531,     39.9487,      0.0000,    156.0043
    5548,   1471,   3746,   3827,      14,    151.1974,     43.9327,      0.0000,    107.2647
    5549,   1469,   1468,   3828,      14,    112.5306,     43.0256,      0.0000,     69.5050
    5550,   1466,   3747,   1467,      14,    108.9382,     43.0247,      0.0000,     65.9136
    5551,    197,   3748,   3829,      14,    108.3097,     43.3023,      0.0000,     65.0074
    5552,   1464,   1463,   3830,      14,    116.5250,     43.4730,      0.0000,     73.0520
    5553,   1461,   3749,   1462,      14,    121.1205,     43.5650,      0.0000,     77.5554
    5554,   1460,   3750,   3831,      14,    247.3460,     57.0038,      0.0000,    190.3423
    5555,   1459,   1458,   3832,      14,    142.3499,     37.2658,      0.0000,    105.0841
    5556,   1456,   3751,   1457,      14,    136.0170,     37.4764,      0.0000,     98.5406
    5557,   1455,   3752,   3833,      14,    120.0544,     39.0902,      0.0000,     80.9642
    5558,   1453,   1452,   3834,      14,    115.9108,     39.8330,      0.0000,     76.0778
    5559,   1450,   3753,   1451,      14,    115.1879,     40.1561,      0.0000,     75.0318
    5560,   1449,   3754,   3835,      14,    116.3312,     42.0266,      0.0000,     74.3046
    5561,   1447,   1446,   3836,      14,    117.6387,     42.8543,      0.0000,     74.7844
    5562,   1444,   3755,   1445,      14,    118.2893,     43.1671,      0.0000,     75.1222
    5563,   1443,   3756,   3837,      14,    122.2708,     44.7181,      0.0000,     77.5527
    5564,   1441,   1440,   3838,      14,    126.1062,     46.1500,      0.0000,     79.9562
    5565,   1438,   3757,   1439,      14,    127.2555,     46.5666,      0.0000,     80.6889
    5566,   1437,   3758,   3839,      14,    133.0473,     48.6097,      0.0000,     84.4376
    5567,   1435,   1434,   3840,      14,    136.0404,     49.7198,      0.0000,     86.3207
    5568,   1432,   3759,   1433,      14,    137.2889,     50.1700,      0.0000,     87.1189
    5569,   1431,   3760,   3841,      14,    142.0075,     51.8645,      0.0000,     90.1431
    5570,   1429,   1428,   3842,      14,    146.6893,     53.7143,      0.0000,     92.9750
    5571,   1426,   3761,   1427,      14,    148.1125,     54.3018,      0.0000,     93.8107
    5572,   1425,   3762,   3843,      14,    153.7458,     56.6977,      0.0000,     97.0480
    5573,   1423,   1422,   3844,      14,    179.4415,     64.2379,      0.0000,    115.2036
    5574,   1420,   3763,   1421,      14,    192.7137,     67.8581,      0.0000,    124.8556
    5575,   1419,   3764,   3845,      14,    310.0158,     96.5827,      0.0000,    213.4331
    5576,   1418,   1417,   3846,      14,    356.4923,     95.4931,      0.0000,    260.9992
    5577,   1415,   3765,   1416,      14,    332.8831,     88.7857,      0.0000,    244.0974
    5578,   1415,    200,   3766,      14,    307.7869,     83.8366,      0.0000,    223.9503
    5579,   1413,   3766,   1414,      14,    313.7845,     96.4652,      0.0000,    217.3193
    5580,   1413,    623,   3767,      14,    385.3760,    115.8333,      0.0000,    269.5427
    5581,    622,   3700,   3767,      14,    407.4057,    121.0237,      0.0000,    286.3819
    5582,   3700,    620,   3768,      14,    404.3569,    116.6097,      0.0000,    287.7472
    5583,   3701,    617,   3769,      14,    415.2713,    112.1434,      0.0000,    303.1279
    5584,   3702,    614,   3770,      14,    405.1222,    111.6178,      0.0000,    293.5044
    5585,    611,   1412,   3703,      14,    345.5954,    105.1088,      0.0000,    240.4865
    5586,   3704,   3847,   4069,      14,    252.2737,     81.4389,      0.0000,    170.8348
    5587,   1408,   3705,   3798,      14,    144.5583,     52.9088,      0.0000,     91.6494
    5588,   3705,   1406,   3848,      14,    133.0189,     48.6909,      0.0000,     84.3281
    5589,   3706,   1403,   3849,      14,    115.7757,     42.4507,      0.0000,     73.3250
    5590,   1402,   3707,   3799,      14,    114.9748,     42.0368,      0.0000,     72.9380
    5591,   1400,   3850,   3952,      14,    142.6806,     46.1930,      0.0000,     96.4876
    5592,   3708,   1397,   3851,      14,    144.9899,     47.3337,      0.0000,     97.6561
    5593,   1396,   3709,   3800,      14,    133.2357,     46.6068,      0.0000,     86.6289
    5594,   1394,   3852,   3870,      14,    111.3911,     42.3565,      0.0000,     69.0347
    5595,   3710,   1391,   3853,      14,     99.8619,     39.5476,      0.0000,     60.3142
    5596,   1390,   3711,   3801,      14,     98.2431,     39.2139,      0.0000,     59.0292
    5597,   1388,   3854,   3872,      14,     92.0646,     36.9422,      0.0000,     55.1223
    5598,    624,    625,   3712,      14,     90.8953,     36.8070,      0.0000,     54.0883
    5599,    626,    627,   3802,      14,     94.4272,     39.7079,      0.0000,     54.7193
    5600,   3780,   3803,   3855,      14,     96.9865,     40.7376,      0.0000,     56.2488
    5601,    628,    629,   3714,      14,     94.6605,     39.9365,      0.0000,     54.7240
    5602,   3804,   3781,   3856,      14,     97.3877,     40.5661,      0.0000,     56.8216
    5603,   3805,   3857,   3960,      14,     98.5610,     40.1596,      0.0000,     58.4014
    5604,   3782,   3806,   3858,      14,     98.1486,     39.5717,      0.0000,     58.5769
    5605,    633,    634,   3806,      14,     97.2550,     38.9100,      0.0000,     58.3451
    5606,    205,   3783,    635,      14,     96.0268,     36.8147,      0.0000,     59.2122
    5607,   1384,   3717,   3808,      14,     96.9554,     36.9933,      0.0000,     59.9621
    5608,   3785,   3718,   3859,      14,    114.4523,     41.7776,      0.0000,     72.6747
    5609,   1378,   3719,   3809,      14,    127.4824,     42.6744,      0.0000,     84.8080
    5610,   3787,   3720,   3860,      14,    216.9032,     48.4229,      0.0000,    168.4804
    5611,   1372,   3721,   3810,      14,    219.7869,     51.8696,      0.0000,    167.9173
    5612,   3722,   4060,   3789,      14,    156.2669,     46.2121,      0.0000,    110.0548
    5613,   1366,   3723,   3811,      14,    160.3336,     48.9794,      0.0000,    111.3542
    5614,   3767,   3700,   3863,      14,    404.3569,    116.6097,      0.0000,    287.7472
    5615,   3701,   3769,   3864,      14,    415.2713,    112.1434,      0.0000,    303.1279
    5616,   3847,   3704,   3865,      14,    181.0394,     64.4878,      0.0000,    116.5515
    5617,   3798,   3772,   3866,      14,    147.0929,     53.8983,      0.0000,     93.1946
    5618,   1405,   3848,   1406,      14,    129.3710,     47.4132,      0.0000,     81.9578
    5619,   3706,   3849,   3867,      14,    115.6117,     42.3057,      0.0000,     73.3060
    5620,   3707,   3868,   3925,      14,    115.3497,     41.3633,      0.0000,     73.9864
    5621,   1399,   3850,   1400,      14,    142.6806,     46.1930,      0.0000,     96.4876
    5622,   3708,   3851,   3964,      14,    168.1583,     47.3735,      0.0000,    120.7847
    5623,   3776,   3709,   3870,      14,    123.8225,     43.9968,      0.0000,     79.8258
    5624,   1393,   3852,   1394,      14,    111.3911,     42.3565,      0.0000,     69.0347
    5625,   3853,   3871,   3997,      14,    100.7226,     40.3998,      0.0000,     60.3227
    5626,   3778,   3711,   3872,      14,     95.1340,     37.7138,      0.0000,     57.4202
    5627,   1387,   3854,   1388,      14,     92.0646,     36.9422,      0.0000,     55.1223
    5628,   3713,   3802,   3873,      14,     95.1535,     39.7608,      0.0000,     55.3927
    5629,   3855,   3874,   3999,      14,     96.9865,     40.7376,      0.0000,     56.2488
    5630,    629,   3803,   3714,      14,     95.9040,     40.4035,      0.0000,     55.5005
    5631,   3804,   3856,   3875,      14,     97.3877,     40.5661,      0.0000,     56.8216
    5632,    204,    630,   3781,      14,     96.0568,     40.4082,      0.0000,     55.6486
    5633,    631,    632,   3805,      14,     97.0943,     40.0592,      0.0000,     57.0351
    5634,   3858,   3876,   4002,      14,     99.5129,     40.1108,      0.0000,     59.4021
    5635,    633,   3806,   3716,      14,     97.4109,     39.2687,      0.0000,     58.1422
    5636,   3783,   1385,   3808,      14,     96.0742,     36.7737,      0.0000,     59.3006
    5637,   3717,   3961,   3784,      14,     98.1680,     37.9518,      0.0000,     60.2162
    5638,   3785,   3859,   3878,      14,    114.4523,     41.7776,      0.0000,     72.6747
    5639,   3809,   3786,   3879,      14,    135.6800,     45.5605,      0.0000,     90.1195
    5640,   3787,   3860,   3880,      14,    178.1662,     54.1406,      0.0000,    124.0256
    5641,   3810,   3788,   3881,      14,    233.1934,     47.9271,      0.0000,    185.2663
    5642,   3861,   3722,   3882,      14,    156.5287,     46.9734,      0.0000,    109.5553
    5643,   3811,   3790,   3883,      14,    160.1257,     48.6055,      0.0000,    111.5202
    5644,   3862,   3884,   3934,      14,    173.8899,     52.8868,      0.0000,    121.0031
    5645,   1504,   3734,   1505,      14,    179.2320,     54.5494,      0.0000,    124.6826
    5646,   1503,   3735,   3816,      14,    176.2312,     53.6630,      0.0000,    122.5682
    5647,   1500,   3884,   1501,      14,    174.8561,     53.2399,      0.0000,    121.6162
    5648,   1498,   3736,   1499,      14,    170.1226,     51.9210,      0.0000,    118.2016
    5649,   1497,   3737,   3818,      14,    167.8710,     51.1246,      0.0000,    116.7464
    5650,   1495,   1494,   3819,      14,    164.1220,     49.8334,      0.0000,    114.2885
    5651,   1492,   3738,   1493,      14,    163.2249,     49.5465,      0.0000,    113.6784
    5652,   1491,   3739,   3820,      14,    161.5341,     48.8560,      0.0000,    112.6781
    5653,   1489,   1488,   3821,      14,    159.1452,     47.5774,      0.0000,    111.5678
    5654,   1486,   3740,   1487,      14,    158.6647,     47.2466,      0.0000,    111.4180
    5655,   1485,   3741,   3822,      14,    157.8946,     46.6375,      0.0000,    111.2571
    5656,   1483,   1482,   3823,      14,    160.6936,     45.2558,      0.0000,    115.4378
    5657,   1480,   3742,   1481,      14,    161.8051,     44.9693,      0.0000,    116.8358
    5658,   1479,   3743,   3824,      14,    166.9758,     44.1444,      0.0000,    122.8314
    5659,   1477,   1476,   3825,      14,    180.6080,     42.7382,      0.0000,    137.8698
    5660,   1474,   3744,   1475,      14,    184.5966,     42.4773,      0.0000,    142.1193
    5661,   1473,   3745,   3826,      14,    192.7897,     40.8180,      0.0000,    151.9716
    5662,    196,   1471,   3827,      14,    151.1974,     43.9327,      0.0000,    107.2647
    5663,   1469,   3746,   1470,      14,    133.1654,     43.2983,      0.0000,     89.8671
    5664,   1468,   3747,   3828,      14,    112.5306,     43.0256,      0.0000,     69.5050
    5665,   1466,    197,   3829,      14,    106.8916,     43.1685,      0.0000,     63.7232
    5666,   1464,   3748,   1465,      14,    107.4339,     43.1668,      0.0000,     64.2671
    5667,   1463,   3749,   3830,      14,    116.5250,     43.4730,      0.0000,     73.0520
    5668,   1461,   1460,   3831,      14,    176.4052,     43.5134,      0.0000,    132.8918
    5669,   3750,    198,   3885,      14,    248.6401,     53.6078,      0.0000,    195.0323
    5670,   1458,   3751,   3832,      14,    142.3499,     37.2658,      0.0000,    105.0841
    5671,   1456,   1455,   3833,      14,    122.6855,     38.6748,      0.0000,     84.0107
    5672,   1453,   3752,   1454,      14,    120.0800,     38.9577,      0.0000,     81.1223
    5673,   1452,   3753,   3834,      14,    115.9108,     39.8330,      0.0000,     76.0778
    5674,   1450,   1449,   3835,      14,    115.8951,     41.6385,      0.0000,     74.2566
    5675,   1447,   3754,   1448,      14,    116.4249,     42.0255,      0.0000,     74.3994
    5676,   1446,   3755,   3836,      14,    117.6387,     42.8543,      0.0000,     74.7844
    5677,   1444,   1443,   3837,      14,    122.2708,     44.7181,      0.0000,     77.5527
    5678,   1441,   3756,   1442,      14,    123.4451,     45.1489,      0.0000,     78.2962
    5679,   1440,   3757,   3838,      14,    126.1062,     46.1500,      0.0000,     79.9562
    5680,   1438,   1437,   3839,      14,    131.6736,     48.1075,      0.0000,     83.5662
    5681,   1435,   3758,   1436,      14,    133.0305,     48.5942,      0.0000,     84.4363
    5682,   1434,   3759,   3840,      14,    136.0404,     49.7198,      0.0000,     86.3207
    5683,   1432,   1431,   3841,      14,    142.0075,     51.8645,      0.0000,     90.1431
    5684,   1429,   3760,   1430,      14,    143.4270,     52.3758,      0.0000,     91.0512
    5685,   1428,   3761,   3842,      14,    146.6893,     53.7143,      0.0000,     92.9750
    5686,   1426,   1425,   3843,      14,    150.0333,     55.1548,      0.0000,     94.8784
    5687,   1423,   3762,   1424,      14,    156.9337,     57.9025,      0.0000,     99.0312
    5688,   1422,   3763,   3844,      14,    176.6504,     63.4958,      0.0000,    113.1546
    5689,   1420,   1419,   3845,      14,    310.0158,     96.5827,      0.0000,    213.4331
    5690,   3764,    199,   3886,      14,    445.6704,    123.6440,      0.0000,    322.0264
    5691,   1417,   3765,   3846,      14,    378.6831,    101.6454,      0.0000,    277.0377
    5692,   3765,   1415,   3766,      14,    307.7869,     83.8366,      0.0000,    223.9503
    5693,   3766,   1413,   3767,      14,    309.9465,     92.0633,      0.0000,    217.8832
    5694,   3700,   3768,   3863,      14,    371.6671,    102.8332,      0.0000,    268.8340
    5695,   3701,   3886,   3768,      14,    427.8746,    114.4073,      0.0000,    313.4673
    5696,   3769,   3702,   4068,      14,    405.1222,    111.6178,      0.0000,    293.5044
    5697,   3817,   3736,   3888,      14,    169.7204,     51.7260,      0.0000,    117.9944
    5698,   3818,   3737,   3889,      14,    166.7437,     50.7538,      0.0000,    115.9898
    5699,   3819,   3738,   3890,      14,    163.1153,     49.4884,      0.0000,    113.6269
    5700,   3820,   3739,   3891,      14,    160.9340,     48.5953,      0.0000,    112.3388
    5701,   3740,   3892,   3988,      14,    157.5810,     46.7514,      0.0000,    110.8296
    5702,   3822,   3741,   3893,      14,    158.1946,     46.2983,      0.0000,    111.8963
    5703,   3823,   3742,   3894,      14,    162.0415,     44.9548,      0.0000,    117.0867
    5704,   3824,   3743,   3895,      14,    169.0102,     43.8487,      0.0000,    125.1616
    5705,   3825,   3744,   3896,      14,    184.5966,     42.4773,      0.0000,    142.1193
    5706,   3826,   3745,   3897,      14,    223.1125,     42.9713,      0.0000,    180.1412
    5707,   3827,   3746,   3898,      14,    134.7225,     43.7700,      0.0000,     90.9525
    5708,   3828,   3747,   3899,      14,    109.9466,     43.1398,      0.0000,     66.8068
    5709,   3829,   3748,   3900,      14,    108.3097,     43.3023,      0.0000,     65.0074
    5710,   3830,   3749,   3901,      14,    122.0397,     43.7561,      0.0000,     78.2837
    5711,   3831,   3750,   3902,      14,    247.3460,     57.0038,      0.0000,    190.3423
    5712,    198,   1459,   3885,      14,    248.6401,     53.6078,      0.0000,    195.0323
    5713,   3832,   3751,   3903,      14,    137.1706,     37.6945,      0.0000,     99.4760
    5714,   3833,   3752,   3904,      14,    120.0544,     39.0902,      0.0000,     80.9642
    5715,   3834,   3753,   3905,      14,    115.4222,     40.1945,      0.0000,     75.2278
    5716,   3835,   3754,   3906,      14,    116.3312,     42.0266,      0.0000,     74.3046
    5717,   3836,   3755,   3907,      14,    118.3525,     43.1924,      0.0000,     75.1602
    5718,   3837,   3756,   3908,      14,    123.4004,     45.1487,      0.0000,     78.2516
    5719,   3838,   3757,   3909,      14,    127.0939,     46.5124,      0.0000,     80.5815
    5720,   3839,   3758,   3910,      14,    133.0473,     48.6097,      0.0000,     84.4376
    5721,   3840,   3759,   3911,      14,    137.2448,     50.1537,      0.0000,     87.0911
    5722,   3817,   3888,   3913,      14,    168.1566,     51.1779,      0.0000,    116.9787
    5723,   3736,   1498,   3818,      14,    168.9940,     51.5289,      0.0000,    117.4651
    5724,   3737,   1495,   3819,      14,    166.1713,     50.5525,      0.0000,    115.6188
    5725,   3738,   3820,   3890,      14,    161.7911,     48.9993,      0.0000,    112.7918
    5726,   3739,   1489,   3821,      14,    160.4303,     48.3183,      0.0000,    112.1120
    5727,   3740,   3822,   3892,      14,    157.8946,     46.6375,      0.0000,    111.2571
    5728,   3892,   3893,   3914,      14,    157.6627,     46.3688,      0.0000,    111.2939
    5729,   3741,   1483,   3823,      14,    158.6703,     46.0364,      0.0000,    112.6339
    5730,   3742,   3824,   3894,      14,    165.2565,     44.4143,      0.0000,    120.8422
    5731,   3894,   3895,   3915,      14,    168.8917,     44.0106,      0.0000,    124.8811
    5732,   3743,   1477,   3825,      14,    172.0797,     43.5290,      0.0000,    128.5507
    5733,   3744,   3826,   3896,      14,    194.5539,     42.7213,      0.0000,    151.8326
    5734,   3896,   3897,   3916,      14,    217.2612,     44.7881,      0.0000,    172.4731
    5735,   3827,   3917,   3948,      14,    212.7521,     52.0944,      0.0000,    160.6577
    5736,   3746,   3828,   3898,      14,    116.8688,     43.2850,      0.0000,     73.5838
    5737,   3898,   3899,   3918,      14,    120.5591,     45.6933,      0.0000,     74.8658
    5738,   3747,   1466,   3829,      14,    109.9466,     43.1398,      0.0000,     66.8068
    5739,   3748,   3830,   3900,      14,    113.1445,     43.5339,      0.0000,     69.6107
    5740,   3900,   3901,   3919,      14,    121.5460,     44.9368,      0.0000,     76.6092
    5741,   3749,   1461,   3831,      14,    130.8179,     43.2814,      0.0000,     87.5364
    5742,   3750,   3885,   3902,      14,    247.3460,     57.0038,      0.0000,    190.3423
    5743,   1459,   3832,   3885,      14,    150.2625,     38.0208,      0.0000,    112.2418
    5744,   3751,   1456,   3833,      14,    137.1706,     37.6945,      0.0000,     99.4760
    5745,   3752,   3834,   3904,      14,    116.8074,     39.6485,      0.0000,     77.1590
    5746,   3904,   3905,   3920,      14,    115.6359,     40.3122,      0.0000,     75.3237
    5747,   3753,   1450,   3835,      14,    115.4222,     40.1945,      0.0000,     75.2278
    5748,   3754,   3836,   3906,      14,    117.0627,     42.5877,      0.0000,     74.4750
    5749,   3906,   3907,   3921,      14,    117.8273,     43.0591,      0.0000,     74.7682
    5750,   3755,   1444,   3837,      14,    119.2522,     43.5618,      0.0000,     75.6904
    5751,   3756,   3838,   3908,      14,    125.0689,     45.7842,      0.0000,     79.2847
    5752,   3908,   3909,   3922,      14,    125.3321,     45.9379,      0.0000,     79.3942
    5753,   3757,   1438,   3839,      14,    127.0939,     46.5124,      0.0000,     80.5815
    5754,   3758,   3840,   3910,      14,    135.0133,     49.3502,      0.0000,     85.6631
    5755,   3910,   3911,   3923,      14,    136.5434,     49.9275,      0.0000,     86.6159
    5756,   3759,   1432,   3841,      14,    138.5306,     50.6181,      0.0000,     87.9125
    5757,   3772,   3912,   3866,      14,    143.6070,     52.4951,      0.0000,     91.1119
    5758,   3705,   3848,   3933,      14,    132.3692,     48.4487,      0.0000,     83.9206
    5759,   1402,   3849,   1403,      14,    115.7757,     42.4507,      0.0000,     73.3250
    5760,   3753,   3835,   3905,      14,    115.4222,     40.1945,      0.0000,     75.2278
    5761,   3754,   1447,   3836,      14,    116.6910,     42.2837,      0.0000,     74.4073
    5762,   3921,   3907,   3926,      14,    118.9400,     43.6149,      0.0000,     75.3250
    5763,   3837,   3908,   3927,      14,    123.7411,     45.3306,      0.0000,     78.4105
    5764,   3922,   3909,   3928,      14,    126.8118,     46.4803,      0.0000,     80.3315
    5765,   3755,   3837,   3907,      14,    118.3525,     43.1924,      0.0000,     75.1602
    5766,   3756,   1441,   3838,      14,    124.2334,     45.4560,      0.0000,     78.7774
    5767,   3757,   3839,   3909,      14,    127.0939,     46.5124,      0.0000,     80.5815
    5768,   3773,   3924,   3848,      14,    126.6791,     46.4516,      0.0000,     80.2275
    5769,   3799,   3867,   3849,      14,    115.7757,     42.4507,      0.0000,     73.3250
    5770,   3774,   3925,   3929,      14,    115.3497,     41.3633,      0.0000,     73.9864
    5771,   3920,   3929,   3925,      14,    115.3497,     41.3633,      0.0000,     73.9864
    5772,   3774,   3867,   3799,      14,    114.9748,     42.0368,      0.0000,     72.9380
    5773,   3905,   3929,   3920,      14,    114.9378,     41.1466,      0.0000,     73.7912
    5774,   3774,   3930,   3867,      14,    114.4255,     41.5669,      0.0000,     72.8586
    5775,   3835,   3929,   3905,      14,    115.6359,     40.3122,      0.0000,     75.3237
    5776,   3774,   3929,   3930,      14,    114.4255,     41.5669,      0.0000,     72.8586
    5777,   3929,   3835,   3930,      14,    114.9378,     41.1466,      0.0000,     73.7912
    5778,   3836,   3907,   3906,      14,    117.0627,     42.5877,      0.0000,     74.4750
    5779,   3837,   3926,   3907,      14,    117.8273,     43.0591,      0.0000,     74.7682
    5780,   3838,   3909,   3908,      14,    125.0689,     45.7842,      0.0000,     79.2847
    5781,   3839,   3928,   3909,      14,    126.8118,     46.4803,      0.0000,     80.3315
    5782,   3924,   3773,   3931,      14,    123.4374,     45.3011,      0.0000,     78.1363
    5783,   3835,   3906,   3930,      14,    116.2045,     42.2430,      0.0000,     73.9615
    5784,   3926,   3837,   3927,      14,    118.9400,     43.6149,      0.0000,     75.3250
    5785,   3908,   3922,   3927,      14,    123.7411,     45.3306,      0.0000,     78.4105
    5786,   3839,   3924,   3928,      14,    126.8118,     46.4803,      0.0000,     80.3315
    5787,   3706,   3931,   3773,      14,    123.4374,     45.3011,      0.0000,     78.1363
    5788,   3906,   3921,   3930,      14,    116.2045,     42.2430,      0.0000,     73.9615
    5789,   3922,   3924,   3931,      14,    125.3321,     45.9379,      0.0000,     79.3942
    5790,   3867,   3930,   3921,      14,    117.0255,     42.8038,      0.0000,     74.2217
    5791,   3924,   3922,   3928,      14,    126.8118,     46.4803,      0.0000,     80.3315
    5792,   3706,   3867,   3921,      14,    117.0255,     42.8038,      0.0000,     74.2217
    5793,   3927,   3922,   3931,      14,    123.4374,     45.3011,      0.0000,     78.1363
    5794,   3706,   3926,   3927,      14,    118.9400,     43.6149,      0.0000,     75.3250
    5795,   3706,   3921,   3926,      14,    118.9400,     43.6149,      0.0000,     75.3250
    5796,   3706,   3927,   3931,      14,    121.8493,     44.7007,      0.0000,     77.1487
    5797,   3759,   3841,   3911,      14,    137.2448,     50.1537,      0.0000,     87.0911
    5798,   3772,   3841,   3912,      14,    143.6070,     52.4951,      0.0000,     91.1119
    5799,   3758,   1435,   3840,      14,    134.0170,     48.9720,      0.0000,     85.0449
    5800,   3923,   3911,   3932,      14,    135.8483,     49.6847,      0.0000,     86.1636
    5801,   3840,   3911,   3910,      14,    135.0133,     49.3502,      0.0000,     85.6631
    5802,   3841,   3932,   3911,      14,    137.5632,     50.3130,      0.0000,     87.2502
    5803,   3910,   3923,   3933,      14,    133.8406,     48.9454,      0.0000,     84.8952
    5804,   3772,   3932,   3841,      14,    137.5632,     50.3130,      0.0000,     87.2502
    5805,   3839,   3910,   3933,      14,    133.8406,     48.9454,      0.0000,     84.8952
    5806,   3705,   3932,   3772,      14,    137.5632,     50.3130,      0.0000,     87.2502
    5807,   3924,   3839,   3933,      14,    129.0474,     47.2306,      0.0000,     81.8168
    5808,   3848,   3924,   3933,      14,    132.3692,     48.4487,      0.0000,     83.9206
    5809,   3705,   3933,   3923,      14,    135.8483,     49.6847,      0.0000,     86.1636
    5810,   3705,   3923,   3932,      14,    137.5632,     50.3130,      0.0000,     87.2502
    5811,   3791,   3862,   3934,      14,    173.8899,     52.8868,      0.0000,    121.0031
    5812,   3862,   3816,   3884,      14,    177.0214,     53.8510,      0.0000,    123.1704
    5813,   3734,   1504,   3816,      14,    178.3209,     54.2768,      0.0000,    124.0440
    5814,   3817,   3934,   3884,      14,    173.8899,     52.8868,      0.0000,    121.0031
    5815,   3734,   3816,   3862,      14,    177.0214,     53.8510,      0.0000,    123.1704
    5816,   1500,   3817,   3884,      14,    174.7724,     53.1700,      0.0000,    121.6024
    5817,   3735,   3884,   3816,      14,    175.3935,     53.4001,      0.0000,    121.9935
    5818,   1501,   3884,   3735,      14,    175.3935,     53.4001,      0.0000,    121.9935
    5819,   3737,   3819,   3889,      14,    166.6742,     50.7326,      0.0000,    115.9416
    5820,   3738,   1492,   3820,      14,    162.5280,     49.2780,      0.0000,    113.2499
    5821,   3739,   3821,   3891,      14,    160.9340,     48.5953,      0.0000,    112.3388
    5822,   3740,   1486,   3822,      14,    158.2640,     46.9279,      0.0000,    111.3360
    5823,   3914,   3893,   3935,      14,    157.6627,     46.3688,      0.0000,    111.2939
    5824,   3823,   3894,   3936,      14,    163.8720,     44.6984,      0.0000,    119.1736
    5825,   3915,   3895,   3937,      14,    168.8056,     44.3654,      0.0000,    124.4401
    5826,   3825,   3896,   3938,      14,    194.5539,     42.7213,      0.0000,    151.8326
    5827,   3916,   3897,   3939,      14,    222.4097,     44.1949,      0.0000,    178.2148
    5828,   3917,   3827,   3940,      14,    212.7521,     52.0944,      0.0000,    160.6577
    5829,   3746,   1469,   3828,      14,    124.5730,     43.0894,      0.0000,     81.4836
    5830,   3918,   3899,   3941,      14,    120.5591,     45.6933,      0.0000,     74.8658
    5831,   3829,   3900,   3942,      14,    112.3376,     44.1861,      0.0000,     68.1515
    5832,   3919,   3901,   3943,      14,    121.1416,     46.2904,      0.0000,     74.8512
    5833,   3831,   3902,   3944,      14,    229.4030,     58.7865,      0.0000,    170.6165
    5834,   3832,   3903,   3945,      14,    139.7524,     38.6461,      0.0000,    101.1063
    5835,   3741,   3823,   3893,      14,    157.6627,     46.3688,      0.0000,    111.2939
    5836,   3742,   1480,   3824,      14,    163.3938,     44.7079,      0.0000,    118.6859
    5837,   3915,   3937,   3947,      14,    174.2765,     43.9644,      0.0000,    130.3121
    5838,   3743,   3825,   3895,      14,    169.0102,     43.8487,      0.0000,    125.1616
    5839,   3744,   1474,   3826,      14,    186.8743,     42.2111,      0.0000,    144.6632
    5840,   3939,   3897,   3948,      14,    306.1511,     55.6621,      0.0000,    250.4890
    5841,   3917,   3940,   3949,      14,    139.9141,     48.9575,      0.0000,     90.9566
    5842,   3828,   3899,   3898,      14,    116.8688,     43.2850,      0.0000,     73.5838
    5843,   3747,   3829,   3899,      14,    109.9466,     43.1398,      0.0000,     66.8068
    5844,   3748,   1464,   3830,      14,    109.8127,     43.2495,      0.0000,     66.5631
    5845,   3919,   3943,   3950,      14,    134.7662,     48.3942,      0.0000,     86.3720
    5846,   3749,   3831,   3901,      14,    122.0397,     43.7561,      0.0000,     78.2837
    5847,   3944,   3902,   3951,      14,    229.4030,     58.7865,      0.0000,    170.6165
    5848,   3885,   3832,   3945,      14,    150.2625,     38.0208,      0.0000,    112.2418
    5849,   3751,   3833,   3903,      14,    139.7524,     38.6461,      0.0000,    101.1063
    5850,   3946,   3868,   3952,      14,    131.5254,     43.1781,      0.0000,     88.3473
    5851,   3850,   3775,   3953,      14,    142.6806,     46.1930,      0.0000,     96.4876
    5852,   1396,   3851,   1397,      14,    149.5238,     45.5253,      0.0000,    103.9985
    5853,   3776,   3870,   3954,      14,    125.1211,     48.5715,      0.0000,     76.5496
    5854,   3852,   3777,   3955,      14,    111.3911,     42.3565,      0.0000,     69.0347
    5855,   1390,   3853,   1391,      14,     99.6609,     38.7922,      0.0000,     60.8688
    5856,   3778,   3872,   3956,      14,     96.5621,     39.6459,      0.0000,     56.9161
    5857,   3854,   3779,   3957,      14,     92.0646,     36.9422,      0.0000,     55.1223
    5858,   3713,   3873,   3958,      14,     95.1535,     39.7608,      0.0000,     55.3927
    5859,    627,   3714,   3802,      14,     94.4272,     39.7079,      0.0000,     54.7193
    5860,   3874,   3855,   3959,      14,     98.5198,     41.2101,      0.0000,     57.3098
    5861,    629,   3781,   3803,      14,     95.9040,     40.4035,      0.0000,     55.5005
    5862,   3875,   3856,   3960,      14,     97.3877,     40.5661,      0.0000,     56.8216
    5863,    632,   3716,   3805,      14,     97.4109,     39.2687,      0.0000,     58.1422
    5864,   3745,   3948,   3897,      14,    223.1125,     42.9713,      0.0000,    180.1412
    5865,   3949,   3962,   4010,      14,    160.6001,     55.0911,      0.0000,    105.5089
    5866,   3827,   3898,   3940,      14,    125.1765,     44.8789,      0.0000,     80.2976
    5867,   3941,   3963,   3984,      14,    121.0952,     46.7376,      0.0000,     74.3576
    5868,   3830,   3901,   3900,      14,    113.1445,     43.5339,      0.0000,     69.6107
    5869,   3831,   3943,   3901,      14,    134.7662,     48.3942,      0.0000,     86.3720
    5870,   3944,   3951,   3964,      14,    208.8206,     55.6245,      0.0000,    153.1962
    5871,   3885,   3945,   3965,      14,    156.6282,     40.6731,      0.0000,    115.9550
    5872,   3833,   3946,   3966,      14,    135.6373,     40.5127,      0.0000,     95.1247
    5873,   1401,   3868,   3707,      14,    114.9628,     41.7187,      0.0000,     73.2441
    5874,   3953,   3775,   3967,      14,    177.0479,     46.9684,      0.0000,    130.0795
    5875,   3800,   3869,   3851,      14,    133.2357,     46.6068,      0.0000,     86.6289
    5876,   3954,   3968,   3996,      14,    127.5064,     50.7297,      0.0000,     76.7767
    5877,   1394,   3870,   3709,      14,    119.1969,     44.8755,      0.0000,     74.3213
    5878,   3955,   3777,   3969,      14,    107.6164,     41.5251,      0.0000,     66.0913
    5879,   3801,   3871,   3853,      14,    100.7226,     40.3998,      0.0000,     60.3227
    5880,   3778,   3956,   3970,      14,     96.5621,     39.6459,      0.0000,     56.9161
    5881,   1388,   3872,   3711,      14,     94.2831,     38.1495,      0.0000,     56.1335
    5882,   3957,   3779,   3971,      14,     92.9008,     37.5958,      0.0000,     55.3050
    5883,   3958,   3972,   4062,      14,     96.1587,     39.6586,      0.0000,     56.5001
    5884,   3780,   3873,   3802,      14,     95.1535,     39.7608,      0.0000,     55.3927
    5885,   3874,   3959,   3973,      14,     98.5198,     41.2101,      0.0000,     57.3098
    5886,   3803,   3804,   3855,      14,     96.9865,     40.7376,      0.0000,     56.2488
    5887,   3875,   3960,   3974,      14,     98.0699,     40.4384,      0.0000,     57.6315
    5888,   3715,   3856,   3781,      14,     97.3877,     40.5661,      0.0000,     56.8216
    5889,   3782,   3857,   3805,      14,     98.5610,     40.1596,      0.0000,     58.4014
    5890,   3876,   3961,   3975,      14,    101.1660,     40.0612,      0.0000,     61.1048
    5891,   1383,   3877,   3717,      14,     98.3464,     37.3240,      0.0000,     61.0224
    5892,   3785,   3878,   3976,      14,    113.2811,     42.6347,      0.0000,     70.6464
    5893,   3809,   3879,   3977,      14,    127.4824,     42.6744,      0.0000,     84.8080
    5894,   3787,   3880,   3978,      14,    162.7498,     54.0602,      0.0000,    108.6896
    5895,   3810,   3881,   3979,      14,    233.1934,     47.9271,      0.0000,    185.2663
    5896,    196,   3948,   3745,      14,    254.3924,     48.2905,      0.0000,    206.1019
    5897,   3962,   3949,   3981,      14,    160.6001,     55.0911,      0.0000,    105.5089
    5898,   3898,   3918,   3940,      14,    120.5591,     45.6933,      0.0000,     74.8658
    5899,   3829,   3941,   3899,      14,    113.0058,     43.8883,      0.0000,     69.1176
    5900,   3900,   3919,   3942,      14,    121.1416,     46.2904,      0.0000,     74.8512
    5901,   3943,   3831,   3944,      14,    134.7662,     48.3942,      0.0000,     86.3720
    5902,    196,   3827,   3948,      14,    254.3924,     48.2905,      0.0000,    206.1019
    5903,   3962,   3981,   4024,      14,    160.6001,     55.0911,      0.0000,    105.5089
    5904,   3940,   3918,   3984,      14,    120.5591,     45.6933,      0.0000,     74.8658
    5905,   3941,   3829,   3942,      14,    114.2598,     45.1605,      0.0000,     69.0993
    5906,   3942,   3919,   3950,      14,    121.1416,     46.2904,      0.0000,     74.8512
    5907,   3943,   3944,   3950,      14,    134.7662,     48.3942,      0.0000,     86.3720
    5908,   3708,   3967,   3775,      14,    177.0479,     46.9684,      0.0000,    130.0795
    5909,   3776,   3869,   3800,      14,    133.2357,     46.6068,      0.0000,     86.6289
    5910,   3968,   3954,   3985,      14,    125.1211,     48.5715,      0.0000,     76.5496
    5911,   3870,   3852,   3955,      14,    111.3911,     42.3565,      0.0000,     69.0347
    5912,   3710,   3969,   3777,      14,    107.6320,     42.5806,      0.0000,     65.0514
    5913,   3778,   3871,   3801,      14,     98.2431,     39.2139,      0.0000,     59.0292
    5914,   3888,   3889,   3987,      14,    166.8260,     50.7908,      0.0000,    116.0351
    5915,   3890,   3820,   3891,      14,    161.7911,     48.9993,      0.0000,    112.7918
    5916,   3987,   3889,   3989,      14,    166.8260,     50.7908,      0.0000,    116.0351
    5917,   3790,   3890,   3883,      14,    162.2612,     49.2244,      0.0000,    113.0368
    5918,   3791,   3934,   3990,      14,    173.8899,     52.8868,      0.0000,    121.0031
    5919,   3736,   3818,   3888,      14,    167.8710,     51.1246,      0.0000,    116.7464
    5920,   3818,   3889,   3888,      14,    168.1566,     51.1779,      0.0000,    116.9787
    5921,   3991,   3723,   3992,      14,    166.0419,     50.5824,      0.0000,    115.4595
    5922,   1364,   3791,   3990,      14,    170.7840,     51.9656,      0.0000,    118.8185
    5923,   3817,   3990,   3934,      14,    173.8899,     52.8868,      0.0000,    121.0031
    5924,   3913,   3888,   3987,      14,    166.8260,     50.7908,      0.0000,    116.0351
    5925,   1365,   3992,   3723,      14,    167.2943,     51.0138,      0.0000,    116.2805
    5926,   3817,   3913,   3990,      14,    168.1333,     51.1693,      0.0000,    116.9641
    5927,   3913,   3987,   3991,      14,    166.8260,     50.7908,      0.0000,    116.0351
    5928,   1364,   3990,   3992,      14,    167.2943,     51.0138,      0.0000,    116.2805
    5929,   3913,   3991,   3992,      14,    166.0419,     50.5824,      0.0000,    115.4595
    5930,   3990,   3913,   3992,      14,    168.1333,     51.1693,      0.0000,    116.9641
    5931,   3819,   3989,   3889,      14,    165.7327,     50.4514,      0.0000,    115.2813
    5932,   3790,   3819,   3890,      14,    162.2612,     49.2244,      0.0000,    113.0368
    5933,   3790,   3723,   3991,      14,    166.0419,     50.5824,      0.0000,    115.4595
    5934,   3987,   3989,   3991,      14,    165.7327,     50.4514,      0.0000,    115.2813
    5935,   3790,   3989,   3819,      14,    165.7327,     50.4514,      0.0000,    115.2813
    5936,   3989,   3790,   3991,      14,    165.7327,     50.4514,      0.0000,    115.2813
    5937,   3883,   3890,   3891,      14,    160.4599,     48.5315,      0.0000,    111.9284
    5938,   3861,   3980,   3988,      14,    157.6593,     47.1164,      0.0000,    110.5429
    5939,   3883,   3891,   3980,      14,    160.4599,     48.5315,      0.0000,    111.9284
    5940,   3821,   3988,   3980,      14,    157.6593,     47.1164,      0.0000,    110.5429
    5941,   3891,   3821,   3980,      14,    159.3785,     47.8931,      0.0000,    111.4854
    5942,   3822,   3893,   3892,      14,    157.5810,     46.7514,      0.0000,    110.8296
    5943,   3823,   3935,   3893,      14,    157.6254,     46.0618,      0.0000,    111.5637
    5944,   3824,   3895,   3894,      14,    165.2565,     44.4143,      0.0000,    120.8422
    5945,   3825,   3937,   3895,      14,    174.2765,     43.9644,      0.0000,    130.3121
    5946,   3826,   3897,   3896,      14,    195.2146,     42.0903,      0.0000,    153.1243
    5947,   3917,   3939,   3948,      14,    306.1511,     55.6621,      0.0000,    250.4890
    5948,   3983,   3981,   3993,      14,    139.4845,     52.6775,      0.0000,     86.8070
    5949,   3940,   3984,   3994,      14,    121.0952,     46.7376,      0.0000,     74.3576
    5950,   3941,   3942,   3963,      14,    119.5255,     47.0024,      0.0000,     72.5231
    5951,   3950,   3944,   3995,      14,    174.1290,     55.6536,      0.0000,    118.4754
    5952,   3708,   3982,   3967,      14,    177.0479,     46.9684,      0.0000,    130.0795
    5953,   3869,   3776,   3996,      14,    129.6416,     47.8480,      0.0000,     81.7936
    5954,   3954,   3870,   3955,      14,    119.1969,     44.8755,      0.0000,     74.3213
    5955,   3969,   3710,   3997,      14,    107.6320,     42.5806,      0.0000,     65.0514
    5956,   3778,   3970,   3998,      14,     98.6177,     40.6661,      0.0000,     57.9516
    5957,   3873,   3780,   3999,      14,     95.1535,     39.7608,      0.0000,     55.3927
    5958,   3973,   3959,   4000,      14,     98.5198,     41.2101,      0.0000,     57.3098
    5959,   3974,   4001,   4007,      14,     99.5082,     40.7076,      0.0000,     58.8007
    5960,   3715,   3960,   3856,      14,     97.3877,     40.5661,      0.0000,     56.8216
    5961,   3857,   3782,   4002,      14,     98.5610,     40.1596,      0.0000,     58.4014
    5962,   3877,   3975,   3961,      14,     99.9237,     38.6999,      0.0000,     61.2238
    5963,   1382,   3785,   3877,      14,    100.8697,     38.0202,      0.0000,     62.8494
    5964,   3976,   3878,   4003,      14,    113.2811,     42.6347,      0.0000,     70.6464
    5965,   1379,   3809,   3977,      14,    127.4824,     42.6744,      0.0000,     84.8080
    5966,   3879,   3786,   4004,      14,    135.6800,     45.5605,      0.0000,     90.1195
    5967,   3787,   3978,   4005,      14,    162.7498,     54.0602,      0.0000,    108.6896
    5968,   3860,   3720,   4006,      14,    216.9032,     48.4229,      0.0000,    168.4804
    5969,   3780,   3855,   3999,      14,     95.4744,     40.1086,      0.0000,     55.3659
    5970,   4000,   4007,   4022,      14,    102.8163,     42.3143,      0.0000,     60.5020
    5971,   3804,   3959,   3855,      14,     98.5198,     41.2101,      0.0000,     57.3098
    5972,   3715,   3805,   3960,      14,     98.0699,     40.4384,      0.0000,     57.6315
    5973,   3782,   3858,   4002,      14,     98.1486,     39.5717,      0.0000,     58.5769
    5974,   3976,   4003,   4008,      14,    113.9695,     43.8181,      0.0000,     70.1514
    5975,   3718,   1379,   3977,      14,    119.2286,     42.0121,      0.0000,     77.2165
    5976,   3879,   4004,   4009,      14,    130.3395,     48.5676,      0.0000,     81.7719
    5977,   3719,   3787,   4005,      14,    151.5695,     51.4194,      0.0000,    100.1500
    5978,   3776,   3954,   3996,      14,    129.6416,     47.8480,      0.0000,     81.7936
    5979,   3954,   3955,   3985,      14,    120.8034,     48.3460,      0.0000,     72.4573
    5980,   3969,   3997,   4011,      14,    107.6320,     42.5806,      0.0000,     65.0514
    5981,   3778,   3998,   4027,      14,    103.7883,     42.0456,      0.0000,     61.7427
    5982,   3970,   3986,   4012,      14,     97.0231,     40.1030,      0.0000,     56.9201
    5983,   3958,   3873,   3999,      14,     95.1535,     39.7608,      0.0000,     55.3927
    5984,   3973,   4013,   4021,      14,    100.5658,     41.8295,      0.0000,     58.7364
    5985,   3804,   4000,   3959,      14,     98.5198,     41.2101,      0.0000,     57.3098
    5986,   3857,   3974,   3960,      14,     98.5610,     40.1596,      0.0000,     58.4014
    5987,   3876,   4014,   4001,      14,    101.6094,     40.9986,      0.0000,     60.6108
    5988,   3976,   4008,   4015,      14,    105.7670,     42.4325,      0.0000,     63.3345
    5989,   3878,   3859,   4016,      14,    113.2811,     42.6347,      0.0000,     70.6464
    5990,   3879,   4017,   4016,      14,    124.5096,     46.8988,      0.0000,     77.6109
    5991,   1376,   3787,   3719,      14,    156.4404,     42.9258,      0.0000,    113.5147
    5992,   3917,   3949,   4010,      14,    191.3119,     55.9591,      0.0000,    135.3528
    5993,   3993,   4018,   4041,      14,    126.8438,     49.5741,      0.0000,     77.2697
    5994,   3949,   3940,   3994,      14,    158.7733,     54.7118,      0.0000,    104.0615
    5995,   3918,   3941,   3984,      14,    120.5591,     45.6933,      0.0000,     74.8658
    5996,   3942,   3950,   4019,      14,    131.7685,     50.2184,      0.0000,     81.5502
    5997,   3944,   3964,   3995,      14,    174.1290,     55.6536,      0.0000,    118.4754
    5998,   3996,   3968,   4020,      14,    134.8480,     51.9201,      0.0000,     82.9279
    5999,   3955,   3969,   4011,      14,    107.6320,     42.5806,      0.0000,     65.0514
    6000,   3710,   3853,   3997,      14,    103.4297,     40.5210,      0.0000,     62.9087
    6001,   3970,   4012,   4021,      14,     97.7394,     40.6251,      0.0000,     57.1143
    6002,   4013,   3973,   4022,      14,    102.8163,     42.3143,      0.0000,     60.5020
    6003,   3804,   3875,   4000,      14,     99.6372,     41.4212,      0.0000,     58.2160
    6004,   3974,   3857,   4002,      14,     98.5610,     40.1596,      0.0000,     58.4014
    6005,   3876,   3975,   4014,      14,    101.1660,     40.0612,      0.0000,     61.1048
    6006,   3976,   4015,   4014,      14,    103.9667,     41.3754,      0.0000,     62.5913
    6007,   4003,   3878,   4016,      14,    113.9695,     43.8181,      0.0000,     70.1514
    6008,   3859,   3718,   3977,      14,    114.4523,     41.7776,      0.0000,     72.6747
    6009,   3879,   4009,   4017,      14,    124.5096,     46.8988,      0.0000,     77.6109
    6010,   3963,   3994,   3984,      14,    121.0952,     46.7376,      0.0000,     74.3576
    6011,   4019,   4025,   4033,      14,    127.0160,     50.1624,      0.0000,     76.8536
    6012,   3995,   4020,   4026,      14,    133.6472,     52.2969,      0.0000,     81.3503
    6013,   3985,   3955,   4011,      14,    120.8034,     48.3460,      0.0000,     72.4573
    6014,   3997,   3871,   4027,      14,    100.7226,     40.3998,      0.0000,     60.3227
    6015,   3998,   3970,   4021,      14,    102.9353,     42.2080,      0.0000,     60.7273
    6016,   3958,   4012,   3986,      14,     97.0231,     40.1030,      0.0000,     56.9201
    6017,   4013,   4022,   4028,      14,    102.8163,     42.3143,      0.0000,     60.5020
    6018,   3875,   4007,   4000,      14,     98.7366,     40.9325,      0.0000,     57.8041
    6019,   4001,   3974,   4002,      14,    101.6094,     40.9986,      0.0000,     60.6108
    6020,   3973,   4000,   4022,      14,     99.6372,     41.4212,      0.0000,     58.2160
    6021,   3875,   3974,   4007,      14,     99.5082,     40.7076,      0.0000,     58.8007
    6022,   3876,   4001,   4002,      14,     99.5129,     40.1108,      0.0000,     59.4021
    6023,   4007,   4029,   4022,      14,    103.9809,     42.3226,      0.0000,     61.6583
    6024,   4007,   4023,   4029,      14,    103.4748,     41.8451,      0.0000,     61.6297
    6025,   4001,   4023,   4007,      14,    103.4748,     41.8451,      0.0000,     61.6297
    6026,   4001,   4014,   4023,      14,    103.4748,     41.8451,      0.0000,     61.6297
    6027,   4014,   4015,   4023,      14,    103.4748,     41.8451,      0.0000,     61.6297
    6028,   3975,   3976,   4014,      14,    103.9667,     41.3754,      0.0000,     62.5913
    6029,   3785,   3976,   3975,      14,    103.3801,     40.0439,      0.0000,     63.3363
    6030,   3785,   3975,   3877,      14,    103.3801,     40.0439,      0.0000,     63.3363
    6031,   3869,   3996,   3995,      14,    140.6744,     50.1480,      0.0000,     90.5264
    6032,   3869,   3995,   3964,      14,    140.6744,     50.1480,      0.0000,     90.5264
    6033,   3851,   3869,   3964,      14,    140.6744,     50.1480,      0.0000,     90.5264
    6034,   3708,   3964,   3982,      14,    188.7255,     49.3943,      0.0000,    139.3312
    6035,   4028,   4022,   4029,      14,    103.9809,     42.3226,      0.0000,     61.6583
    6036,   4015,   4029,   4023,      14,    103.4748,     41.8451,      0.0000,     61.6297
    6037,   4008,   4003,   4030,      14,    113.9695,     43.8181,      0.0000,     70.1514
    6038,   3859,   3977,   4016,      14,    114.4523,     41.7776,      0.0000,     72.6747
    6039,   4017,   4009,   4031,      14,    130.3395,     48.5676,      0.0000,     81.7719
    6040,   4005,   4024,   4032,      14,    149.4644,     54.1122,      0.0000,     95.3522
    6041,   4018,   3993,   4033,      14,    126.8438,     49.5741,      0.0000,     77.2697
    6042,   3981,   3949,   3994,      14,    146.0265,     54.1379,      0.0000,     91.8887
    6043,   4025,   4019,   4034,      14,    129.6214,     51.3955,      0.0000,     78.2258
    6044,   3995,   3996,   4020,      14,    133.3906,     52.6345,      0.0000,     80.7561
    6045,   3968,   4035,   4038,      14,    122.7928,     49.4137,      0.0000,     73.3790
    6046,   4011,   3997,   4027,      14,    104.1833,     41.6290,      0.0000,     62.5543
    6047,   3778,   4027,   3871,      14,    100.7226,     40.3998,      0.0000,     60.3227
    6048,   3958,   3999,   4012,      14,     96.4531,     40.3719,      0.0000,     56.0811
    6049,   4013,   4028,   4036,      14,    109.6885,     44.4106,      0.0000,     65.2779
    6050,   4008,   4037,   4028,      14,    111.3231,     44.7630,      0.0000,     66.5601
    6051,   4003,   4016,   4030,      14,    113.9695,     43.8181,      0.0000,     70.1514
    6052,   3879,   4016,   3977,      14,    119.2286,     42.0121,      0.0000,     77.2165
    6053,   3983,   4032,   4024,      14,    139.4845,     52.6775,      0.0000,     86.8070
    6054,   3993,   3981,   3994,      14,    146.0265,     54.1379,      0.0000,     91.8887
    6055,   4025,   4034,   4038,      14,    129.6214,     51.3955,      0.0000,     78.2258
    6056,   3950,   3995,   4026,      14,    133.6472,     52.2969,      0.0000,     81.3503
    6057,   3968,   3985,   4035,      14,    122.7928,     49.4137,      0.0000,     73.3790
    6058,   4011,   4027,   4039,      14,    106.3419,     43.4092,      0.0000,     62.9327
    6059,   3874,   4012,   3999,      14,     96.4531,     40.3719,      0.0000,     56.0811
    6060,   4013,   4036,   4040,      14,    109.6885,     44.4106,      0.0000,     65.2779
    6061,   4015,   4028,   4029,      14,    103.9809,     42.3226,      0.0000,     61.6583
    6062,   4008,   4054,   4037,      14,    111.3231,     44.7630,      0.0000,     66.5601
    6063,   4016,   4017,   4030,      14,    124.5096,     46.8988,      0.0000,     77.6109
    6064,   4032,   3983,   4041,      14,    139.4845,     52.6775,      0.0000,     86.8070
    6065,   3993,   3994,   4033,      14,    133.6770,     51.3942,      0.0000,     82.2828
    6066,   4025,   4038,   4042,      14,    122.4309,     48.7868,      0.0000,     73.6441
    6067,   4019,   3950,   4026,      14,    133.6472,     52.2969,      0.0000,     81.3503
    6068,   4035,   3985,   4043,      14,    122.7928,     49.4137,      0.0000,     73.3790
    6069,   3998,   4039,   4027,      14,    106.3419,     43.4092,      0.0000,     62.9327
    6070,   3874,   4021,   4012,      14,     98.3980,     41.1329,      0.0000,     57.2651
    6071,   4040,   4044,   4052,      14,    110.4980,     44.8085,      0.0000,     65.6895
    6072,   4008,   4028,   4015,      14,    105.7670,     42.4325,      0.0000,     63.3345
    6073,   4030,   4017,   4031,      14,    124.5096,     46.8988,      0.0000,     77.6109
    6074,   3983,   3993,   4041,      14,    139.4845,     52.6775,      0.0000,     86.8070
    6075,   3963,   4033,   3994,      14,    119.5255,     47.0024,      0.0000,     72.5231
    6076,   4042,   4045,   4059,      14,    121.3252,     48.1244,      0.0000,     73.2008
    6077,   4019,   4026,   4034,      14,    133.6472,     52.2969,      0.0000,     81.3503
    6078,   4043,   4046,   4057,      14,    116.6207,     46.9767,      0.0000,     69.6440
    6079,   4011,   4039,   4047,      14,    106.3419,     43.4092,      0.0000,     62.9327
    6080,   3874,   3973,   4021,      14,     98.3980,     41.1329,      0.0000,     57.2651
    6081,   4044,   4040,   4048,      14,    110.4980,     44.8085,      0.0000,     65.6895
    6082,   4036,   4028,   4037,      14,    109.6885,     44.4106,      0.0000,     65.2779
    6083,   4030,   4031,   4054,      14,    118.0283,     45.6828,      0.0000,     72.3455
    6084,   3942,   4033,   3963,      14,    119.5255,     47.0024,      0.0000,     72.5231
    6085,   4045,   4042,   4050,      14,    119.6273,     47.8289,      0.0000,     71.7984
    6086,   4020,   4034,   4026,      14,    129.6214,     51.3955,      0.0000,     78.2258
    6087,   3985,   4011,   4043,      14,    117.7413,     47.5638,      0.0000,     70.1775
    6088,   4047,   4039,   4051,      14,    106.3419,     43.4092,      0.0000,     62.9327
    6089,   4021,   4013,   4052,      14,    107.6730,     44.0924,      0.0000,     63.5806
    6090,   4048,   4040,   4053,      14,    112.3900,     45.2156,      0.0000,     67.1744
    6091,   4020,   4038,   4034,      14,    129.6214,     51.3955,      0.0000,     78.2258
    6092,   4043,   4011,   4047,      14,    117.7413,     47.5638,      0.0000,     70.1775
    6093,   3998,   4051,   4039,      14,    105.8460,     43.4195,      0.0000,     62.4265
    6094,   4013,   4040,   4052,      14,    110.4980,     44.8085,      0.0000,     65.6895
    6095,   4048,   4053,   4054,      14,    112.3900,     45.2156,      0.0000,     67.1744
    6096,   4041,   4055,   4058,      14,    124.3577,     48.8778,      0.0000,     75.4799
    6097,   3942,   4019,   4033,      14,    127.0160,     50.1624,      0.0000,     76.8536
    6098,   4045,   4050,   4056,      14,    119.6273,     47.8289,      0.0000,     71.7984
    6099,   3968,   4038,   4020,      14,    126.4016,     50.5283,      0.0000,     75.8733
    6100,   4046,   4043,   4047,      14,    116.6207,     46.9767,      0.0000,     69.6440
    6101,   3998,   4021,   4051,      14,    105.8460,     43.4195,      0.0000,     62.4265
    6102,   4033,   4025,   4059,      14,    123.8591,     48.8452,      0.0000,     75.0139
    6103,   4038,   4035,   4057,      14,    122.7928,     49.4137,      0.0000,     73.3790
    6104,   4051,   4021,   4052,      14,    105.8460,     43.4195,      0.0000,     62.4265
    6105,   4048,   4049,   4058,      14,    121.9562,     48.0547,      0.0000,     73.9016
    6106,   4018,   4055,   4041,      14,    124.3577,     48.8778,      0.0000,     75.4799
    6107,   4042,   4038,   4057,      14,    122.4309,     48.7868,      0.0000,     73.6441
    6108,   4035,   4043,   4057,      14,    122.7928,     49.4137,      0.0000,     73.3790
    6109,   4047,   4051,   4052,      14,    105.8460,     43.4195,      0.0000,     62.4265
    6110,   4050,   4042,   4057,      14,    119.6273,     47.8289,      0.0000,     71.7984
    6111,   4044,   4047,   4052,      14,    112.8216,     45.6633,      0.0000,     67.1583
    6112,   4044,   4048,   4056,      14,    117.8223,     47.1079,      0.0000,     70.7144
    6113,   4046,   4050,   4057,      14,    119.6273,     47.8289,      0.0000,     71.7984
    6114,   4044,   4046,   4047,      14,    116.6207,     46.9767,      0.0000,     69.6440
    6115,   4046,   4056,   4050,      14,    119.6273,     47.8289,      0.0000,     71.7984
    6116,   4044,   4056,   4046,      14,    116.6207,     46.9767,      0.0000,     69.6440
    6117,   4055,   4018,   4059,      14,    124.3577,     48.8778,      0.0000,     75.4799
    6118,   4056,   4048,   4058,      14,    117.8223,     47.1079,      0.0000,     70.7144
    6119,   4041,   4058,   4049,      14,    121.5996,     48.0499,      0.0000,     73.5497
    6120,   4018,   4033,   4059,      14,    126.8438,     49.5741,      0.0000,     77.2697
    6121,   4045,   4056,   4058,      14,    121.3252,     48.1244,      0.0000,     73.2008
    6122,   4025,   4042,   4059,      14,    123.8591,     48.8452,      0.0000,     75.0139
    6123,   4045,   4058,   4055,      14,    124.3577,     48.8778,      0.0000,     75.4799
    6124,   4045,   4055,   4059,      14,    124.3577,     48.8778,      0.0000,     75.4799
    6125,   4049,   4048,   4054,      14,    121.9562,     48.0547,      0.0000,     73.9016
    6126,   4036,   4053,   4040,      14,    109.6885,     44.4106,      0.0000,     65.2779
    6127,   4031,   4049,   4054,      14,    121.9562,     48.0547,      0.0000,     73.9016
    6128,   4036,   4037,   4053,      14,    111.3231,     44.7630,      0.0000,     66.5601
    6129,   4008,   4030,   4054,      14,    118.0283,     45.6828,      0.0000,     72.3455
    6130,   4037,   4054,   4053,      14,    112.3900,     45.2156,      0.0000,     67.1744
    6131,   4031,   4041,   4049,      14,    121.9562,     48.0547,      0.0000,     73.9016
    6132,   4031,   4032,   4041,      14,    137.2289,     51.0690,      0.0000,     86.1599
    6133,   4009,   4032,   4031,      14,    130.3395,     48.5676,      0.0000,     81.7719
    6134,   4004,   4005,   4032,      14,    139.5690,     48.3410,      0.0000,     91.2280
    6135,   4004,   4032,   4009,      14,    130.3395,     48.5676,      0.0000,     81.7719
    6136,   3719,   4005,   4004,      14,    139.5690,     48.3410,      0.0000,     91.2280
    6137,   3719,   4004,   3786,      14,    135.6800,     45.5605,      0.0000,     90.1195
    6138,   3880,   4010,   3962,      14,    178.1662,     54.1406,      0.0000,    124.0256
    6139,   3981,   3983,   4024,      14,    139.4845,     52.6775,      0.0000,     86.8070
    6140,   3978,   4024,   4005,      14,    162.7498,     54.0602,      0.0000,    108.6896
    6141,   3880,   3962,   3978,      14,    178.1662,     54.1406,      0.0000,    124.0256
    6142,   3978,   3962,   4024,      14,    162.7498,     54.0602,      0.0000,    108.6896
    6143,   3979,   3917,   4010,      14,    228.2640,     58.5348,      0.0000,    169.7292
    6144,   3860,   4010,   3880,      14,    178.1662,     54.1406,      0.0000,    124.0256
    6145,   1374,   4006,   3720,      14,    216.9032,     48.4229,      0.0000,    168.4804
    6146,   3860,   3979,   4010,      14,    191.3119,     55.9591,      0.0000,    135.3528
    6147,   1373,   3810,   4006,      14,    232.7342,     50.1850,      0.0000,    182.5492
    6148,   3979,   3860,   4006,      14,    232.7342,     50.1850,      0.0000,    182.5492
    6149,   3810,   3979,   4006,      14,    232.7342,     50.1850,      0.0000,    182.5492
    6150,   3914,   3935,   4060,      14,    157.6254,     46.0618,      0.0000,    111.5637
    6151,   3894,   3915,   3936,      14,    168.8056,     44.3654,      0.0000,    124.4401
    6152,   3937,   3825,   3938,      14,    174.2765,     43.9644,      0.0000,    130.3121
    6153,   3896,   3916,   3938,      14,    194.5539,     42.7213,      0.0000,    151.8326
    6154,   3939,   3917,   3979,      14,    247.0736,     50.8519,      0.0000,    196.2216
    6155,   3740,   3988,   3821,      14,    158.3689,     47.1572,      0.0000,    111.2117
    6156,   3935,   3823,   3936,      14,    157.6254,     46.0618,      0.0000,    111.5637
    6157,   3936,   3915,   3947,      14,    168.8056,     44.3654,      0.0000,    124.4401
    6158,   3937,   3938,   3947,      14,    174.2765,     43.9644,      0.0000,    130.3121
    6159,   3881,   3939,   3979,      14,    247.0736,     50.8519,      0.0000,    196.2216
    6160,   3861,   3988,   3914,      14,    157.0277,     46.5253,      0.0000,    110.5024
    6161,   3935,   3936,   4060,      14,    157.6254,     46.0618,      0.0000,    111.5637
    6162,   3881,   3916,   3939,      14,    217.2612,     44.7881,      0.0000,    172.4731
    6163,   3892,   3914,   3988,      14,    157.5810,     46.7514,      0.0000,    110.8296
    6164,   3936,   3947,   4061,      14,    179.3437,     44.9598,      0.0000,    134.3839
    6165,   3861,   3914,   4060,      14,    157.0277,     46.5253,      0.0000,    110.5024
    6166,   1371,   4061,   3721,      14,    199.8614,     49.0806,      0.0000,    150.7808
    6167,   3722,   3861,   4060,      14,    156.2669,     46.2121,      0.0000,    110.0548
    6168,   1370,   3789,   4061,      14,    173.4943,     46.9627,      0.0000,    126.5315
    6169,   3789,   4060,   3936,      14,    156.2669,     46.2121,      0.0000,    110.0548
    6170,   3789,   3936,   4061,      14,    156.7123,     46.0974,      0.0000,    110.6149
    6171,   3721,   4061,   3947,      14,    173.4943,     46.9627,      0.0000,    126.5315
    6172,   3788,   3721,   3947,      14,    211.8544,     47.7061,      0.0000,    164.1483
    6173,   3788,   3947,   3938,      14,    196.8176,     44.7188,      0.0000,    152.0988
    6174,   3881,   3788,   3938,      14,    211.8544,     47.7061,      0.0000,    164.1483
    6175,   3881,   3938,   3916,      14,    217.2612,     44.7881,      0.0000,    172.4731
    6176,   3712,   3971,   3779,      14,     91.5693,     36.8416,      0.0000,     54.7277
    6177,   3712,   3713,   3971,      14,     92.7585,     37.7509,      0.0000,     55.0076
    6178,   3872,   3854,   3957,      14,     92.9008,     37.5958,      0.0000,     55.3050
    6179,   3971,   3713,   4062,      14,     92.7585,     37.7509,      0.0000,     55.0076
    6180,   3872,   3957,   4062,      14,     92.9008,     37.5958,      0.0000,     55.3050
    6181,   3957,   3971,   4062,      14,     92.9008,     37.5958,      0.0000,     55.3050
    6182,   3972,   3958,   3986,      14,     96.1587,     39.6586,      0.0000,     56.5001
    6183,   3956,   3986,   3970,      14,     97.0231,     40.1030,      0.0000,     56.9201
    6184,   3956,   3872,   4062,      14,     96.5621,     39.6459,      0.0000,     56.9161
    6185,   3713,   3958,   4062,      14,     94.5514,     38.7468,      0.0000,     55.8046
    6186,   3956,   3972,   3986,      14,     96.1587,     39.6586,      0.0000,     56.5001
    6187,   3972,   3956,   4062,      14,     96.1587,     39.6586,      0.0000,     56.5001
    6188,   3903,   3833,   3966,      14,    139.7524,     38.6461,      0.0000,    101.1063
    6189,   3946,   3952,   3966,      14,    122.9878,     40.7048,      0.0000,     82.2831
    6190,   1400,   3952,   3868,      14,    131.5254,     43.1781,      0.0000,     88.3473
    6191,   3951,   3982,   3964,      14,    188.7255,     49.3943,      0.0000,    139.3312
    6192,   3885,   3951,   3902,      14,    229.4030,     58.7865,      0.0000,    170.6165
    6193,   3945,   3903,   3966,      14,    139.7524,     38.6461,      0.0000,    101.1063
    6194,   3952,   3850,   3953,      14,    142.6806,     46.1930,      0.0000,     96.4876
    6195,   3951,   3885,   3965,      14,    208.8206,     55.6245,      0.0000,    153.1962
    6196,   3952,   3953,   3966,      14,    135.6373,     40.5127,      0.0000,     95.1247
    6197,   3951,   3965,   3982,      14,    193.0895,     47.8647,      0.0000,    145.2248
    6198,   3945,   3966,   3953,      14,    135.6373,     40.5127,      0.0000,     95.1247
    6199,   3965,   3967,   3982,      14,    188.7255,     49.3943,      0.0000,    139.3312
    6200,   3945,   3953,   3965,      14,    193.0895,     47.8647,      0.0000,    145.2248
    6201,   3965,   3953,   3967,      14,    177.0479,     46.9684,      0.0000,    130.0795
    6202,   1368,   3882,   3722,      14,    154.5145,     46.6394,      0.0000,    107.8751
    6203,   3861,   3882,   3980,      14,    156.5287,     46.9734,      0.0000,    109.5553
    6204,   1367,   3811,   3882,      14,    156.6880,     47.6904,      0.0000,    108.9976
    6205,   3882,   3811,   3883,      14,    160.1257,     48.6055,      0.0000,    111.5202
    6206,   3882,   3883,   3980,      14,    158.2878,     47.7684,      0.0000,    110.5193
    6207,   3717,   3877,   3961,      14,     98.3464,     37.3240,      0.0000,     61.0224
    6208,   3858,   3961,   3876,      14,     99.9237,     38.6999,      0.0000,     61.2238
    6209,   3806,    634,   3807,      14,     97.3966,     38.7512,      0.0000,     58.6455
    6210,   3807,   3783,   3808,      14,     96.9554,     36.9933,      0.0000,     59.9621
    6211,   3784,   3961,   3858,      14,     98.1680,     37.9518,      0.0000,     60.2162
    6212,   3806,   3807,   3858,      14,     97.3966,     38.7512,      0.0000,     58.6455
    6213,   3784,   3807,   3808,      14,     98.1680,     37.9518,      0.0000,     60.2162
    6214,   3784,   3858,   3807,      14,     98.1680,     37.9518,      0.0000,     60.2162
    6215,   3707,   3925,   3774,      14,    115.3497,     41.3633,      0.0000,     73.9864
    6216,   3833,   3904,   3946,      14,    118.4080,     39.7582,      0.0000,     78.6498
    6217,   3752,   1453,   3834,      14,    118.3434,     39.2570,      0.0000,     79.0864
    6218,   3868,   3920,   3925,      14,    115.3497,     41.3633,      0.0000,     73.9864
    6219,   3834,   3905,   3904,      14,    116.8074,     39.6485,      0.0000,     77.1590
    6220,   3920,   3868,   3946,      14,    116.5481,     40.7529,      0.0000,     75.7952
    6221,   3904,   3920,   3946,      14,    116.5481,     40.7529,      0.0000,     75.7952
    6222,   3842,   3866,   3912,      14,    145.4542,     53.2030,      0.0000,     92.2512
    6223,   3760,   3912,   3841,      14,    143.4018,     52.3791,      0.0000,     91.0227
    6224,   3760,   1429,   3842,      14,    144.5631,     52.8437,      0.0000,     91.7194
    6225,   3760,   3842,   3912,      14,    143.6070,     52.4951,      0.0000,     91.1119
    6226,   3761,   3866,   3842,      14,    148.0605,     54.2809,      0.0000,     93.7796
    6227,   3761,   1426,   3843,      14,    150.0333,     55.1548,      0.0000,     94.8784
    6228,   3762,   1423,   3844,      14,    163.1581,     59.7523,      0.0000,    103.4058
    6229,   3763,   1420,   3845,      14,    228.4403,     76.2451,      0.0000,    152.1952
    6230,   4063,   3864,   4064,      14,    356.2466,    105.8288,      0.0000,    250.4178
    6231,   3761,   3843,   3866,      14,    148.0605,     54.2809,      0.0000,     93.7796
    6232,   3844,   3763,   4065,      14,    203.5079,     70.1667,      0.0000,    133.3413
    6233,   4063,   4064,   4066,      14,    356.2466,    105.8288,      0.0000,    250.4178
    6234,   3770,   4067,   4068,      14,    335.8691,    103.9377,      0.0000,    231.9315
    6235,   1412,   3771,   3770,      14,    351.8830,    105.3776,      0.0000,    246.5054
    6236,   3843,   3887,   3866,      14,    151.3944,     55.7576,      0.0000,     95.6368
    6237,   3763,   3845,   4065,      14,    215.2354,     72.7472,      0.0000,    142.4882
    6238,   3845,   4063,   4066,      14,    314.8695,     97.9806,      0.0000,    216.8889
    6239,   4064,   3864,   4068,      14,    356.2466,    105.8288,      0.0000,    250.4178
    6240,   1412,   3770,   3703,      14,    345.5954,    105.1088,      0.0000,    240.4865
    6241,   3762,   3887,   3843,      14,    154.0445,     56.7813,      0.0000,     97.2632
    6242,   3704,   4069,   3771,      14,    252.2737,     81.4389,      0.0000,    170.8348
    6243,   3762,   3847,   3887,      14,    154.0445,     56.7813,      0.0000,     97.2632
    6244,   3847,   4065,   4069,      14,    215.2354,     72.7472,      0.0000,    142.4882
    6245,   3762,   3844,   3847,      14,    176.6504,     63.4958,      0.0000,    113.1546
    6246,   3847,   3844,   4065,      14,    215.2354,     72.7472,      0.0000,    142.4882
    6247,   3769,   4068,   3864,      14,    392.1233,    108.6442,      0.0000,    283.4792
    6248,   3770,   3771,   4067,      14,    335.8691,    103.9377,      0.0000,    231.9315
    6249,   3845,   4069,   4065,      14,    215.2354,     72.7472,      0.0000,    142.4882
    6250,   3764,   4063,   3845,      14,    426.2407,    120.2243,      0.0000,    306.0164
    6251,   3702,   3770,   4068,      14,    371.7517,    107.3339,      0.0000,    264.4178
    6252,   3845,   4066,   4069,      14,    252.2737,     81.4389,      0.0000,    170.8348
    6253,   4064,   4068,   4067,      14,    356.2466,    105.8288,      0.0000,    250.4178
    6254,   3771,   4069,   4066,      14,    314.8695,     97.9806,      0.0000,    216.8889
    6255,   4066,   4064,   4067,      14,    356.2466,    105.8288,      0.0000,    250.4178
    6256,   3771,   4066,   4067,      14,    335.8691,    103.9377,      0.0000,    231.9315
    6257,   3701,   3864,   4063,      14,    392.1233,    108.6442,      0.0000,    283.4792
    6258,   3764,   3886,   4063,      14,    426.2407,    120.2243,      0.0000,    306.0164
    6259,    199,   1418,   3886,      14,    445.6704,    123.6440,      0.0000,    322.0264
    6260,   3765,   3766,   3767,      14,    309.9465,     92.0633,      0.0000,    217.8832
    6261,   3701,   4063,   3886,      14,    477.6686,    127.0544,      0.0000,    350.6142
    6262,   1418,   3846,   3886,      14,    392.9007,    105.4508,      0.0000,    287.4499
    6263,   3765,   3767,   3863,      14,    371.6671,    102.8332,      0.0000,    268.8340
    6264,   3768,   3886,   3846,      14,    378.6831,    101.6454,      0.0000,    277.0377
    6265,   3846,   3765,   3863,      14,    371.6671,    102.8332,      0.0000,    268.8340
    6266,   3768,   3846,   3863,      14,    371.6671,    102.8332,      0.0000,    268.8340
    6267,   3847,   3865,   3887,      14,    154.0445,     56.7813,      0.0000,     97.2632
    6268,   1410,   3865,   3704,      14,    214.8390,     74.1682,      0.0000,    140.6708
    6269,   1409,   3798,   3865,      14,    156.4016,     57.4876,      0.0000,     98.9140
    6270,   3865,   3798,   3866,      14,    144.5583,     52.9088,      0.0000,     91.6494
    6271,   3865,   3866,   3887,      14,    154.0445,     56.7813,      0.0000,     97.2632
    6272,   3794,   3728,   4070,      14,    646.0788,    152.8738,      0.0000,    493.2049
    6273,   3731,   3795,   3797,      14,    365.4632,     99.9012,      0.0000,    265.5620
    6274,    195,   1512,   3813,      14,    222.7319,     59.3781,      0.0000,    163.3538
    6275,   1510,   3732,   1511,      14,    209.6394,     57.9791,      0.0000,    151.6604
    6276,   1509,   3733,   3814,      14,    190.1919,     56.3610,      0.0000,    133.8309
    6277,   1507,   1506,   3815,      14,    181.6036,     54.9526,      0.0000,    126.6510
    6278,   3815,   3734,   3862,      14,    179.3603,     54.4862,      0.0000,    124.8741
    6279,   3724,   3862,   3791,      14,    177.5247,     53.8973,      0.0000,    123.6274
    6280,   1361,   1360,   3812,      14,    196.0251,     60.4962,      0.0000,    135.5289
    6281,   3725,   1359,   3726,      14,    362.2708,    103.1648,      0.0000,    259.1060
    6282,   3726,    608,   3793,      14,    472.4529,    123.8180,      0.0000,    348.6348
    6283,   3727,    605,   3794,      14,    738.9778,    152.9686,      0.0000,    586.0092
    6284,   3728,    602,   3795,      14,    622.7396,    154.1435,      0.0000,    468.5960
    6285,   3731,    195,   4071,      14,    365.4632,     99.9012,      0.0000,    265.5620
    6286,   3732,   1510,   3814,      14,    211.0457,     58.6116,      0.0000,    152.4341
    6287,   3733,   1507,   3815,      14,    190.1919,     56.3610,      0.0000,    133.8309
    6288,   3724,   3815,   3862,      14,    184.6881,     55.4095,      0.0000,    129.2786
    6289,   3724,   1361,   3812,      14,    205.5269,     60.5093,      0.0000,    145.0175
    6290,   3725,   3726,   3793,      14,    415.2819,    117.1090,      0.0000,    298.1729
    6291,   3727,   3794,   4072,      14,    714.1221,    147.1997,      0.0000,    566.9224
    6292,   3728,   3795,   4070,      14,    646.0788,    152.8738,      0.0000,    493.2049
    6293,    195,   3813,   4071,      14,    362.4658,     93.8928,      0.0000,    268.5729
    6294,   3792,   3725,   3793,      14,    362.2708,    103.1648,      0.0000,    259.1060
    6295,   3793,   3727,   4072,      14,    714.1221,    147.1997,      0.0000,    566.9224
    6296,   3794,   4070,   4072,      14,    672.1791,    148.4353,      0.0000,    523.7438
    6297,   3731,   4070,   3795,      14,    365.4632,     99.9012,      0.0000,    265.5620
    6298,   3732,   3812,   3813,      14,    211.0457,     58.6116,      0.0000,    152.4341
    6299,   3792,   3793,   4072,      14,    525.1495,    123.8588,      0.0000,    401.2907
    6300,   4070,   3731,   4071,      14,    546.9746,    132.2356,      0.0000,    414.7390
    6301,   3792,   3813,   3812,      14,    245.2337,     64.4791,      0.0000,    180.7546
    6302,   4070,   4071,   4072,      14,    546.9746,    132.2356,      0.0000,    414.7390
    6303,   3792,   4071,   3813,      14,    362.4658,     93.8928,      0.0000,    268.5729
    6304,   3792,   4072,   4071,      14,    525.1495,    123.8588,      0.0000,    401.2907
    6305,   3814,   3733,   4073,      14,    190.1919,     56.3610,      0.0000,    133.8309
    6306,   3812,   3732,   3814,      14,    196.3148,     57.0074,      0.0000,    139.3075
    6307,   3733,   3815,   4073,      14,    190.1919,     56.3610,      0.0000,    133.8309
    6308,   3812,   3814,   4073,      14,    190.0464,     56.2676,      0.0000,    133.7788
    6309,   3724,   4073,   3815,      14,    190.0464,     56.2676,      0.0000,    133.7788
    6310,   3724,   3812,   4073,      14,    190.0464,     56.2676,      0.0000,    133.7788
    6311,    208,    659,   1549,      12,    313.1039,    102.1601,      0.0000,    210.9438
    6312,    648,    209,   1550,      12,    408.5474,    106.8108,      0.0000,    301.7366
    6313,   1551,   1552,   4109,      12,    219.5624,     67.9811,      0.0000,    151.5813
    6314,   1553,    212,   4075,      12,    168.8235,     54.8316,      0.0000,    113.9919
    6315,    213,   1555,   4076,      12,    154.1382,     50.3139,      0.0000,    103.8244
    6316,   1556,    215,   4077,      12,    145.7652,     46.7616,      0.0000,     99.0036
    6317,    216,   1558,   4078,      12,    159.0756,     42.1401,      0.0000,    116.9355
    6318,   1559,    218,   4079,      12,    105.2276,     42.1699,      0.0000,     63.0577
    6319,    219,   1561,   4080,      12,    121.2269,     37.9084,      0.0000,     83.3185
    6320,   1562,    221,   4081,      12,    116.8544,     42.7441,      0.0000,     74.1103
    6321,    222,   1564,   4082,      12,    133.7565,     48.8903,      0.0000,     84.8662
    6322,   1565,    224,   4083,      12,    155.1367,     56.9407,      0.0000,     98.1959
    6323,    225,   1567,   4084,      12,    361.1487,     93.2297,      0.0000,    267.9190
    6324,    227,    671,   1569,      12,    348.2320,    104.8017,      0.0000,    243.4303
    6325,    172,   1332,   4110,      12,    339.3753,    105.3279,      0.0000,    234.0474
    6326,   1333,   1334,   4085,      12,    241.4950,     80.5243,      0.0000,    160.9706
    6327,   1337,   4086,   4112,      12,    137.2494,     50.1673,      0.0000,     87.0820
    6328,   1339,   1340,   4087,      12,    120.3990,     44.2950,      0.0000,     76.1041
    6329,   1342,   1343,   4088,      12,    118.6415,     42.4865,      0.0000,     76.1550
    6330,   1345,   1346,   4089,      12,    166.8771,     49.6710,      0.0000,    117.2061
    6331,   1348,   1349,   4090,      12,    120.8091,     43.0245,      0.0000,     77.7846
    6332,   1351,   1352,   4091,      12,    103.2181,     38.6380,      0.0000,     64.5800
    6333,   1354,   1355,   4092,      12,     95.5869,     36.8833,      0.0000,     58.7035
    6334,   1357,   1358,   4093,      12,     91.9422,     36.0610,      0.0000,     55.8812
    6335,    637,   4094,   4093,      12,     94.5750,     38.1479,      0.0000,     56.4271
    6336,    639,    640,   4118,      12,     96.4600,     40.0402,      0.0000,     56.4197
    6337,    206,    642,   4096,      12,     97.3498,     40.1668,      0.0000,     57.1830
    6338,    644,    645,   4097,      12,     98.7080,     38.6253,      0.0000,     60.0827
    6339,    207,   1523,    647,      12,     96.8719,     35.3075,      0.0000,     61.5644
    6340,   1524,   1525,   4098,      12,     99.5976,     36.0494,      0.0000,     63.5482
    6341,   1527,   1528,   4099,      12,    108.2425,     37.5361,      0.0000,     70.7064
    6342,   1530,   1531,   4100,      12,    125.1403,     39.0220,      0.0000,     86.1183
    6343,   1533,   1534,   4101,      12,    180.6283,     46.3605,      0.0000,    134.2679
    6344,   1536,   1537,   4102,      12,    161.0604,     49.3326,      0.0000,    111.7277
    6345,   1539,   1540,   4103,      12,    143.9212,     47.0884,      0.0000,     96.8328
    6346,   1542,   1543,   4104,      12,    154.4413,     50.3619,      0.0000,    104.0795
    6347,   1545,   1546,   4105,      12,    170.5637,     55.4336,      0.0000,    115.1301
    6348,   1548,   1549,   4106,      12,    326.7696,    105.0555,      0.0000,    221.7141
    6349,    211,   4074,   4301,      12,    272.3339,     79.6517,      0.0000,    192.6822
    6350,   4074,    211,   4108,      12,    466.4426,    123.4763,      0.0000,    342.9663
    6351,   1548,   4106,   4107,      12,    258.1946,     83.7125,      0.0000,    174.4821
    6352,    659,   4106,   1549,      12,    453.9956,    119.4269,      0.0000,    334.5687
    6353,    211,   1553,   4107,      12,    177.5961,     55.5199,      0.0000,    122.0761
    6354,    658,   4106,    659,      12,    478.1418,    124.6999,      0.0000,    353.4420
    6355,    211,   4107,   4108,      12,    278.4703,     81.9829,      0.0000,    196.4874
    6356,    657,   4106,    658,      12,    478.1418,    124.6999,      0.0000,    353.4420
    6357,   4106,   4108,   4107,      12,    453.9956,    119.4269,      0.0000,    334.5687
    6358,    656,   4106,    657,      12,    475.7970,    122.1655,      0.0000,    353.6315
    6359,    656,   4108,   4106,      12,    659.7553,    146.3983,      0.0000,    513.3570
    6360,    655,   4108,    656,      12,    811.8365,    168.1552,      0.0000,    643.6813
    6361,    654,   4108,    655,      12,    799.0777,    164.8768,      0.0000,    634.2009
    6362,    648,   1550,   4109,      12,    432.7138,    117.9307,      0.0000,    314.7830
    6363,    650,    649,   4109,      12,    465.3915,    130.0392,      0.0000,    335.3523
    6364,    648,   4109,    649,      12,    465.3915,    130.0392,      0.0000,    335.3523
    6365,    653,   4074,   4108,      12,    686.6743,    155.2220,      0.0000,    531.4523
    6366,    653,   4108,    654,      12,    799.0777,    164.8768,      0.0000,    634.2009
    6367,    652,   4074,    653,      12,    572.0756,    148.0867,      0.0000,    423.9889
    6368,    651,   4074,    652,      12,    573.2034,    147.4592,      0.0000,    425.7442
    6369,    650,   4074,    651,      12,    573.2034,    147.4592,      0.0000,    425.7442
    6370,   4074,    650,   4109,      12,    412.8596,    117.8317,      0.0000,    295.0279
    6371,   1552,   4074,   4109,      12,    466.4426,    123.4763,      0.0000,    342.9663
    6372,   1550,   1551,   4109,      12,    412.8596,    117.8317,      0.0000,    295.0279
    6373,    210,   1551,   1550,      12,    120.2728,     37.3853,      0.0000,     82.8875
    6374,    661,    660,   4110,      12,    338.9197,    104.6958,      0.0000,    234.2240
    6375,   1333,   4085,   4111,      12,    213.9066,     72.9270,      0.0000,    140.9796
    6376,   1335,   1336,   4112,      12,    141.9555,     51.9118,      0.0000,     90.0437
    6377,   1337,   1338,   4086,      12,    137.2494,     50.1673,      0.0000,     87.0820
    6378,    172,   4110,    660,      12,    343.7907,    106.1048,      0.0000,    237.6859
    6379,   1332,   1333,   4111,      12,    298.6200,     98.4304,      0.0000,    200.1897
    6380,   1334,   1335,   4083,      12,    147.3182,     53.9458,      0.0000,     93.3725
    6381,   1336,   1337,   4112,      12,    141.9555,     51.9118,      0.0000,     90.0437
    6382,   1338,   1339,   4113,      12,    130.9123,     47.9205,      0.0000,     82.9918
    6383,   1564,    223,   4115,      12,    138.3352,     50.5147,      0.0000,     87.8205
    6384,    224,   1566,   4083,      12,    155.1367,     56.9407,      0.0000,     98.1959
    6385,    225,   4084,   4114,      12,    401.4596,    110.1103,      0.0000,    291.3493
    6386,   4110,   1332,   4111,      12,    339.3753,    105.3279,      0.0000,    234.0474
    6387,   4112,   4086,   4115,      12,    133.1673,     48.7108,      0.0000,     84.4565
    6388,   1334,   4083,   4085,      12,    213.9066,     72.9270,      0.0000,    140.9796
    6389,   4086,   1338,   4113,      12,    128.6335,     47.1399,      0.0000,     81.4936
    6390,   4083,   1335,   4112,      12,    158.7935,     57.9532,      0.0000,    100.8403
    6391,   4082,   4086,   4113,      12,    128.6335,     47.1399,      0.0000,     81.4936
    6392,   1565,   4083,   4112,      12,    158.7935,     57.9532,      0.0000,    100.8403
    6393,   4082,   4115,   4086,      12,    136.8885,     50.0190,      0.0000,     86.8695
    6394,   1565,   4112,   4115,      12,    136.8885,     50.0190,      0.0000,     86.8695
    6395,   1564,   4115,   4082,      12,    130.5821,     47.7714,      0.0000,     82.8107
    6396,    223,   1565,   4115,      12,    138.3352,     50.5147,      0.0000,     87.8205
    6397,    662,   4110,   4111,      12,    342.7487,    104.7688,      0.0000,    237.9800
    6398,   1566,   4085,   4083,      12,    213.9066,     72.9270,      0.0000,    140.9796
    6399,   1567,   1568,   4084,      12,    361.1487,     93.2297,      0.0000,    267.9190
    6400,    661,   4110,    662,      12,    338.9197,    104.6958,      0.0000,    234.2240
    6401,    225,   4085,   1566,      12,    178.6232,     63.1270,      0.0000,    115.4962
    6402,    663,    662,   4111,      12,    346.6216,    103.1806,      0.0000,    243.4410
    6403,   4085,    225,   4111,      12,    213.9066,     72.9270,      0.0000,    140.9796
    6404,    664,    663,   4111,      12,    346.6216,    103.1806,      0.0000,    243.4410
    6405,    664,   4114,    665,      12,    457.0446,    121.8468,      0.0000,    335.1979
    6406,    665,   4114,    666,      12,    449.1004,    119.3868,      0.0000,    329.7136
    6407,   1568,   4116,   4084,      12,    380.9649,    112.3531,      0.0000,    268.6118
    6408,   1568,    226,   1569,      12,    133.9884,     37.8678,      0.0000,     96.1207
    6409,   4111,    225,   4114,      12,    442.4952,    118.3189,      0.0000,    324.1764
    6410,    664,   4111,   4114,      12,    417.7815,    115.3138,      0.0000,    302.4677
    6411,    667,    666,   4114,      12,    449.1004,    119.3868,      0.0000,    329.7136
    6412,    667,   4114,   4084,      12,    437.2806,    118.4803,      0.0000,    318.8003
    6413,    668,    667,   4084,      12,    431.6015,    120.3664,      0.0000,    311.2351
    6414,    669,    668,   4084,      12,    431.6015,    120.3664,      0.0000,    311.2351
    6415,    669,   4084,   4116,      12,    403.9526,    116.1384,      0.0000,    287.8142
    6416,    671,    670,   4116,      12,    393.8868,    117.1888,      0.0000,    276.6980
    6417,   1569,    671,   4116,      12,    368.9095,    110.6251,      0.0000,    258.2844
    6418,    669,   4116,    670,      12,    393.8868,    117.1888,      0.0000,    276.6980
    6419,   1568,   1569,   4116,      12,    380.9649,    112.3531,      0.0000,    268.6118
    6420,   1547,   1548,   4107,      12,    258.1946,     83.7125,      0.0000,    174.4821
    6421,   1553,   4075,   4107,      12,    177.5961,     55.5199,      0.0000,    122.0761
    6422,    212,   1554,   4075,      12,    168.8235,     54.8316,      0.0000,    113.9919
    6423,   1546,   1547,   4105,      12,    170.5637,     55.4336,      0.0000,    115.1301
    6424,   1554,    213,   4117,      12,    165.6681,     54.0036,      0.0000,    111.6646
    6425,   1545,   4105,   4117,      12,    164.6674,     53.5774,      0.0000,    111.0900
    6426,   4105,   1547,   4107,      12,    185.0502,     60.4677,      0.0000,    124.5825
    6427,   4075,   1554,   4117,      12,    165.6681,     54.0036,      0.0000,    111.6646
    6428,   4075,   4105,   4107,      12,    170.9280,     54.9729,      0.0000,    115.9551
    6429,   4105,   4075,   4117,      12,    171.0137,     55.4552,      0.0000,    115.5585
    6430,    171,    636,   1358,      12,     91.1790,     35.5880,      0.0000,     55.5911
    6431,    637,    638,   4094,      12,     93.7893,     37.6694,      0.0000,     56.1199
    6432,    640,   4095,   4118,      12,     96.7955,     40.1945,      0.0000,     56.6010
    6433,    641,    206,   4119,      12,     97.2543,     40.2449,      0.0000,     57.0094
    6434,    642,    643,   4096,      12,     97.3498,     40.1668,      0.0000,     57.1830
    6435,    644,   4097,   4120,      12,     98.8962,     38.6147,      0.0000,     60.2814
    6436,    646,    647,   4121,      12,     97.9609,     36.3697,      0.0000,     61.5912
    6437,   4098,   4122,   4121,      12,    100.2582,     38.7362,      0.0000,     61.5220
    6438,   1526,   1527,   4123,      12,    102.4559,     37.1354,      0.0000,     65.3204
    6439,   1528,   1529,   4099,      12,    108.2425,     37.5361,      0.0000,     70.7064
    6440,   1530,   4100,   4124,      12,    129.0811,     41.5628,      0.0000,     87.5183
    6441,   1532,   1533,   4125,      12,    170.4718,     46.7319,      0.0000,    123.7399
    6442,   1534,   1535,   4101,      12,    180.6283,     46.3605,      0.0000,    134.2679
    6443,   1536,   4102,   4126,      12,    186.4915,     51.8703,      0.0000,    134.6212
    6444,   1538,   1539,   4127,      12,    142.2567,     46.0937,      0.0000,     96.1630
    6445,   1540,   4129,   4103,      12,    142.9253,     46.5534,      0.0000,     96.3719
    6446,   1542,   4104,   4128,      12,    154.9895,     50.5627,      0.0000,    104.4268
    6447,   1544,   1545,   4117,      12,    164.6674,     53.5774,      0.0000,    111.0900
    6448,    213,   4076,   4117,      12,    155.9830,     50.8792,      0.0000,    105.1038
    6449,   1555,    214,   4128,      12,    151.2782,     49.3407,      0.0000,    101.9375
    6450,   4077,   4129,   4128,      12,    145.2862,     47.5602,      0.0000,     97.7260
    6451,   1557,    216,   4130,      12,    152.1680,     43.1635,      0.0000,    109.0045
    6452,    217,   4078,   1558,      12,    159.0756,     42.1401,      0.0000,    116.9355
    6453,   1559,   4079,   4131,      12,    112.4004,     43.5701,      0.0000,     68.8302
    6454,   1560,    219,   4132,      12,    166.4119,     46.1744,      0.0000,    120.2375
    6455,    220,   4080,   1561,      12,    121.2269,     37.9084,      0.0000,     83.3185
    6456,    638,    639,   4157,      12,     95.0352,     38.6657,      0.0000,     56.3695
    6457,    640,    641,   4095,      12,     96.8015,     40.2040,      0.0000,     56.5975
    6458,    206,   4096,   4119,      12,     97.2543,     40.2449,      0.0000,     57.0094
    6459,    643,    644,   4120,      12,     98.6584,     39.0751,      0.0000,     59.5833
    6460,    645,    646,   4097,      12,     98.7080,     38.6253,      0.0000,     60.0827
    6461,    647,   1523,   4121,      12,     99.0231,     37.2810,      0.0000,     61.7421
    6462,   4122,   4098,   4134,      12,    100.2582,     38.7362,      0.0000,     61.5220
    6463,   1527,   4099,   4123,      12,    107.3395,     38.0051,      0.0000,     69.3344
    6464,   1529,   1530,   4124,      12,    124.0661,     40.3206,      0.0000,     83.7455
    6465,   1531,   1532,   4100,      12,    125.1403,     39.0220,      0.0000,     86.1183
    6466,   1533,   4101,   4125,      12,    170.4718,     46.7319,      0.0000,    123.7399
    6467,   1535,   1536,   4126,      12,    186.4915,     51.8703,      0.0000,    134.6212
    6468,   1537,   1538,   4102,      12,    161.0604,     49.3326,      0.0000,    111.7277
    6469,   1539,   4103,   4127,      12,    142.9253,     46.5534,      0.0000,     96.3719
    6470,   1543,   1544,   4104,      12,    154.4413,     50.3619,      0.0000,    104.0795
    6471,    215,   1557,   4077,      12,    145.7652,     46.7616,      0.0000,     99.0036
    6472,    216,   4078,   4130,      12,    147.9141,     44.0046,      0.0000,    103.9096
    6473,    217,   1559,   4131,      12,    108.0911,     42.3951,      0.0000,     65.6960
    6474,    218,   1560,   4079,      12,    105.2276,     42.1699,      0.0000,     63.0577
    6475,   4132,    219,   4135,      12,    166.4119,     46.1744,      0.0000,    120.2375
    6476,    220,   1562,   4133,      12,    114.0997,     40.9942,      0.0000,     73.1055
    6477,   1343,   1344,   4088,      12,    118.6415,     42.4865,      0.0000,     76.1550
    6478,   1344,   1345,   4136,      12,    154.0771,     48.2228,      0.0000,    105.8543
    6479,   4080,    220,   4133,      12,    117.2963,     39.1923,      0.0000,     78.1039
    6480,   4088,   1344,   4136,      12,    132.9894,     45.4835,      0.0000,     87.5059
    6481,   4080,   4133,   4088,      12,    114.5941,     40.7081,      0.0000,     73.8861
    6482,   4080,   4088,   4136,      12,    145.1106,     45.5723,      0.0000,     99.5383
    6483,   1523,   1524,   4121,      12,     97.5874,     35.8131,      0.0000,     61.7744
    6484,   4134,   4137,   4149,      12,    102.4886,     41.2539,      0.0000,     61.2347
    6485,   1525,   1526,   4098,      12,     99.5976,     36.0494,      0.0000,     63.5482
    6486,   4099,   4138,   4146,      12,    116.5629,     43.4888,      0.0000,     73.0741
    6487,   4124,   4100,   4139,      12,    129.0811,     41.5628,      0.0000,     87.5183
    6488,   4125,   4101,   4140,      12,    183.9282,     48.1723,      0.0000,    135.7559
    6489,   4102,   1538,   4127,      12,    144.9790,     45.6803,      0.0000,     99.2987
    6490,   4104,   1544,   4117,      12,    157.3334,     51.2576,      0.0000,    106.0758
    6491,   1557,   4130,   4127,      12,    147.9141,     44.0046,      0.0000,    103.9096
    6492,    217,   4131,   4140,      12,    128.9957,     47.6200,      0.0000,     81.3756
    6493,   4079,   1560,   4132,      12,    124.7265,     42.2584,      0.0000,     82.4681
    6494,    219,   4080,   4135,      12,    189.9344,     52.8600,      0.0000,    137.0744
    6495,   1345,   4089,   4136,      12,    154.0771,     48.2228,      0.0000,    105.8543
    6496,   1346,   1347,   4089,      12,    166.8771,     49.6710,      0.0000,    117.2061
    6497,   1348,   4090,   4142,      12,    123.9183,     45.5090,      0.0000,     78.4093
    6498,   1350,   1351,   4143,      12,    107.0061,     40.0910,      0.0000,     66.9150
    6499,   1352,   1353,   4091,      12,    103.2181,     38.6380,      0.0000,     64.5800
    6500,   1354,   4092,   4144,      12,     98.0310,     37.9477,      0.0000,     60.0833
    6501,   1356,   1357,   4145,      12,     92.7199,     36.2983,      0.0000,     56.4216
    6502,    636,   4093,   1358,      12,     93.4118,     37.1283,      0.0000,     56.2835
    6503,    639,   4118,   4157,      12,     96.9923,     40.1365,      0.0000,     56.8558
    6504,   4095,    641,   4119,      12,     96.7955,     40.1945,      0.0000,     56.6010
    6505,   4096,    643,   4120,      12,     97.8649,     39.9423,      0.0000,     57.9225
    6506,   4097,    646,   4121,      12,     98.8023,     38.0209,      0.0000,     60.7813
    6507,   1524,   4098,   4121,      12,     99.1023,     36.2422,      0.0000,     62.8601
    6508,   4137,   4134,   4146,      12,    112.2897,     42.4090,      0.0000,     69.8807
    6509,   4098,   1526,   4123,      12,    102.4559,     37.1354,      0.0000,     65.3204
    6510,   4099,   1529,   4124,      12,    111.3463,     40.1263,      0.0000,     71.2200
    6511,   4100,   4125,   4139,      12,    157.2459,     47.0674,      0.0000,    110.1785
    6512,   4101,   1535,   4126,      12,    196.4239,     50.3135,      0.0000,    146.1105
    6513,   4076,   4104,   4117,      12,    155.9830,     50.8792,      0.0000,    105.1038
    6514,   4141,   4131,   4147,      12,    138.9642,     52.4871,      0.0000,     86.4771
    6515,   4135,   4080,   4136,      12,    145.1106,     45.5723,      0.0000,     99.5383
    6516,   1347,   1348,   4142,      12,    127.5248,     45.4727,      0.0000,     82.0521
    6517,   1349,   1350,   4090,      12,    120.8091,     43.0245,      0.0000,     77.7846
    6518,   1351,   4091,   4143,      12,    107.0061,     40.0910,      0.0000,     66.9150
    6519,   1353,   1354,   4144,      12,    102.8647,     39.1273,      0.0000,     63.7374
    6520,   1355,   1356,   4092,      12,     95.5869,     36.8833,      0.0000,     58.7035
    6521,   1357,   4093,   4145,      12,     94.9750,     37.8059,      0.0000,     57.1691
    6522,    636,    637,   4093,      12,     92.5287,     36.5754,      0.0000,     55.9533
    6523,   4118,   4095,   4148,      12,     96.7955,     40.1945,      0.0000,     56.6010
    6524,   4120,   4149,   4154,      12,    102.4886,     41.2539,      0.0000,     61.2347
    6525,   4097,   4121,   4122,      12,    100.2582,     38.7362,      0.0000,     61.5220
    6526,   4137,   4146,   4150,      12,    117.4077,     44.6810,      0.0000,     72.7268
    6527,   4098,   4123,   4134,      12,    106.3305,     39.1387,      0.0000,     67.1918
    6528,   4099,   4124,   4138,      12,    116.5629,     43.4888,      0.0000,     73.0741
    6529,   4100,   1532,   4125,      12,    139.4687,     42.6326,      0.0000,     96.8361
    6530,   4101,   4126,   4140,      12,    183.9282,     48.1723,      0.0000,    135.7559
    6531,   4076,   4128,   4104,      12,    155.9830,     50.8792,      0.0000,    105.1038
    6532,   4141,   4147,   4151,      12,    138.9642,     52.4871,      0.0000,     86.4771
    6533,   4132,   4152,   4161,      12,    134.7768,     52.0154,      0.0000,     82.7615
    6534,   4089,   4135,   4136,      12,    169.1495,     49.8574,      0.0000,    119.2921
    6535,   1347,   4142,   4162,      12,    179.1742,     55.0452,      0.0000,    124.1290
    6536,   4090,   1350,   4143,      12,    118.7074,     43.1838,      0.0000,     75.5236
    6537,   4091,   1353,   4144,      12,    102.8647,     39.1273,      0.0000,     63.7374
    6538,   4092,   1356,   4145,      12,     94.8718,     36.9869,      0.0000,     57.8849
    6539,   4093,   4094,   4145,      12,     93.4118,     37.1283,      0.0000,     56.2835
    6540,   4118,   4148,   4153,      12,     97.6532,     40.4611,      0.0000,     57.1921
    6541,   4119,   4096,   4154,      12,     97.3231,     40.3416,      0.0000,     56.9815
    6542,   4120,   4097,   4122,      12,     98.8962,     38.6147,      0.0000,     60.2814
    6543,   4137,   4150,   4155,      12,    116.2830,     45.7927,      0.0000,     70.4903
    6544,   4123,   4146,   4134,      12,    112.2897,     42.4090,      0.0000,     69.8807
    6545,   4096,   4120,   4154,      12,     97.6012,     40.1956,      0.0000,     57.4056
    6546,   4120,   4122,   4134,      12,    100.2582,     38.7362,      0.0000,     61.5220
    6547,   4143,   4091,   4156,      12,    105.9076,     40.3086,      0.0000,     65.5990
    6548,   4145,   4157,   4164,      12,     97.8844,     39.4945,      0.0000,     58.3899
    6549,   4153,   4158,   4173,      12,     99.0004,     40.4763,      0.0000,     58.5240
    6550,   4095,   4119,   4148,      12,     96.7955,     40.1945,      0.0000,     56.6010
    6551,   4154,   4149,   4159,      12,    102.4886,     41.2539,      0.0000,     61.2347
    6552,   4137,   4155,   4160,      12,    116.2830,     45.7927,      0.0000,     70.4903
    6553,   4131,   4079,   4161,      12,    112.4004,     43.5701,      0.0000,     68.8302
    6554,   4135,   4089,   4162,      12,    179.1742,     55.0452,      0.0000,    124.1290
    6555,   4143,   4163,   4167,      12,    126.7659,     49.5585,      0.0000,     77.2074
    6556,   4091,   4144,   4156,      12,    110.3661,     43.4656,      0.0000,     66.9004
    6557,   4094,   4157,   4145,      12,     94.5750,     38.1479,      0.0000,     56.4271
    6558,   1347,   4162,   4089,      12,    169.1495,     49.8574,      0.0000,    119.2921
    6559,   4143,   4156,   4163,      12,    110.3661,     43.4656,      0.0000,     66.9004
    6560,   4092,   4164,   4174,      12,     97.8844,     39.4945,      0.0000,     58.3899
    6561,    638,   4157,   4094,      12,     94.5750,     38.1479,      0.0000,     56.4271
    6562,   4160,   4165,   4168,      12,    115.0944,     46.1613,      0.0000,     68.9330
    6563,   4147,   4166,   4170,      12,    122.3564,     48.2368,      0.0000,     74.1196
    6564,   4079,   4132,   4161,      12,    123.4505,     48.3278,      0.0000,     75.1227
    6565,   4132,   4135,   4162,      12,    189.9344,     52.8600,      0.0000,    137.0744
    6566,   4142,   4090,   4167,      12,    123.9183,     45.5090,      0.0000,     78.4093
    6567,   4152,   4167,   4169,      12,    126.7744,     50.0228,      0.0000,     76.7516
    6568,   4158,   4160,   4168,      12,    109.9261,     44.0842,      0.0000,     65.8419
    6569,   4155,   4151,   4170,      12,    116.2830,     45.7927,      0.0000,     70.4903
    6570,   4147,   4131,   4161,      12,    123.4505,     48.3278,      0.0000,     75.1227
    6571,   4169,   4166,   4171,      12,    122.3564,     48.2368,      0.0000,     74.1196
    6572,   4132,   4142,   4152,      12,    134.7768,     52.0154,      0.0000,     82.7615
    6573,   4132,   4162,   4142,      12,    179.1742,     55.0452,      0.0000,    124.1290
    6574,   4142,   4167,   4152,      12,    126.7659,     49.5585,      0.0000,     77.2074
    6575,   4152,   4169,   4171,      12,    126.1676,     49.5893,      0.0000,     76.5783
    6576,   4161,   4152,   4171,      12,    126.1676,     49.5893,      0.0000,     76.5783
    6577,   4147,   4161,   4171,      12,    126.1676,     49.5893,      0.0000,     76.5783
    6578,   4166,   4147,   4171,      12,    122.3564,     48.2368,      0.0000,     74.1196
    6579,   4166,   4169,   4172,      12,    122.3564,     48.2368,      0.0000,     74.1196
    6580,   4090,   4143,   4167,      12,    123.9183,     45.5090,      0.0000,     78.4093
    6581,   4163,   4168,   4165,      12,    115.0944,     46.1613,      0.0000,     68.9330
    6582,   4160,   4155,   4170,      12,    116.2830,     45.7927,      0.0000,     70.4903
    6583,   4147,   4170,   4151,      12,    118.8711,     46.9138,      0.0000,     71.9573
    6584,   4163,   4169,   4167,      12,    126.7744,     50.0228,      0.0000,     76.7516
    6585,   4156,   4168,   4163,      12,    110.3661,     43.4656,      0.0000,     66.9004
    6586,   4170,   4166,   4172,      12,    122.3564,     48.2368,      0.0000,     74.1196
    6587,   4163,   4172,   4169,      12,    119.5055,     47.5716,      0.0000,     71.9338
    6588,   4160,   4170,   4172,      12,    119.5055,     47.5716,      0.0000,     71.9338
    6589,   4163,   4165,   4172,      12,    115.0944,     46.1613,      0.0000,     68.9330
    6590,   4165,   4160,   4172,      12,    115.0944,     46.1613,      0.0000,     68.9330
    6591,   4157,   4118,   4173,      12,     96.2211,     39.2483,      0.0000,     56.9729
    6592,   4144,   4168,   4156,      12,    110.3661,     43.4656,      0.0000,     66.9004
    6593,   4092,   4145,   4164,      12,     97.8844,     39.4945,      0.0000,     58.3899
    6594,   4118,   4153,   4173,      12,     99.3686,     40.9587,      0.0000,     58.4099
    6595,   4168,   4144,   4174,      12,    101.3375,     40.8788,      0.0000,     60.4587
    6596,   4164,   4157,   4173,      12,     97.8844,     39.4945,      0.0000,     58.3899
    6597,   4158,   4168,   4174,      12,    101.3375,     40.8788,      0.0000,     60.4587
    6598,   4092,   4174,   4144,      12,     97.1303,     38.0931,      0.0000,     59.0372
    6599,   4173,   4158,   4174,      12,    101.3375,     40.8788,      0.0000,     60.4587
    6600,   4164,   4173,   4174,      12,     97.8844,     39.4945,      0.0000,     58.3899
    6601,   4148,   4119,   4154,      12,     97.6532,     40.4611,      0.0000,     57.1921
    6602,   4120,   4134,   4149,      12,    102.4886,     41.2539,      0.0000,     61.2347
    6603,   4158,   4153,   4159,      12,     99.3686,     40.9587,      0.0000,     58.4099
    6604,   4153,   4148,   4154,      12,     97.6532,     40.4611,      0.0000,     57.1921
    6605,   4137,   4160,   4159,      12,    103.0749,     41.9481,      0.0000,     61.1268
    6606,   4153,   4154,   4159,      12,     99.3686,     40.9587,      0.0000,     58.4099
    6607,   4137,   4159,   4149,      12,    102.4886,     41.2539,      0.0000,     61.2347
    6608,   4158,   4159,   4160,      12,    103.3796,     42.1667,      0.0000,     61.2128
    6609,   4099,   4146,   4123,      12,    111.3463,     40.1263,      0.0000,     71.2200
    6610,   4150,   4151,   4155,      12,    116.2830,     45.7927,      0.0000,     70.4903
    6611,   4138,   4150,   4146,      12,    116.5629,     43.4888,      0.0000,     73.0741
    6612,   4124,   4151,   4150,      12,    117.4077,     44.6810,      0.0000,     72.7268
    6613,   4124,   4150,   4138,      12,    116.5629,     43.4888,      0.0000,     73.0741
    6614,   1555,   4128,   4076,      12,    155.9830,     50.8792,      0.0000,    105.1038
    6615,   4124,   4139,   4151,      12,    141.3700,     50.1402,      0.0000,     91.2298
    6616,   4139,   4125,   4140,      12,    157.2459,     47.0674,      0.0000,    110.1785
    6617,    214,   1556,   4128,      12,    151.2782,     49.3407,      0.0000,    101.9375
    6618,   4139,   4141,   4151,      12,    138.9642,     52.4871,      0.0000,     86.4771
    6619,   1556,   4077,   4128,      12,    148.2388,     47.9491,      0.0000,    100.2897
    6620,   4139,   4140,   4141,      12,    138.9642,     52.4871,      0.0000,     86.4771
    6621,   1542,   4128,   4129,      12,    145.2862,     47.5602,      0.0000,     97.7260
    6622,   4131,   4141,   4140,      12,    138.9642,     52.4871,      0.0000,     86.4771
    6623,   1541,   1542,   4129,      12,    145.7054,     47.7941,      0.0000,     97.9113
    6624,    217,   4140,   4126,      12,    202.6655,     51.5198,      0.0000,    151.1457
    6625,   1540,   1541,   4129,      12,    145.7054,     47.7941,      0.0000,     97.9113
    6626,   4078,    217,   4126,      12,    160.6663,     43.3027,      0.0000,    117.3637
    6627,   4077,   4103,   4129,      12,    142.9253,     46.5534,      0.0000,     96.3719
    6628,   4078,   4126,   4102,      12,    160.6663,     43.3027,      0.0000,    117.3637
    6629,   4077,   4127,   4103,      12,    142.9253,     46.5534,      0.0000,     96.3719
    6630,   4078,   4102,   4130,      12,    160.6663,     43.3027,      0.0000,    117.3637
    6631,   1557,   4127,   4077,      12,    145.3462,     46.7852,      0.0000,     98.5610
    6632,   4102,   4127,   4130,      12,    147.9141,     44.0046,      0.0000,    103.9096
    6633,   4082,   4113,   4175,      12,    130.5821,     47.7714,      0.0000,     82.8107
    6634,   1340,   1341,   4087,      12,    120.3990,     44.2950,      0.0000,     76.1041
    6635,   4088,   4133,   4176,      12,    114.5941,     40.7081,      0.0000,     73.8861
    6636,    221,   4177,   4081,      12,    115.2580,     42.0478,      0.0000,     73.2102
    6637,    222,   4082,   4175,      12,    130.5821,     47.7714,      0.0000,     82.8107
    6638,   1339,   4175,   4113,      12,    128.6335,     47.1399,      0.0000,     81.4936
    6639,   1342,   4088,   4176,      12,    114.9387,     41.9236,      0.0000,     73.0150
    6640,   1562,   4081,   4133,      12,    114.5941,     40.7081,      0.0000,     73.8861
    6641,   1563,    222,   4175,      12,    127.5070,     46.6725,      0.0000,     80.8345
    6642,   1339,   4087,   4175,      12,    119.9486,     44.1246,      0.0000,     75.8240
    6643,   1341,   1342,   4176,      12,    113.3620,     41.4036,      0.0000,     71.9584
    6644,   4133,   4081,   4176,      12,    115.2580,     42.0478,      0.0000,     73.2102
    6645,   4175,   4087,   4177,      12,    119.9486,     44.1246,      0.0000,     75.8240
    6646,   4176,   4081,   4178,      12,    116.6178,     42.8308,      0.0000,     73.7870
    6647,   1563,   4175,   4177,      12,    118.7705,     43.5978,      0.0000,     75.1727
    6648,   1341,   4176,   4178,      12,    116.6178,     42.8308,      0.0000,     73.7870
    6649,    221,   1563,   4177,      12,    121.5528,     44.5811,      0.0000,     76.9716
    6650,   4087,   1341,   4178,      12,    116.6178,     42.8308,      0.0000,     73.7870
    6651,   4081,   4177,   4178,      12,    116.6178,     42.8308,      0.0000,     73.7870
    6652,   4177,   4087,   4178,      12,    116.6178,     42.8308,      0.0000,     73.7870
    6653,    246,    695,   1570,      13,    321.1936,    106.7417,      0.0000,    214.4520
    6654,    208,   1549,   4212,      13,    352.6023,    106.3702,      0.0000,    246.2320
    6655,   1548,   1547,   4179,      13,    188.1716,     62.6558,      0.0000,    125.5158
    6656,   1545,   1544,   4180,      13,    158.5951,     51.8752,      0.0000,    106.7200
    6657,   1542,   1541,   4181,      13,    144.4048,     47.9074,      0.0000,     96.4973
    6658,   1539,   1538,   4182,      13,    140.7330,     46.1747,      0.0000,     94.5584
    6659,   1536,   1535,   4183,      13,    219.2563,     54.0528,      0.0000,    165.2035
    6660,   1533,   1532,   4184,      13,    133.2203,     41.2588,      0.0000,     91.9615
    6661,   1530,   1529,   4185,      13,    111.4267,     38.6425,      0.0000,     72.7842
    6662,   1527,   1526,   4186,      13,    101.9032,     36.7245,      0.0000,     65.1786
    6663,   1524,   1523,   4187,      13,     96.7174,     34.9958,      0.0000,     61.7216
    6664,    697,   4188,   4187,      13,     94.3184,     33.2278,      0.0000,     61.0906
    6665,    699,    700,   4189,      13,     91.8785,     34.3693,      0.0000,     57.5091
    6666,    247,    702,   4190,      13,     89.0835,     34.6379,      0.0000,     54.4455
    6667,    704,    705,   4191,      13,     86.9220,     33.9230,      0.0000,     52.9989
    6668,    203,   1386,    707,      13,     89.4877,     35.6206,      0.0000,     53.8671
    6669,   1387,   1388,   4192,      13,     91.4577,     36.0763,      0.0000,     55.3814
    6670,   1390,   1391,   4193,      13,     98.2869,     38.1077,      0.0000,     60.1792
    6671,   1393,   1394,   4194,      13,    110.8112,     40.8248,      0.0000,     69.9864
    6672,   1396,   1397,   4195,      13,    141.6436,     44.1947,      0.0000,     97.4489
    6673,   1399,   1400,   4196,      13,    135.9241,     45.2142,      0.0000,     90.7100
    6674,   1402,   1403,   4197,      13,    117.3799,     43.0064,      0.0000,     74.3736
    6675,   1405,   1406,   4198,      13,    131.5586,     48.1119,      0.0000,     83.4468
    6676,   1408,   1409,   4199,      13,    150.2277,     54.7760,      0.0000,     95.4517
    6677,   1411,   1412,   4200,      13,    337.5203,    108.0569,      0.0000,    229.4633
    6678,    672,    228,   1589,      13,    395.9044,     95.4802,      0.0000,    300.4242
    6679,   1587,   4221,   1588,      13,    184.3262,     49.4181,      0.0000,    134.9081
    6680,   1586,    231,   4202,      13,    147.6932,     53.5836,      0.0000,     94.1096
    6681,    232,   1584,   4203,      13,    129.3352,     47.3794,      0.0000,     81.9558
    6682,   1583,    234,   4204,      13,    116.3535,     41.9629,      0.0000,     74.3906
    6683,    235,   1581,   4205,      13,    136.8432,     36.6874,      0.0000,    100.1558
    6684,   1580,    237,   4206,      13,     98.4466,     35.8765,      0.0000,     62.5701
    6685,    238,   1578,   4207,      13,    135.0498,     42.2999,      0.0000,     92.7499
    6686,   1577,    240,   4208,      13,    138.4547,     46.7062,      0.0000,     91.7485
    6687,    241,   1575,   4209,      13,    155.1152,     50.8396,      0.0000,    104.2756
    6688,   1574,    243,   4210,      13,    169.8313,     56.3808,      0.0000,    113.4505
    6689,   1572,   4211,   4303,      13,    306.6919,     91.0415,      0.0000,    215.6504
    6690,    685,    684,   4212,      13,    358.4033,    106.7871,      0.0000,    251.6162
    6691,   1548,   4179,   4213,      13,    224.9727,     73.8612,      0.0000,    151.1116
    6692,   1546,   1545,   4214,      13,    161.0075,     52.7129,      0.0000,    108.2946
    6693,   1543,   4180,   1544,      13,    158.5951,     51.8752,      0.0000,    106.7200
    6694,    208,   4212,    684,      13,    358.9996,    106.8900,      0.0000,    252.1096
    6695,   1549,   1548,   4213,      13,    285.5562,     94.4861,      0.0000,    191.0701
    6696,   1546,   4179,   1547,      13,    188.1716,     62.6558,      0.0000,    125.5158
    6697,   1545,   4180,   4214,      13,    163.0697,     53.4674,      0.0000,    109.6024
    6698,   1543,   1542,   4215,      13,    155.5749,     50.9309,      0.0000,    104.6440
    6699,    242,   4209,   1575,      13,    155.1152,     50.8396,      0.0000,    104.2756
    6700,    243,   1573,   4210,      13,    169.8313,     56.3808,      0.0000,    113.4505
    6701,    244,   4211,   4216,      13,    338.8694,    104.4162,      0.0000,    234.4532
    6702,   4212,   1549,   4213,      13,    352.6023,    106.3702,      0.0000,    246.2320
    6703,    686,   4212,   4213,      13,    353.2948,    106.6050,      0.0000,    246.6898
    6704,    242,   1574,   4217,      13,    164.0303,     54.1036,      0.0000,    109.9266
    6705,   1574,   4210,   4217,      13,    164.0303,     54.1036,      0.0000,    109.9266
    6706,   1546,   4210,   4179,      13,    168.4513,     55.7265,      0.0000,    112.7248
    6707,   4210,   4214,   4217,      13,    163.0697,     53.4674,      0.0000,    109.6024
    6708,   1546,   4214,   4210,      13,    163.0697,     53.4674,      0.0000,    109.6024
    6709,    685,   4212,    686,      13,    358.4033,    106.7871,      0.0000,    251.6162
    6710,   1573,   4179,   4210,      13,    201.3611,     66.8023,      0.0000,    134.5588
    6711,   1571,   4211,   1572,      13,    306.6919,     91.0415,      0.0000,    215.6504
    6712,    687,    686,   4213,      13,    338.5972,    102.9693,      0.0000,    235.6279
    6713,    244,   4179,   1573,      13,    182.8182,     60.6966,      0.0000,    122.1216
    6714,    688,    687,   4213,      13,    338.5972,    102.9693,      0.0000,    235.6279
    6715,   4179,    244,   4213,      13,    326.4565,    101.5418,      0.0000,    224.9147
    6716,    688,   4216,    689,      13,    408.3207,    123.0151,      0.0000,    285.3056
    6717,    689,   4216,    690,      13,    399.9756,    119.9416,      0.0000,    280.0340
    6718,   1571,   4218,   4211,      13,    343.4096,    112.7528,      0.0000,    230.6568
    6719,    245,   1570,   1571,      13,    119.6593,     35.9250,      0.0000,     83.7343
    6720,   4213,    244,   4216,      13,    393.7384,    118.8019,      0.0000,    274.9365
    6721,    688,   4213,   4216,      13,    382.6705,    115.9325,      0.0000,    266.7380
    6722,    691,    690,   4216,      13,    399.9756,    119.9416,      0.0000,    280.0340
    6723,    691,   4216,   4211,      13,    386.8843,    118.1763,      0.0000,    268.7080
    6724,    692,    691,   4211,      13,    377.1450,    118.9406,      0.0000,    258.2044
    6725,    693,    692,   4211,      13,    377.1450,    118.9406,      0.0000,    258.2044
    6726,    693,   4211,   4218,      13,    343.4096,    112.7528,      0.0000,    230.6568
    6727,    695,    694,   4218,      13,    356.8226,    118.2650,      0.0000,    238.5576
    6728,   1570,    695,   4218,      13,    337.4041,    111.8317,      0.0000,    225.5724
    6729,    693,   4218,    694,      13,    356.8226,    118.2650,      0.0000,    238.5576
    6730,   1571,   1570,   4218,      13,    343.4096,    112.7528,      0.0000,    230.6568
    6731,   4209,    242,   4217,      13,    158.4166,     51.9524,      0.0000,    106.4643
    6732,   4180,   4217,   4214,      13,    163.0697,     53.4674,      0.0000,    109.6024
    6733,   4180,   1543,   4215,      13,    153.2438,     50.2796,      0.0000,    102.9642
    6734,   4180,   4209,   4217,      13,    158.4565,     51.8646,      0.0000,    106.5919
    6735,   4180,   4215,   4209,      13,    153.2438,     50.2796,      0.0000,    102.9642
    6736,    202,    683,   1412,      13,    336.5608,    107.7687,      0.0000,    228.7920
    6737,    230,   4201,   4302,      13,    217.3879,     48.9956,      0.0000,    168.3923
    6738,   4201,    230,   4220,      13,    398.1486,     86.6247,      0.0000,    311.5239
    6739,   1411,   4200,   4219,      13,    276.6154,     90.0817,      0.0000,    186.5338
    6740,    683,   4200,   1412,      13,    412.8265,    119.1201,      0.0000,    293.7064
    6741,    230,   1586,   4219,      13,    153.5826,     54.7786,      0.0000,     98.8040
    6742,    682,   4200,    683,      13,    426.5169,    122.0381,      0.0000,    304.4788
    6743,    230,   4219,   4220,      13,    229.3398,     57.5843,      0.0000,    171.7555
    6744,    681,   4200,    682,      13,    426.5169,    122.0381,      0.0000,    304.4788
    6745,   4200,   4220,   4219,      13,    412.8265,    119.1201,      0.0000,    293.7064
    6746,    680,   4200,    681,      13,    427.2997,    120.9111,      0.0000,    306.3886
    6747,    680,   4220,   4200,      13,    564.4096,    131.4921,      0.0000,    432.9175
    6748,    679,   4220,    680,      13,    670.2849,    128.8268,      0.0000,    541.4581
    6749,    678,   4220,    679,      13,    651.6925,    120.4502,      0.0000,    531.2423
    6750,    672,   1589,   4221,      13,    396.2518,     93.8490,      0.0000,    302.4028
    6751,    674,    673,   4221,      13,    407.3719,     96.0447,      0.0000,    311.3272
    6752,    672,   4221,    673,      13,    407.3719,     96.0447,      0.0000,    311.3272
    6753,    677,   4201,   4220,      13,    578.0540,    114.1517,      0.0000,    463.9023
    6754,    677,   4220,    678,      13,    651.6925,    120.4502,      0.0000,    531.2423
    6755,    676,   4201,    677,      13,    496.3109,    105.6210,      0.0000,    390.6899
    6756,    675,   4201,    676,      13,    494.3637,    104.4714,      0.0000,    389.8924
    6757,    674,   4201,    675,      13,    494.3637,    104.4714,      0.0000,    389.8924
    6758,   4201,    674,   4221,      13,    359.3166,     85.3983,      0.0000,    273.9182
    6759,   1587,   4201,   4221,      13,    398.1486,     86.6247,      0.0000,    311.5239
    6760,   1588,   4221,   1589,      13,    359.3166,     85.3983,      0.0000,    273.9182
    6761,    229,   1588,   1589,      13,    102.3753,     33.1756,      0.0000,     69.1998
    6762,    207,    696,   1523,      13,     96.8719,     35.3075,      0.0000,     61.5644
    6763,    697,    698,   4188,      13,     94.2538,     33.2078,      0.0000,     61.0460
    6764,    699,   4189,   4222,      13,     91.9215,     34.5075,      0.0000,     57.4140
    6765,    701,    247,   4223,      13,     90.0172,     34.6946,      0.0000,     55.3227
    6766,    702,    703,   4190,      13,     89.0835,     34.6379,      0.0000,     54.4455
    6767,    704,   4191,   4224,      13,     87.2871,     34.0259,      0.0000,     53.2612
    6768,    706,    707,   4225,      13,     88.4516,     34.8006,      0.0000,     53.6510
    6769,   4192,   4226,   4225,      13,     88.6278,     34.4776,      0.0000,     54.1503
    6770,   1389,   1390,   4227,      13,     92.6999,     36.3241,      0.0000,     56.3758
    6771,   1391,   1392,   4193,      13,     98.2869,     38.1077,      0.0000,     60.1792
    6772,   1393,   4194,   4228,      13,    110.6130,     40.3231,      0.0000,     70.2899
    6773,   1395,   1396,   4229,      13,    133.0529,     45.0530,      0.0000,     87.9999
    6774,   1397,   1398,   4195,      13,    141.6436,     44.1947,      0.0000,     97.4489
    6775,   1399,   4196,   4230,      13,    144.7334,     45.0282,      0.0000,     99.7052
    6776,   1401,   1402,   4231,      13,    116.5935,     42.3914,      0.0000,     74.2020
    6777,   1403,   1404,   4197,      13,    117.3799,     43.0064,      0.0000,     74.3736
    6778,   1405,   4198,   4232,      13,    131.5512,     48.1651,      0.0000,     83.3862
    6779,   1407,   1408,   4233,      13,    145.2540,     53.0629,      0.0000,     92.1911
    6780,   1409,   1410,   4199,      13,    150.2277,     54.7760,      0.0000,     95.4517
    6781,   1410,   1411,   4219,      13,    276.6154,     90.0817,      0.0000,    186.5338
    6782,   1586,   4202,   4219,      13,    153.5826,     54.7786,      0.0000,     98.8040
    6783,    231,   1585,   4202,      13,    147.6932,     53.5836,      0.0000,     94.1096
    6784,   1408,   4199,   4233,      13,    143.0429,     52.1767,      0.0000,     90.8662
    6785,   4199,   1410,   4219,      13,    168.8640,     61.0615,      0.0000,    107.8025
    6786,   1585,    232,   4234,      13,    134.6589,     49.2290,      0.0000,     85.4299
    6787,   1407,   4233,   4234,      13,    143.0429,     52.1767,      0.0000,     90.8662
    6788,   4199,   4219,   4202,      13,    149.5874,     54.1186,      0.0000,     95.4688
    6789,   1585,   4234,   4233,      13,    136.0039,     49.7025,      0.0000,     86.3014
    6790,   4202,   1585,   4233,      13,    149.5874,     54.1186,      0.0000,     95.4688
    6791,   4199,   4202,   4233,      13,    150.0442,     54.6597,      0.0000,     95.3845
    6792,    698,    699,   4222,      13,     92.1678,     34.1635,      0.0000,     58.0043
    6793,    700,    701,   4189,      13,     91.8785,     34.3693,      0.0000,     57.5091
    6794,    247,   4190,   4223,      13,     90.0172,     34.6946,      0.0000,     55.3227
    6795,    703,    704,   4224,      13,     87.4945,     34.0717,      0.0000,     53.4229
    6796,    705,    706,   4191,      13,     86.9220,     33.9230,      0.0000,     52.9989
    6797,    707,   1386,   4225,      13,     88.1699,     34.4419,      0.0000,     53.7280
    6798,   4226,   4192,   4235,      13,     88.6278,     34.4776,      0.0000,     54.1503
    6799,   1390,   4193,   4227,      13,     96.1376,     37.4040,      0.0000,     58.7336
    6800,   1392,   1393,   4228,      13,    108.4906,     40.2036,      0.0000,     68.2870
    6801,   1394,   1395,   4194,      13,    110.8112,     40.8248,      0.0000,     69.9864
    6802,   1396,   4195,   4229,      13,    133.0529,     45.0530,      0.0000,     87.9999
    6803,   1398,   1399,   4230,      13,    150.9367,     45.7834,      0.0000,    105.1533
    6804,   1400,   1401,   4237,      13,    118.5005,     42.0431,      0.0000,     76.4574
    6805,   1402,   4197,   4231,      13,    115.7212,     41.4266,      0.0000,     74.2946
    6806,   1404,   1405,   4236,      13,    119.0167,     43.7065,      0.0000,     75.3102
    6807,   1406,   1407,   4198,      13,    131.5586,     48.1119,      0.0000,     83.4468
    6808,    232,   4203,   4234,      13,    131.8197,     48.2675,      0.0000,     83.5523
    6809,   1583,   4236,   4232,      13,    120.8364,     44.1907,      0.0000,     76.6457
    6810,    234,   1582,   4204,      13,    116.3535,     41.9629,      0.0000,     74.3906
    6811,    235,   4205,   4237,      13,    144.3263,     39.7242,      0.0000,    104.6021
    6812,    236,   1580,   4238,      13,    106.7189,     36.4041,      0.0000,     70.3148
    6813,    237,   1579,   4206,      13,     98.4466,     35.8765,      0.0000,     62.5701
    6814,   1386,   1387,   4225,      13,     89.0820,     35.2308,      0.0000,     53.8512
    6815,   4235,   4240,   4266,      13,     95.7873,     37.6942,      0.0000,     58.0931
    6816,   1388,   1389,   4192,      13,     91.4577,     36.0763,      0.0000,     55.3814
    6817,   4193,   4241,   4249,      13,     98.8741,     37.9605,      0.0000,     60.9136
    6818,   4228,   4194,   4242,      13,    110.6130,     40.3231,      0.0000,     70.2899
    6819,   4229,   4195,   4243,      13,    142.7027,     45.6883,      0.0000,     97.0144
    6820,   4198,   1407,   4234,      13,    131.5512,     48.1651,      0.0000,     83.3862
    6821,   1583,   4204,   4236,      13,    117.0627,     42.2166,      0.0000,     74.8462
    6822,   1582,    235,   4237,      13,    127.9613,     37.8528,      0.0000,     90.1085
    6823,    236,   4205,   1581,      13,    136.8432,     36.6874,      0.0000,    100.1558
    6824,   1580,   4206,   4238,      13,    121.9739,     39.2979,      0.0000,     82.6760
    6825,   1579,    238,   4244,      13,    189.4045,     48.0263,      0.0000,    141.3782
    6826,   1534,   4183,   1535,      13,    219.2563,     54.0528,      0.0000,    165.2035
    6827,   1533,   4184,   4245,      13,    146.9167,     44.1931,      0.0000,    102.7236
    6828,   1531,   1530,   4246,      13,    113.5328,     38.1111,      0.0000,     75.4217
    6829,   1528,   4185,   1529,      13,    111.4267,     38.6425,      0.0000,     72.7842
    6830,   1527,   4186,   4247,      13,    100.3473,     35.7420,      0.0000,     64.6053
    6831,   1525,   1524,   4248,      13,     97.5889,     35.2575,      0.0000,     62.3314
    6832,    696,   4187,   1523,      13,     95.6985,     34.0668,      0.0000,     61.6317
    6833,    698,   4222,   4264,      13,     94.7707,     33.6877,      0.0000,     61.0830
    6834,   4189,    701,   4223,      13,     91.4949,     34.6013,      0.0000,     56.8936
    6835,   4190,    703,   4224,      13,     88.7293,     34.4862,      0.0000,     54.2431
    6836,   4191,    706,   4225,      13,     87.1954,     33.9963,      0.0000,     53.1991
    6837,   1387,   4192,   4225,      13,     90.1494,     35.4893,      0.0000,     54.6601
    6838,   4240,   4235,   4249,      13,     96.6251,     37.4435,      0.0000,     59.1816
    6839,   4192,   1389,   4227,      13,     93.6812,     36.3850,      0.0000,     57.2962
    6840,   4193,   1392,   4228,      13,     97.6790,     37.7429,      0.0000,     59.9360
    6841,   4194,   4229,   4242,      13,    123.2987,     43.2047,      0.0000,     80.0940
    6842,   4242,   4243,   4250,      13,    125.7023,     46.1737,      0.0000,     79.5286
    6843,   4195,   1398,   4230,      13,    142.7027,     45.6883,      0.0000,     97.0144
    6844,   4198,   4234,   4203,      13,    131.8197,     48.2675,      0.0000,     83.5523
    6845,   4198,   4203,   4232,      13,    131.8197,     48.2675,      0.0000,     83.5523
    6846,   4243,   4251,   4250,      13,    141.3615,     47.5270,      0.0000,     93.8345
    6847,   4195,   4230,   4243,      13,    142.7027,     45.6883,      0.0000,     97.0144
    6848,   1584,   4232,   4203,      13,    131.8197,     48.2675,      0.0000,     83.5523
    6849,   4230,   4251,   4243,      13,    162.3362,     48.9444,      0.0000,    113.3918
    6850,    233,   4232,   1584,      13,    125.6642,     46.0316,      0.0000,     79.6325
    6851,    236,   4251,   4230,      13,    157.2471,     41.3137,      0.0000,    115.9333
    6852,    233,   1583,   4232,      13,    125.6642,     46.0316,      0.0000,     79.6325
    6853,   4205,    236,   4230,      13,    144.3263,     39.7242,      0.0000,    104.6021
    6854,   1405,   4232,   4236,      13,    120.8364,     44.1907,      0.0000,     76.6457
    6855,   4196,   4205,   4230,      13,    144.7334,     45.0282,      0.0000,     99.7052
    6856,   4197,   1404,   4236,      13,    120.8364,     44.1907,      0.0000,     76.6457
    6857,   4196,   4237,   4205,      13,    144.7334,     45.0282,      0.0000,     99.7052
    6858,   4197,   4236,   4204,      13,    117.3272,     42.8278,      0.0000,     74.4995
    6859,   1400,   4237,   4196,      13,    144.7334,     45.0282,      0.0000,     99.7052
    6860,   4197,   4204,   4231,      13,    117.3272,     42.8278,      0.0000,     74.4995
    6861,   1401,   4231,   4237,      13,    115.7212,     41.4266,      0.0000,     74.2946
    6862,   1582,   4237,   4231,      13,    115.7212,     41.4266,      0.0000,     74.2946
    6863,   1582,   4231,   4204,      13,    117.0627,     42.2166,      0.0000,     74.8462
    6864,   4223,   4190,   4252,      13,     89.4432,     34.6659,      0.0000,     54.7773
    6865,   4191,   4225,   4226,      13,     88.6278,     34.4776,      0.0000,     54.1503
    6866,   4240,   4249,   4253,      13,     96.6251,     37.4435,      0.0000,     59.1816
    6867,   4192,   4227,   4235,      13,     90.7044,     35.4745,      0.0000,     55.2299
    6868,   4193,   4228,   4241,      13,     98.8741,     37.9605,      0.0000,     60.9136
    6869,   4194,   1395,   4229,      13,    116.2672,     41.9118,      0.0000,     74.3554
    6870,   4250,   4251,   4254,      13,    162.3362,     48.9444,      0.0000,    113.3918
    6871,   4206,   1579,   4244,      13,    118.7008,     35.2578,      0.0000,     83.4430
    6872,    238,   4239,   4244,      13,    189.4045,     48.0263,      0.0000,    141.3782
    6873,   1534,   1533,   4245,      13,    203.0269,     52.8743,      0.0000,    150.1526
    6874,   1531,   4184,   1532,      13,    133.2203,     41.2588,      0.0000,     91.9615
    6875,   1530,   4185,   4246,      13,    113.5328,     38.1111,      0.0000,     75.4217
    6876,   1528,   1527,   4247,      13,    102.0683,     36.3291,      0.0000,     65.7391
    6877,   1525,   4186,   1526,      13,    101.9032,     36.7245,      0.0000,     65.1786
    6878,   1524,   4187,   4248,      13,     96.6372,     34.2785,      0.0000,     62.3587
    6879,    696,    697,   4187,      13,     95.8462,     34.3829,      0.0000,     61.4633
    6880,   4222,   4189,   4255,      13,     91.9215,     34.5075,      0.0000,     57.4140
    6881,   4190,   4224,   4252,      13,     89.4432,     34.6659,      0.0000,     54.7773
    6882,   4224,   4191,   4226,      13,     87.2871,     34.0259,      0.0000,     53.2612
    6883,   4240,   4253,   4256,      13,     95.7873,     37.6942,      0.0000,     58.0931
    6884,   4227,   4249,   4235,      13,     96.6251,     37.4435,      0.0000,     59.1816
    6885,   4228,   4242,   4257,      13,    114.6036,     43.4469,      0.0000,     71.1567
    6886,   4250,   4254,   4271,      13,    125.7023,     46.1737,      0.0000,     79.5286
    6887,    236,   4238,   4251,      13,    121.9739,     39.2979,      0.0000,     82.6760
    6888,   4244,   4259,   4258,      13,    134.6620,     50.0158,      0.0000,     84.6462
    6889,   4183,   1534,   4245,      13,    204.2967,     54.0158,      0.0000,    150.2809
    6890,   4184,   1531,   4246,      13,    124.4228,     40.2165,      0.0000,     84.2063
    6891,   4185,   1528,   4247,      13,    108.0507,     37.5891,      0.0000,     70.4616
    6892,   4186,   1525,   4248,      13,     99.8099,     35.9066,      0.0000,     63.9033
    6893,   4187,   4188,   4248,      13,     95.6985,     34.0668,      0.0000,     61.6317
    6894,   4222,   4255,   4260,      13,     92.2653,     35.3243,      0.0000,     56.9411
    6895,   4252,   4261,   4255,      13,     92.9292,     36.1440,      0.0000,     56.7852
    6896,   4224,   4226,   4235,      13,     88.6278,     34.4776,      0.0000,     54.1503
    6897,   4246,   4185,   4263,      13,    110.2250,     38.0311,      0.0000,     72.1939
    6898,   4248,   4264,   4269,      13,     96.6372,     34.2785,      0.0000,     62.3587
    6899,   4260,   4265,   4276,      13,     99.1339,     37.4064,      0.0000,     61.7275
    6900,   4189,   4223,   4255,      13,     90.9412,     34.8082,      0.0000,     56.1329
    6901,   4252,   4266,   4261,      13,     92.9292,     36.1440,      0.0000,     56.7852
    6902,   4256,   4267,   4278,      13,     95.5047,     37.5860,      0.0000,     57.9188
    6903,   4229,   4243,   4242,      13,    123.2987,     43.2047,      0.0000,     80.0940
    6904,   4238,   4254,   4251,      13,    121.9739,     39.2979,      0.0000,     82.6760
    6905,   4239,   4183,   4245,      13,    204.2967,     54.0158,      0.0000,    150.2809
    6906,   4246,   4268,   4275,      13,    121.6522,     45.3021,      0.0000,     76.3501
    6907,   4185,   4247,   4263,      13,    107.3763,     38.9101,      0.0000,     68.4662
    6908,   4188,   4264,   4248,      13,     94.7707,     33.6877,      0.0000,     61.0830
    6909,   4206,   4254,   4238,      13,    121.9739,     39.2979,      0.0000,     82.6760
    6910,   4244,   4239,   4245,      13,    214.3618,     55.9328,      0.0000,    158.4290
    6911,   4246,   4263,   4268,      13,    107.3763,     38.9101,      0.0000,     68.4662
    6912,   4247,   4186,   4269,      13,    100.3473,     35.7420,      0.0000,     64.6053
    6913,    698,   4264,   4188,      13,     94.3184,     33.2278,      0.0000,     61.0906
    6914,   4267,   4270,   4272,      13,    105.4417,     42.3907,      0.0000,     63.0510
    6915,   4262,   4257,   4271,      13,    114.6036,     43.4469,      0.0000,     71.1567
    6916,   4206,   4258,   4254,      13,    114.0624,     42.2966,      0.0000,     71.7658
    6917,   4244,   4245,   4259,      13,    134.6620,     50.0158,      0.0000,     84.6462
    6918,   4268,   4263,   4272,      13,    107.3763,     38.9101,      0.0000,     68.4662
    6919,   4186,   4248,   4269,      13,     97.0606,     34.2461,      0.0000,     62.8145
    6920,   4270,   4267,   4273,      13,    105.4417,     42.3907,      0.0000,     63.0510
    6921,   4262,   4271,   4274,      13,    111.7030,     43.3485,      0.0000,     68.3545
    6922,   4242,   4250,   4257,      13,    114.6036,     43.4469,      0.0000,     71.1567
    6923,   4206,   4244,   4258,      13,    105.1493,     37.0342,      0.0000,     68.1151
    6924,   4184,   4275,   4277,      13,    121.6522,     45.3021,      0.0000,     76.3501
    6925,   4247,   4272,   4263,      13,    107.3763,     38.9101,      0.0000,     68.4662
    6926,   4264,   4222,   4276,      13,     94.7707,     33.6877,      0.0000,     61.0830
    6927,   4222,   4260,   4276,      13,     96.5000,     35.0662,      0.0000,     61.4339
    6928,   4268,   4274,   4277,      13,    114.4984,     43.9327,      0.0000,     70.5656
    6929,   4184,   4246,   4275,      13,    121.6522,     45.3021,      0.0000,     76.3501
    6930,   4265,   4267,   4272,      13,     99.1339,     37.4064,      0.0000,     61.7275
    6931,   4245,   4277,   4259,      13,    134.6620,     50.0158,      0.0000,     84.6462
    6932,   4268,   4272,   4270,      13,    105.4417,     42.3907,      0.0000,     63.0510
    6933,   4184,   4277,   4245,      13,    130.4040,     43.6104,      0.0000,     86.7937
    6934,   4268,   4270,   4274,      13,    105.4417,     42.3907,      0.0000,     63.0510
    6935,   4275,   4268,   4277,      13,    121.6522,     45.3021,      0.0000,     76.3501
    6936,   4259,   4277,   4274,      13,    134.6620,     50.0158,      0.0000,     84.6462
    6937,   4258,   4259,   4274,      13,    134.6620,     50.0158,      0.0000,     84.6462
    6938,   4258,   4274,   4271,      13,    113.8570,     42.9395,      0.0000,     70.9175
    6939,   4254,   4258,   4271,      13,    114.0624,     42.2966,      0.0000,     71.7658
    6940,   4250,   4271,   4257,      13,    114.6036,     43.4469,      0.0000,     71.1567
    6941,   4269,   4264,   4276,      13,     97.0606,     34.2461,      0.0000,     62.8145
    6942,   4247,   4265,   4272,      13,     99.1339,     37.4064,      0.0000,     61.7275
    6943,   4247,   4276,   4265,      13,     99.1339,     37.4064,      0.0000,     61.7275
    6944,   4247,   4269,   4276,      13,     97.0606,     34.2461,      0.0000,     62.8145
    6945,   4270,   4273,   4274,      13,    105.4417,     42.3907,      0.0000,     63.0510
    6946,   4256,   4273,   4267,      13,    103.8857,     41.7976,      0.0000,     62.0880
    6947,   4262,   4274,   4273,      13,    103.8857,     41.7976,      0.0000,     62.0880
    6948,   4256,   4262,   4273,      13,    103.8857,     41.7976,      0.0000,     62.0880
    6949,   4223,   4252,   4255,      13,     90.9412,     34.8082,      0.0000,     56.1329
    6950,   4224,   4266,   4252,      13,     90.9460,     35.2620,      0.0000,     55.6840
    6951,   4260,   4255,   4261,      13,     92.9292,     36.1440,      0.0000,     56.7852
    6952,   4224,   4235,   4266,      13,     92.3948,     36.1533,      0.0000,     56.2415
    6953,   4260,   4261,   4278,      13,     92.9292,     36.1440,      0.0000,     56.7852
    6954,   4261,   4266,   4278,      13,     92.9292,     36.1440,      0.0000,     56.7852
    6955,   4240,   4278,   4266,      13,     92.3948,     36.1533,      0.0000,     56.2415
    6956,   4240,   4256,   4278,      13,     95.7873,     37.6942,      0.0000,     58.0931
    6957,   4260,   4278,   4267,      13,     95.5047,     37.5860,      0.0000,     57.9188
    6958,   4265,   4260,   4267,      13,     99.1339,     37.4064,      0.0000,     61.7275
    6959,   4193,   4249,   4227,      13,     96.6251,     37.4435,      0.0000,     59.1816
    6960,   4228,   4257,   4262,      13,    114.6036,     43.4469,      0.0000,     71.1567
    6961,   4253,   4262,   4256,      13,    100.3165,     39.9229,      0.0000,     60.3936
    6962,   4241,   4253,   4249,      13,     98.8741,     37.9605,      0.0000,     60.9136
    6963,   4228,   4262,   4253,      13,    100.0858,     38.8336,      0.0000,     61.2521
    6964,   4228,   4253,   4241,      13,     98.8741,     37.9605,      0.0000,     60.9136
    6965,   4209,   4215,   4279,      13,    153.2438,     50.2796,      0.0000,    102.9642
    6966,   1540,   4181,   1541,      13,    144.4048,     47.9074,      0.0000,     96.4973
    6967,   1542,   4279,   4215,      13,    153.2438,     50.2796,      0.0000,    102.9642
    6968,   1540,   1539,   4280,      13,    141.9923,     47.1832,      0.0000,     94.8091
    6969,    240,   1576,   4208,      13,    138.4547,     46.7062,      0.0000,     91.7485
    6970,    241,   4209,   4279,      13,    149.2614,     49.2563,      0.0000,    100.0051
    6971,   1542,   4181,   4279,      13,    149.2614,     49.2563,      0.0000,    100.0051
    6972,   4181,   1540,   4280,      13,    138.8632,     46.4405,      0.0000,     92.4227
    6973,   1576,    241,   4279,      13,    151.9600,     49.9942,      0.0000,    101.9657
    6974,   4181,   4280,   4208,      13,    138.8632,     46.4405,      0.0000,     92.4227
    6975,   1576,   4279,   4181,      13,    149.2614,     49.2563,      0.0000,    100.0051
    6976,   1576,   4181,   4208,      13,    138.5371,     46.6340,      0.0000,     91.9031
    6977,   1537,   4182,   1538,      13,    140.7330,     46.1747,      0.0000,     94.5584
    6978,   4183,   4239,   4281,      13,    204.2967,     54.0158,      0.0000,    150.2809
    6979,    239,   4207,   1578,      13,    135.0498,     42.2999,      0.0000,     92.7499
    6980,   4208,   4280,   4282,      13,    138.5371,     46.6340,      0.0000,     91.9031
    6981,   1536,   4183,   4281,      13,    187.3416,     52.0211,      0.0000,    135.3206
    6982,    238,   4207,   4239,      13,    189.4045,     48.0263,      0.0000,    141.3782
    6983,   1577,   4208,   4282,      13,    138.5371,     46.6340,      0.0000,     91.9031
    6984,   1539,   4282,   4280,      13,    138.8632,     46.4405,      0.0000,     92.4227
    6985,   1537,   1536,   4281,      13,    187.3416,     52.0211,      0.0000,    135.3206
    6986,   4207,   4281,   4239,      13,    163.9540,     50.0436,      0.0000,    113.9103
    6987,    239,   1577,   4282,      13,    135.5181,     45.7731,      0.0000,     89.7449
    6988,   1539,   4182,   4282,      13,    142.1482,     46.3852,      0.0000,     95.7631
    6989,   4182,   1537,   4281,      13,    152.7546,     48.6134,      0.0000,    104.1411
    6990,   4207,    239,   4282,      13,    134.4075,     43.7278,      0.0000,     90.6797
    6991,   4182,   4281,   4207,      13,    163.9540,     50.0436,      0.0000,    113.9103
    6992,   4182,   4207,   4282,      13,    142.1482,     46.3852,      0.0000,     95.7631
    6993,   1329,   1590,   4291,       7,      0.0000,      0.0000,      0.0000,      0.0000
    6994,   1329,   1330,   1590,       7,      0.0000,      0.0000,      0.0000,      0.0000
    6995,   1519,    190,   1594,       7,      0.0000,      0.0000,      0.0000,      0.0000
    6996,   1330,   1593,   1590,       7,      0.0000,      0.0000,      0.0000,      0.0000
    6997,   1519,   1594,   1591,       7,      0.0000,      0.0000,      0.0000,      0.0000
    6998,    174,   1593,   1330,       7,      0.0000,      0.0000,      0.0000,      0.0000
    6999,    174,   1519,   1591,       7,      0.0000,      0.0000,      0.0000,      0.0000
    7000,    174,   1591,   1593,       7,      0.0000,      0.0000,      0.0000,      0.0000
    7001,   1592,   1314,   4292,       7,      0.0000,      0.0000,      0.0000,      0.0000
    7002,   1313,   1314,   1592,       7,      0.0000,      0.0000,      0.0000,      0.0000
    7003,    190,   4305,   1594,       7,      0.0000,      0.0000,      0.0000,      0.0000
    7004,   1313,   4305,    190,       7,      0.0000,      0.0000,      0.0000,      0.0000
    7005,   1418,    199,   1595,       2,      0.0000,      0.0000,      0.0000,      0.0000
    7006,   1418,   1595,   1596,       2,      0.0000,      0.0000,      0.0000,      0.0000
    7007,   1416,   1417,   1597,       2,      0.0000,      0.0000,      0.0000,      0.0000
    7008,   1417,   1418,   1596,       2,      0.0000,      0.0000,      0.0000,      0.0000
    7009,   1417,   1596,   1597,       2,      0.0000,      0.0000,      0.0000,      0.0000
    7010,   1416,   1597,   1598,       2,      0.0000,      0.0000,      0.0000,      0.0000
    7011,    200,   1600,   1522,       2,      0.0000,      0.0000,      0.0000,      0.0000
    7012,   1415,   1416,   1598,       2,      0.0000,      0.0000,      0.0000,      0.0000
    7013,    200,   1599,   1600,       2,      0.0000,      0.0000,      0.0000,      0.0000
    7014,   1415,   1598,   1599,       2,      0.0000,      0.0000,      0.0000,      0.0000
    7015,    200,   1415,   1599,       2,      0.0000,      0.0000,      0.0000,      0.0000
    7016,   1522,   1600,   1601,       2,      0.0000,      0.0000,      0.0000,      0.0000
    7017,    195,   1513,   1608,       2,      0.0000,      0.0000,      0.0000,      0.0000
    7018,   1521,   1522,   1601,       2,      0.0000,      0.0000,      0.0000,      0.0000
    7019,   1513,   1607,   1608,       2,      0.0000,      0.0000,      0.0000,      0.0000
    7020,   1521,   1601,   1602,       2,      0.0000,      0.0000,      0.0000,      0.0000
    7021,   1513,   1514,   1607,       2,      0.0000,      0.0000,      0.0000,      0.0000
    7022,   1520,   1521,   1602,       2,      0.0000,      0.0000,      0.0000,      0.0000
    7023,   1514,   1606,   1607,       2,      0.0000,      0.0000,      0.0000,      0.0000
    7024,   1520,   1602,   1603,       2,      0.0000,      0.0000,      0.0000,      0.0000
    7025,   1514,   1515,   1606,       2,      0.0000,      0.0000,      0.0000,      0.0000
    7026,    194,   1520,   1603,       2,      0.0000,      0.0000,      0.0000,      0.0000
    7027,   1515,   1605,   1606,       2,      0.0000,      0.0000,      0.0000,      0.0000
    7028,    194,   1603,   1604,       2,      0.0000,      0.0000,      0.0000,      0.0000
    7029,   1515,   1516,   1605,       2,      0.0000,      0.0000,      0.0000,      0.0000
    7030,   1516,    194,   1604,       2,      0.0000,      0.0000,      0.0000,      0.0000
    7031,   1516,   1604,   1605,       2,      0.0000,      0.0000,      0.0000,      0.0000
    7032,   1552,   1611,   4293,       6,      0.0000,      0.0000,      0.0000,      0.0000
    7033,   1551,   1611,   1552,       6,      0.0000,      0.0000,      0.0000,      0.0000
    7034,    210,   1609,   1612,       6,      0.0000,      0.0000,      0.0000,      0.0000
    7035,   1611,   1551,   4308,       6,      0.0000,      0.0000,      0.0000,      0.0000
    7036,    210,   1612,   1618,       6,      0.0000,      0.0000,      0.0000,      0.0000
    7037,    210,   1618,   4308,       6,      0.0000,      0.0000,      0.0000,      0.0000
    7038,   1609,   1617,   1612,       6,      0.0000,      0.0000,      0.0000,      0.0000
    7039,   1613,   1567,   4294,       6,      0.0000,      0.0000,      0.0000,      0.0000
    7040,    226,   1617,   1609,       6,      0.0000,      0.0000,      0.0000,      0.0000
    7041,   1568,   1567,   1613,       6,      0.0000,      0.0000,      0.0000,      0.0000
    7042,    226,   1568,   1617,       6,      0.0000,      0.0000,      0.0000,      0.0000
    7043,   1568,   1613,   1617,       6,      0.0000,      0.0000,      0.0000,      0.0000
    7044,    245,   1619,   1615,       5,      0.0000,      0.0000,      0.0000,      0.0000
    7045,   1587,   1616,   4295,       5,      0.0000,      0.0000,      0.0000,      0.0000
    7046,   1610,    245,   1615,       5,      0.0000,      0.0000,      0.0000,      0.0000
    7047,   1587,   1588,   1616,       5,      0.0000,      0.0000,      0.0000,      0.0000
    7048,   1610,   1615,   1620,       5,      0.0000,      0.0000,      0.0000,      0.0000
    7049,   1616,   1588,   4309,       5,      0.0000,      0.0000,      0.0000,      0.0000
    7050,    229,   1610,   1620,       5,      0.0000,      0.0000,      0.0000,      0.0000
    7051,    229,   1620,   4309,       5,      0.0000,      0.0000,      0.0000,      0.0000
    7052,    245,   1571,   1619,       5,      0.0000,      0.0000,      0.0000,      0.0000
    7053,   1614,   1572,   4296,       5,      0.0000,      0.0000,      0.0000,      0.0000
    7054,   1571,   1614,   1619,       5,      0.0000,      0.0000,      0.0000,      0.0000
    7055,   1571,   1572,   1614,       5,      0.0000,      0.0000,      0.0000,      0.0000
    7056,     15,   4283,   3137,      16,     40.7530,      0.0000,     40.7530,      0.0000
    7057,    106,   2035,   2033,       3,    790.1559,     64.6497,      0.0000,    725.5062
    7058,   1178,   3359,   4285,      17,   1712.4753,      0.0000,   1712.4753,      0.0000
    7059,    109,   2040,   4285,       3,    158.5619,     77.1834,      0.0000,     81.3785
    7060,    120,   3364,   4286,      17,    436.5269,      0.0000,    436.5269,      0.0000
    7061,   1167,   3085,   4286,       3,    291.2761,     73.1423,      0.0000,    218.1338
    7062,    131,   4298,   4287,       9,      0.0000,      0.0000,      0.0000,      0.0000
    7063,    145,   4288,   1235,       9,      0.0000,      0.0000,      0.0000,      0.0000
    7064,    153,   4299,   4289,       8,      0.0000,      0.0000,      0.0000,      0.0000
    7065,   1303,   4300,   4290,       8,      0.0000,      0.0000,      0.0000,      0.0000
    7066,    175,   4306,   4291,       7,      0.0000,      0.0000,      0.0000,      0.0000
    7067,    189,   4292,   1314,       7,      0.0000,      0.0000,      0.0000,      0.0000
    7068,    211,   4301,   4293,       6,      0.0000,      0.0000,      0.0000,      0.0000
    7069,    225,   4294,   1567,       6,      0.0000,      0.0000,      0.0000,      0.0000
    7070,    230,   4302,   4295,       5,      0.0000,      0.0000,      0.0000,      0.0000
    7071,   1572,   4303,   4296,       5,      0.0000,      0.0000,      0.0000,      0.0000
    7072,   1929,   4297,   1932,       4,      0.0000,      0.0000,      0.0000,      0.0000
    7073,   1919,   1932,   4297,       4,      0.0000,      0.0000,      0.0000,      0.0000
    7074,   1250,   4287,   4298,       9,      0.0000,      0.0000,      0.0000,      0.0000
    7075,   1250,   4298,   3393,       1,    224.8952,     52.3007,      0.0000,    172.5945
    7076,   1288,   4289,   4299,       8,      0.0000,      0.0000,      0.0000,      0.0000
    7077,   1288,   4299,   3495,      10,    267.1398,     79.6931,      0.0000,    187.4467
    7078,    167,   4290,   4300,       8,      0.0000,      0.0000,      0.0000,      0.0000
    7079,    167,   4300,   3505,      10,    394.2164,     97.2596,      0.0000,    296.9568
    7080,   1552,   4293,   4301,       6,      0.0000,      0.0000,      0.0000,      0.0000
    7081,   1552,   4301,   4074,      12,    272.3339,     79.6517,      0.0000,    192.6822
    7082,   1587,   4295,   4302,       5,      0.0000,      0.0000,      0.0000,      0.0000
    7083,   1587,   4302,   4201,      13,    217.3879,     48.9956,      0.0000,    168.3923
    7084,    244,   4296,   4303,       5,      0.0000,      0.0000,      0.0000,      0.0000
    7085,    244,   4303,   4211,      13,    315.7929,     95.1397,      0.0000,    220.6532
    7086,   1234,   1256,   4304,       9,      0.0000,      0.0000,      0.0000,      0.0000
    7087,   1313,   1592,   4305,       7,      0.0000,      0.0000,      0.0000,      0.0000
    7088,   4291,   4306,   1329,       7,      0.0000,      0.0000,      0.0000,      0.0000
    7089,   1329,   4306,   3634,      11,    292.0166,     61.5731,      0.0000,    230.4435
    7090,    152,   4307,   1287,       8,      0.0000,      0.0000,      0.0000,      0.0000
    7091,    210,   4308,   1551,       6,      0.0000,      0.0000,      0.0000,      0.0000
    7092,    229,   4309,   1588,       5,      0.0000,      0.0000,      0.0000,      0.0000
    7093,   4311,   4310,   1931,       4,      0.0000,      0.0000,      0.0000,      0.0000
    7094,   1932,   1931,   4310,       4,      0.0000,      0.0000,      0.0000,      0.0000
    7095,   1909,   4311,   1933,       4,      0.0000,      0.0000,      0.0000,      0.0000
    7096,   1928,   1933,   4311,       4,      0.0000,      0.0000,      0.0000,      0.0000
2 4311 NodesTable

NodeIndex,    X    ,    Y    ,     Pt     
   [-]   ,  [mm]   ,  [mm]   ,   [W/kg]   
---------,---------,---------,------------
        1,  -20.991,  -10.466,      0.0000
        2,    0.000,    0.000,      0.0000
        3,  -15.388,  -17.702,      0.0000
        4,   -7.442,  -22.243,      0.0000
        5,  -62.887,  -31.354,      0.0000
        6,  -46.101,  -53.033,      0.0000
        7,  -22.297,  -66.639,      0.0000
        8,  -30.703,  -40.425,      0.0000
        9,  -31.815,  -39.351,      0.0000
       10,  -33.284,  -39.829,      0.0000
       11,  -34.645,  -41.395,      0.0000
       12,  -34.975,  -42.041,      0.0000
       13,  -34.962,  -42.767,      0.0000
       14,  -34.911,  -42.957,      0.0000
       15,  -34.861,  -42.578,      0.0000
       16,  -34.558,  -42.345,      0.0000
       17,  -31.158,  -41.434,      0.0000
       18,  -30.778,  -41.484,      0.0000
       19,  -30.545,  -41.787,      0.0000
       20,  -25.638,  -60.101,      0.0000
       21,  -25.688,  -60.481,      0.0000
       22,  -25.992,  -60.714,      0.0000
       23,  -29.392,  -61.625,      0.0000
       24,  -29.771,  -61.575,      0.0000
       25,  -30.004,  -61.271,      0.0000
       26,  -29.785,  -62.090,      0.0000
       27,  -29.583,  -62.477,      0.0000
       28,  -29.237,  -62.742,      0.0000
       29,  -26.467,  -63.960,      0.0000
       30,  -26.069,  -63.953,      0.0000
       31,  -25.802,  -63.657,      0.0000
       32,  -25.411,  -62.489,      0.0000
       33,  -25.334,  -62.032,      0.0000
       34,  -25.318,  -60.739,      0.0000
       35,  -25.369,  -60.333,      0.0000
       36,  -25.445,  -60.049,      0.0000
       37,  -30.482,  -41.253,      0.0000
       38,  -34.541,  -36.982,      0.0000
       39,  -35.758,  -36.031,      0.0000
       40,  -36.609,  -35.926,      0.0000
       41,  -55.924,  -33.555,      0.0000
       42,  -56.215,  -33.519,      0.0000
       43,  -56.625,  -33.525,      0.0000
       44,  -57.902,  -33.720,      0.0000
       45,  -58.344,  -33.861,      0.0000
       46,  -59.446,  -34.410,      0.0000
       47,  -59.703,  -34.716,      0.0000
       48,  -59.654,  -35.111,      0.0000
       49,  -58.063,  -37.684,      0.0000
       50,  -57.752,  -37.990,      0.0000
       51,  -57.340,  -38.136,      0.0000
       52,  -56.499,  -38.239,      0.0000
       53,  -56.832,  -38.051,      0.0000
       54,  -56.934,  -37.682,      0.0000
       55,  -56.505,  -34.188,      0.0000
       56,  -56.317,  -33.855,      0.0000
       57,  -55.948,  -33.753,      0.0000
       58,  -37.130,  -36.064,      0.0000
       59,  -36.796,  -36.252,      0.0000
       60,  -36.694,  -36.621,      0.0000
       61,  -37.123,  -40.115,      0.0000
       62,  -37.312,  -40.448,      0.0000
       63,  -37.680,  -40.550,      0.0000
       64,  -37.485,  -40.574,      0.0000
       65,  -36.764,  -40.486,      0.0000
       66,  -36.170,  -40.069,      0.0000
       67,  -34.809,  -38.504,      0.0000
       68,  -33.676,  -57.541,      0.0000
       69,  -32.715,  -59.273,      0.0000
       70,  -33.907,  -57.228,      0.0000
       71,  -34.118,  -57.009,      0.0000
       72,  -41.143,  -49.709,      0.0000
       73,  -42.020,  -49.349,      0.0000
       74,  -42.879,  -49.753,      0.0000
       75,  -43.485,  -50.451,      0.0000
       76,  -43.754,  -51.197,      0.0000
       77,  -43.448,  -51.929,      0.0000
       78,  -43.587,  -51.573,      0.0000
       79,  -43.434,  -51.222,      0.0000
       80,  -41.957,  -49.801,      0.0000
       81,  -41.601,  -49.661,      0.0000
       82,  -41.250,  -49.814,      0.0000
       83,  -34.226,  -57.113,      0.0000
       84,  -34.086,  -57.470,      0.0000
       85,  -34.240,  -57.820,      0.0000
       86,  -35.717,  -59.242,      0.0000
       87,  -36.073,  -59.381,      0.0000
       88,  -36.424,  -59.228,      0.0000
       89,  -35.856,  -59.818,      0.0000
       90,  -35.686,  -59.953,      0.0000
       91,  -33.404,  -61.254,      0.0000
       92,  -33.036,  -61.277,      0.0000
       93,  -32.783,  -61.010,      0.0000
       94,  -32.604,  -60.477,      0.0000
       95,  -32.533,  -59.863,      0.0000
       96,  -43.021,  -48.480,      0.0000
       97,  -43.500,  -47.660,      0.0000
       98,  -51.706,  -41.720,      0.0000
       99,  -51.952,  -41.542,      0.0000
      100,  -52.294,  -41.357,      0.0000
      101,  -54.143,  -40.646,      0.0000
      102,  -54.753,  -40.548,      0.0000
      103,  -55.351,  -40.704,      0.0000
      104,  -55.854,  -40.955,      0.0000
      105,  -56.083,  -41.243,      0.0000
      106,  -56.009,  -41.603,      0.0000
      107,  -54.403,  -43.682,      0.0000
      108,  -54.246,  -43.832,      0.0000
      109,  -53.583,  -44.312,      0.0000
      110,  -53.783,  -43.986,      0.0000
      111,  -53.694,  -43.614,      0.0000
      112,  -52.492,  -41.953,      0.0000
      113,  -52.166,  -41.753,      0.0000
      114,  -51.794,  -41.841,      0.0000
      115,  -43.588,  -47.781,      0.0000
      116,  -43.388,  -48.107,      0.0000
      117,  -43.477,  -48.480,      0.0000
      118,  -44.679,  -50.140,      0.0000
      119,  -45.005,  -50.341,      0.0000
      120,  -45.377,  -50.252,      0.0000
      121,  -44.610,  -50.453,      0.0000
      122,  -43.908,  -50.083,      0.0000
      123,  -43.302,  -49.386,      0.0000
      124,   70.004,  -70.004,      0.0000
      125,   50.396,  -50.396,      0.0000
      126,   74.432,  -65.275,      0.0000
      127,   78.542,  -60.267,      0.0000
      128,   56.542,  -43.386,      0.0000
      129,   54.052,  -46.452,      0.0000
      130,   54.804,  -47.111,      0.0000
      131,   56.071,  -46.094,      0.0000
      132,   57.644,  -47.473,      0.0000
      133,   59.217,  -48.853,      0.0000
      134,   60.790,  -50.232,      0.0000
      135,   62.362,  -51.611,      0.0000
      136,   63.935,  -52.991,      0.0000
      137,   65.508,  -54.370,      0.0000
      138,   63.982,  -56.110,      0.0000
      139,   62.455,  -57.851,      0.0000
      140,   60.882,  -56.472,      0.0000
      141,   59.310,  -55.092,      0.0000
      142,   57.737,  -53.713,      0.0000
      143,   56.164,  -52.334,      0.0000
      144,   54.591,  -50.954,      0.0000
      145,   53.018,  -49.575,      0.0000
      146,   53.861,  -48.186,      0.0000
      147,   53.109,  -47.527,      0.0000
      148,   82.315,  -55.001,      0.0000
      149,   85.737,  -49.500,      0.0000
      150,   61.722,  -35.635,      0.0000
      151,   59.653,  -38.999,      0.0000
      152,   60.485,  -39.555,      0.0000
      153,   61.608,  -38.381,      0.0000
      154,   63.347,  -39.543,      0.0000
      155,   65.087,  -40.705,      0.0000
      156,   66.826,  -41.868,      0.0000
      157,   68.565,  -43.030,      0.0000
      158,   70.305,  -44.192,      0.0000
      159,   72.044,  -45.354,      0.0000
      160,   70.758,  -47.279,      0.0000
      161,   69.472,  -49.204,      0.0000
      162,   67.733,  -48.042,      0.0000
      163,   65.993,  -46.879,      0.0000
      164,   64.254,  -45.717,      0.0000
      165,   62.514,  -44.555,      0.0000
      166,   60.775,  -43.393,      0.0000
      167,   59.036,  -42.231,      0.0000
      168,   59.690,  -40.744,      0.0000
      169,   58.859,  -40.188,      0.0000
      170,   88.790,  -43.787,      0.0000
      171,   91.464,  -37.886,      0.0000
      172,   65.845,  -27.274,      0.0000
      173,   64.233,  -30.879,      0.0000
      174,   65.130,  -31.321,      0.0000
      175,   66.091,  -30.011,      0.0000
      176,   67.967,  -30.936,      0.0000
      177,   69.843,  -31.862,      0.0000
      178,   71.719,  -32.787,      0.0000
      179,   73.595,  -33.712,      0.0000
      180,   75.472,  -34.637,      0.0000
      181,   77.348,  -35.563,      0.0000
      182,   76.324,  -37.639,      0.0000
      183,   75.300,  -39.715,      0.0000
      184,   73.424,  -38.790,      0.0000
      185,   71.548,  -37.865,      0.0000
      186,   69.671,  -36.939,      0.0000
      187,   67.795,  -36.014,      0.0000
      188,   65.919,  -35.089,      0.0000
      189,   64.043,  -34.164,      0.0000
      190,   64.498,  -32.604,      0.0000
      191,   63.601,  -32.162,      0.0000
      192,   71.161,   -3.948,      0.0000
      193,   71.270,    0.000,      0.0000
      194,   72.158,   -4.013,      0.0000
      195,   72.545,   -2.435,      0.0000
      196,   85.069,   -3.256,      0.0000
      197,   84.918,   -5.566,      0.0000
      198,   84.766,   -7.876,      0.0000
      199,   72.242,   -7.055,      0.0000
      200,   72.065,   -5.440,      0.0000
      201,   71.067,   -5.375,      0.0000
      202,   70.660,   -9.303,      0.0000
      203,   98.153,  -12.922,      0.0000
      204,   98.788,   -6.475,      0.0000
      205,   99.000,    0.000,      0.0000
      206,   93.746,  -31.823,      0.0000
      207,   95.627,  -25.623,      0.0000
      208,   68.842,  -18.446,      0.0000
      209,   67.714,  -22.231,      0.0000
      210,   68.661,  -22.552,      0.0000
      211,   69.443,  -21.128,      0.0000
      212,   71.423,  -21.800,      0.0000
      213,   73.404,  -22.473,      0.0000
      214,   75.385,  -23.145,      0.0000
      215,   77.366,  -23.818,      0.0000
      216,   79.347,  -24.490,      0.0000
      217,   81.328,  -25.162,      0.0000
      218,   80.584,  -27.354,      0.0000
      219,   79.840,  -29.547,      0.0000
      220,   77.859,  -28.874,      0.0000
      221,   75.878,  -28.202,      0.0000
      222,   73.897,  -27.529,      0.0000
      223,   71.916,  -26.857,      0.0000
      224,   69.935,  -26.185,      0.0000
      225,   67.954,  -25.512,      0.0000
      226,   68.201,  -23.906,      0.0000
      227,   67.254,  -23.585,      0.0000
      228,   70.037,  -13.202,      0.0000
      229,   71.017,  -13.397,      0.0000
      230,   71.606,  -11.883,      0.0000
      231,   73.658,  -12.291,      0.0000
      232,   75.710,  -12.699,      0.0000
      233,   77.761,  -13.107,      0.0000
      234,   79.813,  -13.515,      0.0000
      235,   81.865,  -13.924,      0.0000
      236,   83.916,  -14.332,      0.0000
      237,   83.465,  -16.602,      0.0000
      238,   83.013,  -18.873,      0.0000
      239,   80.961,  -18.465,      0.0000
      240,   78.910,  -18.056,      0.0000
      241,   76.858,  -17.648,      0.0000
      242,   74.806,  -17.240,      0.0000
      243,   72.755,  -16.832,      0.0000
      244,   70.703,  -16.424,      0.0000
      245,   70.738,  -14.800,      0.0000
      246,   69.758,  -14.605,      0.0000
      247,   97.098,  -19.314,      0.0000
      248,  -20.261,  -11.816,      0.0000
      249,  -19.445,  -13.116,      0.0000
      250,  -18.546,  -14.360,      0.0000
      251,  -17.567,  -15.542,      0.0000
      252,  -16.513,  -16.657,      0.0000
      253,  -14.197,  -18.670,      0.0000
      254,  -12.946,  -19.559,      0.0000
      255,  -11.639,  -20.364,      0.0000
      256,  -10.282,  -21.081,      0.0000
      257,   -8.881,  -21.709,      0.0000
      258,  -62.754,  -31.620,      0.0000
      259,  -62.620,  -31.884,      0.0000
      260,  -62.485,  -32.148,      0.0000
      261,  -62.349,  -32.412,      0.0000
      262,  -62.211,  -32.675,      0.0000
      263,  -62.073,  -32.937,      0.0000
      264,  -61.933,  -33.199,      0.0000
      265,  -61.792,  -33.460,      0.0000
      266,  -61.650,  -33.721,      0.0000
      267,  -61.507,  -33.981,      0.0000
      268,  -61.363,  -34.240,      0.0000
      269,  -61.218,  -34.499,      0.0000
      270,  -61.072,  -34.757,      0.0000
      271,  -60.925,  -35.015,      0.0000
      272,  -60.776,  -35.272,      0.0000
      273,  -60.627,  -35.528,      0.0000
      274,  -60.476,  -35.784,      0.0000
      275,  -60.325,  -36.039,      0.0000
      276,  -60.172,  -36.293,      0.0000
      277,  -60.018,  -36.547,      0.0000
      278,  -59.863,  -36.800,      0.0000
      279,  -59.707,  -37.053,      0.0000
      280,  -59.550,  -37.305,      0.0000
      281,  -59.392,  -37.556,      0.0000
      282,  -59.233,  -37.806,      0.0000
      283,  -59.073,  -38.056,      0.0000
      284,  -58.912,  -38.305,      0.0000
      285,  -58.750,  -38.553,      0.0000
      286,  -58.586,  -38.801,      0.0000
      287,  -58.422,  -39.048,      0.0000
      288,  -58.256,  -39.294,      0.0000
      289,  -58.090,  -39.540,      0.0000
      290,  -57.923,  -39.785,      0.0000
      291,  -57.754,  -40.029,      0.0000
      292,  -57.584,  -40.273,      0.0000
      293,  -57.414,  -40.516,      0.0000
      294,  -57.242,  -40.758,      0.0000
      295,  -57.070,  -40.999,      0.0000
      296,  -56.896,  -41.240,      0.0000
      297,  -56.721,  -41.480,      0.0000
      298,  -56.546,  -41.719,      0.0000
      299,  -56.369,  -41.957,      0.0000
      300,  -56.191,  -42.195,      0.0000
      301,  -56.013,  -42.432,      0.0000
      302,  -55.833,  -42.668,      0.0000
      303,  -55.652,  -42.903,      0.0000
      304,  -55.471,  -43.138,      0.0000
      305,  -55.288,  -43.372,      0.0000
      306,  -55.105,  -43.605,      0.0000
      307,  -54.920,  -43.837,      0.0000
      308,  -54.734,  -44.068,      0.0000
      309,  -54.548,  -44.299,      0.0000
      310,  -54.360,  -44.529,      0.0000
      311,  -54.172,  -44.758,      0.0000
      312,  -53.982,  -44.987,      0.0000
      313,  -53.792,  -45.214,      0.0000
      314,  -53.600,  -45.441,      0.0000
      315,  -53.408,  -45.667,      0.0000
      316,  -53.215,  -45.892,      0.0000
      317,  -53.020,  -46.116,      0.0000
      318,  -52.825,  -46.340,      0.0000
      319,  -52.629,  -46.562,      0.0000
      320,  -52.432,  -46.784,      0.0000
      321,  -52.234,  -47.005,      0.0000
      322,  -52.035,  -47.225,      0.0000
      323,  -51.835,  -47.445,      0.0000
      324,  -51.634,  -47.663,      0.0000
      325,  -51.433,  -47.881,      0.0000
      326,  -51.230,  -48.097,      0.0000
      327,  -51.026,  -48.313,      0.0000
      328,  -50.822,  -48.528,      0.0000
      329,  -50.617,  -48.742,      0.0000
      330,  -50.410,  -48.956,      0.0000
      331,  -50.203,  -49.168,      0.0000
      332,  -49.995,  -49.380,      0.0000
      333,  -49.786,  -49.590,      0.0000
      334,  -49.576,  -49.800,      0.0000
      335,  -49.366,  -50.009,      0.0000
      336,  -49.154,  -50.217,      0.0000
      337,  -48.942,  -50.424,      0.0000
      338,  -48.728,  -50.630,      0.0000
      339,  -48.514,  -50.836,      0.0000
      340,  -48.299,  -51.040,      0.0000
      341,  -48.083,  -51.244,      0.0000
      342,  -47.866,  -51.446,      0.0000
      343,  -47.648,  -51.648,      0.0000
      344,  -47.430,  -51.849,      0.0000
      345,  -47.211,  -52.048,      0.0000
      346,  -46.990,  -52.247,      0.0000
      347,  -46.769,  -52.445,      0.0000
      348,  -46.547,  -52.642,      0.0000
      349,  -46.325,  -52.838,      0.0000
      350,  -45.872,  -53.232,      0.0000
      351,  -45.642,  -53.429,      0.0000
      352,  -45.411,  -53.626,      0.0000
      353,  -45.179,  -53.821,      0.0000
      354,  -44.946,  -54.016,      0.0000
      355,  -44.713,  -54.209,      0.0000
      356,  -44.478,  -54.402,      0.0000
      357,  -44.243,  -54.593,      0.0000
      358,  -44.007,  -54.783,      0.0000
      359,  -43.770,  -54.973,      0.0000
      360,  -43.533,  -55.161,      0.0000
      361,  -43.294,  -55.349,      0.0000
      362,  -43.055,  -55.535,      0.0000
      363,  -42.815,  -55.720,      0.0000
      364,  -42.574,  -55.904,      0.0000
      365,  -42.333,  -56.088,      0.0000
      366,  -42.090,  -56.270,      0.0000
      367,  -41.847,  -56.451,      0.0000
      368,  -41.603,  -56.631,      0.0000
      369,  -41.358,  -56.810,      0.0000
      370,  -41.113,  -56.988,      0.0000
      371,  -40.866,  -57.165,      0.0000
      372,  -40.619,  -57.341,      0.0000
      373,  -40.371,  -57.515,      0.0000
      374,  -40.123,  -57.689,      0.0000
      375,  -39.874,  -57.862,      0.0000
      376,  -39.623,  -58.033,      0.0000
      377,  -39.373,  -58.204,      0.0000
      378,  -39.121,  -58.373,      0.0000
      379,  -38.869,  -58.541,      0.0000
      380,  -38.616,  -58.708,      0.0000
      381,  -38.362,  -58.875,      0.0000
      382,  -38.108,  -59.040,      0.0000
      383,  -37.853,  -59.203,      0.0000
      384,  -37.597,  -59.366,      0.0000
      385,  -37.340,  -59.528,      0.0000
      386,  -37.083,  -59.689,      0.0000
      387,  -36.825,  -59.848,      0.0000
      388,  -36.566,  -60.006,      0.0000
      389,  -36.307,  -60.164,      0.0000
      390,  -36.047,  -60.320,      0.0000
      391,  -35.787,  -60.475,      0.0000
      392,  -35.525,  -60.629,      0.0000
      393,  -35.263,  -60.781,      0.0000
      394,  -35.001,  -60.933,      0.0000
      395,  -34.737,  -61.083,      0.0000
      396,  -34.473,  -61.233,      0.0000
      397,  -34.209,  -61.381,      0.0000
      398,  -33.944,  -61.528,      0.0000
      399,  -33.678,  -61.674,      0.0000
      400,  -33.411,  -61.819,      0.0000
      401,  -33.144,  -61.962,      0.0000
      402,  -32.877,  -62.105,      0.0000
      403,  -32.608,  -62.246,      0.0000
      404,  -32.339,  -62.386,      0.0000
      405,  -32.070,  -62.525,      0.0000
      406,  -31.800,  -62.663,      0.0000
      407,  -31.529,  -62.800,      0.0000
      408,  -31.258,  -62.935,      0.0000
      409,  -30.986,  -63.069,      0.0000
      410,  -30.713,  -63.203,      0.0000
      411,  -30.440,  -63.334,      0.0000
      412,  -30.167,  -63.465,      0.0000
      413,  -29.893,  -63.595,      0.0000
      414,  -29.618,  -63.723,      0.0000
      415,  -29.343,  -63.850,      0.0000
      416,  -29.067,  -63.976,      0.0000
      417,  -28.791,  -64.101,      0.0000
      418,  -28.514,  -64.225,      0.0000
      419,  -28.236,  -64.347,      0.0000
      420,  -27.958,  -64.469,      0.0000
      421,  -27.680,  -64.589,      0.0000
      422,  -27.401,  -64.708,      0.0000
      423,  -27.121,  -64.825,      0.0000
      424,  -26.841,  -64.942,      0.0000
      425,  -26.561,  -65.057,      0.0000
      426,  -26.280,  -65.171,      0.0000
      427,  -25.998,  -65.284,      0.0000
      428,  -25.716,  -65.395,      0.0000
      429,  -25.434,  -65.506,      0.0000
      430,  -25.151,  -65.615,      0.0000
      431,  -24.868,  -65.723,      0.0000
      432,  -24.584,  -65.829,      0.0000
      433,  -24.300,  -65.935,      0.0000
      434,  -24.015,  -66.039,      0.0000
      435,  -23.730,  -66.142,      0.0000
      436,  -23.444,  -66.244,      0.0000
      437,  -23.158,  -66.344,      0.0000
      438,  -22.871,  -66.444,      0.0000
      439,  -22.584,  -66.542,      0.0000
      440,  -30.860,  -40.052,      0.0000
      441,  -31.110,  -39.734,      0.0000
      442,  -31.437,  -39.495,      0.0000
      443,  -32.218,  -39.314,      0.0000
      444,  -32.616,  -39.386,      0.0000
      445,  -32.980,  -39.562,      0.0000
      446,  -34.850,  -41.698,      0.0000
      447,  -35.013,  -42.405,      0.0000
      448,  -28.844,  -62.924,      0.0000
      449,  -28.451,  -63.103,      0.0000
      450,  -28.056,  -63.279,      0.0000
      451,  -27.661,  -63.453,      0.0000
      452,  -27.264,  -63.625,      0.0000
      453,  -26.866,  -63.794,      0.0000
      454,  -34.735,  -36.627,      0.0000
      455,  -35.017,  -36.337,      0.0000
      456,  -35.367,  -36.134,      0.0000
      457,  -59.434,  -35.483,      0.0000
      458,  -59.211,  -35.853,      0.0000
      459,  -58.986,  -36.222,      0.0000
      460,  -58.759,  -36.590,      0.0000
      461,  -58.529,  -36.956,      0.0000
      462,  -58.297,  -37.321,      0.0000
      463,  -37.119,  -40.574,      0.0000
      464,  -36.442,  -40.314,      0.0000
      465,  -34.587,  -38.165,      0.0000
      466,  -34.464,  -37.780,      0.0000
      467,  -34.448,  -37.376,      0.0000
      468,  -41.544,  -49.437,      0.0000
      469,  -42.492,  -49.461,      0.0000
      470,  -43.689,  -50.799,      0.0000
      471,  -43.669,  -51.592,      0.0000
      472,  -35.309,  -60.176,      0.0000
      473,  -34.931,  -60.396,      0.0000
      474,  -34.551,  -60.614,      0.0000
      475,  -34.170,  -60.830,      0.0000
      476,  -33.787,  -61.043,      0.0000
      477,  -32.537,  -60.174,      0.0000
      478,  -32.594,  -59.559,      0.0000
      479,  -43.174,  -48.020,      0.0000
      480,  -54.443,  -40.565,      0.0000
      481,  -55.060,  -40.595,      0.0000
      482,  -55.747,  -41.954,      0.0000
      483,  -55.482,  -42.303,      0.0000
      484,  -55.216,  -42.650,      0.0000
      485,  -54.947,  -42.996,      0.0000
      486,  -54.676,  -43.340,      0.0000
      487,  -45.012,  -50.424,      0.0000
      488,  -44.224,  -50.334,      0.0000
      489,  -43.066,  -48.962,      0.0000
      490,   70.655,  -69.346,      0.0000
      491,   71.300,  -68.682,      0.0000
      492,   71.939,  -68.013,      0.0000
      493,   72.572,  -67.337,      0.0000
      494,   73.199,  -66.656,      0.0000
      495,   73.819,  -65.968,      0.0000
      496,   75.039,  -64.576,      0.0000
      497,   75.640,  -63.872,      0.0000
      498,   76.234,  -63.162,      0.0000
      499,   76.821,  -62.446,      0.0000
      500,   77.401,  -61.725,      0.0000
      501,   77.975,  -60.999,      0.0000
      502,   54.250,  -46.221,      0.0000
      503,   54.446,  -45.989,      0.0000
      504,   54.642,  -45.757,      0.0000
      505,   54.837,  -45.523,      0.0000
      506,   55.030,  -45.289,      0.0000
      507,   55.223,  -45.054,      0.0000
      508,   55.414,  -44.818,      0.0000
      509,   55.605,  -44.582,      0.0000
      510,   55.794,  -44.344,      0.0000
      511,   55.983,  -44.106,      0.0000
      512,   56.170,  -43.867,      0.0000
      513,   56.357,  -43.627,      0.0000
      514,   50.610,  -50.180,      0.0000
      515,   50.823,  -49.964,      0.0000
      516,   51.036,  -49.747,      0.0000
      517,   51.247,  -49.529,      0.0000
      518,   51.458,  -49.310,      0.0000
      519,   51.668,  -49.090,      0.0000
      520,   51.877,  -48.869,      0.0000
      521,   52.085,  -48.648,      0.0000
      522,   52.291,  -48.425,      0.0000
      523,   52.497,  -48.202,      0.0000
      524,   52.702,  -47.978,      0.0000
      525,   52.906,  -47.753,      0.0000
      526,   79.102,  -59.530,      0.0000
      527,   79.655,  -58.788,      0.0000
      528,   80.201,  -58.041,      0.0000
      529,   80.741,  -57.288,      0.0000
      530,   81.273,  -56.531,      0.0000
      531,   81.798,  -55.769,      0.0000
      532,   82.826,  -54.229,      0.0000
      533,   83.330,  -53.453,      0.0000
      534,   83.826,  -52.671,      0.0000
      535,   84.314,  -51.885,      0.0000
      536,   84.796,  -51.095,      0.0000
      537,   85.270,  -50.299,      0.0000
      538,   59.819,  -38.744,      0.0000
      539,   59.983,  -38.489,      0.0000
      540,   60.147,  -38.233,      0.0000
      541,   60.309,  -37.976,      0.0000
      542,   60.471,  -37.719,      0.0000
      543,   60.631,  -37.461,      0.0000
      544,   60.790,  -37.202,      0.0000
      545,   60.948,  -36.942,      0.0000
      546,   61.105,  -36.682,      0.0000
      547,   61.261,  -36.421,      0.0000
      548,   61.416,  -36.160,      0.0000
      549,   61.569,  -35.898,      0.0000
      550,   56.727,  -43.145,      0.0000
      551,   56.910,  -42.903,      0.0000
      552,   57.093,  -42.660,      0.0000
      553,   57.274,  -42.416,      0.0000
      554,   57.454,  -42.171,      0.0000
      555,   57.633,  -41.926,      0.0000
      556,   57.812,  -41.680,      0.0000
      557,   57.989,  -41.433,      0.0000
      558,   58.165,  -41.186,      0.0000
      559,   58.340,  -40.937,      0.0000
      560,   58.514,  -40.688,      0.0000
      561,   58.687,  -40.439,      0.0000
      562,   86.196,  -48.696,      0.0000
      563,   86.647,  -47.888,      0.0000
      564,   87.091,  -47.076,      0.0000
      565,   87.527,  -46.260,      0.0000
      566,   87.956,  -45.439,      0.0000
      567,   88.377,  -44.615,      0.0000
      568,   89.196,  -42.954,      0.0000
      569,   89.594,  -42.119,      0.0000
      570,   89.984,  -41.279,      0.0000
      571,   90.366,  -40.436,      0.0000
      572,   90.740,  -39.589,      0.0000
      573,   91.106,  -38.739,      0.0000
      574,   64.364,  -30.605,      0.0000
      575,   64.494,  -30.330,      0.0000
      576,   64.623,  -30.055,      0.0000
      577,   64.750,  -29.779,      0.0000
      578,   64.877,  -29.503,      0.0000
      579,   65.002,  -29.226,      0.0000
      580,   65.126,  -28.949,      0.0000
      581,   65.249,  -28.671,      0.0000
      582,   65.370,  -28.393,      0.0000
      583,   65.491,  -28.114,      0.0000
      584,   65.610,  -27.834,      0.0000
      585,   65.728,  -27.554,      0.0000
      586,   61.873,  -35.372,      0.0000
      587,   62.023,  -35.107,      0.0000
      588,   62.172,  -34.843,      0.0000
      589,   62.320,  -34.577,      0.0000
      590,   62.467,  -34.311,      0.0000
      591,   62.613,  -34.045,      0.0000
      592,   62.757,  -33.778,      0.0000
      593,   62.901,  -33.510,      0.0000
      594,   63.043,  -33.241,      0.0000
      595,   63.184,  -32.972,      0.0000
      596,   63.324,  -32.703,      0.0000
      597,   63.463,  -32.432,      0.0000
      598,   71.176,   -3.666,      0.0000
      599,   71.190,   -3.384,      0.0000
      600,   71.202,   -3.102,      0.0000
      601,   71.214,   -2.820,      0.0000
      602,   71.225,   -2.538,      0.0000
      603,   71.234,   -2.257,      0.0000
      604,   71.243,   -1.975,      0.0000
      605,   71.250,   -1.693,      0.0000
      606,   71.256,   -1.410,      0.0000
      607,   71.261,   -1.128,      0.0000
      608,   71.265,   -0.846,      0.0000
      609,   71.268,   -0.564,      0.0000
      610,   71.269,   -0.282,      0.0000
      611,   70.697,   -9.023,      0.0000
      612,   70.732,   -8.743,      0.0000
      613,   70.766,   -8.463,      0.0000
      614,   70.799,   -8.183,      0.0000
      615,   70.831,   -7.902,      0.0000
      616,   70.861,   -7.622,      0.0000
      617,   70.891,   -7.341,      0.0000
      618,   70.919,   -7.061,      0.0000
      619,   70.947,   -6.780,      0.0000
      620,   70.973,   -6.499,      0.0000
      621,   70.998,   -6.218,      0.0000
      622,   71.022,   -5.937,      0.0000
      623,   71.045,   -5.656,      0.0000
      624,   98.270,  -12.004,      0.0000
      625,   98.378,  -11.084,      0.0000
      626,   98.477,  -10.164,      0.0000
      627,   98.568,   -9.243,      0.0000
      628,   98.650,   -8.321,      0.0000
      629,   98.723,   -7.398,      0.0000
      630,   98.844,   -5.551,      0.0000
      631,   98.892,   -4.627,      0.0000
      632,   98.931,   -3.702,      0.0000
      633,   98.961,   -2.777,      0.0000
      634,   98.983,   -1.851,      0.0000
      635,   98.996,   -0.926,      0.0000
      636,   91.814,  -37.029,      0.0000
      637,   92.157,  -36.169,      0.0000
      638,   92.491,  -35.306,      0.0000
      639,   92.817,  -34.439,      0.0000
      640,   93.135,  -33.570,      0.0000
      641,   93.444,  -32.698,      0.0000
      642,   94.040,  -30.945,      0.0000
      643,   94.325,  -30.064,      0.0000
      644,   94.602,  -29.181,      0.0000
      645,   94.870,  -28.295,      0.0000
      646,   95.131,  -27.407,      0.0000
      647,   95.383,  -26.516,      0.0000
      648,   67.808,  -21.942,      0.0000
      649,   67.901,  -21.653,      0.0000
      650,   67.993,  -21.363,      0.0000
      651,   68.083,  -21.073,      0.0000
      652,   68.173,  -20.783,      0.0000
      653,   68.261,  -20.492,      0.0000
      654,   68.347,  -20.201,      0.0000
      655,   68.433,  -19.909,      0.0000
      656,   68.517,  -19.617,      0.0000
      657,   68.600,  -19.325,      0.0000
      658,   68.682,  -19.032,      0.0000
      659,   68.762,  -18.739,      0.0000
      660,   65.961,  -26.993,      0.0000
      661,   66.075,  -26.711,      0.0000
      662,   66.188,  -26.430,      0.0000
      663,   66.300,  -26.147,      0.0000
      664,   66.411,  -25.864,      0.0000
      665,   66.521,  -25.581,      0.0000
      666,   66.629,  -25.297,      0.0000
      667,   66.737,  -25.013,      0.0000
      668,   66.843,  -24.728,      0.0000
      669,   66.947,  -24.443,      0.0000
      670,   67.051,  -24.157,      0.0000
      671,   67.153,  -23.871,      0.0000
      672,   70.092,  -12.903,      0.0000
      673,   70.147,  -12.605,      0.0000
      674,   70.200,  -12.305,      0.0000
      675,   70.251,  -12.006,      0.0000
      676,   70.302,  -11.706,      0.0000
      677,   70.351,  -11.407,      0.0000
      678,   70.399,  -11.107,      0.0000
      679,   70.446,  -10.806,      0.0000
      680,   70.491,  -10.506,      0.0000
      681,   70.536,  -10.205,      0.0000
      682,   70.578,   -9.905,      0.0000
      683,   70.620,   -9.604,      0.0000
      684,   68.920,  -18.152,      0.0000
      685,   68.996,  -17.858,      0.0000
      686,   69.072,  -17.564,      0.0000
      687,   69.146,  -17.270,      0.0000
      688,   69.219,  -16.975,      0.0000
      689,   69.291,  -16.679,      0.0000
      690,   69.361,  -16.384,      0.0000
      691,   69.430,  -16.088,      0.0000
      692,   69.498,  -15.792,      0.0000
      693,   69.565,  -15.496,      0.0000
      694,   69.631,  -15.199,      0.0000
      695,   69.695,  -14.902,      0.0000
      696,   95.862,  -24.728,      0.0000
      697,   96.089,  -23.830,      0.0000
      698,   96.308,  -22.931,      0.0000
      699,   96.518,  -22.030,      0.0000
      700,   96.720,  -21.126,      0.0000
      701,   96.913,  -20.221,      0.0000
      702,   97.274,  -18.405,      0.0000
      703,   97.442,  -17.495,      0.0000
      704,   97.601,  -16.583,      0.0000
      705,   97.752,  -15.670,      0.0000
      706,   97.894,  -14.755,      0.0000
      707,   98.028,  -13.839,      0.0000
      708,  -19.376,   -9.661,      0.0000
      709,  -17.761,   -8.855,      0.0000
      710,  -16.147,   -8.050,      0.0000
      711,  -14.532,   -7.245,      0.0000
      712,  -12.917,   -6.440,      0.0000
      713,  -11.303,   -5.635,      0.0000
      714,   -9.688,   -4.830,      0.0000
      715,   -8.073,   -4.025,      0.0000
      716,   -6.459,   -3.220,      0.0000
      717,   -4.844,   -2.415,      0.0000
      718,   -3.229,   -1.610,      0.0000
      719,   -1.615,   -0.805,      0.0000
      720,   -0.572,   -1.711,      0.0000
      721,   -1.145,   -3.422,      0.0000
      722,   -1.717,   -5.133,      0.0000
      723,   -2.290,   -6.844,      0.0000
      724,   -2.862,   -8.555,      0.0000
      725,   -3.435,  -10.266,      0.0000
      726,   -4.007,  -11.977,      0.0000
      727,   -4.580,  -13.688,      0.0000
      728,   -5.152,  -15.399,      0.0000
      729,   -5.725,  -17.110,      0.0000
      730,   -6.297,  -18.821,      0.0000
      731,   -6.870,  -20.532,      0.0000
      732,  -22.055,  -65.914,      0.0000
      733,  -21.709,  -64.881,      0.0000
      734,  -21.311,  -63.693,      0.0000
      735,  -20.888,  -62.428,      0.0000
      736,  -20.452,  -61.125,      0.0000
      737,  -20.009,  -59.802,      0.0000
      738,  -19.564,  -58.469,      0.0000
      739,  -19.116,  -57.132,      0.0000
      740,  -18.668,  -55.793,      0.0000
      741,  -18.219,  -54.452,      0.0000
      742,  -17.770,  -53.110,      0.0000
      743,  -17.321,  -51.768,      0.0000
      744,  -16.872,  -50.426,      0.0000
      745,  -16.423,  -49.084,      0.0000
      746,  -15.974,  -47.742,      0.0000
      747,  -15.525,  -46.400,      0.0000
      748,  -15.076,  -45.058,      0.0000
      749,  -14.627,  -43.716,      0.0000
      750,  -14.178,  -42.374,      0.0000
      751,  -13.729,  -41.032,      0.0000
      752,  -13.280,  -39.690,      0.0000
      753,  -12.831,  -38.348,      0.0000
      754,  -12.382,  -37.006,      0.0000
      755,  -11.933,  -35.664,      0.0000
      756,  -11.484,  -34.322,      0.0000
      757,  -11.035,  -32.980,      0.0000
      758,  -10.586,  -31.638,      0.0000
      759,  -10.137,  -30.295,      0.0000
      760,   -9.688,  -28.953,      0.0000
      761,   -9.239,  -27.611,      0.0000
      762,   -8.790,  -26.269,      0.0000
      763,   -8.340,  -24.927,      0.0000
      764,   -7.891,  -23.585,      0.0000
      765,  -22.257,  -11.097,      0.0000
      766,  -23.524,  -11.729,      0.0000
      767,  -24.790,  -12.360,      0.0000
      768,  -26.057,  -12.991,      0.0000
      769,  -27.323,  -13.623,      0.0000
      770,  -28.590,  -14.254,      0.0000
      771,  -29.856,  -14.886,      0.0000
      772,  -31.123,  -15.517,      0.0000
      773,  -32.389,  -16.149,      0.0000
      774,  -33.656,  -16.780,      0.0000
      775,  -34.922,  -17.412,      0.0000
      776,  -36.189,  -18.043,      0.0000
      777,  -37.456,  -18.675,      0.0000
      778,  -38.722,  -19.306,      0.0000
      779,  -39.989,  -19.938,      0.0000
      780,  -41.255,  -20.569,      0.0000
      781,  -42.522,  -21.200,      0.0000
      782,  -43.788,  -21.832,      0.0000
      783,  -45.055,  -22.463,      0.0000
      784,  -46.321,  -23.095,      0.0000
      785,  -47.588,  -23.726,      0.0000
      786,  -48.854,  -24.358,      0.0000
      787,  -50.120,  -24.989,      0.0000
      788,  -51.386,  -25.620,      0.0000
      789,  -52.652,  -26.251,      0.0000
      790,  -53.916,  -26.881,      0.0000
      791,  -55.178,  -27.511,      0.0000
      792,  -56.435,  -28.138,      0.0000
      793,  -57.683,  -28.760,      0.0000
      794,  -58.914,  -29.373,      0.0000
      795,  -60.107,  -29.968,      0.0000
      796,  -61.228,  -30.527,      0.0000
      797,  -62.203,  -31.013,      0.0000
      798,  -34.072,  -42.215,      0.0000
      799,  -33.586,  -42.084,      0.0000
      800,  -33.101,  -41.954,      0.0000
      801,  -32.615,  -41.824,      0.0000
      802,  -32.129,  -41.694,      0.0000
      803,  -31.643,  -41.564,      0.0000
      804,  -30.413,  -42.282,      0.0000
      805,  -30.280,  -42.777,      0.0000
      806,  -30.147,  -43.272,      0.0000
      807,  -30.015,  -43.767,      0.0000
      808,  -29.882,  -44.262,      0.0000
      809,  -29.750,  -44.757,      0.0000
      810,  -29.617,  -45.252,      0.0000
      811,  -29.484,  -45.747,      0.0000
      812,  -29.352,  -46.242,      0.0000
      813,  -29.219,  -46.737,      0.0000
      814,  -29.086,  -47.232,      0.0000
      815,  -28.954,  -47.727,      0.0000
      816,  -28.821,  -48.222,      0.0000
      817,  -28.689,  -48.717,      0.0000
      818,  -28.556,  -49.212,      0.0000
      819,  -28.423,  -49.707,      0.0000
      820,  -28.291,  -50.202,      0.0000
      821,  -28.158,  -50.697,      0.0000
      822,  -28.025,  -51.192,      0.0000
      823,  -27.893,  -51.687,      0.0000
      824,  -27.760,  -52.182,      0.0000
      825,  -27.628,  -52.677,      0.0000
      826,  -27.495,  -53.172,      0.0000
      827,  -27.362,  -53.667,      0.0000
      828,  -27.230,  -54.162,      0.0000
      829,  -27.097,  -54.657,      0.0000
      830,  -26.964,  -55.152,      0.0000
      831,  -26.832,  -55.646,      0.0000
      832,  -26.699,  -56.141,      0.0000
      833,  -26.567,  -56.636,      0.0000
      834,  -26.434,  -57.131,      0.0000
      835,  -26.301,  -57.626,      0.0000
      836,  -26.169,  -58.121,      0.0000
      837,  -26.036,  -58.616,      0.0000
      838,  -25.903,  -59.111,      0.0000
      839,  -25.771,  -59.606,      0.0000
      840,  -26.477,  -60.844,      0.0000
      841,  -26.963,  -60.974,      0.0000
      842,  -27.449,  -61.104,      0.0000
      843,  -27.935,  -61.234,      0.0000
      844,  -28.420,  -61.364,      0.0000
      845,  -28.906,  -61.494,      0.0000
      846,  -29.894,  -61.680,      0.0000
      847,  -25.607,  -63.073,      0.0000
      848,  -25.326,  -61.385,      0.0000
      849,  -25.577,  -59.555,      0.0000
      850,  -25.710,  -59.060,      0.0000
      851,  -25.843,  -58.565,      0.0000
      852,  -25.975,  -58.071,      0.0000
      853,  -26.108,  -57.576,      0.0000
      854,  -26.240,  -57.082,      0.0000
      855,  -26.373,  -56.587,      0.0000
      856,  -26.505,  -56.092,      0.0000
      857,  -26.638,  -55.598,      0.0000
      858,  -26.770,  -55.103,      0.0000
      859,  -26.903,  -54.608,      0.0000
      860,  -27.035,  -54.114,      0.0000
      861,  -27.168,  -53.619,      0.0000
      862,  -27.301,  -53.124,      0.0000
      863,  -27.433,  -52.630,      0.0000
      864,  -27.566,  -52.135,      0.0000
      865,  -27.698,  -51.640,      0.0000
      866,  -27.831,  -51.146,      0.0000
      867,  -27.963,  -50.651,      0.0000
      868,  -28.096,  -50.156,      0.0000
      869,  -28.228,  -49.662,      0.0000
      870,  -28.361,  -49.167,      0.0000
      871,  -28.493,  -48.672,      0.0000
      872,  -28.626,  -48.178,      0.0000
      873,  -28.758,  -47.683,      0.0000
      874,  -28.891,  -47.188,      0.0000
      875,  -29.024,  -46.694,      0.0000
      876,  -29.156,  -46.199,      0.0000
      877,  -29.289,  -45.704,      0.0000
      878,  -29.421,  -45.210,      0.0000
      879,  -29.554,  -44.715,      0.0000
      880,  -29.686,  -44.220,      0.0000
      881,  -29.819,  -43.726,      0.0000
      882,  -29.951,  -43.231,      0.0000
      883,  -30.084,  -42.737,      0.0000
      884,  -30.216,  -42.242,      0.0000
      885,  -30.349,  -41.747,      0.0000
      886,  -30.592,  -40.839,      0.0000
      887,  -33.625,  -40.220,      0.0000
      888,  -33.965,  -40.612,      0.0000
      889,  -34.305,  -41.003,      0.0000
      890,  -30.183,  -60.605,      0.0000
      891,  -30.361,  -59.938,      0.0000
      892,  -30.540,  -59.270,      0.0000
      893,  -30.719,  -58.603,      0.0000
      894,  -30.898,  -57.935,      0.0000
      895,  -31.077,  -57.268,      0.0000
      896,  -31.256,  -56.600,      0.0000
      897,  -31.435,  -55.933,      0.0000
      898,  -31.613,  -55.265,      0.0000
      899,  -31.792,  -54.597,      0.0000
      900,  -31.971,  -53.930,      0.0000
      901,  -32.150,  -53.262,      0.0000
      902,  -32.329,  -52.595,      0.0000
      903,  -32.508,  -51.927,      0.0000
      904,  -32.687,  -51.260,      0.0000
      905,  -32.866,  -50.592,      0.0000
      906,  -33.044,  -49.924,      0.0000
      907,  -33.223,  -49.257,      0.0000
      908,  -33.402,  -48.589,      0.0000
      909,  -33.581,  -47.922,      0.0000
      910,  -33.760,  -47.254,      0.0000
      911,  -33.939,  -46.586,      0.0000
      912,  -34.118,  -45.919,      0.0000
      913,  -34.297,  -45.251,      0.0000
      914,  -34.475,  -44.584,      0.0000
      915,  -34.648,  -43.942,      0.0000
      916,  -34.779,  -43.449,      0.0000
      917,  -35.830,  -39.678,      0.0000
      918,  -35.489,  -39.286,      0.0000
      919,  -35.149,  -38.895,      0.0000
      920,  -36.183,  -35.978,      0.0000
      921,  -37.117,  -35.864,      0.0000
      922,  -37.625,  -35.801,      0.0000
      923,  -38.134,  -35.739,      0.0000
      924,  -38.642,  -35.677,      0.0000
      925,  -39.150,  -35.614,      0.0000
      926,  -39.659,  -35.552,      0.0000
      927,  -40.167,  -35.489,      0.0000
      928,  -40.675,  -35.427,      0.0000
      929,  -41.183,  -35.364,      0.0000
      930,  -41.692,  -35.302,      0.0000
      931,  -42.200,  -35.240,      0.0000
      932,  -42.708,  -35.177,      0.0000
      933,  -43.217,  -35.115,      0.0000
      934,  -43.725,  -35.052,      0.0000
      935,  -44.233,  -34.990,      0.0000
      936,  -44.741,  -34.928,      0.0000
      937,  -45.250,  -34.865,      0.0000
      938,  -45.758,  -34.803,      0.0000
      939,  -46.266,  -34.740,      0.0000
      940,  -46.775,  -34.678,      0.0000
      941,  -47.283,  -34.616,      0.0000
      942,  -47.791,  -34.553,      0.0000
      943,  -48.299,  -34.491,      0.0000
      944,  -48.808,  -34.428,      0.0000
      945,  -49.316,  -34.366,      0.0000
      946,  -49.824,  -34.303,      0.0000
      947,  -50.333,  -34.241,      0.0000
      948,  -50.841,  -34.179,      0.0000
      949,  -51.349,  -34.116,      0.0000
      950,  -51.858,  -34.054,      0.0000
      951,  -52.366,  -33.991,      0.0000
      952,  -52.874,  -33.929,      0.0000
      953,  -53.382,  -33.867,      0.0000
      954,  -53.891,  -33.804,      0.0000
      955,  -54.399,  -33.742,      0.0000
      956,  -54.907,  -33.679,      0.0000
      957,  -55.416,  -33.617,      0.0000
      958,  -57.263,  -33.623,      0.0000
      959,  -58.895,  -34.135,      0.0000
      960,  -56.920,  -38.188,      0.0000
      961,  -56.873,  -37.183,      0.0000
      962,  -56.812,  -36.684,      0.0000
      963,  -56.751,  -36.185,      0.0000
      964,  -56.689,  -35.686,      0.0000
      965,  -56.628,  -35.187,      0.0000
      966,  -56.567,  -34.688,      0.0000
      967,  -55.440,  -33.816,      0.0000
      968,  -54.931,  -33.878,      0.0000
      969,  -54.422,  -33.940,      0.0000
      970,  -53.914,  -34.003,      0.0000
      971,  -53.405,  -34.065,      0.0000
      972,  -52.897,  -34.128,      0.0000
      973,  -52.388,  -34.190,      0.0000
      974,  -51.879,  -34.253,      0.0000
      975,  -51.371,  -34.315,      0.0000
      976,  -50.862,  -34.378,      0.0000
      977,  -50.353,  -34.440,      0.0000
      978,  -49.845,  -34.502,      0.0000
      979,  -49.336,  -34.565,      0.0000
      980,  -48.828,  -34.627,      0.0000
      981,  -48.319,  -34.690,      0.0000
      982,  -47.810,  -34.752,      0.0000
      983,  -47.302,  -34.815,      0.0000
      984,  -46.793,  -34.877,      0.0000
      985,  -46.285,  -34.940,      0.0000
      986,  -45.776,  -35.002,      0.0000
      987,  -45.267,  -35.065,      0.0000
      988,  -44.759,  -35.127,      0.0000
      989,  -44.250,  -35.189,      0.0000
      990,  -43.741,  -35.252,      0.0000
      991,  -43.233,  -35.314,      0.0000
      992,  -42.724,  -35.377,      0.0000
      993,  -42.216,  -35.439,      0.0000
      994,  -41.707,  -35.502,      0.0000
      995,  -41.198,  -35.564,      0.0000
      996,  -40.690,  -35.627,      0.0000
      997,  -40.181,  -35.689,      0.0000
      998,  -39.673,  -35.751,      0.0000
      999,  -39.164,  -35.814,      0.0000
     1000,  -38.655,  -35.876,      0.0000
     1001,  -38.147,  -35.939,      0.0000
     1002,  -37.638,  -36.001,      0.0000
     1003,  -36.755,  -37.120,      0.0000
     1004,  -36.817,  -37.619,      0.0000
     1005,  -36.878,  -38.118,      0.0000
     1006,  -36.939,  -38.617,      0.0000
     1007,  -37.001,  -39.116,      0.0000
     1008,  -37.062,  -39.616,      0.0000
     1009,  -38.173,  -40.490,      0.0000
     1010,  -38.792,  -40.414,      0.0000
     1011,  -39.475,  -40.330,      0.0000
     1012,  -40.189,  -40.242,      0.0000
     1013,  -40.918,  -40.152,      0.0000
     1014,  -41.656,  -40.062,      0.0000
     1015,  -42.398,  -39.971,      0.0000
     1016,  -43.142,  -39.879,      0.0000
     1017,  -43.886,  -39.788,      0.0000
     1018,  -44.631,  -39.697,      0.0000
     1019,  -45.377,  -39.605,      0.0000
     1020,  -46.122,  -39.513,      0.0000
     1021,  -46.868,  -39.422,      0.0000
     1022,  -47.613,  -39.330,      0.0000
     1023,  -48.359,  -39.239,      0.0000
     1024,  -49.105,  -39.147,      0.0000
     1025,  -49.850,  -39.056,      0.0000
     1026,  -50.596,  -38.964,      0.0000
     1027,  -51.342,  -38.873,      0.0000
     1028,  -52.087,  -38.781,      0.0000
     1029,  -52.833,  -38.690,      0.0000
     1030,  -53.578,  -38.598,      0.0000
     1031,  -54.324,  -38.506,      0.0000
     1032,  -55.070,  -38.415,      0.0000
     1033,  -55.784,  -38.327,      0.0000
     1034,  -36.140,  -59.523,      0.0000
     1035,  -35.347,  -58.886,      0.0000
     1036,  -34.978,  -58.531,      0.0000
     1037,  -34.609,  -58.176,      0.0000
     1038,  -34.577,  -56.748,      0.0000
     1039,  -34.928,  -56.383,      0.0000
     1040,  -35.280,  -56.018,      0.0000
     1041,  -35.631,  -55.653,      0.0000
     1042,  -35.982,  -55.289,      0.0000
     1043,  -36.333,  -54.924,      0.0000
     1044,  -36.684,  -54.559,      0.0000
     1045,  -37.036,  -54.194,      0.0000
     1046,  -37.387,  -53.829,      0.0000
     1047,  -37.738,  -53.464,      0.0000
     1048,  -38.089,  -53.099,      0.0000
     1049,  -38.440,  -52.734,      0.0000
     1050,  -38.792,  -52.369,      0.0000
     1051,  -39.143,  -52.004,      0.0000
     1052,  -39.494,  -51.639,      0.0000
     1053,  -39.845,  -51.274,      0.0000
     1054,  -40.196,  -50.909,      0.0000
     1055,  -40.548,  -50.544,      0.0000
     1056,  -40.899,  -50.179,      0.0000
     1057,  -42.326,  -50.156,      0.0000
     1058,  -42.696,  -50.511,      0.0000
     1059,  -43.065,  -50.867,      0.0000
     1060,  -43.182,  -50.102,      0.0000
     1061,  -40.791,  -50.074,      0.0000
     1062,  -40.440,  -50.439,      0.0000
     1063,  -40.089,  -50.804,      0.0000
     1064,  -39.738,  -51.169,      0.0000
     1065,  -39.386,  -51.534,      0.0000
     1066,  -39.035,  -51.899,      0.0000
     1067,  -38.684,  -52.264,      0.0000
     1068,  -38.333,  -52.629,      0.0000
     1069,  -37.981,  -52.994,      0.0000
     1070,  -37.630,  -53.359,      0.0000
     1071,  -37.279,  -53.724,      0.0000
     1072,  -36.928,  -54.089,      0.0000
     1073,  -36.577,  -54.454,      0.0000
     1074,  -36.225,  -54.819,      0.0000
     1075,  -35.874,  -55.184,      0.0000
     1076,  -35.523,  -55.549,      0.0000
     1077,  -35.172,  -55.914,      0.0000
     1078,  -34.820,  -56.279,      0.0000
     1079,  -34.469,  -56.644,      0.0000
     1080,  -33.436,  -57.974,      0.0000
     1081,  -33.196,  -58.407,      0.0000
     1082,  -32.955,  -58.840,      0.0000
     1083,  -32.694,  -60.743,      0.0000
     1084,  -33.596,  -61.149,      0.0000
     1085,  -33.979,  -60.937,      0.0000
     1086,  -34.360,  -60.722,      0.0000
     1087,  -34.741,  -60.506,      0.0000
     1088,  -35.120,  -60.286,      0.0000
     1089,  -35.497,  -60.065,      0.0000
     1090,  -43.129,  -52.261,      0.0000
     1091,  -42.809,  -52.593,      0.0000
     1092,  -42.490,  -52.924,      0.0000
     1093,  -42.171,  -53.256,      0.0000
     1094,  -41.851,  -53.588,      0.0000
     1095,  -41.532,  -53.920,      0.0000
     1096,  -41.213,  -54.251,      0.0000
     1097,  -40.894,  -54.583,      0.0000
     1098,  -40.574,  -54.915,      0.0000
     1099,  -40.255,  -55.247,      0.0000
     1100,  -39.936,  -55.579,      0.0000
     1101,  -39.616,  -55.910,      0.0000
     1102,  -39.297,  -56.242,      0.0000
     1103,  -38.978,  -56.574,      0.0000
     1104,  -38.659,  -56.906,      0.0000
     1105,  -38.339,  -57.237,      0.0000
     1106,  -38.020,  -57.569,      0.0000
     1107,  -37.701,  -57.901,      0.0000
     1108,  -37.381,  -58.233,      0.0000
     1109,  -37.062,  -58.565,      0.0000
     1110,  -36.743,  -58.896,      0.0000
     1111,  -53.914,  -44.072,      0.0000
     1112,  -53.394,  -43.199,      0.0000
     1113,  -53.093,  -42.784,      0.0000
     1114,  -52.793,  -42.368,      0.0000
     1115,  -51.384,  -42.138,      0.0000
     1116,  -50.974,  -42.435,      0.0000
     1117,  -50.563,  -42.732,      0.0000
     1118,  -50.153,  -43.029,      0.0000
     1119,  -49.743,  -43.326,      0.0000
     1120,  -49.332,  -43.623,      0.0000
     1121,  -48.922,  -43.920,      0.0000
     1122,  -48.512,  -44.217,      0.0000
     1123,  -48.102,  -44.514,      0.0000
     1124,  -47.691,  -44.811,      0.0000
     1125,  -47.281,  -45.108,      0.0000
     1126,  -46.871,  -45.405,      0.0000
     1127,  -46.460,  -45.702,      0.0000
     1128,  -46.050,  -45.999,      0.0000
     1129,  -45.640,  -46.296,      0.0000
     1130,  -45.230,  -46.593,      0.0000
     1131,  -44.819,  -46.890,      0.0000
     1132,  -44.409,  -47.187,      0.0000
     1133,  -43.999,  -47.484,      0.0000
     1134,  -43.777,  -48.895,      0.0000
     1135,  -44.078,  -49.310,      0.0000
     1136,  -44.378,  -49.725,      0.0000
     1137,  -43.605,  -49.735,      0.0000
     1138,  -43.910,  -47.363,      0.0000
     1139,  -44.320,  -47.066,      0.0000
     1140,  -44.731,  -46.769,      0.0000
     1141,  -45.141,  -46.472,      0.0000
     1142,  -45.551,  -46.175,      0.0000
     1143,  -45.962,  -45.878,      0.0000
     1144,  -46.372,  -45.581,      0.0000
     1145,  -46.782,  -45.284,      0.0000
     1146,  -47.193,  -44.987,      0.0000
     1147,  -47.603,  -44.690,      0.0000
     1148,  -48.013,  -44.393,      0.0000
     1149,  -48.424,  -44.096,      0.0000
     1150,  -48.834,  -43.799,      0.0000
     1151,  -49.244,  -43.502,      0.0000
     1152,  -49.655,  -43.205,      0.0000
     1153,  -50.065,  -42.908,      0.0000
     1154,  -50.475,  -42.611,      0.0000
     1155,  -50.886,  -42.314,      0.0000
     1156,  -51.296,  -42.017,      0.0000
     1157,  -52.756,  -41.179,      0.0000
     1158,  -53.219,  -41.001,      0.0000
     1159,  -53.681,  -40.824,      0.0000
     1160,  -55.602,  -40.829,      0.0000
     1161,  -55.878,  -41.779,      0.0000
     1162,  -55.615,  -42.129,      0.0000
     1163,  -55.349,  -42.477,      0.0000
     1164,  -55.082,  -42.823,      0.0000
     1165,  -54.812,  -43.168,      0.0000
     1166,  -54.540,  -43.511,      0.0000
     1167,  -45.978,  -49.817,      0.0000
     1168,  -46.601,  -49.366,      0.0000
     1169,  -47.235,  -48.907,      0.0000
     1170,  -47.874,  -48.445,      0.0000
     1171,  -48.516,  -47.980,      0.0000
     1172,  -49.159,  -47.514,      0.0000
     1173,  -49.803,  -47.048,      0.0000
     1174,  -50.447,  -46.582,      0.0000
     1175,  -51.091,  -46.116,      0.0000
     1176,  -51.736,  -45.649,      0.0000
     1177,  -52.380,  -45.183,      0.0000
     1178,  -52.981,  -44.747,      0.0000
     1179,   57.198,  -43.889,      0.0000
     1180,   57.901,  -44.429,      0.0000
     1181,   58.640,  -44.996,      0.0000
     1182,   59.404,  -45.582,      0.0000
     1183,   60.182,  -46.180,      0.0000
     1184,   60.970,  -46.784,      0.0000
     1185,   61.762,  -47.392,      0.0000
     1186,   62.558,  -48.002,      0.0000
     1187,   63.355,  -48.614,      0.0000
     1188,   64.154,  -49.227,      0.0000
     1189,   64.953,  -49.840,      0.0000
     1190,   65.752,  -50.453,      0.0000
     1191,   66.551,  -51.066,      0.0000
     1192,   67.350,  -51.680,      0.0000
     1193,   68.150,  -52.293,      0.0000
     1194,   68.949,  -52.906,      0.0000
     1195,   69.748,  -53.520,      0.0000
     1196,   70.548,  -54.133,      0.0000
     1197,   71.347,  -54.747,      0.0000
     1198,   72.147,  -55.360,      0.0000
     1199,   72.946,  -55.973,      0.0000
     1200,   73.745,  -56.587,      0.0000
     1201,   74.545,  -57.200,      0.0000
     1202,   75.344,  -57.814,      0.0000
     1203,   76.144,  -58.427,      0.0000
     1204,   76.943,  -59.041,      0.0000
     1205,   77.743,  -59.654,      0.0000
     1206,   69.288,  -69.288,      0.0000
     1207,   68.573,  -68.573,      0.0000
     1208,   67.857,  -67.857,      0.0000
     1209,   67.142,  -67.142,      0.0000
     1210,   66.426,  -66.426,      0.0000
     1211,   65.711,  -65.711,      0.0000
     1212,   64.995,  -64.995,      0.0000
     1213,   64.280,  -64.280,      0.0000
     1214,   63.564,  -63.564,      0.0000
     1215,   62.849,  -62.849,      0.0000
     1216,   62.133,  -62.133,      0.0000
     1217,   61.418,  -61.418,      0.0000
     1218,   60.702,  -60.702,      0.0000
     1219,   59.987,  -59.987,      0.0000
     1220,   59.271,  -59.271,      0.0000
     1221,   58.556,  -58.556,      0.0000
     1222,   57.840,  -57.840,      0.0000
     1223,   57.125,  -57.125,      0.0000
     1224,   56.410,  -56.410,      0.0000
     1225,   55.695,  -55.695,      0.0000
     1226,   54.982,  -54.982,      0.0000
     1227,   54.269,  -54.269,      0.0000
     1228,   53.561,  -53.561,      0.0000
     1229,   52.858,  -52.858,      0.0000
     1230,   52.170,  -52.170,      0.0000
     1231,   51.507,  -51.507,      0.0000
     1232,   50.898,  -50.898,      0.0000
     1233,   53.485,  -47.856,      0.0000
     1234,   53.580,  -48.649,      0.0000
     1235,   53.299,  -49.112,      0.0000
     1236,   53.805,  -50.265,      0.0000
     1237,   55.378,  -51.644,      0.0000
     1238,   56.950,  -53.023,      0.0000
     1239,   58.523,  -54.403,      0.0000
     1240,   60.096,  -55.782,      0.0000
     1241,   61.669,  -57.161,      0.0000
     1242,   63.218,  -56.981,      0.0000
     1243,   64.745,  -55.240,      0.0000
     1244,   64.722,  -53.680,      0.0000
     1245,   63.149,  -52.301,      0.0000
     1246,   61.576,  -50.922,      0.0000
     1247,   60.003,  -49.542,      0.0000
     1248,   58.430,  -48.163,      0.0000
     1249,   56.858,  -46.784,      0.0000
     1250,   55.649,  -46.433,      0.0000
     1251,   55.227,  -46.772,      0.0000
     1252,   54.428,  -46.781,      0.0000
     1253,   54.333,  -47.649,      0.0000
     1254,   55.554,  -46.684,      0.0000
     1255,   54.589,  -47.784,      0.0000
     1256,   53.572,  -48.944,      0.0000
     1257,   55.062,  -47.245,      0.0000
     1258,   54.125,  -48.313,      0.0000
     1259,   84.864,  -48.996,      0.0000
     1260,   83.991,  -48.492,      0.0000
     1261,   83.119,  -47.989,      0.0000
     1262,   82.246,  -47.485,      0.0000
     1263,   81.373,  -46.981,      0.0000
     1264,   80.501,  -46.477,      0.0000
     1265,   79.628,  -45.973,      0.0000
     1266,   78.755,  -45.469,      0.0000
     1267,   77.883,  -44.966,      0.0000
     1268,   77.010,  -44.462,      0.0000
     1269,   76.137,  -43.958,      0.0000
     1270,   75.265,  -43.454,      0.0000
     1271,   74.392,  -42.950,      0.0000
     1272,   73.519,  -42.446,      0.0000
     1273,   72.647,  -41.943,      0.0000
     1274,   71.774,  -41.439,      0.0000
     1275,   70.901,  -40.935,      0.0000
     1276,   70.029,  -40.431,      0.0000
     1277,   69.156,  -39.927,      0.0000
     1278,   68.284,  -39.424,      0.0000
     1279,   67.411,  -38.920,      0.0000
     1280,   66.538,  -38.416,      0.0000
     1281,   65.666,  -37.912,      0.0000
     1282,   64.793,  -37.408,      0.0000
     1283,   63.925,  -36.907,      0.0000
     1284,   63.158,  -36.464,      0.0000
     1285,   62.440,  -36.050,      0.0000
     1286,   60.069,  -39.277,      0.0000
     1287,   60.859,  -39.163,      0.0000
     1288,   61.234,  -38.772,      0.0000
     1289,   62.478,  -38.962,      0.0000
     1290,   64.217,  -40.124,      0.0000
     1291,   65.956,  -41.286,      0.0000
     1292,   67.696,  -42.449,      0.0000
     1293,   69.435,  -43.611,      0.0000
     1294,   71.175,  -44.773,      0.0000
     1295,   71.401,  -46.317,      0.0000
     1296,   70.115,  -48.241,      0.0000
     1297,   68.602,  -48.623,      0.0000
     1298,   66.863,  -47.461,      0.0000
     1299,   65.124,  -46.298,      0.0000
     1300,   63.384,  -45.136,      0.0000
     1301,   61.645,  -43.974,      0.0000
     1302,   59.905,  -42.812,      0.0000
     1303,   59.254,  -41.735,      0.0000
     1304,   59.472,  -41.239,      0.0000
     1305,   59.274,  -40.466,      0.0000
     1306,   60.087,  -40.149,      0.0000
     1307,   59.472,  -41.578,      0.0000
     1308,   60.285,  -40.361,      0.0000
     1309,   61.162,  -39.049,      0.0000
     1310,   59.886,  -40.958,      0.0000
     1311,   60.715,  -39.717,      0.0000
     1312,   64.049,  -32.383,      0.0000
     1313,   64.346,  -33.124,      0.0000
     1314,   64.194,  -33.644,      0.0000
     1315,   64.981,  -34.626,      0.0000
     1316,   66.857,  -35.552,      0.0000
     1317,   68.733,  -36.477,      0.0000
     1318,   70.610,  -37.402,      0.0000
     1319,   72.486,  -38.327,      0.0000
     1320,   74.362,  -39.252,      0.0000
     1321,   75.812,  -38.677,      0.0000
     1322,   76.836,  -36.601,      0.0000
     1323,   76.410,  -35.100,      0.0000
     1324,   74.534,  -34.175,      0.0000
     1325,   72.657,  -33.249,      0.0000
     1326,   70.781,  -32.324,      0.0000
     1327,   68.905,  -31.399,      0.0000
     1328,   67.029,  -30.474,      0.0000
     1329,   65.770,  -30.448,      0.0000
     1330,   65.450,  -30.885,      0.0000
     1331,   64.682,  -31.100,      0.0000
     1332,   66.608,  -27.590,      0.0000
     1333,   67.427,  -27.929,      0.0000
     1334,   68.288,  -28.286,      0.0000
     1335,   69.177,  -28.654,      0.0000
     1336,   70.084,  -29.030,      0.0000
     1337,   71.001,  -29.409,      0.0000
     1338,   71.924,  -29.792,      0.0000
     1339,   72.850,  -30.176,      0.0000
     1340,   73.779,  -30.560,      0.0000
     1341,   74.709,  -30.945,      0.0000
     1342,   75.639,  -31.331,      0.0000
     1343,   76.569,  -31.716,      0.0000
     1344,   77.500,  -32.102,      0.0000
     1345,   78.431,  -32.487,      0.0000
     1346,   79.362,  -32.873,      0.0000
     1347,   80.293,  -33.258,      0.0000
     1348,   81.224,  -33.644,      0.0000
     1349,   82.155,  -34.030,      0.0000
     1350,   83.086,  -34.415,      0.0000
     1351,   84.017,  -34.801,      0.0000
     1352,   84.947,  -35.186,      0.0000
     1353,   85.878,  -35.572,      0.0000
     1354,   86.809,  -35.958,      0.0000
     1355,   87.740,  -36.343,      0.0000
     1356,   88.671,  -36.729,      0.0000
     1357,   89.602,  -37.114,      0.0000
     1358,   90.533,  -37.500,      0.0000
     1359,   71.981,    0.000,      0.0000
     1360,   72.842,    0.000,      0.0000
     1361,   73.779,    0.000,      0.0000
     1362,   74.753,    0.000,      0.0000
     1363,   75.746,    0.000,      0.0000
     1364,   76.749,    0.000,      0.0000
     1365,   77.756,    0.000,      0.0000
     1366,   78.765,    0.000,      0.0000
     1367,   79.776,    0.000,      0.0000
     1368,   80.787,    0.000,      0.0000
     1369,   81.799,    0.000,      0.0000
     1370,   82.810,    0.000,      0.0000
     1371,   83.822,    0.000,      0.0000
     1372,   84.834,    0.000,      0.0000
     1373,   85.846,    0.000,      0.0000
     1374,   86.858,    0.000,      0.0000
     1375,   87.870,    0.000,      0.0000
     1376,   88.881,    0.000,      0.0000
     1377,   89.893,    0.000,      0.0000
     1378,   90.905,    0.000,      0.0000
     1379,   91.917,    0.000,      0.0000
     1380,   92.929,    0.000,      0.0000
     1381,   93.941,    0.000,      0.0000
     1382,   94.953,    0.000,      0.0000
     1383,   95.964,    0.000,      0.0000
     1384,   96.976,    0.000,      0.0000
     1385,   97.988,    0.000,      0.0000
     1386,   97.150,  -12.790,      0.0000
     1387,   96.147,  -12.658,      0.0000
     1388,   95.143,  -12.526,      0.0000
     1389,   94.140,  -12.394,      0.0000
     1390,   93.137,  -12.262,      0.0000
     1391,   92.134,  -12.130,      0.0000
     1392,   91.131,  -11.998,      0.0000
     1393,   90.127,  -11.866,      0.0000
     1394,   89.124,  -11.733,      0.0000
     1395,   88.121,  -11.601,      0.0000
     1396,   87.118,  -11.469,      0.0000
     1397,   86.115,  -11.337,      0.0000
     1398,   85.111,  -11.205,      0.0000
     1399,   84.108,  -11.073,      0.0000
     1400,   83.105,  -10.941,      0.0000
     1401,   82.102,  -10.809,      0.0000
     1402,   81.099,  -10.677,      0.0000
     1403,   80.096,  -10.545,      0.0000
     1404,   79.094,  -10.413,      0.0000
     1405,   78.092,  -10.281,      0.0000
     1406,   77.091,  -10.149,      0.0000
     1407,   76.093,  -10.018,      0.0000
     1408,   75.100,   -9.887,      0.0000
     1409,   74.117,   -9.758,      0.0000
     1410,   73.154,   -9.631,      0.0000
     1411,   72.231,   -9.509,      0.0000
     1412,   71.389,   -9.399,      0.0000
     1413,   71.400,   -5.396,      0.0000
     1414,   71.732,   -5.418,      0.0000
     1415,   72.100,   -5.763,      0.0000
     1416,   72.136,   -6.086,      0.0000
     1417,   72.171,   -6.409,      0.0000
     1418,   72.206,   -6.732,      0.0000
     1419,   72.540,   -7.074,      0.0000
     1420,   72.838,   -7.094,      0.0000
     1421,   73.136,   -7.114,      0.0000
     1422,   73.435,   -7.133,      0.0000
     1423,   73.733,   -7.153,      0.0000
     1424,   74.031,   -7.172,      0.0000
     1425,   74.329,   -7.192,      0.0000
     1426,   74.627,   -7.211,      0.0000
     1427,   74.926,   -7.231,      0.0000
     1428,   75.224,   -7.250,      0.0000
     1429,   75.522,   -7.270,      0.0000
     1430,   75.820,   -7.289,      0.0000
     1431,   76.118,   -7.309,      0.0000
     1432,   76.417,   -7.329,      0.0000
     1433,   76.715,   -7.348,      0.0000
     1434,   77.013,   -7.368,      0.0000
     1435,   77.311,   -7.387,      0.0000
     1436,   77.609,   -7.407,      0.0000
     1437,   77.908,   -7.426,      0.0000
     1438,   78.206,   -7.446,      0.0000
     1439,   78.504,   -7.465,      0.0000
     1440,   78.802,   -7.485,      0.0000
     1441,   79.101,   -7.504,      0.0000
     1442,   79.399,   -7.524,      0.0000
     1443,   79.697,   -7.544,      0.0000
     1444,   79.995,   -7.563,      0.0000
     1445,   80.293,   -7.583,      0.0000
     1446,   80.592,   -7.602,      0.0000
     1447,   80.890,   -7.622,      0.0000
     1448,   81.188,   -7.641,      0.0000
     1449,   81.486,   -7.661,      0.0000
     1450,   81.784,   -7.680,      0.0000
     1451,   82.083,   -7.700,      0.0000
     1452,   82.381,   -7.719,      0.0000
     1453,   82.679,   -7.739,      0.0000
     1454,   82.977,   -7.759,      0.0000
     1455,   83.275,   -7.778,      0.0000
     1456,   83.574,   -7.798,      0.0000
     1457,   83.872,   -7.817,      0.0000
     1458,   84.170,   -7.837,      0.0000
     1459,   84.468,   -7.856,      0.0000
     1460,   84.788,   -7.546,      0.0000
     1461,   84.810,   -7.216,      0.0000
     1462,   84.831,   -6.886,      0.0000
     1463,   84.853,   -6.556,      0.0000
     1464,   84.875,   -6.226,      0.0000
     1465,   84.896,   -5.896,      0.0000
     1466,   84.939,   -5.236,      0.0000
     1467,   84.961,   -4.906,      0.0000
     1468,   84.983,   -4.576,      0.0000
     1469,   85.004,   -4.246,      0.0000
     1470,   85.026,   -3.916,      0.0000
     1471,   85.048,   -3.586,      0.0000
     1472,   84.771,   -3.236,      0.0000
     1473,   84.473,   -3.217,      0.0000
     1474,   84.175,   -3.197,      0.0000
     1475,   83.876,   -3.178,      0.0000
     1476,   83.578,   -3.158,      0.0000
     1477,   83.280,   -3.138,      0.0000
     1478,   82.982,   -3.119,      0.0000
     1479,   82.684,   -3.099,      0.0000
     1480,   82.385,   -3.080,      0.0000
     1481,   82.087,   -3.060,      0.0000
     1482,   81.789,   -3.041,      0.0000
     1483,   81.491,   -3.021,      0.0000
     1484,   81.193,   -3.002,      0.0000
     1485,   80.894,   -2.982,      0.0000
     1486,   80.596,   -2.963,      0.0000
     1487,   80.298,   -2.943,      0.0000
     1488,   80.000,   -2.923,      0.0000
     1489,   79.702,   -2.904,      0.0000
     1490,   79.403,   -2.884,      0.0000
     1491,   79.105,   -2.865,      0.0000
     1492,   78.807,   -2.845,      0.0000
     1493,   78.509,   -2.826,      0.0000
     1494,   78.210,   -2.806,      0.0000
     1495,   77.912,   -2.787,      0.0000
     1496,   77.614,   -2.767,      0.0000
     1497,   77.316,   -2.748,      0.0000
     1498,   77.018,   -2.728,      0.0000
     1499,   76.719,   -2.708,      0.0000
     1500,   76.421,   -2.689,      0.0000
     1501,   76.123,   -2.669,      0.0000
     1502,   75.825,   -2.650,      0.0000
     1503,   75.527,   -2.630,      0.0000
     1504,   75.228,   -2.611,      0.0000
     1505,   74.930,   -2.591,      0.0000
     1506,   74.632,   -2.572,      0.0000
     1507,   74.334,   -2.552,      0.0000
     1508,   74.036,   -2.533,      0.0000
     1509,   73.737,   -2.513,      0.0000
     1510,   73.439,   -2.493,      0.0000
     1511,   73.141,   -2.474,      0.0000
     1512,   72.843,   -2.454,      0.0000
     1513,   72.467,   -2.750,      0.0000
     1514,   72.390,   -3.066,      0.0000
     1515,   72.313,   -3.382,      0.0000
     1516,   72.236,   -3.697,      0.0000
     1517,   71.826,   -3.991,      0.0000
     1518,   71.493,   -3.969,      0.0000
     1519,   64.814,  -31.963,      0.0000
     1520,   72.135,   -4.370,      0.0000
     1521,   72.112,   -4.726,      0.0000
     1522,   72.088,   -5.083,      0.0000
     1523,   94.653,  -25.362,      0.0000
     1524,   93.680,  -25.101,      0.0000
     1525,   92.707,  -24.841,      0.0000
     1526,   91.733,  -24.580,      0.0000
     1527,   90.760,  -24.319,      0.0000
     1528,   89.787,  -24.058,      0.0000
     1529,   88.813,  -23.797,      0.0000
     1530,   87.840,  -23.537,      0.0000
     1531,   86.867,  -23.276,      0.0000
     1532,   85.894,  -23.015,      0.0000
     1533,   84.920,  -22.754,      0.0000
     1534,   83.947,  -22.494,      0.0000
     1535,   82.974,  -22.233,      0.0000
     1536,   82.000,  -21.972,      0.0000
     1537,   81.027,  -21.711,      0.0000
     1538,   80.054,  -21.450,      0.0000
     1539,   79.080,  -21.190,      0.0000
     1540,   78.107,  -20.929,      0.0000
     1541,   77.134,  -20.668,      0.0000
     1542,   76.160,  -20.407,      0.0000
     1543,   75.187,  -20.146,      0.0000
     1544,   74.214,  -19.886,      0.0000
     1545,   73.240,  -19.625,      0.0000
     1546,   72.267,  -19.364,      0.0000
     1547,   71.299,  -19.105,      0.0000
     1548,   70.443,  -18.875,      0.0000
     1549,   69.642,  -18.661,      0.0000
     1550,   68.188,  -22.392,      0.0000
     1551,   68.922,  -22.077,      0.0000
     1552,   69.182,  -21.603,      0.0000
     1553,   70.433,  -21.464,      0.0000
     1554,   72.414,  -22.136,      0.0000
     1555,   74.395,  -22.809,      0.0000
     1556,   76.376,  -23.481,      0.0000
     1557,   78.357,  -24.154,      0.0000
     1558,   80.337,  -24.826,      0.0000
     1559,   80.956,  -26.258,      0.0000
     1560,   80.212,  -28.451,      0.0000
     1561,   78.849,  -29.210,      0.0000
     1562,   76.868,  -28.538,      0.0000
     1563,   74.887,  -27.866,      0.0000
     1564,   72.906,  -27.193,      0.0000
     1565,   70.926,  -26.521,      0.0000
     1566,   68.945,  -25.848,      0.0000
     1567,   68.037,  -24.977,      0.0000
     1568,   68.119,  -24.442,      0.0000
     1569,   67.728,  -23.746,      0.0000
     1570,   70.248,  -14.702,      0.0000
     1571,   70.727,  -15.341,      0.0000
     1572,   70.715,  -15.883,      0.0000
     1573,   71.729,  -16.628,      0.0000
     1574,   73.780,  -17.036,      0.0000
     1575,   75.832,  -17.444,      0.0000
     1576,   77.884,  -17.852,      0.0000
     1577,   79.936,  -18.261,      0.0000
     1578,   81.987,  -18.669,      0.0000
     1579,   83.239,  -17.737,      0.0000
     1580,   83.691,  -15.467,      0.0000
     1581,   82.891,  -14.128,      0.0000
     1582,   80.839,  -13.720,      0.0000
     1583,   78.787,  -13.311,      0.0000
     1584,   76.735,  -12.903,      0.0000
     1585,   74.684,  -12.495,      0.0000
     1586,   72.632,  -12.087,      0.0000
     1587,   71.410,  -12.388,      0.0000
     1588,   71.214,  -12.892,      0.0000
     1589,   70.527,  -13.300,      0.0000
     1590,   65.744,  -30.715,      0.0000
     1591,   65.096,  -32.028,      0.0000
     1592,   64.414,  -33.411,      0.0000
     1593,   65.414,  -31.384,      0.0000
     1594,   64.785,  -32.658,      0.0000
     1595,   72.262,   -6.747,      0.0000
     1596,   72.282,   -6.439,      0.0000
     1597,   72.302,   -6.131,      0.0000
     1598,   72.323,   -5.823,      0.0000
     1599,   72.343,   -5.515,      0.0000
     1600,   72.363,   -5.207,      0.0000
     1601,   72.383,   -4.899,      0.0000
     1602,   72.403,   -4.591,      0.0000
     1603,   72.423,   -4.283,      0.0000
     1604,   72.444,   -3.975,      0.0000
     1605,   72.464,   -3.667,      0.0000
     1606,   72.484,   -3.359,      0.0000
     1607,   72.504,   -3.051,      0.0000
     1608,   72.524,   -2.743,      0.0000
     1609,   68.431,  -23.229,      0.0000
     1610,   70.878,  -14.098,      0.0000
     1611,   69.191,  -21.868,      0.0000
     1612,   68.702,  -23.309,      0.0000
     1613,   68.222,  -24.724,      0.0000
     1614,   70.856,  -15.655,      0.0000
     1615,   71.142,  -14.219,      0.0000
     1616,   71.449,  -12.671,      0.0000
     1617,   68.466,  -24.004,      0.0000
     1618,   68.940,  -22.608,      0.0000
     1619,   71.002,  -14.923,      0.0000
     1620,   71.293,  -13.459,      0.0000
     1621,  -25.704,  -63.365,      0.0000
     1622,  -25.509,  -62.781,      0.0000
     1623,  -25.330,  -61.708,      0.0000
     1624,  -25.322,  -61.062,      0.0000
     1625,  -56.944,  -33.574,      0.0000
     1626,  -57.583,  -33.672,      0.0000
     1627,  -58.620,  -33.998,      0.0000
     1628,  -59.171,  -34.273,      0.0000
     1629,   74.285,   -4.869,      0.0000
     1630,   74.316,   -4.409,      0.0000
     1631,   74.346,   -3.949,      0.0000
     1632,   74.376,   -3.489,      0.0000
     1633,   74.406,   -3.029,      0.0000
     1634,   73.988,   -3.001,      0.0000
     1635,   73.570,   -2.974,      0.0000
     1636,   73.152,   -2.947,      0.0000
     1637,   72.734,   -2.919,      0.0000
     1638,   72.704,   -3.379,      0.0000
     1639,   72.674,   -3.839,      0.0000
     1640,   72.644,   -4.299,      0.0000
     1641,   72.613,   -4.759,      0.0000
     1642,   72.583,   -5.219,      0.0000
     1643,   72.553,   -5.679,      0.0000
     1644,   72.523,   -6.139,      0.0000
     1645,   72.493,   -6.599,      0.0000
     1646,   72.911,   -6.627,      0.0000
     1647,   73.329,   -6.654,      0.0000
     1648,   73.747,   -6.682,      0.0000
     1649,   74.165,   -6.709,      0.0000
     1650,   74.195,   -6.249,      0.0000
     1651,   74.225,   -5.789,      0.0000
     1652,   74.255,   -5.329,      0.0000
     1653,   76.317,   -5.002,      0.0000
     1654,   76.347,   -4.542,      0.0000
     1655,   76.377,   -4.082,      0.0000
     1656,   76.407,   -3.622,      0.0000
     1657,   76.438,   -3.162,      0.0000
     1658,   76.020,   -3.135,      0.0000
     1659,   75.602,   -3.107,      0.0000
     1660,   75.184,   -3.080,      0.0000
     1661,   74.766,   -3.052,      0.0000
     1662,   74.736,   -3.512,      0.0000
     1663,   74.705,   -3.972,      0.0000
     1664,   74.675,   -4.432,      0.0000
     1665,   74.645,   -4.892,      0.0000
     1666,   74.615,   -5.353,      0.0000
     1667,   74.585,   -5.813,      0.0000
     1668,   74.555,   -6.273,      0.0000
     1669,   74.524,   -6.733,      0.0000
     1670,   74.942,   -6.760,      0.0000
     1671,   75.360,   -6.787,      0.0000
     1672,   75.778,   -6.815,      0.0000
     1673,   76.196,   -6.842,      0.0000
     1674,   76.227,   -6.382,      0.0000
     1675,   76.257,   -5.922,      0.0000
     1676,   76.287,   -5.462,      0.0000
     1677,   78.349,   -5.135,      0.0000
     1678,   78.379,   -4.675,      0.0000
     1679,   78.409,   -4.215,      0.0000
     1680,   78.439,   -3.755,      0.0000
     1681,   78.469,   -3.295,      0.0000
     1682,   78.051,   -3.268,      0.0000
     1683,   77.633,   -3.240,      0.0000
     1684,   77.215,   -3.213,      0.0000
     1685,   76.797,   -3.186,      0.0000
     1686,   76.767,   -3.646,      0.0000
     1687,   76.737,   -4.106,      0.0000
     1688,   76.707,   -4.566,      0.0000
     1689,   76.677,   -5.026,      0.0000
     1690,   76.647,   -5.486,      0.0000
     1691,   76.616,   -5.946,      0.0000
     1692,   76.586,   -6.406,      0.0000
     1693,   76.556,   -6.866,      0.0000
     1694,   76.974,   -6.893,      0.0000
     1695,   77.392,   -6.921,      0.0000
     1696,   77.810,   -6.948,      0.0000
     1697,   78.228,   -6.975,      0.0000
     1698,   78.258,   -6.515,      0.0000
     1699,   78.288,   -6.055,      0.0000
     1700,   78.319,   -5.595,      0.0000
     1701,   80.380,   -5.268,      0.0000
     1702,   80.410,   -4.808,      0.0000
     1703,   80.441,   -4.348,      0.0000
     1704,   80.471,   -3.888,      0.0000
     1705,   80.501,   -3.428,      0.0000
     1706,   80.083,   -3.401,      0.0000
     1707,   79.665,   -3.374,      0.0000
     1708,   79.247,   -3.346,      0.0000
     1709,   78.829,   -3.319,      0.0000
     1710,   78.799,   -3.779,      0.0000
     1711,   78.769,   -4.239,      0.0000
     1712,   78.738,   -4.699,      0.0000
     1713,   78.708,   -5.159,      0.0000
     1714,   78.678,   -5.619,      0.0000
     1715,   78.648,   -6.079,      0.0000
     1716,   78.618,   -6.539,      0.0000
     1717,   78.588,   -6.999,      0.0000
     1718,   79.006,   -7.026,      0.0000
     1719,   79.424,   -7.054,      0.0000
     1720,   79.842,   -7.081,      0.0000
     1721,   80.260,   -7.108,      0.0000
     1722,   80.290,   -6.648,      0.0000
     1723,   80.320,   -6.188,      0.0000
     1724,   80.350,   -5.728,      0.0000
     1725,   82.412,   -5.402,      0.0000
     1726,   82.442,   -4.942,      0.0000
     1727,   82.472,   -4.482,      0.0000
     1728,   82.502,   -4.022,      0.0000
     1729,   82.533,   -3.562,      0.0000
     1730,   82.115,   -3.534,      0.0000
     1731,   81.697,   -3.507,      0.0000
     1732,   81.279,   -3.479,      0.0000
     1733,   80.861,   -3.452,      0.0000
     1734,   80.830,   -3.912,      0.0000
     1735,   80.800,   -4.372,      0.0000
     1736,   80.770,   -4.832,      0.0000
     1737,   80.740,   -5.292,      0.0000
     1738,   80.710,   -5.752,      0.0000
     1739,   80.680,   -6.212,      0.0000
     1740,   80.650,   -6.672,      0.0000
     1741,   80.619,   -7.132,      0.0000
     1742,   81.037,   -7.159,      0.0000
     1743,   81.455,   -7.187,      0.0000
     1744,   81.873,   -7.214,      0.0000
     1745,   82.291,   -7.242,      0.0000
     1746,   82.321,   -6.782,      0.0000
     1747,   82.352,   -6.322,      0.0000
     1748,   82.382,   -5.862,      0.0000
     1749,   84.444,   -5.535,      0.0000
     1750,   84.474,   -5.075,      0.0000
     1751,   84.504,   -4.615,      0.0000
     1752,   84.534,   -4.155,      0.0000
     1753,   84.564,   -3.695,      0.0000
     1754,   84.146,   -3.667,      0.0000
     1755,   83.728,   -3.640,      0.0000
     1756,   83.310,   -3.612,      0.0000
     1757,   82.892,   -3.585,      0.0000
     1758,   82.862,   -4.045,      0.0000
     1759,   82.832,   -4.505,      0.0000
     1760,   82.802,   -4.965,      0.0000
     1761,   82.772,   -5.425,      0.0000
     1762,   82.741,   -5.885,      0.0000
     1763,   82.711,   -6.345,      0.0000
     1764,   82.681,   -6.805,      0.0000
     1765,   82.651,   -7.265,      0.0000
     1766,   83.069,   -7.293,      0.0000
     1767,   83.487,   -7.320,      0.0000
     1768,   83.905,   -7.347,      0.0000
     1769,   84.323,   -7.375,      0.0000
     1770,   84.353,   -6.915,      0.0000
     1771,   84.383,   -6.455,      0.0000
     1772,   84.413,   -5.995,      0.0000
     1773,   72.941,   -6.167,      0.0000
     1774,   73.359,   -6.194,      0.0000
     1775,   73.777,   -6.222,      0.0000
     1776,   72.971,   -5.707,      0.0000
     1777,   73.389,   -5.734,      0.0000
     1778,   73.807,   -5.762,      0.0000
     1779,   73.001,   -5.247,      0.0000
     1780,   73.419,   -5.274,      0.0000
     1781,   73.837,   -5.302,      0.0000
     1782,   73.031,   -4.787,      0.0000
     1783,   73.449,   -4.814,      0.0000
     1784,   73.867,   -4.842,      0.0000
     1785,   73.062,   -4.327,      0.0000
     1786,   73.480,   -4.354,      0.0000
     1787,   73.898,   -4.382,      0.0000
     1788,   73.092,   -3.867,      0.0000
     1789,   73.510,   -3.894,      0.0000
     1790,   73.928,   -3.921,      0.0000
     1791,   73.122,   -3.407,      0.0000
     1792,   73.540,   -3.434,      0.0000
     1793,   73.958,   -3.461,      0.0000
     1794,   74.973,   -6.300,      0.0000
     1795,   75.391,   -6.327,      0.0000
     1796,   75.809,   -6.355,      0.0000
     1797,   75.003,   -5.840,      0.0000
     1798,   75.421,   -5.867,      0.0000
     1799,   75.839,   -5.895,      0.0000
     1800,   75.033,   -5.380,      0.0000
     1801,   75.451,   -5.407,      0.0000
     1802,   75.869,   -5.435,      0.0000
     1803,   75.063,   -4.920,      0.0000
     1804,   75.481,   -4.947,      0.0000
     1805,   75.899,   -4.975,      0.0000
     1806,   75.093,   -4.460,      0.0000
     1807,   75.511,   -4.487,      0.0000
     1808,   75.929,   -4.515,      0.0000
     1809,   75.123,   -4.000,      0.0000
     1810,   75.541,   -4.027,      0.0000
     1811,   75.959,   -4.055,      0.0000
     1812,   75.154,   -3.540,      0.0000
     1813,   75.571,   -3.567,      0.0000
     1814,   75.989,   -3.595,      0.0000
     1815,   77.004,   -6.433,      0.0000
     1816,   77.422,   -6.460,      0.0000
     1817,   77.840,   -6.488,      0.0000
     1818,   77.034,   -5.973,      0.0000
     1819,   77.452,   -6.000,      0.0000
     1820,   77.870,   -6.028,      0.0000
     1821,   77.065,   -5.513,      0.0000
     1822,   77.483,   -5.540,      0.0000
     1823,   77.901,   -5.568,      0.0000
     1824,   77.095,   -5.053,      0.0000
     1825,   77.513,   -5.080,      0.0000
     1826,   77.931,   -5.108,      0.0000
     1827,   77.125,   -4.593,      0.0000
     1828,   77.543,   -4.620,      0.0000
     1829,   77.961,   -4.648,      0.0000
     1830,   77.155,   -4.133,      0.0000
     1831,   77.573,   -4.160,      0.0000
     1832,   77.991,   -4.188,      0.0000
     1833,   77.185,   -3.673,      0.0000
     1834,   77.603,   -3.700,      0.0000
     1835,   78.021,   -3.728,      0.0000
     1836,   79.036,   -6.566,      0.0000
     1837,   79.454,   -6.594,      0.0000
     1838,   79.872,   -6.621,      0.0000
     1839,   79.066,   -6.106,      0.0000
     1840,   79.484,   -6.134,      0.0000
     1841,   79.902,   -6.161,      0.0000
     1842,   79.096,   -5.646,      0.0000
     1843,   79.514,   -5.674,      0.0000
     1844,   79.932,   -5.701,      0.0000
     1845,   79.126,   -5.186,      0.0000
     1846,   79.544,   -5.214,      0.0000
     1847,   79.962,   -5.241,      0.0000
     1848,   79.156,   -4.726,      0.0000
     1849,   79.574,   -4.754,      0.0000
     1850,   79.992,   -4.781,      0.0000
     1851,   79.187,   -4.266,      0.0000
     1852,   79.605,   -4.294,      0.0000
     1853,   80.023,   -4.321,      0.0000
     1854,   79.217,   -3.806,      0.0000
     1855,   79.635,   -3.834,      0.0000
     1856,   80.053,   -3.861,      0.0000
     1857,   81.068,   -6.699,      0.0000
     1858,   81.486,   -6.727,      0.0000
     1859,   81.904,   -6.754,      0.0000
     1860,   81.098,   -6.239,      0.0000
     1861,   81.516,   -6.267,      0.0000
     1862,   81.934,   -6.294,      0.0000
     1863,   81.128,   -5.779,      0.0000
     1864,   81.546,   -5.807,      0.0000
     1865,   81.964,   -5.834,      0.0000
     1866,   81.158,   -5.319,      0.0000
     1867,   81.576,   -5.347,      0.0000
     1868,   81.994,   -5.374,      0.0000
     1869,   81.188,   -4.859,      0.0000
     1870,   81.606,   -4.887,      0.0000
     1871,   82.024,   -4.914,      0.0000
     1872,   81.218,   -4.399,      0.0000
     1873,   81.636,   -4.427,      0.0000
     1874,   82.054,   -4.454,      0.0000
     1875,   81.248,   -3.939,      0.0000
     1876,   81.666,   -3.967,      0.0000
     1877,   82.084,   -3.994,      0.0000
     1878,   83.099,   -6.833,      0.0000
     1879,   83.517,   -6.860,      0.0000
     1880,   83.935,   -6.887,      0.0000
     1881,   83.129,   -6.373,      0.0000
     1882,   83.547,   -6.400,      0.0000
     1883,   83.965,   -6.427,      0.0000
     1884,   83.159,   -5.913,      0.0000
     1885,   83.577,   -5.940,      0.0000
     1886,   83.995,   -5.967,      0.0000
     1887,   83.190,   -5.453,      0.0000
     1888,   83.608,   -5.480,      0.0000
     1889,   84.026,   -5.507,      0.0000
     1890,   83.220,   -4.993,      0.0000
     1891,   83.638,   -5.020,      0.0000
     1892,   84.056,   -5.047,      0.0000
     1893,   83.250,   -4.533,      0.0000
     1894,   83.668,   -4.560,      0.0000
     1895,   84.086,   -4.587,      0.0000
     1896,   83.280,   -4.072,      0.0000
     1897,   83.698,   -4.100,      0.0000
     1898,   84.116,   -4.127,      0.0000
     1899,  -17.588,  -13.503,      0.0000
     1900,  -14.717,  -17.147,      0.0000
     1901,  -11.013,  -19.576,      0.0000
     1902,   -7.172,  -16.810,      0.0000
     1903,   -4.911,  -11.461,      0.0000
     1904,   -3.681,   -5.350,      0.0000
     1905,   -3.044,   -3.436,      0.0000
     1906,   -9.227,   -5.844,      0.0000
     1907,  -13.783,   -8.320,      0.0000
     1908,  -18.099,  -11.338,      0.0000
     1909,  -15.842,  -12.156,      0.0000
     1910,  -14.195,  -15.498,      0.0000
     1911,  -11.240,  -17.905,      0.0000
     1912,   -8.906,  -19.085,      0.0000
     1913,   -6.682,  -11.749,      0.0000
     1914,   -4.464,   -7.559,      0.0000
     1915,   -1.921,   -2.197,      0.0000
     1916,   -7.335,   -7.076,      0.0000
     1917,  -11.813,   -7.995,      0.0000
     1918,  -16.024,  -14.479,      0.0000
     1919,   -7.502,  -14.236,      0.0000
     1920,   -9.734,   -7.666,      0.0000
     1921,  -10.481,   -9.857,      0.0000
     1922,  -16.511,  -10.110,      0.0000
     1923,  -14.456,  -13.558,      0.0000
     1924,  -13.186,  -17.411,      0.0000
     1925,   -5.839,   -9.624,      0.0000
     1926,   -5.797,   -5.193,      0.0000
     1927,   -8.195,   -9.639,      0.0000
     1928,  -12.631,  -10.021,      0.0000
     1929,  -11.844,  -15.780,      0.0000
     1930,   -4.765,   -3.923,      0.0000
     1931,  -11.460,  -11.882,      0.0000
     1932,  -10.337,  -13.956,      0.0000
     1933,  -14.752,  -10.098,      0.0000
     1934,   -9.109,  -11.886,      0.0000
     1935,  -62.291,  -31.741,      0.0000
     1936,  -61.847,  -32.738,      0.0000
     1937,  -61.462,  -33.586,      0.0000
     1938,  -60.826,  -34.358,      0.0000
     1939,  -60.526,  -35.175,      0.0000
     1940,  -60.058,  -35.936,      0.0000
     1941,  -59.610,  -36.682,      0.0000
     1942,  -59.094,  -37.372,      0.0000
     1943,  -58.666,  -38.187,      0.0000
     1944,  -58.131,  -38.833,      0.0000
     1945,  -57.572,  -39.578,      0.0000
     1946,  -57.090,  -40.345,      0.0000
     1947,  -56.618,  -41.139,      0.0000
     1948,  -56.369,  -41.726,      0.0000
     1949,  -55.557,  -42.546,      0.0000
     1950,  -55.011,  -43.250,      0.0000
     1951,  -54.480,  -43.967,      0.0000
     1952,  -53.976,  -44.522,      0.0000
     1953,  -53.386,  -45.226,      0.0000
     1954,  -52.903,  -45.931,      0.0000
     1955,  -52.237,  -46.684,      0.0000
     1956,  -51.607,  -47.265,      0.0000
     1957,  -51.028,  -47.895,      0.0000
     1958,  -50.402,  -48.510,      0.0000
     1959,  -49.737,  -49.139,      0.0000
     1960,  -49.132,  -49.813,      0.0000
     1961,  -48.532,  -50.419,      0.0000
     1962,  -47.917,  -51.100,      0.0000
     1963,  -47.340,  -51.670,      0.0000
     1964,  -46.632,  -52.314,      0.0000
     1965,  -45.774,  -52.931,      0.0000
     1966,  -45.219,  -53.483,      0.0000
     1967,  -44.513,  -54.079,      0.0000
     1968,  -43.846,  -54.579,      0.0000
     1969,  -43.081,  -55.186,      0.0000
     1970,  -42.415,  -55.689,      0.0000
     1971,  -41.629,  -56.265,      0.0000
     1972,  -40.950,  -56.783,      0.0000
     1973,  -40.174,  -57.361,      0.0000
     1974,  -39.503,  -57.842,      0.0000
     1975,  -38.699,  -58.352,      0.0000
     1976,  -37.922,  -58.793,      0.0000
     1977,  -37.160,  -59.312,      0.0000
     1978,  -36.225,  -59.867,      0.0000
     1979,  -35.755,  -60.200,      0.0000
     1980,  -34.830,  -60.658,      0.0000
     1981,  -33.976,  -61.211,      0.0000
     1982,  -33.217,  -61.581,      0.0000
     1983,  -32.425,  -61.948,      0.0000
     1984,  -31.652,  -62.269,      0.0000
     1985,  -30.766,  -62.835,      0.0000
     1986,  -30.004,  -63.240,      0.0000
     1987,  -29.182,  -63.663,      0.0000
     1988,  -28.433,  -63.985,      0.0000
     1989,  -27.459,  -64.320,      0.0000
     1990,  -26.681,  -64.668,      0.0000
     1991,  -25.862,  -65.063,      0.0000
     1992,  -25.103,  -65.363,      0.0000
     1993,  -24.211,  -65.605,      0.0000
     1994,  -23.265,  -65.933,      0.0000
     1995,  -22.518,  -66.315,      0.0000
     1996,  -22.839,  -63.902,      0.0000
     1997,  -21.600,  -61.471,      0.0000
     1998,  -19.950,  -56.356,      0.0000
     1999,  -18.934,  -53.557,      0.0000
     2000,  -17.260,  -48.232,      0.0000
     2001,  -16.212,  -45.468,      0.0000
     2002,  -14.553,  -40.047,      0.0000
     2003,  -13.492,  -37.384,      0.0000
     2004,  -11.835,  -32.009,      0.0000
     2005,  -10.834,  -29.383,      0.0000
     2006,   -9.462,  -23.882,      0.0000
     2007,  -12.497,  -21.174,      0.0000
     2008,  -15.896,  -18.306,      0.0000
     2009,  -20.253,  -14.276,      0.0000
     2010,  -24.781,  -13.850,      0.0000
     2011,  -27.512,  -14.732,      0.0000
     2012,  -32.282,  -17.374,      0.0000
     2013,  -34.996,  -18.606,      0.0000
     2014,  -39.973,  -21.065,      0.0000
     2015,  -42.613,  -22.288,      0.0000
     2016,  -47.614,  -24.840,      0.0000
     2017,  -50.195,  -26.036,      0.0000
     2018,  -55.128,  -28.694,      0.0000
     2019,  -57.694,  -29.932,      0.0000
     2020,  -61.656,  -31.552,      0.0000
     2021,  -62.034,  -32.224,      0.0000
     2022,  -61.434,  -33.089,      0.0000
     2023,  -60.932,  -33.672,      0.0000
     2024,  -60.621,  -34.796,      0.0000
     2025,  -60.074,  -35.472,      0.0000
     2026,  -59.622,  -36.233,      0.0000
     2027,  -59.212,  -36.927,      0.0000
     2028,  -58.649,  -37.681,      0.0000
     2029,  -58.378,  -38.467,      0.0000
     2030,  -57.808,  -39.168,      0.0000
     2031,  -57.226,  -39.942,      0.0000
     2032,  -56.688,  -40.651,      0.0000
     2033,  -56.181,  -41.551,      0.0000
     2034,  -56.202,  -41.406,      0.0000
     2035,  -56.131,  -41.520,      0.0000
     2036,  -54.694,  -43.716,      0.0000
     2037,  -55.238,  -43.019,      0.0000
     2038,  -55.808,  -42.277,      0.0000
     2039,  -56.022,  -41.988,      0.0000
     2040,  -53.569,  -44.791,      0.0000
     2041,  -52.966,  -45.494,      0.0000
     2042,  -52.112,  -46.279,      0.0000
     2043,  -51.777,  -46.790,      0.0000
     2044,  -51.239,  -47.517,      0.0000
     2045,  -50.640,  -48.114,      0.0000
     2046,  -49.975,  -48.723,      0.0000
     2047,  -49.329,  -49.388,      0.0000
     2048,  -48.776,  -50.048,      0.0000
     2049,  -47.941,  -50.568,      0.0000
     2050,  -47.396,  -51.199,      0.0000
     2051,  -46.610,  -51.920,      0.0000
     2052,  -45.669,  -52.484,      0.0000
     2053,  -45.449,  -53.182,      0.0000
     2054,  -44.672,  -53.645,      0.0000
     2055,  -44.146,  -54.290,      0.0000
     2056,  -43.237,  -54.660,      0.0000
     2057,  -42.715,  -55.406,      0.0000
     2058,  -41.789,  -55.705,      0.0000
     2059,  -41.253,  -56.486,      0.0000
     2060,  -40.345,  -56.857,      0.0000
     2061,  -39.806,  -57.569,      0.0000
     2062,  -38.969,  -57.908,      0.0000
     2063,  -38.301,  -58.525,      0.0000
     2064,  -37.410,  -58.960,      0.0000
     2065,  -36.495,  -59.651,      0.0000
     2066,  -35.979,  -60.054,      0.0000
     2067,  -36.788,  -59.437,      0.0000
     2068,  -33.695,  -61.342,      0.0000
     2069,  -34.240,  -61.034,      0.0000
     2070,  -35.031,  -60.657,      0.0000
     2071,  -35.531,  -60.333,      0.0000
     2072,  -35.132,  -60.515,      0.0000
     2073,  -32.823,  -61.642,      0.0000
     2074,  -32.077,  -62.171,      0.0000
     2075,  -31.013,  -62.390,      0.0000
     2076,  -30.303,  -62.944,      0.0000
     2077,  -29.428,  -63.264,      0.0000
     2078,  -28.788,  -63.780,      0.0000
     2079,  -27.862,  -63.889,      0.0000
     2080,  -27.056,  -64.496,      0.0000
     2081,  -26.165,  -64.733,      0.0000
     2082,  -25.457,  -65.145,      0.0000
     2083,  -24.641,  -65.281,      0.0000
     2084,  -23.653,  -65.543,      0.0000
     2085,  -22.782,  -66.039,      0.0000
     2086,  -22.886,  -61.119,      0.0000
     2087,  -20.208,  -57.839,      0.0000
     2088,  -20.099,  -53.170,      0.0000
     2089,  -17.550,  -49.792,      0.0000
     2090,  -17.340,  -45.056,      0.0000
     2091,  -14.838,  -41.250,      0.0000
     2092,  -14.571,  -36.921,      0.0000
     2093,  -12.106,  -33.197,      0.0000
     2094,  -11.963,  -29.017,      0.0000
     2095,   -9.623,  -25.616,      0.0000
     2096,  -11.186,  -22.844,      0.0000
     2097,  -16.639,  -19.361,      0.0000
     2098,  -19.488,  -16.088,      0.0000
     2099,  -22.497,  -12.296,      0.0000
     2100,  -27.111,  -15.509,      0.0000
     2101,  -31.020,  -16.436,      0.0000
     2102,  -34.308,  -19.811,      0.0000
     2103,  -38.684,  -20.214,      0.0000
     2104,  -41.944,  -23.330,      0.0000
     2105,  -46.295,  -23.989,      0.0000
     2106,  -49.490,  -26.978,      0.0000
     2107,  -53.827,  -27.811,      0.0000
     2108,  -56.969,  -30.961,      0.0000
     2109,  -60.782,  -31.503,      0.0000
     2110,  -56.421,  -41.465,      0.0000
     2111,  -55.792,  -40.648,      0.0000
     2112,  -54.971,  -40.061,      0.0000
     2113,  -53.251,  -40.402,      0.0000
     2114,  -52.109,  -41.024,      0.0000
     2115,  -50.884,  -41.625,      0.0000
     2116,  -49.567,  -42.661,      0.0000
     2117,  -48.604,  -43.433,      0.0000
     2118,  -47.311,  -44.389,      0.0000
     2119,  -46.107,  -45.189,      0.0000
     2120,  -44.775,  -46.175,      0.0000
     2121,  -43.610,  -47.028,      0.0000
     2122,  -42.537,  -48.222,      0.0000
     2123,  -43.943,  -50.569,      0.0000
     2124,  -45.531,  -50.570,      0.0000
     2125,  -47.640,  -49.581,      0.0000
     2126,  -49.961,  -47.990,      0.0000
     2127,  -51.128,  -46.952,      0.0000
     2128,  -35.313,  -60.453,      0.0000
     2129,  -34.727,  -60.842,      0.0000
     2130,  -34.515,  -60.921,      0.0000
     2131,  -22.148,  -62.514,      0.0000
     2132,  -21.626,  -60.188,      0.0000
     2133,  -21.622,  -58.324,      0.0000
     2134,  -19.720,  -54.748,      0.0000
     2135,  -18.889,  -52.277,      0.0000
     2136,  -18.952,  -50.472,      0.0000
     2137,  -16.968,  -46.628,      0.0000
     2138,  -16.123,  -44.166,      0.0000
     2139,  -15.964,  -42.249,      0.0000
     2140,  -14.243,  -38.507,      0.0000
     2141,  -13.376,  -36.075,      0.0000
     2142,  -13.172,  -34.174,      0.0000
     2143,  -11.559,  -30.508,      0.0000
     2144,  -10.834,  -28.141,      0.0000
     2145,  -11.056,  -26.389,      0.0000
     2146,  -15.313,  -19.415,      0.0000
     2147,  -21.416,  -12.031,      0.0000
     2148,  -26.260,  -14.608,      0.0000
     2149,  -28.284,  -15.677,      0.0000
     2150,  -29.526,  -16.926,      0.0000
     2151,  -33.622,  -18.315,      0.0000
     2152,  -35.942,  -19.494,      0.0000
     2153,  -37.223,  -20.781,      0.0000
     2154,  -41.272,  -21.942,      0.0000
     2155,  -43.534,  -23.147,      0.0000
     2156,  -44.784,  -24.483,      0.0000
     2157,  -48.902,  -25.675,      0.0000
     2158,  -51.059,  -26.899,      0.0000
     2159,  -52.226,  -28.309,      0.0000
     2160,  -56.407,  -29.573,      0.0000
     2161,  -58.484,  -30.957,      0.0000
     2162,  -59.632,  -31.996,      0.0000
     2163,  -56.193,  -40.484,      0.0000
     2164,  -55.444,  -40.377,      0.0000
     2165,  -54.382,  -40.248,      0.0000
     2166,  -52.552,  -40.465,      0.0000
     2167,  -51.412,  -41.554,      0.0000
     2168,  -49.819,  -41.697,      0.0000
     2169,  -49.077,  -43.057,      0.0000
     2170,  -47.736,  -43.656,      0.0000
     2171,  -46.646,  -44.692,      0.0000
     2172,  -45.069,  -45.292,      0.0000
     2173,  -44.137,  -46.533,      0.0000
     2174,  -42.215,  -47.774,      0.0000
     2175,  -42.925,  -49.369,      0.0000
     2176,  -23.368,  -62.476,      0.0000
     2177,  -23.196,  -59.285,      0.0000
     2178,  -21.002,  -56.939,      0.0000
     2179,  -21.185,  -54.226,      0.0000
     2180,  -20.277,  -51.564,      0.0000
     2181,  -18.495,  -48.747,      0.0000
     2182,  -18.309,  -46.114,      0.0000
     2183,  -17.479,  -43.405,      0.0000
     2184,  -15.720,  -40.470,      0.0000
     2185,  -15.541,  -37.926,      0.0000
     2186,  -14.636,  -35.252,      0.0000
     2187,  -12.937,  -32.435,      0.0000
     2188,  -12.858,  -30.011,      0.0000
     2189,  -12.235,  -27.520,      0.0000
     2190,  -10.861,  -24.637,      0.0000
     2191,  -14.161,  -20.185,      0.0000
     2192,  -17.953,  -16.826,      0.0000
     2193,  -20.646,  -12.958,      0.0000
     2194,  -28.086,  -17.033,      0.0000
     2195,  -30.930,  -17.789,      0.0000
     2196,  -33.124,  -19.433,      0.0000
     2197,  -35.483,  -21.068,      0.0000
     2198,  -38.744,  -21.535,      0.0000
     2199,  -40.707,  -22.942,      0.0000
     2200,  -43.013,  -24.489,      0.0000
     2201,  -46.406,  -25.321,      0.0000
     2202,  -48.405,  -26.557,      0.0000
     2203,  -50.388,  -28.190,      0.0000
     2204,  -53.850,  -29.211,      0.0000
     2205,  -55.870,  -30.607,      0.0000
     2206,  -58.496,  -32.379,      0.0000
     2207,  -60.673,  -32.663,      0.0000
     2208,  -31.902,  -61.726,      0.0000
     2209,  -31.175,  -61.604,      0.0000
     2210,  -29.793,  -62.839,      0.0000
     2211,  -28.407,  -63.570,      0.0000
     2212,  -28.850,  -63.384,      0.0000
     2213,  -35.220,  -42.791,      0.0000
     2214,  -35.252,  -41.569,      0.0000
     2215,  -34.378,  -40.329,      0.0000
     2216,  -33.241,  -39.280,      0.0000
     2217,  -31.638,  -38.999,      0.0000
     2218,  -30.526,  -39.866,      0.0000
     2219,  -30.246,  -41.116,      0.0000
     2220,  -29.622,  -42.741,      0.0000
     2221,  -29.255,  -44.088,      0.0000
     2222,  -28.828,  -45.713,      0.0000
     2223,  -28.530,  -47.096,      0.0000
     2224,  -28.070,  -48.594,      0.0000
     2225,  -27.627,  -50.046,      0.0000
     2226,  -27.294,  -51.630,      0.0000
     2227,  -26.890,  -53.005,      0.0000
     2228,  -26.481,  -54.582,      0.0000
     2229,  -26.061,  -55.947,      0.0000
     2230,  -25.622,  -57.620,      0.0000
     2231,  -25.217,  -58.939,      0.0000
     2232,  -25.200,  -60.279,      0.0000
     2233,  -25.134,  -61.532,      0.0000
     2234,  -25.096,  -62.532,      0.0000
     2235,  -25.464,  -63.474,      0.0000
     2236,  -26.328,  -64.308,      0.0000
     2237,  -27.285,  -63.953,      0.0000
     2238,  -25.562,  -64.641,      0.0000
     2239,  -24.581,  -64.539,      0.0000
     2240,  -22.823,  -65.287,      0.0000
     2241,  -24.226,  -62.437,      0.0000
     2242,  -24.423,  -59.288,      0.0000
     2243,  -22.238,  -56.495,      0.0000
     2244,  -21.741,  -50.676,      0.0000
     2245,  -19.258,  -47.636,      0.0000
     2246,  -18.881,  -42.546,      0.0000
     2247,  -16.465,  -39.376,      0.0000
     2248,  -15.913,  -34.271,      0.0000
     2249,  -13.653,  -31.398,      0.0000
     2250,  -13.583,  -26.865,      0.0000
     2251,  -11.745,  -24.069,      0.0000
     2252,  -12.946,  -22.485,      0.0000
     2253,  -17.347,  -18.032,      0.0000
     2254,  -21.877,  -13.550,      0.0000
     2255,  -23.464,  -13.071,      0.0000
     2256,  -30.769,  -18.910,      0.0000
     2257,  -35.161,  -22.697,      0.0000
     2258,  -38.920,  -22.574,      0.0000
     2259,  -42.277,  -25.603,      0.0000
     2260,  -46.734,  -26.504,      0.0000
     2261,  -49.384,  -29.274,      0.0000
     2262,  -54.096,  -30.349,      0.0000
     2263,  -57.488,  -33.305,      0.0000
     2264,  -57.871,  -32.919,      0.0000
     2265,  -56.787,  -31.920,      0.0000
     2266,  -57.017,  -32.469,      0.0000
     2267,  -56.923,  -33.101,      0.0000
     2268,  -37.726,  -40.727,      0.0000
     2269,  -40.177,  -40.938,      0.0000
     2270,  -42.018,  -40.658,      0.0000
     2271,  -43.939,  -40.345,      0.0000
     2272,  -46.560,  -40.259,      0.0000
     2273,  -48.377,  -39.775,      0.0000
     2274,  -50.799,  -39.720,      0.0000
     2275,  -53.023,  -39.530,      0.0000
     2276,  -55.350,  -39.208,      0.0000
     2277,  -57.003,  -38.551,      0.0000
     2278,  -58.234,  -38.062,      0.0000
     2279,  -35.511,  -41.992,      0.0000
     2280,  -34.920,  -41.212,      0.0000
     2281,  -33.760,  -39.244,      0.0000
     2282,  -32.317,  -38.781,      0.0000
     2283,  -31.033,  -39.208,      0.0000
     2284,  -30.469,  -40.325,      0.0000
     2285,  -29.155,  -41.941,      0.0000
     2286,  -29.366,  -43.389,      0.0000
     2287,  -28.509,  -44.823,      0.0000
     2288,  -28.574,  -46.412,      0.0000
     2289,  -28.022,  -47.758,      0.0000
     2290,  -27.694,  -49.278,      0.0000
     2291,  -27.128,  -50.831,      0.0000
     2292,  -27.003,  -52.291,      0.0000
     2293,  -26.160,  -53.730,      0.0000
     2294,  -26.177,  -55.227,      0.0000
     2295,  -25.434,  -56.720,      0.0000
     2296,  -25.440,  -58.243,      0.0000
     2297,  -24.988,  -59.843,      0.0000
     2298,  -25.106,  -61.212,      0.0000
     2299,  -24.689,  -62.379,      0.0000
     2300,  -25.162,  -63.120,      0.0000
     2301,  -26.972,  -64.140,      0.0000
     2302,  -26.701,  -64.314,      0.0000
     2303,  -24.073,  -65.002,      0.0000
     2304,  -23.456,  -64.797,      0.0000
     2305,  -23.109,  -57.694,      0.0000
     2306,  -21.016,  -55.654,      0.0000
     2307,  -20.379,  -50.155,      0.0000
     2308,  -18.186,  -47.369,      0.0000
     2309,  -17.646,  -41.872,      0.0000
     2310,  -15.433,  -39.162,      0.0000
     2311,  -14.678,  -33.757,      0.0000
     2312,  -12.696,  -31.174,      0.0000
     2313,  -12.519,  -26.209,      0.0000
     2314,  -12.840,  -23.778,      0.0000
     2315,  -15.684,  -20.565,      0.0000
     2316,  -21.589,  -15.580,      0.0000
     2317,  -26.217,  -16.122,      0.0000
     2318,  -32.055,  -18.837,      0.0000
     2319,  -36.485,  -22.140,      0.0000
     2320,  -39.887,  -22.219,      0.0000
     2321,  -43.795,  -25.824,      0.0000
     2322,  -47.623,  -25.946,      0.0000
     2323,  -51.033,  -29.602,      0.0000
     2324,  -55.054,  -29.901,      0.0000
     2325,  -56.416,  -32.455,      0.0000
     2326,  -55.744,  -33.240,      0.0000
     2327,  -54.286,  -33.237,      0.0000
     2328,  -52.788,  -33.497,      0.0000
     2329,  -51.158,  -33.712,      0.0000
     2330,  -49.750,  -33.907,      0.0000
     2331,  -48.126,  -34.105,      0.0000
     2332,  -46.694,  -34.291,      0.0000
     2333,  -45.067,  -34.499,      0.0000
     2334,  -43.660,  -34.688,      0.0000
     2335,  -42.044,  -34.877,      0.0000
     2336,  -40.631,  -35.046,      0.0000
     2337,  -38.996,  -35.216,      0.0000
     2338,  -37.562,  -35.406,      0.0000
     2339,  -36.013,  -35.609,      0.0000
     2340,  -34.812,  -35.967,      0.0000
     2341,  -34.194,  -37.008,      0.0000
     2342,  -34.454,  -38.781,      0.0000
     2343,  -35.455,  -39.950,      0.0000
     2344,  -36.445,  -40.736,      0.0000
     2345,  -37.386,  -40.925,      0.0000
     2346,  -39.217,  -41.096,      0.0000
     2347,  -41.375,  -41.714,      0.0000
     2348,  -43.010,  -40.589,      0.0000
     2349,  -45.152,  -40.881,      0.0000
     2350,  -47.509,  -39.927,      0.0000
     2351,  -49.547,  -40.159,      0.0000
     2352,  -51.901,  -39.641,      0.0000
     2353,  -54.201,  -39.477,      0.0000
     2354,  -56.460,  -38.976,      0.0000
     2355,  -35.789,  -42.602,      0.0000
     2356,  -35.014,  -40.575,      0.0000
     2357,  -33.303,  -38.728,      0.0000
     2358,  -32.816,  -38.505,      0.0000
     2359,  -30.627,  -39.458,      0.0000
     2360,  -30.105,  -40.654,      0.0000
     2361,  -24.730,  -60.980,      0.0000
     2362,  -24.012,  -63.335,      0.0000
     2363,  -25.887,  -64.216,      0.0000
     2364,  -57.900,  -38.363,      0.0000
     2365,  -56.974,  -39.501,      0.0000
     2366,  -56.308,  -41.232,      0.0000
     2367,  -56.219,  -40.907,      0.0000
     2368,  -53.780,  -40.188,      0.0000
     2369,  -51.494,  -41.127,      0.0000
     2370,  -42.797,  -47.591,      0.0000
     2371,  -42.580,  -48.926,      0.0000
     2372,  -41.421,  -48.922,      0.0000
     2373,  -40.186,  -50.119,      0.0000
     2374,  -39.007,  -51.288,      0.0000
     2375,  -38.030,  -52.360,      0.0000
     2376,  -36.828,  -53.432,      0.0000
     2377,  -35.891,  -54.447,      0.0000
     2378,  -34.718,  -55.611,      0.0000
     2379,  -33.790,  -56.824,      0.0000
     2380,  -33.008,  -57.832,      0.0000
     2381,  -32.423,  -59.050,      0.0000
     2382,  -32.272,  -60.108,      0.0000
     2383,  -32.566,  -61.044,      0.0000
     2384,  -33.481,  -61.534,      0.0000
     2385,  -36.475,  -43.452,      0.0000
     2386,  -34.477,  -39.571,      0.0000
     2387,  -33.188,  -38.005,      0.0000
     2388,  -32.879,  -39.040,      0.0000
     2389,  -24.808,  -61.587,      0.0000
     2390,  -36.655,  -42.468,      0.0000
     2391,  -35.450,  -41.037,      0.0000
     2392,  -32.405,  -37.980,      0.0000
     2393,  -31.660,  -38.252,      0.0000
     2394,  -30.067,  -39.510,      0.0000
     2395,  -28.953,  -42.897,      0.0000
     2396,  -27.421,  -43.926,      0.0000
     2397,  -27.896,  -46.839,      0.0000
     2398,  -26.662,  -49.687,      0.0000
     2399,  -26.555,  -51.720,      0.0000
     2400,  -25.550,  -52.900,      0.0000
     2401,  -25.264,  -55.428,      0.0000
     2402,  -24.548,  -58.016,      0.0000
     2403,  -24.881,  -60.439,      0.0000
     2404,  -24.105,  -61.564,      0.0000
     2405,  -22.016,  -55.143,      0.0000
     2406,  -21.150,  -49.088,      0.0000
     2407,  -18.846,  -46.845,      0.0000
     2408,  -18.854,  -40.487,      0.0000
     2409,  -16.076,  -38.613,      0.0000
     2410,  -15.518,  -32.471,      0.0000
     2411,  -13.330,  -30.673,      0.0000
     2412,  -13.631,  -25.264,      0.0000
     2413,  -13.893,  -22.938,      0.0000
     2414,  -14.342,  -21.750,      0.0000
     2415,  -18.231,  -19.237,      0.0000
     2416,  -20.842,  -16.683,      0.0000
     2417,  -24.842,  -15.433,      0.0000
     2418,  -27.290,  -16.420,      0.0000
     2419,  -32.410,  -19.936,      0.0000
     2420,  -36.785,  -23.792,      0.0000
     2421,  -39.703,  -23.266,      0.0000
     2422,  -44.472,  -27.368,      0.0000
     2423,  -47.671,  -26.772,      0.0000
     2424,  -51.541,  -30.981,      0.0000
     2425,  -54.965,  -30.961,      0.0000
     2426,  -55.938,  -31.610,      0.0000
     2427,  -56.249,  -33.064,      0.0000
     2428,  -54.574,  -32.458,      0.0000
     2429,  -53.472,  -33.286,      0.0000
     2430,  -51.818,  -33.144,      0.0000
     2431,  -50.421,  -33.721,      0.0000
     2432,  -48.821,  -33.591,      0.0000
     2433,  -47.380,  -34.108,      0.0000
     2434,  -45.740,  -33.989,      0.0000
     2435,  -44.333,  -34.513,      0.0000
     2436,  -42.751,  -34.386,      0.0000
     2437,  -41.316,  -34.882,      0.0000
     2438,  -39.734,  -34.693,      0.0000
     2439,  -38.252,  -35.216,      0.0000
     2440,  -36.642,  -35.100,      0.0000
     2441,  -35.260,  -35.577,      0.0000
     2442,  -34.485,  -36.348,      0.0000
     2443,  -33.838,  -37.442,      0.0000
     2444,  -35.091,  -39.539,      0.0000
     2445,  -35.998,  -40.915,      0.0000
     2446,  -38.510,  -40.984,      0.0000
     2447,  -57.569,  -38.688,      0.0000
     2448,  -56.386,  -39.929,      0.0000
     2449,  -51.136,  -41.295,      0.0000
     2450,  -41.995,  -48.638,      0.0000
     2451,  -40.882,  -49.274,      0.0000
     2452,  -39.251,  -50.365,      0.0000
     2453,  -38.400,  -51.762,      0.0000
     2454,  -37.360,  -52.739,      0.0000
     2455,  -36.426,  -54.003,      0.0000
     2456,  -35.214,  -54.958,      0.0000
     2457,  -34.163,  -56.175,      0.0000
     2458,  -32.892,  -57.039,      0.0000
     2459,  -32.474,  -58.369,      0.0000
     2460,  -32.266,  -59.778,      0.0000
     2461,  -32.401,  -60.464,      0.0000
     2462,  -32.711,  -61.266,      0.0000
     2463,  -37.595,  -42.755,      0.0000
     2464,  -35.811,  -41.445,      0.0000
     2465,  -32.842,  -37.085,      0.0000
     2466,  -30.996,  -38.586,      0.0000
     2467,  -30.028,  -40.106,      0.0000
     2468,  -28.027,  -42.762,      0.0000
     2469,  -28.589,  -43.647,      0.0000
     2470,  -28.000,  -45.928,      0.0000
     2471,  -25.650,  -52.004,      0.0000
     2472,  -26.301,  -52.608,      0.0000
     2473,  -25.867,  -54.680,      0.0000
     2474,  -24.173,  -60.360,      0.0000
     2475,  -22.671,  -53.988,      0.0000
     2476,  -21.654,  -52.582,      0.0000
     2477,  -19.810,  -48.952,      0.0000
     2478,  -19.652,  -46.253,      0.0000
     2479,  -18.931,  -44.499,      0.0000
     2480,  -17.047,  -40.623,      0.0000
     2481,  -16.869,  -37.959,      0.0000
     2482,  -16.054,  -36.263,      0.0000
     2483,  -14.108,  -32.597,      0.0000
     2484,  -14.111,  -30.115,      0.0000
     2485,  -13.479,  -28.567,      0.0000
     2486,  -12.109,  -25.058,      0.0000
     2487,  -14.406,  -23.893,      0.0000
     2488,  -18.868,  -17.804,      0.0000
     2489,  -20.358,  -17.619,      0.0000
     2490,  -26.743,  -17.764,      0.0000
     2491,  -29.901,  -18.308,      0.0000
     2492,  -33.784,  -21.526,      0.0000
     2493,  -37.774,  -22.386,      0.0000
     2494,  -39.490,  -24.404,      0.0000
     2495,  -41.734,  -24.558,      0.0000
     2496,  -45.374,  -26.143,      0.0000
     2497,  -47.257,  -27.450,      0.0000
     2498,  -49.115,  -28.064,      0.0000
     2499,  -52.749,  -30.181,      0.0000
     2500,  -54.978,  -31.808,      0.0000
     2501,  -55.083,  -33.129,      0.0000
     2502,  -53.668,  -32.541,      0.0000
     2503,  -34.351,  -36.702,      0.0000
     2504,  -33.942,  -38.307,      0.0000
     2505,  -36.152,  -40.508,      0.0000
     2506,  -36.889,  -40.937,      0.0000
     2507,  -40.813,  -42.619,      0.0000
     2508,  -43.813,  -41.219,      0.0000
     2509,  -48.127,  -40.844,      0.0000
     2510,  -51.601,  -40.475,      0.0000
     2511,  -55.607,  -39.971,      0.0000
     2512,  -37.867,  -44.048,      0.0000
     2513,  -36.230,  -41.902,      0.0000
     2514,  -32.957,  -36.058,      0.0000
     2515,  -30.400,  -38.962,      0.0000
     2516,  -27.614,  -41.469,      0.0000
     2517,  -26.984,  -45.349,      0.0000
     2518,  -27.196,  -46.426,      0.0000
     2519,  -36.619,  -44.972,      0.0000
     2520,  -32.113,  -36.327,      0.0000
     2521,  -30.996,  -37.901,      0.0000
     2522,  -29.598,  -40.449,      0.0000
     2523,  -27.241,  -39.783,      0.0000
     2524,  -27.039,  -47.406,      0.0000
     2525,  -25.989,  -50.914,      0.0000
     2526,  -25.268,  -54.414,      0.0000
     2527,  -23.957,  -56.331,      0.0000
     2528,  -35.945,  -46.361,      0.0000
     2529,  -37.193,  -41.646,      0.0000
     2530,  -35.707,  -40.509,      0.0000
     2531,  -37.256,  -46.178,      0.0000
     2532,  -38.462,  -41.826,      0.0000
     2533,  -39.895,  -42.097,      0.0000
     2534,  -42.750,  -41.449,      0.0000
     2535,  -55.884,  -40.282,      0.0000
     2536,  -37.032,  -47.163,      0.0000
     2537,  -38.923,  -43.114,      0.0000
     2538,  -36.428,  -41.263,      0.0000
     2539,  -35.969,  -47.755,      0.0000
     2540,  -38.161,  -45.434,      0.0000
     2541,  -37.908,  -41.099,      0.0000
     2542,  -42.741,  -42.495,      0.0000
     2543,  -43.540,  -42.005,      0.0000
     2544,  -34.842,  -48.259,      0.0000
     2545,  -40.293,  -43.376,      0.0000
     2546,  -44.489,  -42.020,      0.0000
     2547,  -50.754,  -40.871,      0.0000
     2548,  -35.748,  -49.035,      0.0000
     2549,  -39.279,  -45.861,      0.0000
     2550,  -41.689,  -43.291,      0.0000
     2551,  -35.107,  -50.384,      0.0000
     2552,  -38.508,  -46.972,      0.0000
     2553,  -41.009,  -44.552,      0.0000
     2554,  -46.767,  -41.607,      0.0000
     2555,  -48.314,  -42.480,      0.0000
     2556,  -46.675,  -43.901,      0.0000
     2557,  -44.614,  -43.897,      0.0000
     2558,  -43.369,  -46.353,      0.0000
     2559,  -42.120,  -47.244,      0.0000
     2560,  -40.591,  -49.701,      0.0000
     2561,  -32.374,  -57.665,      0.0000
     2562,  -32.042,  -59.436,      0.0000
     2563,  -32.292,  -60.843,      0.0000
     2564,  -32.351,  -61.354,      0.0000
     2565,  -31.738,  -61.008,      0.0000
     2566,  -30.083,  -62.691,      0.0000
     2567,  -30.391,  -61.818,      0.0000
     2568,  -30.807,  -60.064,      0.0000
     2569,  -31.600,  -57.968,      0.0000
     2570,  -32.190,  -56.160,      0.0000
     2571,  -32.608,  -53.941,      0.0000
     2572,  -33.039,  -52.095,      0.0000
     2573,  -33.743,  -50.112,      0.0000
     2574,  -34.179,  -47.823,      0.0000
     2575,  -34.717,  -46.084,      0.0000
     2576,  -35.380,  -44.122,      0.0000
     2577,  -35.426,  -43.229,      0.0000
     2578,  -36.652,  -49.995,      0.0000
     2579,  -39.003,  -48.302,      0.0000
     2580,  -39.422,  -44.585,      0.0000
     2581,  -40.420,  -45.708,      0.0000
     2582,  -44.878,  -42.884,      0.0000
     2583,  -45.738,  -43.375,      0.0000
     2584,  -45.808,  -44.391,      0.0000
     2585,  -44.009,  -45.794,      0.0000
     2586,  -43.186,  -47.298,      0.0000
     2587,  -41.639,  -47.689,      0.0000
     2588,  -40.636,  -48.548,      0.0000
     2589,  -31.898,  -57.117,      0.0000
     2590,  -36.306,  -51.213,      0.0000
     2591,  -37.465,  -48.555,      0.0000
     2592,  -41.812,  -45.745,      0.0000
     2593,  -43.907,  -42.827,      0.0000
     2594,  -36.270,  -52.518,      0.0000
     2595,  -39.863,  -46.619,      0.0000
     2596,  -42.103,  -46.607,      0.0000
     2597,  -43.178,  -43.656,      0.0000
     2598,  -46.811,  -42.883,      0.0000
     2599,  -43.711,  -44.808,      0.0000
     2600,  -41.114,  -46.887,      0.0000
     2601,  -40.964,  -47.816,      0.0000
     2602,  -38.839,  -49.232,      0.0000
     2603,  -37.415,  -51.768,      0.0000
     2604,  -35.906,  -53.595,      0.0000
     2605,  -33.877,  -55.559,      0.0000
     2606,  -32.934,  -55.036,      0.0000
     2607,  -32.983,  -53.031,      0.0000
     2608,  -33.780,  -51.253,      0.0000
     2609,  -33.944,  -48.518,      0.0000
     2610,  -35.239,  -45.229,      0.0000
     2611,  -34.764,  -47.160,      0.0000
     2612,  -34.434,  -49.261,      0.0000
     2613,  -37.958,  -49.989,      0.0000
     2614,  -39.398,  -48.850,      0.0000
     2615,  -33.823,  -53.790,      0.0000
     2616,  -35.070,  -51.822,      0.0000
     2617,  -39.984,  -47.669,      0.0000
     2618,  -42.398,  -44.608,      0.0000
     2619,  -42.830,  -46.909,      0.0000
     2620,  -42.621,  -46.242,      0.0000
     2621,  -42.987,  -45.592,      0.0000
     2622,  -45.639,  -42.275,      0.0000
     2623,  -35.017,  -54.115,      0.0000
     2624,  -33.950,  -52.508,      0.0000
     2625,  -35.006,  -53.058,      0.0000
     2626,  -39.948,  -49.328,      0.0000
     2627,  -38.224,  -50.994,      0.0000
     2628,  -34.264,  -54.845,      0.0000
     2629,  -39.794,  -48.539,      0.0000
     2630,  -37.311,  -50.792,      0.0000
     2631,  -33.308,  -56.132,      0.0000
     2632,  -41.965,  -48.122,      0.0000
     2633,  -41.437,  -48.289,      0.0000
     2634,  -30.322,  -62.469,      0.0000
     2635,  -30.984,  -60.798,      0.0000
     2636,  -30.548,  -61.219,      0.0000
     2637,  -29.913,  -62.513,      0.0000
     2638,  -31.762,  -58.819,      0.0000
     2639,  -31.893,  -59.923,      0.0000
     2640,  -32.009,  -60.439,      0.0000
     2641,  -31.317,  -59.486,      0.0000
     2642,  -31.458,  -60.286,      0.0000
     2643,  -53.838,  -31.460,      0.0000
     2644,  -52.812,  -32.759,      0.0000
     2645,  -50.659,  -33.061,      0.0000
     2646,  -49.788,  -33.233,      0.0000
     2647,  -47.662,  -33.473,      0.0000
     2648,  -46.730,  -33.623,      0.0000
     2649,  -44.593,  -33.907,      0.0000
     2650,  -43.721,  -34.076,      0.0000
     2651,  -41.628,  -34.279,      0.0000
     2652,  -40.743,  -34.423,      0.0000
     2653,  -38.574,  -34.539,      0.0000
     2654,  -37.633,  -34.712,      0.0000
     2655,  -35.654,  -35.047,      0.0000
     2656,  -34.571,  -35.505,      0.0000
     2657,  -34.883,  -39.993,      0.0000
     2658,  -32.206,  -35.197,      0.0000
     2659,  -31.632,  -37.260,      0.0000
     2660,  -29.405,  -39.820,      0.0000
     2661,  -29.701,  -41.080,      0.0000
     2662,  -26.080,  -41.067,      0.0000
     2663,  -25.716,  -45.451,      0.0000
     2664,  -25.155,  -49.909,      0.0000
     2665,  -24.752,  -52.517,      0.0000
     2666,  -20.648,  -47.604,      0.0000
     2667,  -17.641,  -39.258,      0.0000
     2668,  -14.681,  -31.349,      0.0000
     2669,  -14.954,  -22.854,      0.0000
     2670,  -17.394,  -20.628,      0.0000
     2671,  -19.854,  -19.020,      0.0000
     2672,  -23.329,  -14.643,      0.0000
     2673,  -38.484,  -23.508,      0.0000
     2674,  -46.048,  -27.349,      0.0000
     2675,  -32.019,  -33.403,      0.0000
     2676,  -30.457,  -37.222,      0.0000
     2677,  -29.428,  -38.820,      0.0000
     2678,  -24.477,  -40.769,      0.0000
     2679,  -26.057,  -46.602,      0.0000
     2680,  -27.221,  -48.503,      0.0000
     2681,  -24.949,  -53.575,      0.0000
     2682,  -24.135,  -54.617,      0.0000
     2683,  -23.003,  -55.315,      0.0000
     2684,  -22.715,  -51.702,      0.0000
     2685,  -20.371,  -43.243,      0.0000
     2686,  -17.514,  -34.915,      0.0000
     2687,  -14.949,  -27.586,      0.0000
     2688,  -15.272,  -24.981,      0.0000
     2689,  -16.276,  -22.096,      0.0000
     2690,  -21.164,  -18.669,      0.0000
     2691,  -23.435,  -16.373,      0.0000
     2692,  -25.065,  -17.011,      0.0000
     2693,  -29.685,  -19.541,      0.0000
     2694,  -33.345,  -23.666,      0.0000
     2695,  -41.550,  -26.517,      0.0000
     2696,  -49.074,  -30.070,      0.0000
     2697,  -52.651,  -31.341,      0.0000
     2698,  -53.016,  -32.030,      0.0000
     2699,  -49.976,  -32.539,      0.0000
     2700,  -46.902,  -32.780,      0.0000
     2701,  -43.896,  -33.411,      0.0000
     2702,  -40.997,  -33.776,      0.0000
     2703,  -37.902,  -33.972,      0.0000
     2704,  -34.680,  -34.761,      0.0000
     2705,  -33.809,  -36.549,      0.0000
     2706,  -30.865,  -34.657,      0.0000
     2707,  -29.607,  -36.358,      0.0000
     2708,  -30.263,  -38.179,      0.0000
     2709,  -25.134,  -41.995,      0.0000
     2710,  -25.979,  -44.279,      0.0000
     2711,  -25.841,  -48.292,      0.0000
     2712,  -24.122,  -48.720,      0.0000
     2713,  -23.758,  -52.004,      0.0000
     2714,  -22.929,  -52.706,      0.0000
     2715,  -22.562,  -49.061,      0.0000
     2716,  -20.534,  -44.873,      0.0000
     2717,  -20.054,  -41.721,      0.0000
     2718,  -17.347,  -36.565,      0.0000
     2719,  -17.035,  -32.920,      0.0000
     2720,  -14.661,  -28.923,      0.0000
     2721,  -14.723,  -26.189,      0.0000
     2722,  -15.869,  -23.643,      0.0000
     2723,  -21.201,  -20.206,      0.0000
     2724,  -23.844,  -18.129,      0.0000
     2725,  -28.565,  -18.398,      0.0000
     2726,  -31.233,  -20.146,      0.0000
     2727,  -32.562,  -22.177,      0.0000
     2728,  -38.232,  -24.638,      0.0000
     2729,  -40.716,  -23.983,      0.0000
     2730,  -42.837,  -26.848,      0.0000
     2731,  -48.320,  -27.384,      0.0000
     2732,  -49.897,  -30.672,      0.0000
     2733,  -52.105,  -32.047,      0.0000
     2734,  -50.790,  -32.033,      0.0000
     2735,  -49.103,  -32.594,      0.0000
     2736,  -48.019,  -32.646,      0.0000
     2737,  -46.008,  -33.106,      0.0000
     2738,  -44.824,  -32.961,      0.0000
     2739,  -43.112,  -33.553,      0.0000
     2740,  -41.963,  -33.332,      0.0000
     2741,  -40.186,  -33.859,      0.0000
     2742,  -38.981,  -33.411,      0.0000
     2743,  -36.903,  -34.034,      0.0000
     2744,  -35.711,  -34.196,      0.0000
     2745,  -33.939,  -35.322,      0.0000
     2746,  -33.622,  -35.845,      0.0000
     2747,  -30.452,  -33.603,      0.0000
     2748,  -19.308,  -20.584,      0.0000
     2749,  -20.392,  -21.113,      0.0000
     2750,  -21.956,  -17.444,      0.0000
     2751,  -25.302,  -18.248,      0.0000
     2752,  -27.385,  -19.691,      0.0000
     2753,  -28.586,  -19.533,      0.0000
     2754,  -31.299,  -21.815,      0.0000
     2755,  -35.094,  -24.045,      0.0000
     2756,  -43.143,  -28.144,      0.0000
     2757,  -45.679,  -28.437,      0.0000
     2758,  -46.763,  -28.180,      0.0000
     2759,  -49.536,  -31.790,      0.0000
     2760,  -48.478,  -31.783,      0.0000
     2761,  -45.850,  -32.182,      0.0000
     2762,  -43.250,  -32.562,      0.0000
     2763,  -40.510,  -32.985,      0.0000
     2764,  -37.476,  -33.153,      0.0000
     2765,  -33.390,  -34.538,      0.0000
     2766,  -34.206,  -35.923,      0.0000
     2767,  -30.561,  -32.525,      0.0000
     2768,  -30.977,  -36.053,      0.0000
     2769,  -29.314,  -37.574,      0.0000
     2770,  -28.754,  -40.571,      0.0000
     2771,  -25.606,  -39.719,      0.0000
     2772,  -26.428,  -42.688,      0.0000
     2773,  -23.550,  -50.485,      0.0000
     2774,  -23.866,  -53.235,      0.0000
     2775,  -21.776,  -47.069,      0.0000
     2776,  -21.121,  -46.171,      0.0000
     2777,  -18.659,  -38.841,      0.0000
     2778,  -17.971,  -38.212,      0.0000
     2779,  -15.585,  -31.106,      0.0000
     2780,  -15.105,  -30.436,      0.0000
     2781,  -16.846,  -24.756,      0.0000
     2782,  -17.467,  -23.346,      0.0000
     2783,  -31.535,  -31.889,      0.0000
     2784,  -28.144,  -36.629,      0.0000
     2785,  -28.565,  -39.445,      0.0000
     2786,  -26.089,  -37.969,      0.0000
     2787,  -24.588,  -44.943,      0.0000
     2788,  -32.995,  -31.717,      0.0000
     2789,  -29.637,  -34.369,      0.0000
     2790,  -28.005,  -38.225,      0.0000
     2791,  -27.264,  -37.349,      0.0000
     2792,  -23.954,  -42.142,      0.0000
     2793,  -24.980,  -46.074,      0.0000
     2794,  -21.830,  -48.032,      0.0000
     2795,  -21.369,  -44.019,      0.0000
     2796,  -20.047,  -38.562,      0.0000
     2797,  -18.434,  -36.313,      0.0000
     2798,  -16.585,  -31.324,      0.0000
     2799,  -15.659,  -28.759,      0.0000
     2800,  -18.235,  -21.960,      0.0000
     2801,  -22.458,  -19.053,      0.0000
     2802,  -24.850,  -19.129,      0.0000
     2803,  -29.969,  -21.038,      0.0000
     2804,  -33.209,  -20.335,      0.0000
     2805,  -31.950,  -22.927,      0.0000
     2806,  -37.324,  -25.827,      0.0000
     2807,  -40.711,  -25.406,      0.0000
     2808,  -47.979,  -28.479,      0.0000
     2809,  -33.223,  -35.392,      0.0000
     2810,  -31.604,  -30.437,      0.0000
     2811,  -28.514,  -34.215,      0.0000
     2812,  -29.982,  -35.351,      0.0000
     2813,  -34.309,  -33.169,      0.0000
     2814,  -34.231,  -30.927,      0.0000
     2815,  -30.563,  -31.385,      0.0000
     2816,  -28.846,  -35.320,      0.0000
     2817,  -24.162,  -39.005,      0.0000
     2818,  -24.751,  -43.326,      0.0000
     2819,  -23.903,  -46.167,      0.0000
     2820,  -24.653,  -47.199,      0.0000
     2821,  -23.029,  -47.332,      0.0000
     2822,  -21.828,  -45.050,      0.0000
     2823,  -19.947,  -36.466,      0.0000
     2824,  -16.822,  -28.828,      0.0000
     2825,  -19.846,  -21.950,      0.0000
     2826,  -25.980,  -19.207,      0.0000
     2827,  -30.978,  -23.008,      0.0000
     2828,  -34.462,  -24.928,      0.0000
     2829,  -39.077,  -25.681,      0.0000
     2830,  -47.149,  -31.666,      0.0000
     2831,  -43.002,  -31.316,      0.0000
     2832,  -38.114,  -32.332,      0.0000
     2833,  -33.147,  -30.311,      0.0000
     2834,  -29.253,  -33.093,      0.0000
     2835,  -24.181,  -37.167,      0.0000
     2836,  -23.286,  -41.294,      0.0000
     2837,  -23.089,  -46.223,      0.0000
     2838,  -22.327,  -46.177,      0.0000
     2839,  -21.295,  -41.963,      0.0000
     2840,  -19.146,  -34.908,      0.0000
     2841,  -17.979,  -31.461,      0.0000
     2842,  -16.385,  -27.704,      0.0000
     2843,  -21.199,  -21.721,      0.0000
     2844,  -26.299,  -19.993,      0.0000
     2845,  -32.416,  -20.989,      0.0000
     2846,  -31.556,  -23.973,      0.0000
     2847,  -33.365,  -25.745,      0.0000
     2848,  -40.130,  -27.115,      0.0000
     2849,  -44.408,  -28.805,      0.0000
     2850,  -48.163,  -29.825,      0.0000
     2851,  -46.925,  -30.381,      0.0000
     2852,  -44.444,  -31.572,      0.0000
     2853,  -41.528,  -31.782,      0.0000
     2854,  -34.228,  -31.897,      0.0000
     2855,  -34.248,  -29.554,      0.0000
     2856,  -29.516,  -30.269,      0.0000
     2857,  -26.833,  -36.572,      0.0000
     2858,  -22.802,  -39.206,      0.0000
     2859,  -23.182,  -40.203,      0.0000
     2860,  -23.134,  -45.214,      0.0000
     2861,  -19.111,  -23.185,      0.0000
     2862,  -22.436,  -22.618,      0.0000
     2863,  -22.743,  -20.219,      0.0000
     2864,  -23.820,  -19.643,      0.0000
     2865,  -28.689,  -20.507,      0.0000
     2866,  -29.944,  -22.467,      0.0000
     2867,  -35.728,  -25.152,      0.0000
     2868,  -41.779,  -27.633,      0.0000
     2869,  -48.839,  -30.514,      0.0000
     2870,  -45.774,  -31.007,      0.0000
     2871,  -43.659,  -30.459,      0.0000
     2872,  -36.905,  -32.090,      0.0000
     2873,  -35.861,  -28.738,      0.0000
     2874,  -29.639,  -31.818,      0.0000
     2875,  -27.711,  -33.317,      0.0000
     2876,  -27.213,  -34.999,      0.0000
     2877,  -23.780,  -35.511,      0.0000
     2878,  -23.504,  -43.151,      0.0000
     2879,  -22.536,  -43.851,      0.0000
     2880,  -22.630,  -42.357,      0.0000
     2881,  -18.823,  -37.625,      0.0000
     2882,  -20.453,  -34.830,      0.0000
     2883,  -18.727,  -33.138,      0.0000
     2884,  -16.034,  -30.016,      0.0000
     2885,  -17.425,  -27.889,      0.0000
     2886,  -16.183,  -26.294,      0.0000
     2887,  -18.458,  -24.506,      0.0000
     2888,  -22.458,  -21.266,      0.0000
     2889,  -23.728,  -20.911,      0.0000
     2890,  -25.252,  -20.408,      0.0000
     2891,  -28.909,  -21.761,      0.0000
     2892,  -35.925,  -26.292,      0.0000
     2893,  -38.576,  -26.714,      0.0000
     2894,  -40.954,  -28.345,      0.0000
     2895,  -46.840,  -29.172,      0.0000
     2896,  -48.087,  -30.882,      0.0000
     2897,  -45.529,  -29.728,      0.0000
     2898,  -39.427,  -31.743,      0.0000
     2899,  -34.147,  -28.115,      0.0000
     2900,  -29.515,  -28.866,      0.0000
     2901,  -26.535,  -32.175,      0.0000
     2902,  -25.498,  -35.915,      0.0000
     2903,  -22.782,  -36.586,      0.0000
     2904,  -23.703,  -44.097,      0.0000
     2905,  -22.239,  -41.020,      0.0000
     2906,  -21.315,  -35.770,      0.0000
     2907,  -18.071,  -28.759,      0.0000
     2908,  -23.394,  -21.906,      0.0000
     2909,  -15.114,  -29.650,      0.0000
     2910,  -18.759,  -30.028,      0.0000
     2911,  -19.649,  -25.696,      0.0000
     2912,  -22.094,  -23.840,      0.0000
     2913,  -26.529,  -20.658,      0.0000
     2914,  -27.555,  -21.477,      0.0000
     2915,  -30.751,  -25.353,      0.0000
     2916,  -34.793,  -26.038,      0.0000
     2917,  -39.741,  -28.837,      0.0000
     2918,  -17.889,  -37.335,      0.0000
     2919,  -21.516,  -37.217,      0.0000
     2920,  -17.375,  -30.069,      0.0000
     2921,  -21.708,  -38.884,      0.0000
     2922,  -19.871,  -33.801,      0.0000
     2923,  -18.578,  -27.288,      0.0000
     2924,  -17.832,  -25.918,      0.0000
     2925,  -20.805,  -23.172,      0.0000
     2926,  -23.665,  -22.716,      0.0000
     2927,  -26.098,  -21.705,      0.0000
     2928,  -28.338,  -23.305,      0.0000
     2929,  -32.185,  -25.011,      0.0000
     2930,  -34.068,  -26.896,      0.0000
     2931,  -41.063,  -29.310,      0.0000
     2932,  -44.327,  -29.775,      0.0000
     2933,  -38.638,  -30.100,      0.0000
     2934,  -36.571,  -30.948,      0.0000
     2935,  -35.227,  -27.219,      0.0000
     2936,  -30.869,  -28.583,      0.0000
     2937,  -28.325,  -31.830,      0.0000
     2938,  -26.522,  -33.627,      0.0000
     2939,  -24.730,  -34.781,      0.0000
     2940,  -22.428,  -35.362,      0.0000
     2941,  -21.640,  -43.086,      0.0000
     2942,  -22.858,  -38.011,      0.0000
     2943,  -20.913,  -33.550,      0.0000
     2944,  -19.441,  -31.411,      0.0000
     2945,  -19.490,  -28.637,      0.0000
     2946,  -17.281,  -27.019,      0.0000
     2947,  -23.296,  -23.694,      0.0000
     2948,  -30.118,  -23.862,      0.0000
     2949,  -32.830,  -27.363,      0.0000
     2950,  -38.652,  -27.809,      0.0000
     2951,  -40.424,  -30.329,      0.0000
     2952,  -42.063,  -28.835,      0.0000
     2953,  -44.747,  -30.508,      0.0000
     2954,  -42.147,  -30.200,      0.0000
     2955,  -37.837,  -31.255,      0.0000
     2956,  -35.399,  -31.774,      0.0000
     2957,  -35.470,  -30.313,      0.0000
     2958,  -32.692,  -28.921,      0.0000
     2959,  -27.311,  -30.315,      0.0000
     2960,  -25.497,  -33.243,      0.0000
     2961,  -22.010,  -36.234,      0.0000
     2962,  -22.165,  -39.937,      0.0000
     2963,  -20.909,  -40.368,      0.0000
     2964,  -43.291,  -29.370,      0.0000
     2965,  -37.381,  -30.319,      0.0000
     2966,  -36.117,  -33.069,      0.0000
     2967,  -29.309,  -27.670,      0.0000
     2968,  -25.027,  -32.178,      0.0000
     2969,  -23.104,  -34.635,      0.0000
     2970,  -22.234,  -33.176,      0.0000
     2971,  -19.827,  -24.245,      0.0000
     2972,  -24.624,  -21.997,      0.0000
     2973,  -25.681,  -22.969,      0.0000
     2974,  -31.659,  -27.459,      0.0000
     2975,  -37.706,  -27.154,      0.0000
     2976,  -37.359,  -29.356,      0.0000
     2977,  -36.575,  -27.236,      0.0000
     2978,  -28.389,  -28.934,      0.0000
     2979,  -25.498,  -30.785,      0.0000
     2980,  -23.899,  -34.142,      0.0000
     2981,  -21.235,  -32.442,      0.0000
     2982,  -20.834,  -31.327,      0.0000
     2983,  -21.009,  -28.589,      0.0000
     2984,  -21.096,  -24.687,      0.0000
     2985,  -22.752,  -25.061,      0.0000
     2986,  -26.855,  -22.685,      0.0000
     2987,  -29.132,  -25.057,      0.0000
     2988,  -32.013,  -28.082,      0.0000
     2989,  -27.660,  -27.672,      0.0000
     2990,  -27.023,  -28.812,      0.0000
     2991,  -25.142,  -29.867,      0.0000
     2992,  -25.713,  -34.417,      0.0000
     2993,  -24.853,  -33.947,      0.0000
     2994,  -21.633,  -34.498,      0.0000
     2995,  -20.170,  -32.612,      0.0000
     2996,  -20.299,  -27.288,      0.0000
     2997,  -21.408,  -26.148,      0.0000
     2998,  -22.988,  -26.777,      0.0000
     2999,  -26.573,  -23.960,      0.0000
     3000,  -27.520,  -25.130,      0.0000
     3001,  -31.913,  -26.313,      0.0000
     3002,  -24.043,  -25.749,      0.0000
     3003,  -29.654,  -26.284,      0.0000
     3004,  -30.692,  -26.944,      0.0000
     3005,  -27.012,  -26.496,      0.0000
     3006,  -25.931,  -29.430,      0.0000
     3007,  -20.236,  -29.993,      0.0000
     3008,  -24.508,  -26.762,      0.0000
     3009,  -24.486,  -23.342,      0.0000
     3010,  -28.381,  -26.385,      0.0000
     3011,  -25.642,  -25.562,      0.0000
     3012,  -25.334,  -24.083,      0.0000
     3013,  -24.789,  -29.097,      0.0000
     3014,  -24.458,  -33.164,      0.0000
     3015,  -24.259,  -24.582,      0.0000
     3016,  -25.822,  -27.728,      0.0000
     3017,  -24.062,  -32.378,      0.0000
     3018,  -23.027,  -33.875,      0.0000
     3019,  -24.379,  -30.210,      0.0000
     3020,  -23.478,  -33.132,      0.0000
     3021,  -21.641,  -27.428,      0.0000
     3022,  -24.010,  -28.013,      0.0000
     3023,  -21.900,  -29.998,      0.0000
     3024,  -23.462,  -29.403,      0.0000
     3025,  -24.224,  -31.395,      0.0000
     3026,  -22.097,  -31.627,      0.0000
     3027,  -22.502,  -28.368,      0.0000
     3028,  -23.214,  -32.078,      0.0000
     3029,  -23.213,  -30.785,      0.0000
     3030,  -22.485,  -34.309,      0.0000
     3031,  -37.418,  -28.191,      0.0000
     3032,  -38.362,  -28.859,      0.0000
     3033,  -36.529,  -29.935,      0.0000
     3034,  -48.967,  -31.128,      0.0000
     3035,  -24.809,  -51.305,      0.0000
     3036,  -55.569,  -32.538,      0.0000
     3037,  -25.107,  -61.782,      0.0000
     3038,  -24.551,  -62.003,      0.0000
     3039,  -24.931,  -62.052,      0.0000
     3040,  -57.231,  -39.077,      0.0000
     3041,  -25.122,  -63.617,      0.0000
     3042,  -25.074,  -64.898,      0.0000
     3043,  -24.706,  -63.479,      0.0000
     3044,  -25.402,  -64.004,      0.0000
     3045,  -24.887,  -63.997,      0.0000
     3046,  -24.416,  -63.920,      0.0000
     3047,  -23.896,  -64.249,      0.0000
     3048,  -24.649,  -62.880,      0.0000
     3049,  -25.101,  -64.416,      0.0000
     3050,  -59.379,  -34.021,      0.0000
     3051,  -58.691,  -33.577,      0.0000
     3052,  -59.024,  -33.056,      0.0000
     3053,  -59.860,  -33.416,      0.0000
     3054,  -60.337,  -34.028,      0.0000
     3055,  -59.680,  -35.795,      0.0000
     3056,  -58.388,  -33.252,      0.0000
     3057,  -60.136,  -34.963,      0.0000
     3058,  -59.828,  -34.183,      0.0000
     3059,  -59.078,  -33.700,      0.0000
     3060,  -60.242,  -34.507,      0.0000
     3061,  -59.238,  -36.531,      0.0000
     3062,  -57.572,  -32.055,      0.0000
     3063,  -57.374,  -32.770,      0.0000
     3064,  -61.404,  -32.295,      0.0000
     3065,  -44.958,  -53.197,      0.0000
     3066,  -44.122,  -53.914,      0.0000
     3067,  -43.675,  -54.176,      0.0000
     3068,  -42.658,  -55.002,      0.0000
     3069,  -42.268,  -55.302,      0.0000
     3070,  -41.194,  -56.041,      0.0000
     3071,  -40.790,  -56.379,      0.0000
     3072,  -39.804,  -57.164,      0.0000
     3073,  -39.376,  -57.450,      0.0000
     3074,  -38.320,  -58.053,      0.0000
     3075,  -37.886,  -58.369,      0.0000
     3076,  -37.532,  -58.584,      0.0000
     3077,  -38.501,  -57.621,      0.0000
     3078,  -39.811,  -56.417,      0.0000
     3079,  -40.564,  -55.460,      0.0000
     3080,  -41.700,  -54.553,      0.0000
     3081,  -42.585,  -53.543,      0.0000
     3082,  -43.448,  -52.489,      0.0000
     3083,  -44.172,  -51.290,      0.0000
     3084,  -44.363,  -50.812,      0.0000
     3085,  -45.835,  -50.218,      0.0000
     3086,  -46.933,  -50.363,      0.0000
     3087,  -43.772,  -53.831,      0.0000
     3088,  -42.187,  -54.903,      0.0000
     3089,  -40.693,  -55.890,      0.0000
     3090,  -39.324,  -56.867,      0.0000
     3091,  -37.862,  -58.025,      0.0000
     3092,  -43.272,  -54.184,      0.0000
     3093,  -42.464,  -54.549,      0.0000
     3094,  -41.849,  -55.106,      0.0000
     3095,  -41.020,  -55.512,      0.0000
     3096,  -40.319,  -56.208,      0.0000
     3097,  -38.861,  -57.332,      0.0000
     3098,  -43.229,  -49.728,      0.0000
     3099,  -45.033,  -50.956,      0.0000
     3100,  -47.013,  -51.606,      0.0000
     3101,  -46.242,  -52.318,      0.0000
     3102,  -45.222,  -52.823,      0.0000
     3103,  -44.703,  -52.861,      0.0000
     3104,  -42.162,  -54.046,      0.0000
     3105,  -46.299,  -50.066,      0.0000
     3106,  -46.507,  -51.195,      0.0000
     3107,  -45.667,  -51.712,      0.0000
     3108,  -44.772,  -52.287,      0.0000
     3109,  -44.475,  -53.194,      0.0000
     3110,  -43.957,  -53.464,      0.0000
     3111,  -43.244,  -53.084,      0.0000
     3112,  -44.127,  -51.816,      0.0000
     3113,  -43.984,  -50.933,      0.0000
     3114,  -43.335,  -53.773,      0.0000
     3115,  -46.147,  -50.569,      0.0000
     3116,  -44.724,  -51.535,      0.0000
     3117,  -44.573,  -51.148,      0.0000
     3118,  -45.777,  -51.000,      0.0000
     3119,  -43.976,  -52.265,      0.0000
     3120,  -42.842,  -54.126,      0.0000
     3121,  -44.082,  -52.806,      0.0000
     3122,  -43.482,  -50.020,      0.0000
     3123,  -40.293,  -55.726,      0.0000
     3124,  -41.304,  -55.062,      0.0000
     3125,  -39.995,  -55.968,      0.0000
     3126,  -39.821,  -56.826,      0.0000
     3127,  -50.606,  -47.443,      0.0000
     3128,  -49.143,  -48.574,      0.0000
     3129,  -48.297,  -50.005,      0.0000
     3130,  -48.599,  -49.408,      0.0000
     3131,  -54.254,  -44.204,      0.0000
     3132,  -52.487,  -45.813,      0.0000
     3133,  -56.138,  -41.768,      0.0000
     3134,  -31.087,  -41.863,      0.0000
     3135,  -32.566,  -42.363,      0.0000
     3136,  -34.008,  -42.582,      0.0000
     3137,  -34.571,  -42.860,      0.0000
     3138,  -33.733,  -44.388,      0.0000
     3139,  -33.036,  -46.412,      0.0000
     3140,  -32.727,  -48.668,      0.0000
     3141,  -32.295,  -50.522,      0.0000
     3142,  -31.779,  -52.580,      0.0000
     3143,  -31.279,  -54.378,      0.0000
     3144,  -30.436,  -56.557,      0.0000
     3145,  -30.186,  -58.341,      0.0000
     3146,  -29.671,  -60.470,      0.0000
     3147,  -29.419,  -61.171,      0.0000
     3148,  -27.918,  -60.738,      0.0000
     3149,  -26.535,  -60.489,      0.0000
     3150,  -26.030,  -60.192,      0.0000
     3151,  -26.711,  -58.780,      0.0000
     3152,  -26.936,  -57.363,      0.0000
     3153,  -27.339,  -55.667,      0.0000
     3154,  -27.662,  -54.270,      0.0000
     3155,  -28.066,  -52.695,      0.0000
     3156,  -28.458,  -51.346,      0.0000
     3157,  -29.126,  -49.621,      0.0000
     3158,  -29.580,  -47.964,      0.0000
     3159,  -29.693,  -46.604,      0.0000
     3160,  -29.981,  -45.353,      0.0000
     3161,  -30.457,  -43.802,      0.0000
     3162,  -30.784,  -42.386,      0.0000
     3163,  -31.615,  -42.525,      0.0000
     3164,  -33.308,  -42.644,      0.0000
     3165,  -33.954,  -43.343,      0.0000
     3166,  -33.369,  -45.366,      0.0000
     3167,  -32.396,  -47.662,      0.0000
     3168,  -32.343,  -49.597,      0.0000
     3169,  -31.477,  -51.519,      0.0000
     3170,  -31.410,  -53.455,      0.0000
     3171,  -30.411,  -55.176,      0.0000
     3172,  -30.377,  -57.516,      0.0000
     3173,  -29.293,  -59.241,      0.0000
     3174,  -28.768,  -60.593,      0.0000
     3175,  -27.194,  -60.456,      0.0000
     3176,  -26.556,  -59.759,      0.0000
     3177,  -26.781,  -58.011,      0.0000
     3178,  -27.752,  -56.608,      0.0000
     3179,  -27.600,  -54.975,      0.0000
     3180,  -28.341,  -53.547,      0.0000
     3181,  -28.355,  -52.036,      0.0000
     3182,  -29.178,  -50.723,      0.0000
     3183,  -29.138,  -48.764,      0.0000
     3184,  -30.172,  -47.089,      0.0000
     3185,  -29.908,  -45.988,      0.0000
     3186,  -30.619,  -44.710,      0.0000
     3187,  -30.767,  -43.079,      0.0000
     3188,  -32.633,  -43.536,      0.0000
     3189,  -32.272,  -45.527,      0.0000
     3190,  -31.422,  -48.966,      0.0000
     3191,  -30.332,  -50.943,      0.0000
     3192,  -30.480,  -53.855,      0.0000
     3193,  -29.291,  -57.480,      0.0000
     3194,  -27.747,  -59.676,      0.0000
     3195,  -27.787,  -58.166,      0.0000
     3196,  -28.193,  -55.485,      0.0000
     3197,  -29.368,  -54.355,      0.0000
     3198,  -29.137,  -51.754,      0.0000
     3199,  -30.057,  -48.843,      0.0000
     3200,  -30.432,  -46.318,      0.0000
     3201,  -31.253,  -45.513,      0.0000
     3202,  -30.839,  -47.846,      0.0000
     3203,  -31.352,  -50.240,      0.0000
     3204,  -30.803,  -52.733,      0.0000
     3205,  -29.211,  -55.936,      0.0000
     3206,  -28.347,  -54.623,      0.0000
     3207,  -28.820,  -52.566,      0.0000
     3208,  -31.412,  -46.548,      0.0000
     3209,  -30.515,  -45.649,      0.0000
     3210,  -31.316,  -43.712,      0.0000
     3211,  -32.763,  -44.687,      0.0000
     3212,  -30.244,  -49.889,      0.0000
     3213,  -29.612,  -53.047,      0.0000
     3214,  -29.408,  -52.329,      0.0000
     3215,  -28.919,  -55.108,      0.0000
     3216,  -29.677,  -51.342,      0.0000
     3217,  -30.064,  -51.952,      0.0000
     3218,  -29.477,  -55.144,      0.0000
     3219,  -31.809,  -44.614,      0.0000
     3220,  -30.903,  -46.007,      0.0000
     3221,  -37.195,  -36.465,      0.0000
     3222,  -38.778,  -36.578,      0.0000
     3223,  -40.165,  -36.227,      0.0000
     3224,  -41.855,  -35.942,      0.0000
     3225,  -43.241,  -35.720,      0.0000
     3226,  -44.854,  -35.681,      0.0000
     3227,  -46.402,  -35.375,      0.0000
     3228,  -47.898,  -35.203,      0.0000
     3229,  -49.411,  -35.177,      0.0000
     3230,  -51.080,  -34.845,      0.0000
     3231,  -52.469,  -34.602,      0.0000
     3232,  -54.073,  -34.372,      0.0000
     3233,  -55.447,  -34.138,      0.0000
     3234,  -56.048,  -34.236,      0.0000
     3235,  -56.326,  -36.069,      0.0000
     3236,  -56.282,  -37.275,      0.0000
     3237,  -56.466,  -37.915,      0.0000
     3238,  -54.101,  -37.602,      0.0000
     3239,  -52.030,  -38.131,      0.0000
     3240,  -49.480,  -38.077,      0.0000
     3241,  -47.431,  -38.705,      0.0000
     3242,  -45.155,  -39.024,      0.0000
     3243,  -43.138,  -39.288,      0.0000
     3244,  -40.791,  -39.338,      0.0000
     3245,  -38.827,  -39.911,      0.0000
     3246,  -37.618,  -40.011,      0.0000
     3247,  -37.389,  -38.430,      0.0000
     3248,  -37.110,  -37.048,      0.0000
     3249,  -37.804,  -36.804,      0.0000
     3250,  -39.515,  -36.342,      0.0000
     3251,  -41.137,  -36.619,      0.0000
     3252,  -42.579,  -35.919,      0.0000
     3253,  -44.020,  -36.031,      0.0000
     3254,  -45.762,  -35.837,      0.0000
     3255,  -47.203,  -35.558,      0.0000
     3256,  -48.649,  -35.359,      0.0000
     3257,  -50.492,  -35.592,      0.0000
     3258,  -51.810,  -34.813,      0.0000
     3259,  -53.389,  -34.899,      0.0000
     3260,  -54.813,  -34.350,      0.0000
     3261,  -56.079,  -35.506,      0.0000
     3262,  -56.380,  -36.530,      0.0000
     3263,  -55.277,  -37.440,      0.0000
     3264,  -52.957,  -37.842,      0.0000
     3265,  -50.856,  -37.448,      0.0000
     3266,  -48.331,  -38.333,      0.0000
     3267,  -46.112,  -38.260,      0.0000
     3268,  -44.108,  -39.005,      0.0000
     3269,  -42.048,  -38.924,      0.0000
     3270,  -39.626,  -39.414,      0.0000
     3271,  -37.761,  -39.133,      0.0000
     3272,  -37.394,  -37.659,      0.0000
     3273,  -38.212,  -39.728,      0.0000
     3274,  -39.797,  -37.342,      0.0000
     3275,  -42.292,  -36.613,      0.0000
     3276,  -43.833,  -37.118,      0.0000
     3277,  -46.607,  -36.038,      0.0000
     3278,  -49.330,  -36.411,      0.0000
     3279,  -51.606,  -35.528,      0.0000
     3280,  -53.201,  -35.941,      0.0000
     3281,  -55.508,  -34.796,      0.0000
     3282,  -55.734,  -36.440,      0.0000
     3283,  -52.119,  -37.149,      0.0000
     3284,  -48.312,  -37.178,      0.0000
     3285,  -44.588,  -38.068,      0.0000
     3286,  -42.108,  -37.593,      0.0000
     3287,  -38.684,  -39.097,      0.0000
     3288,  -38.365,  -37.938,      0.0000
     3289,  -45.075,  -36.837,      0.0000
     3290,  -46.363,  -36.863,      0.0000
     3291,  -52.324,  -36.203,      0.0000
     3292,  -52.466,  -35.331,      0.0000
     3293,  -54.500,  -34.978,      0.0000
     3294,  -54.695,  -36.581,      0.0000
     3295,  -53.090,  -36.882,      0.0000
     3296,  -55.105,  -35.679,      0.0000
     3297,  -54.121,  -35.772,      0.0000
     3298,  -53.842,  -36.556,      0.0000
     3299,  -43.148,  -36.431,      0.0000
     3300,  -47.318,  -36.555,      0.0000
     3301,  -47.311,  -37.649,      0.0000
     3302,  -51.479,  -36.384,      0.0000
     3303,  -48.118,  -36.044,      0.0000
     3304,  -40.998,  -38.056,      0.0000
     3305,  -39.315,  -38.462,      0.0000
     3306,  -40.105,  -38.522,      0.0000
     3307,  -43.250,  -38.168,      0.0000
     3308,  -42.926,  -37.185,      0.0000
     3309,  -34.546,  -57.356,      0.0000
     3310,  -35.733,  -56.336,      0.0000
     3311,  -36.572,  -55.212,      0.0000
     3312,  -37.819,  -54.214,      0.0000
     3313,  -38.735,  -53.057,      0.0000
     3314,  -39.856,  -52.001,      0.0000
     3315,  -40.996,  -50.950,      0.0000
     3316,  -41.626,  -50.153,      0.0000
     3317,  -42.804,  -51.177,      0.0000
     3318,  -43.151,  -51.673,      0.0000
     3319,  -42.172,  -52.585,      0.0000
     3320,  -41.184,  -53.531,      0.0000
     3321,  -40.212,  -54.692,      0.0000
     3322,  -39.385,  -55.628,      0.0000
     3323,  -38.195,  -56.585,      0.0000
     3324,  -37.453,  -57.682,      0.0000
     3325,  -36.456,  -58.611,      0.0000
     3326,  -35.961,  -58.912,      0.0000
     3327,  -34.896,  -57.855,      0.0000
     3328,  -35.252,  -57.129,      0.0000
     3329,  -36.221,  -55.762,      0.0000
     3330,  -37.286,  -54.970,      0.0000
     3331,  -38.378,  -53.647,      0.0000
     3332,  -39.521,  -52.803,      0.0000
     3333,  -40.501,  -51.622,      0.0000
     3334,  -41.976,  -50.913,      0.0000
     3335,  -42.503,  -51.877,      0.0000
     3336,  -41.582,  -52.926,      0.0000
     3337,  -40.297,  -53.835,      0.0000
     3338,  -39.726,  -55.113,      0.0000
     3339,  -38.695,  -55.849,      0.0000
     3340,  -37.721,  -57.156,      0.0000
     3341,  -36.791,  -57.943,      0.0000
     3342,  -35.752,  -58.121,      0.0000
     3343,  -41.374,  -50.549,      0.0000
     3344,  -36.485,  -56.308,      0.0000
     3345,  -37.755,  -55.798,      0.0000
     3346,  -39.192,  -53.693,      0.0000
     3347,  -41.480,  -51.934,      0.0000
     3348,  -40.632,  -52.665,      0.0000
     3349,  -39.527,  -54.460,      0.0000
     3350,  -38.215,  -55.044,      0.0000
     3351,  -37.103,  -57.291,      0.0000
     3352,  -38.695,  -54.355,      0.0000
     3353,  -39.041,  -55.075,      0.0000
     3354,  -37.216,  -56.573,      0.0000
     3355,  -36.922,  -55.771,      0.0000
     3356,  -36.333,  -57.100,      0.0000
     3357,  -52.056,  -42.255,      0.0000
     3358,  -52.976,  -43.503,      0.0000
     3359,  -53.227,  -44.129,      0.0000
     3360,  -51.208,  -45.024,      0.0000
     3361,  -49.403,  -46.566,      0.0000
     3362,  -47.576,  -47.867,      0.0000
     3363,  -45.627,  -49.379,      0.0000
     3364,  -45.072,  -49.876,      0.0000
     3365,  -44.254,  -48.644,      0.0000
     3366,  -43.889,  -48.062,      0.0000
     3367,  -45.103,  -47.248,      0.0000
     3368,  -46.405,  -46.353,      0.0000
     3369,  -47.668,  -45.321,      0.0000
     3370,  -48.690,  -44.615,      0.0000
     3371,  -50.136,  -43.569,      0.0000
     3372,  -51.099,  -42.697,      0.0000
     3373,  -52.155,  -43.081,      0.0000
     3374,  -51.089,  -43.799,      0.0000
     3375,  -50.098,  -45.726,      0.0000
     3376,  -48.238,  -46.941,      0.0000
     3377,  -46.134,  -48.679,      0.0000
     3378,  -44.763,  -49.259,      0.0000
     3379,  -44.630,  -47.878,      0.0000
     3380,  -45.937,  -47.045,      0.0000
     3381,  -47.332,  -46.047,      0.0000
     3382,  -48.164,  -44.969,      0.0000
     3383,  -49.768,  -44.482,      0.0000
     3384,  -50.730,  -43.151,      0.0000
     3385,  -51.606,  -42.650,      0.0000
     3386,  -52.288,  -44.209,      0.0000
     3387,  -51.336,  -43.075,      0.0000
     3388,  -47.012,  -47.026,      0.0000
     3389,  -48.670,  -45.583,      0.0000
     3390,  -45.167,  -48.622,      0.0000
     3391,  -46.581,  -47.903,      0.0000
     3392,  -45.592,  -47.896,      0.0000
     3393,   55.525,  -46.093,      0.0000
     3394,   58.145,  -46.943,      0.0000
     3395,   60.241,  -48.603,      0.0000
     3396,   63.216,  -51.014,      0.0000
     3397,   65.195,  -53.016,      0.0000
     3398,   64.357,  -57.062,      0.0000
     3399,   60.636,  -57.594,      0.0000
     3400,   58.807,  -55.555,      0.0000
     3401,   56.458,  -53.658,      0.0000
     3402,   53.877,  -51.741,      0.0000
     3403,   52.620,  -48.775,      0.0000
     3404,   52.623,  -51.584,      0.0000
     3405,   55.109,  -53.712,      0.0000
     3406,   57.452,  -55.790,      0.0000
     3407,   59.324,  -57.954,      0.0000
     3408,   61.524,  -59.750,      0.0000
     3409,   63.645,  -62.339,      0.0000
     3410,   65.657,  -64.480,      0.0000
     3411,   67.805,  -66.736,      0.0000
     3412,   69.857,  -68.490,      0.0000
     3413,   70.385,  -67.492,      0.0000
     3414,   72.748,  -65.857,      0.0000
     3415,   74.463,  -64.029,      0.0000
     3416,   76.279,  -61.838,      0.0000
     3417,   75.645,  -59.363,      0.0000
     3418,   73.096,  -57.619,      0.0000
     3419,   70.607,  -55.309,      0.0000
     3420,   68.526,  -53.548,      0.0000
     3421,   65.813,  -51.761,      0.0000
     3422,   63.826,  -49.854,      0.0000
     3423,   61.074,  -47.915,      0.0000
     3424,   58.901,  -46.134,      0.0000
     3425,   56.682,  -44.560,      0.0000
     3426,   57.390,  -45.657,      0.0000
     3427,   55.918,  -45.312,      0.0000
     3428,   54.808,  -46.173,      0.0000
     3429,   55.899,  -44.620,      0.0000
     3430,   55.140,  -45.600,      0.0000
     3431,   56.489,  -43.906,      0.0000
     3432,   52.006,  -50.462,      0.0000
     3433,   54.491,  -52.642,      0.0000
     3434,   52.045,  -49.421,      0.0000
     3435,   52.059,  -48.961,      0.0000
     3436,   53.320,  -50.763,      0.0000
     3437,   51.144,  -50.171,      0.0000
     3438,   51.489,  -49.773,      0.0000
     3439,   71.132,  -65.958,      0.0000
     3440,   73.505,  -64.811,      0.0000
     3441,   74.838,  -62.345,      0.0000
     3442,   76.796,  -60.497,      0.0000
     3443,   75.585,  -60.869,      0.0000
     3444,   74.332,  -58.606,      0.0000
     3445,   71.023,  -57.203,      0.0000
     3446,   69.433,  -54.524,      0.0000
     3447,   66.880,  -53.313,      0.0000
     3448,   64.647,  -50.817,      0.0000
     3449,   61.268,  -49.261,      0.0000
     3450,   59.645,  -47.447,      0.0000
     3451,   74.368,  -60.316,      0.0000
     3452,   62.633,  -49.611,      0.0000
     3453,   72.812,  -61.393,      0.0000
     3454,   72.094,  -58.459,      0.0000
     3455,   69.167,  -55.903,      0.0000
     3456,   68.018,  -54.739,      0.0000
     3457,   64.326,  -51.983,      0.0000
     3458,   73.314,  -63.322,      0.0000
     3459,   72.994,  -59.346,      0.0000
     3460,   67.628,  -56.050,      0.0000
     3461,   66.164,  -56.908,      0.0000
     3462,   63.084,  -58.457,      0.0000
     3463,   59.918,  -56.902,      0.0000
     3464,   71.261,  -59.693,      0.0000
     3465,   66.490,  -55.103,      0.0000
     3466,   69.416,  -60.678,      0.0000
     3467,   68.314,  -57.605,      0.0000
     3468,   61.627,  -58.270,      0.0000
     3469,   60.395,  -58.804,      0.0000
     3470,   63.452,  -60.611,      0.0000
     3471,   64.993,  -63.156,      0.0000
     3472,   67.323,  -65.182,      0.0000
     3473,   68.936,  -67.566,      0.0000
     3474,   69.593,  -58.955,      0.0000
     3475,   72.247,  -64.433,      0.0000
     3476,   67.950,  -59.602,      0.0000
     3477,   70.768,  -63.731,      0.0000
     3478,   72.007,  -62.943,      0.0000
     3479,   67.711,  -61.357,      0.0000
     3480,   64.953,  -58.677,      0.0000
     3481,   64.874,  -61.728,      0.0000
     3482,   67.964,  -63.730,      0.0000
     3483,   69.234,  -64.583,      0.0000
     3484,   67.536,  -62.688,      0.0000
     3485,   65.986,  -60.393,      0.0000
     3486,   66.628,  -63.563,      0.0000
     3487,   69.136,  -66.253,      0.0000
     3488,   70.891,  -61.848,      0.0000
     3489,   66.288,  -62.147,      0.0000
     3490,   69.074,  -62.659,      0.0000
     3491,   66.673,  -58.637,      0.0000
     3492,   55.839,  -54.536,      0.0000
     3493,   56.951,  -54.632,      0.0000
     3494,   58.652,  -56.707,      0.0000
     3495,   60.841,  -38.133,      0.0000
     3496,   63.762,  -38.935,      0.0000
     3497,   66.138,  -40.350,      0.0000
     3498,   68.928,  -42.023,      0.0000
     3499,   71.592,  -44.063,      0.0000
     3500,   71.368,  -48.071,      0.0000
     3501,   67.920,  -49.323,      0.0000
     3502,   65.803,  -47.937,      0.0000
     3503,   63.029,  -46.047,      0.0000
     3504,   60.023,  -44.264,      0.0000
     3505,   58.699,  -41.512,      0.0000
     3506,   58.879,  -43.614,      0.0000
     3507,   61.919,  -46.315,      0.0000
     3508,   63.936,  -48.083,      0.0000
     3509,   66.422,  -49.838,      0.0000
     3510,   68.408,  -51.536,      0.0000
     3511,   71.228,  -53.536,      0.0000
     3512,   73.434,  -55.370,      0.0000
     3513,   76.123,  -57.018,      0.0000
     3514,   78.335,  -58.834,      0.0000
     3515,   78.974,  -58.120,      0.0000
     3516,   81.012,  -55.564,      0.0000
     3517,   82.141,  -53.867,      0.0000
     3518,   83.647,  -51.401,      0.0000
     3519,   82.620,  -49.015,      0.0000
     3520,   79.938,  -47.414,      0.0000
     3521,   77.316,  -45.605,      0.0000
     3522,   74.879,  -44.179,      0.0000
     3523,   72.011,  -42.769,      0.0000
     3524,   69.868,  -41.251,      0.0000
     3525,   66.859,  -39.552,      0.0000
     3526,   64.382,  -38.020,      0.0000
     3527,   61.886,  -36.596,      0.0000
     3528,   62.816,  -37.707,      0.0000
     3529,   61.328,  -37.388,      0.0000
     3530,   60.422,  -38.687,      0.0000
     3531,   57.040,  -43.156,      0.0000
     3532,   57.770,  -42.950,      0.0000
     3533,   60.911,  -45.478,      0.0000
     3534,   62.609,  -46.937,      0.0000
     3535,   58.056,  -41.986,      0.0000
     3536,   62.234,  -45.251,      0.0000
     3537,   58.831,  -40.880,      0.0000
     3538,   65.331,  -39.252,      0.0000
     3539,   80.061,  -55.907,      0.0000
     3540,   81.418,  -54.766,      0.0000
     3541,   82.235,  -52.206,      0.0000
     3542,   83.987,  -49.981,      0.0000
     3543,   82.720,  -50.569,      0.0000
     3544,   81.168,  -48.349,      0.0000
     3545,   78.166,  -47.070,      0.0000
     3546,   75.959,  -45.081,      0.0000
     3547,   73.245,  -43.924,      0.0000
     3548,   70.527,  -42.199,      0.0000
     3549,   67.455,  -40.952,      0.0000
     3550,   68.953,  -40.668,      0.0000
     3551,   70.774,  -43.367,      0.0000
     3552,   72.937,  -47.334,      0.0000
     3553,   70.574,  -49.951,      0.0000
     3554,   66.704,  -48.593,      0.0000
     3555,   81.109,  -50.243,      0.0000
     3556,   68.911,  -50.336,      0.0000
     3557,   67.594,  -50.630,      0.0000
     3558,   78.913,  -50.707,      0.0000
     3559,   79.011,  -48.088,      0.0000
     3560,   76.140,  -46.573,      0.0000
     3561,   74.284,  -45.700,      0.0000
     3562,   74.790,  -47.452,      0.0000
     3563,   70.649,  -52.114,      0.0000
     3564,   72.689,  -54.142,      0.0000
     3565,   74.917,  -55.715,      0.0000
     3566,   77.598,  -57.873,      0.0000
     3567,   79.726,  -48.952,      0.0000
     3568,   74.262,  -49.126,      0.0000
     3569,   80.521,  -54.849,      0.0000
     3570,   80.391,  -51.898,      0.0000
     3571,   78.221,  -48.908,      0.0000
     3572,   76.343,  -48.514,      0.0000
     3573,   72.158,  -50.958,      0.0000
     3574,   79.393,  -54.456,      0.0000
     3575,   80.725,  -53.547,      0.0000
     3576,   77.184,  -50.105,      0.0000
     3577,   74.167,  -54.428,      0.0000
     3578,   79.083,  -57.062,      0.0000
     3579,   77.666,  -54.046,      0.0000
     3580,   78.981,  -52.783,      0.0000
     3581,   76.804,  -52.035,      0.0000
     3582,   72.441,  -49.291,      0.0000
     3583,   69.498,  -51.369,      0.0000
     3584,   74.120,  -52.990,      0.0000
     3585,   77.590,  -56.607,      0.0000
     3586,   75.394,  -52.660,      0.0000
     3587,   74.355,  -50.603,      0.0000
     3588,   72.399,  -52.545,      0.0000
     3589,   75.685,  -53.908,      0.0000
     3590,   73.559,  -51.517,      0.0000
     3591,   75.653,  -50.347,      0.0000
     3592,   73.355,  -50.299,      0.0000
     3593,   74.981,  -51.692,      0.0000
     3594,   78.420,  -55.594,      0.0000
     3595,   76.734,  -55.481,      0.0000
     3596,   63.775,  -46.927,      0.0000
     3597,   65.482,  -48.959,      0.0000
     3598,   64.915,  -47.408,      0.0000
     3599,   64.858,  -48.323,      0.0000
     3600,   64.976,  -30.591,      0.0000
     3601,   67.527,  -29.686,      0.0000
     3602,   70.310,  -30.970,      0.0000
     3603,   72.951,  -32.469,      0.0000
     3604,   76.321,  -33.742,      0.0000
     3605,   77.570,  -37.411,      0.0000
     3606,   76.182,  -39.993,      0.0000
     3607,   71.941,  -39.180,      0.0000
     3608,   68.712,  -37.535,      0.0000
     3609,   66.260,  -36.114,      0.0000
     3610,   64.064,  -35.055,      0.0000
     3611,   64.938,  -36.025,      0.0000
     3612,   67.495,  -37.929,      0.0000
     3613,   69.785,  -39.475,      0.0000
     3614,   71.882,  -40.628,      0.0000
     3615,   75.112,  -42.331,      0.0000
     3616,   77.408,  -43.692,      0.0000
     3617,   80.217,  -45.330,      0.0000
     3618,   82.590,  -46.785,      0.0000
     3619,   85.323,  -48.010,      0.0000
     3620,   85.907,  -47.145,      0.0000
     3621,   87.326,  -45.050,      0.0000
     3622,   87.736,  -42.633,      0.0000
     3623,   89.637,  -39.907,      0.0000
     3624,   88.410,  -37.669,      0.0000
     3625,   85.528,  -36.594,      0.0000
     3626,   82.536,  -35.068,      0.0000
     3627,   79.957,  -33.961,      0.0000
     3628,   77.121,  -32.756,      0.0000
     3629,   74.343,  -32.047,      0.0000
     3630,   71.506,  -30.719,      0.0000
     3631,   68.825,  -29.728,      0.0000
     3632,   65.842,  -28.571,      0.0000
     3633,   65.355,  -29.274,      0.0000
     3634,   65.297,  -29.986,      0.0000
     3635,   62.370,  -35.353,      0.0000
     3636,   74.861,  -40.805,      0.0000
     3637,   76.323,  -42.865,      0.0000
     3638,   79.404,  -43.607,      0.0000
     3639,   81.520,  -45.930,      0.0000
     3640,   84.325,  -46.845,      0.0000
     3641,   86.144,  -45.911,      0.0000
     3642,   87.696,  -44.028,      0.0000
     3643,   88.222,  -40.572,      0.0000
     3644,   89.817,  -38.512,      0.0000
     3645,   88.696,  -39.073,      0.0000
     3646,   86.958,  -37.225,      0.0000
     3647,   83.449,  -36.631,      0.0000
     3648,   81.150,  -34.656,      0.0000
     3649,   78.075,  -33.979,      0.0000
     3650,   75.835,  -32.511,      0.0000
     3651,   73.219,  -31.379,      0.0000
     3652,   66.160,  -37.213,      0.0000
     3653,   68.724,  -38.798,      0.0000
     3654,   70.793,  -39.838,      0.0000
     3655,   87.395,  -38.715,      0.0000
     3656,   79.296,  -37.052,      0.0000
     3657,   77.041,  -38.827,      0.0000
     3658,   73.234,  -40.435,      0.0000
     3659,   63.521,  -33.411,      0.0000
     3660,   63.407,  -35.790,      0.0000
     3661,   62.954,  -34.674,      0.0000
     3662,   63.131,  -33.930,      0.0000
     3663,   86.214,  -39.684,      0.0000
     3664,   84.803,  -37.525,      0.0000
     3665,   81.389,  -35.881,      0.0000
     3666,   79.655,  -35.352,      0.0000
     3667,   75.017,  -33.471,      0.0000
     3668,   78.603,  -38.777,      0.0000
     3669,   70.223,  -38.379,      0.0000
     3670,   67.430,  -36.690,      0.0000
     3671,   76.324,  -41.458,      0.0000
     3672,   77.702,  -42.290,      0.0000
     3673,   81.490,  -44.524,      0.0000
     3674,   82.944,  -45.490,      0.0000
     3675,   85.877,  -38.090,      0.0000
     3676,   80.381,  -36.373,      0.0000
     3677,   80.376,  -38.675,      0.0000
     3678,   77.775,  -40.461,      0.0000
     3679,   83.155,  -43.916,      0.0000
     3680,   86.246,  -44.061,      0.0000
     3681,   86.535,  -41.203,      0.0000
     3682,   84.371,  -38.804,      0.0000
     3683,   79.591,  -40.230,      0.0000
     3684,   84.575,  -44.952,      0.0000
     3685,   85.606,  -42.383,      0.0000
     3686,   83.079,  -40.323,      0.0000
     3687,   81.196,  -37.207,      0.0000
     3688,   78.994,  -41.649,      0.0000
     3689,   82.296,  -38.633,      0.0000
     3690,   84.633,  -43.495,      0.0000
     3691,   81.312,  -40.159,      0.0000
     3692,   80.505,  -41.660,      0.0000
     3693,   84.898,  -40.760,      0.0000
     3694,   82.035,  -41.438,      0.0000
     3695,   83.586,  -42.171,      0.0000
     3696,   81.696,  -42.886,      0.0000
     3697,   66.964,  -28.679,      0.0000
     3698,   69.825,  -30.107,      0.0000
     3699,   72.171,  -31.642,      0.0000
     3700,   71.222,   -6.244,      0.0000
     3701,   71.330,   -7.181,      0.0000
     3702,   71.060,   -7.945,      0.0000
     3703,   70.971,   -8.813,      0.0000
     3704,   72.923,   -8.773,      0.0000
     3705,   76.360,   -9.139,      0.0000
     3706,   79.760,   -9.432,      0.0000
     3707,   81.690,  -10.016,      0.0000
     3708,   85.574,  -10.275,      0.0000
     3709,   88.207,  -11.022,      0.0000
     3710,   91.656,  -11.301,      0.0000
     3711,   94.171,  -11.706,      0.0000
     3712,   97.491,  -11.770,      0.0000
     3713,   97.253,  -10.384,      0.0000
     3714,   98.105,   -8.361,      0.0000
     3715,   98.120,   -5.172,      0.0000
     3716,   98.339,   -3.301,      0.0000
     3717,   96.510,   -0.877,      0.0000
     3718,   92.991,   -0.696,      0.0000
     3719,   89.891,   -0.995,      0.0000
     3720,   87.294,   -0.730,      0.0000
     3721,   84.151,   -0.822,      0.0000
     3722,   81.185,   -0.781,      0.0000
     3723,   78.215,   -0.743,      0.0000
     3724,   74.723,   -0.950,      0.0000
     3725,   72.117,   -0.558,      0.0000
     3726,   71.603,   -0.550,      0.0000
     3727,   71.479,   -1.456,      0.0000
     3728,   71.443,   -2.229,      0.0000
     3729,   71.530,   -3.167,      0.0000
     3730,   71.942,   -3.561,      0.0000
     3731,   72.129,   -2.484,      0.0000
     3732,   73.223,   -2.099,      0.0000
     3733,   74.086,   -2.224,      0.0000
     3734,   75.056,   -2.313,      0.0000
     3735,   75.797,   -2.500,      0.0000
     3736,   76.876,   -2.423,      0.0000
     3737,   77.646,   -2.528,      0.0000
     3738,   78.589,   -2.567,      0.0000
     3739,   79.432,   -2.637,      0.0000
     3740,   80.428,   -2.635,      0.0000
     3741,   81.248,   -2.765,      0.0000
     3742,   82.203,   -2.819,      0.0000
     3743,   83.034,   -2.898,      0.0000
     3744,   83.979,   -2.983,      0.0000
     3745,   84.790,   -3.086,      0.0000
     3746,   85.274,   -4.019,      0.0000
     3747,   85.243,   -4.930,      0.0000
     3748,   85.190,   -6.005,      0.0000
     3749,   85.089,   -6.929,      0.0000
     3750,   84.981,   -7.882,      0.0000
     3751,   83.848,   -8.093,      0.0000
     3752,   82.916,   -8.032,      0.0000
     3753,   82.073,   -7.968,      0.0000
     3754,   81.109,   -7.893,      0.0000
     3755,   80.272,   -7.825,      0.0000
     3756,   79.331,   -7.750,      0.0000
     3757,   78.509,   -7.709,      0.0000
     3758,   77.530,   -7.662,      0.0000
     3759,   76.689,   -7.580,      0.0000
     3760,   75.753,   -7.516,      0.0000
     3761,   74.909,   -7.488,      0.0000
     3762,   73.945,   -7.515,      0.0000
     3763,   73.078,   -7.332,      0.0000
     3764,   72.226,   -7.209,      0.0000
     3765,   71.851,   -6.088,      0.0000
     3766,   71.759,   -5.667,      0.0000
     3767,   71.406,   -5.895,      0.0000
     3768,   71.391,   -6.639,      0.0000
     3769,   71.180,   -7.602,      0.0000
     3770,   71.271,   -8.435,      0.0000
     3771,   72.048,   -8.612,      0.0000
     3772,   75.730,   -8.367,      0.0000
     3773,   78.633,   -9.547,      0.0000
     3774,   81.387,   -9.411,      0.0000
     3775,   84.643,  -10.387,      0.0000
     3776,   88.253,  -10.118,      0.0000
     3777,   90.714,  -11.186,      0.0000
     3778,   94.008,  -10.466,      0.0000
     3779,   96.558,  -11.971,      0.0000
     3780,   97.263,   -8.439,      0.0000
     3781,   98.074,   -6.306,      0.0000
     3782,   97.611,   -3.334,      0.0000
     3783,   98.372,   -0.883,      0.0000
     3784,   97.011,   -1.543,      0.0000
     3785,   94.110,   -1.331,      0.0000
     3786,   90.620,   -1.513,      0.0000
     3787,   88.279,   -1.219,      0.0000
     3788,   84.386,   -1.498,      0.0000
     3789,   82.143,   -0.798,      0.0000
     3790,   78.476,   -1.522,      0.0000
     3791,   75.905,   -0.902,      0.0000
     3792,   72.437,   -1.185,      0.0000
     3793,   71.719,   -1.047,      0.0000
     3794,   71.516,   -1.847,      0.0000
     3795,   71.630,   -2.625,      0.0000
     3796,   71.474,   -3.669,      0.0000
     3797,   72.057,   -3.005,      0.0000
     3798,   75.026,   -8.997,      0.0000
     3799,   81.091,   -9.895,      0.0000
     3800,   87.505,  -10.546,      0.0000
     3801,   93.375,  -11.308,      0.0000
     3802,   97.774,   -9.312,      0.0000
     3803,   97.634,   -7.436,      0.0000
     3804,   96.939,   -6.478,      0.0000
     3805,   98.080,   -4.136,      0.0000
     3806,   98.132,   -2.571,      0.0000
     3807,   97.835,   -1.693,      0.0000
     3808,   97.449,   -0.833,      0.0000
     3809,   91.110,   -0.959,      0.0000
     3810,   85.217,   -1.000,      0.0000
     3811,   79.115,   -0.789,      0.0000
     3812,   73.448,   -1.233,      0.0000
     3813,   72.793,   -1.894,      0.0000
     3814,   73.674,   -2.042,      0.0000
     3815,   74.623,   -2.009,      0.0000
     3816,   75.505,   -2.337,      0.0000
     3817,   76.640,   -1.938,      0.0000
     3818,   77.276,   -2.435,      0.0000
     3819,   78.149,   -2.285,      0.0000
     3820,   79.031,   -2.534,      0.0000
     3821,   79.927,   -2.455,      0.0000
     3822,   80.870,   -2.682,      0.0000
     3823,   81.810,   -2.521,      0.0000
     3824,   82.641,   -2.804,      0.0000
     3825,   83.588,   -2.715,      0.0000
     3826,   84.406,   -2.988,      0.0000
     3827,   85.537,   -3.602,      0.0000
     3828,   85.319,   -4.481,      0.0000
     3829,   85.565,   -5.526,      0.0000
     3830,   85.206,   -6.489,      0.0000
     3831,   85.299,   -7.511,      0.0000
     3832,   84.235,   -8.242,      0.0000
     3833,   83.363,   -8.357,      0.0000
     3834,   82.486,   -8.066,      0.0000
     3835,   81.544,   -8.210,      0.0000
     3836,   80.676,   -7.918,      0.0000
     3837,   79.758,   -8.036,      0.0000
     3838,   78.915,   -7.773,      0.0000
     3839,   78.011,   -8.014,      0.0000
     3840,   77.089,   -7.674,      0.0000
     3841,   76.171,   -7.786,      0.0000
     3842,   75.312,   -7.578,      0.0000
     3843,   74.475,   -7.579,      0.0000
     3844,   73.449,   -7.477,      0.0000
     3845,   72.556,   -7.484,      0.0000
     3846,   71.840,   -6.520,      0.0000
     3847,   73.452,   -8.041,      0.0000
     3848,   77.637,   -9.421,      0.0000
     3849,   80.555,   -9.988,      0.0000
     3850,   83.900,  -10.370,      0.0000
     3851,   86.639,  -10.438,      0.0000
     3852,   89.871,  -11.140,      0.0000
     3853,   92.570,  -11.380,      0.0000
     3854,   95.823,  -11.968,      0.0000
     3855,   96.673,   -7.621,      0.0000
     3856,   97.440,   -5.624,      0.0000
     3857,   97.293,   -4.033,      0.0000
     3858,   97.086,   -2.479,      0.0000
     3859,   92.967,   -1.569,      0.0000
     3860,   87.094,   -1.545,      0.0000
     3861,   80.734,   -1.508,      0.0000
     3862,   75.420,   -1.758,      0.0000
     3863,   71.542,   -6.277,      0.0000
     3864,   71.515,   -7.595,      0.0000
     3865,   73.958,   -8.753,      0.0000
     3866,   74.891,   -8.077,      0.0000
     3867,   80.728,   -9.394,      0.0000
     3868,   82.514,   -9.883,      0.0000
     3869,   87.327,   -9.676,      0.0000
     3870,   89.145,  -10.655,      0.0000
     3871,   92.980,  -10.722,      0.0000
     3872,   95.207,  -11.273,      0.0000
     3873,   96.975,   -9.275,      0.0000
     3874,   95.693,   -7.806,      0.0000
     3875,   96.682,   -5.371,      0.0000
     3876,   96.053,   -2.876,      0.0000
     3877,   95.487,   -1.045,      0.0000
     3878,   93.307,   -2.215,      0.0000
     3879,   91.243,   -1.972,      0.0000
     3880,   87.688,   -2.066,      0.0000
     3881,   84.940,   -1.909,      0.0000
     3882,   80.133,   -0.917,      0.0000
     3883,   79.331,   -1.551,      0.0000
     3884,   76.005,   -2.211,      0.0000
     3885,   84.780,   -8.336,      0.0000
     3886,   71.878,   -6.970,      0.0000
     3887,   74.144,   -7.993,      0.0000
     3888,   77.191,   -2.036,      0.0000
     3889,   77.619,   -2.146,      0.0000
     3890,   78.833,   -2.106,      0.0000
     3891,   79.426,   -2.179,      0.0000
     3892,   80.819,   -2.359,      0.0000
     3893,   81.236,   -2.385,      0.0000
     3894,   82.510,   -2.412,      0.0000
     3895,   83.032,   -2.523,      0.0000
     3896,   84.254,   -2.668,      0.0000
     3897,   84.774,   -2.782,      0.0000
     3898,   85.715,   -4.265,      0.0000
     3899,   85.701,   -4.835,      0.0000
     3900,   85.696,   -6.311,      0.0000
     3901,   85.547,   -6.900,      0.0000
     3902,   85.290,   -8.124,      0.0000
     3903,   83.882,   -8.510,      0.0000
     3904,   82.712,   -8.506,      0.0000
     3905,   82.152,   -8.447,      0.0000
     3906,   80.872,   -8.319,      0.0000
     3907,   80.328,   -8.255,      0.0000
     3908,   79.134,   -8.119,      0.0000
     3909,   78.630,   -8.071,      0.0000
     3910,   77.261,   -8.067,      0.0000
     3911,   76.732,   -7.980,      0.0000
     3912,   75.571,   -7.865,      0.0000
     3913,   77.204,   -1.502,      0.0000
     3914,   81.068,   -1.975,      0.0000
     3915,   82.980,   -2.096,      0.0000
     3916,   84.671,   -2.402,      0.0000
     3917,   86.062,   -2.999,      0.0000
     3918,   86.123,   -4.607,      0.0000
     3919,   86.088,   -6.806,      0.0000
     3920,   82.346,   -9.046,      0.0000
     3921,   80.457,   -8.810,      0.0000
     3922,   78.798,   -8.478,      0.0000
     3923,   76.821,   -8.433,      0.0000
     3924,   78.265,   -8.772,      0.0000
     3925,   81.937,   -9.449,      0.0000
     3926,   79.938,   -8.628,      0.0000
     3927,   79.392,   -8.610,      0.0000
     3928,   78.426,   -8.334,      0.0000
     3929,   81.748,   -8.900,      0.0000
     3930,   81.123,   -8.841,      0.0000
     3931,   78.970,   -8.968,      0.0000
     3932,   76.363,   -8.341,      0.0000
     3933,   77.393,   -8.641,      0.0000
     3934,   76.128,   -1.586,      0.0000
     3935,   81.607,   -2.012,      0.0000
     3936,   82.403,   -1.718,      0.0000
     3937,   83.445,   -2.218,      0.0000
     3938,   84.114,   -2.146,      0.0000
     3939,   85.280,   -2.506,      0.0000
     3940,   86.356,   -4.017,      0.0000
     3941,   86.255,   -5.177,      0.0000
     3942,   86.601,   -6.117,      0.0000
     3943,   85.923,   -7.340,      0.0000
     3944,   85.997,   -8.128,      0.0000
     3945,   84.276,   -8.813,      0.0000
     3946,   83.006,   -9.110,      0.0000
     3947,   83.517,   -1.618,      0.0000
     3948,   85.252,   -3.038,      0.0000
     3949,   87.098,   -3.420,      0.0000
     3950,   86.705,   -7.341,      0.0000
     3951,   85.415,   -8.748,      0.0000
     3952,   83.409,   -9.828,      0.0000
     3953,   84.240,   -9.620,      0.0000
     3954,   89.170,   -9.658,      0.0000
     3955,   90.248,  -10.254,      0.0000
     3956,   95.191,  -10.232,      0.0000
     3957,   96.063,  -11.408,      0.0000
     3958,   96.189,   -9.624,      0.0000
     3959,   96.085,   -6.947,      0.0000
     3960,   97.375,   -4.791,      0.0000
     3961,   96.221,   -1.841,      0.0000
     3962,   87.804,   -2.819,      0.0000
     3963,   86.959,   -5.237,      0.0000
     3964,   86.214,   -9.316,      0.0000
     3965,   84.838,   -9.124,      0.0000
     3966,   83.696,   -9.040,      0.0000
     3967,   84.936,   -9.772,      0.0000
     3968,   89.092,   -8.673,      0.0000
     3969,   91.249,  -10.554,      0.0000
     3970,   94.681,   -9.393,      0.0000
     3971,   96.682,  -11.227,      0.0000
     3972,   95.722,  -10.021,      0.0000
     3973,   95.159,   -6.801,      0.0000
     3974,   96.633,   -4.409,      0.0000
     3975,   95.183,   -2.219,      0.0000
     3976,   94.074,   -2.869,      0.0000
     3977,   92.095,   -1.254,      0.0000
     3978,   88.334,   -2.245,      0.0000
     3979,   85.989,   -1.899,      0.0000
     3980,   80.008,   -1.788,      0.0000
     3981,   88.079,   -3.691,      0.0000
     3982,   85.396,   -9.447,      0.0000
     3983,   88.994,   -3.805,      0.0000
     3984,   86.611,   -4.706,      0.0000
     3985,   90.094,   -9.106,      0.0000
     3986,   95.451,   -9.624,      0.0000
     3987,   77.542,   -1.772,      0.0000
     3988,   80.497,   -2.120,      0.0000
     3989,   77.915,   -1.817,      0.0000
     3990,   76.670,   -1.119,      0.0000
     3991,   77.791,   -1.357,      0.0000
     3992,   77.397,   -0.787,      0.0000
     3993,   88.546,   -4.591,      0.0000
     3994,   87.374,   -4.477,      0.0000
     3995,   87.174,   -8.491,      0.0000
     3996,   88.204,   -9.133,      0.0000
     3997,   92.126,  -10.555,      0.0000
     3998,   93.595,   -9.177,      0.0000
     3999,   96.377,   -8.602,      0.0000
     4000,   95.928,   -6.024,      0.0000
     4001,   95.931,   -3.867,      0.0000
     4002,   96.768,   -3.500,      0.0000
     4003,   93.047,   -2.959,      0.0000
     4004,   90.259,   -2.092,      0.0000
     4005,   89.214,   -2.118,      0.0000
     4006,   86.383,   -0.862,      0.0000
     4007,   95.746,   -4.895,      0.0000
     4008,   93.278,   -3.969,      0.0000
     4009,   90.780,   -2.765,      0.0000
     4010,   86.956,   -2.458,      0.0000
     4011,   91.484,   -9.469,      0.0000
     4012,   95.456,   -8.842,      0.0000
     4013,   93.919,   -6.369,      0.0000
     4014,   95.151,   -3.340,      0.0000
     4015,   94.430,   -4.027,      0.0000
     4016,   92.344,   -2.319,      0.0000
     4017,   91.529,   -2.842,      0.0000
     4018,   89.040,   -5.292,      0.0000
     4019,   87.604,   -6.832,      0.0000
     4020,   88.218,   -8.177,      0.0000
     4021,   94.328,   -8.000,      0.0000
     4022,   94.933,   -5.648,      0.0000
     4023,   95.226,   -4.178,      0.0000
     4024,   88.709,   -2.974,      0.0000
     4025,   88.585,   -6.759,      0.0000
     4026,   87.580,   -7.654,      0.0000
     4027,   92.801,   -9.897,      0.0000
     4028,   93.964,   -5.039,      0.0000
     4029,   94.860,   -4.757,      0.0000
     4030,   92.230,   -3.400,      0.0000
     4031,   91.055,   -3.734,      0.0000
     4032,   89.836,   -3.151,      0.0000
     4033,   87.981,   -5.671,      0.0000
     4034,   88.211,   -7.420,      0.0000
     4035,   89.816,   -8.266,      0.0000
     4036,   93.250,   -5.582,      0.0000
     4037,   93.040,   -4.909,      0.0000
     4038,   89.075,   -7.675,      0.0000
     4039,   92.596,   -8.988,      0.0000
     4040,   92.723,   -6.196,      0.0000
     4041,   89.846,   -4.562,      0.0000
     4042,   89.533,   -6.864,      0.0000
     4043,   90.740,   -8.307,      0.0000
     4044,   91.883,   -6.843,      0.0000
     4045,   90.021,   -6.224,      0.0000
     4046,   90.982,   -7.352,      0.0000
     4047,   91.972,   -8.082,      0.0000
     4048,   91.687,   -5.685,      0.0000
     4049,   91.051,   -4.819,      0.0000
     4050,   90.303,   -6.886,      0.0000
     4051,   93.099,   -8.310,      0.0000
     4052,   92.987,   -7.300,      0.0000
     4053,   92.566,   -5.387,      0.0000
     4054,   92.130,   -4.558,      0.0000
     4055,   89.716,   -5.538,      0.0000
     4056,   90.902,   -6.423,      0.0000
     4057,   90.075,   -7.558,      0.0000
     4058,   90.537,   -5.542,      0.0000
     4059,   89.146,   -6.058,      0.0000
     4060,   81.523,   -1.465,      0.0000
     4061,   83.141,   -0.826,      0.0000
     4062,   96.044,  -10.596,      0.0000
     4063,   71.908,   -7.455,      0.0000
     4064,   71.734,   -7.811,      0.0000
     4065,   73.045,   -7.685,      0.0000
     4066,   72.110,   -7.933,      0.0000
     4067,   71.716,   -8.143,      0.0000
     4068,   71.413,   -7.922,      0.0000
     4069,   72.689,   -8.088,      0.0000
     4070,   71.809,   -2.124,      0.0000
     4071,   72.264,   -1.955,      0.0000
     4072,   71.871,   -1.602,      0.0000
     4073,   74.111,   -1.692,      0.0000
     4074,   68.637,  -21.086,      0.0000
     4075,   71.666,  -21.105,      0.0000
     4076,   74.327,  -21.857,      0.0000
     4077,   77.456,  -22.751,      0.0000
     4078,   80.557,  -24.032,      0.0000
     4079,   81.378,  -27.962,      0.0000
     4080,   78.371,  -30.064,      0.0000
     4081,   75.968,  -29.272,      0.0000
     4082,   72.800,  -28.165,      0.0000
     4083,   69.434,  -27.221,      0.0000
     4084,   67.371,  -24.861,      0.0000
     4085,   68.161,  -26.888,      0.0000
     4086,   71.797,  -28.711,      0.0000
     4087,   74.202,  -29.897,      0.0000
     4088,   77.058,  -30.948,      0.0000
     4089,   79.416,  -32.075,      0.0000
     4090,   82.657,  -33.277,      0.0000
     4091,   85.262,  -34.477,      0.0000
     4092,   88.286,  -35.373,      0.0000
     4093,   90.893,  -36.555,      0.0000
     4094,   91.325,  -35.700,      0.0000
     4095,   92.633,  -32.704,      0.0000
     4096,   93.284,  -30.772,      0.0000
     4097,   94.100,  -28.000,      0.0000
     4098,   92.491,  -25.961,      0.0000
     4099,   89.486,  -25.109,      0.0000
     4100,   86.485,  -24.040,      0.0000
     4101,   83.761,  -23.293,      0.0000
     4102,   80.627,  -22.674,      0.0000
     4103,   78.164,  -21.763,      0.0000
     4104,   74.818,  -20.900,      0.0000
     4105,   72.029,  -20.061,      0.0000
     4106,   69.250,  -19.332,      0.0000
     4107,   70.435,  -20.164,      0.0000
     4108,   68.915,  -20.241,      0.0000
     4109,   68.376,  -21.731,      0.0000
     4110,   66.266,  -26.922,      0.0000
     4111,   66.917,  -26.534,      0.0000
     4112,   70.606,  -28.164,      0.0000
     4113,   72.624,  -29.133,      0.0000
     4114,   66.934,  -25.523,      0.0000
     4115,   71.825,  -27.602,      0.0000
     4116,   67.395,  -24.253,      0.0000
     4117,   73.264,  -21.005,      0.0000
     4118,   91.803,  -33.281,      0.0000
     4119,   92.818,  -31.828,      0.0000
     4120,   92.945,  -29.143,      0.0000
     4121,   94.061,  -26.540,      0.0000
     4122,   92.989,  -27.437,      0.0000
     4123,   90.916,  -25.693,      0.0000
     4124,   87.686,  -25.235,      0.0000
     4125,   85.039,  -23.885,      0.0000
     4126,   82.118,  -23.470,      0.0000
     4127,   79.046,  -22.507,      0.0000
     4128,   75.756,  -22.098,      0.0000
     4129,   77.129,  -21.436,      0.0000
     4130,   79.587,  -23.571,      0.0000
     4131,   82.703,  -26.843,      0.0000
     4132,   81.097,  -29.983,      0.0000
     4133,   77.008,  -29.673,      0.0000
     4134,   91.349,  -27.539,      0.0000
     4135,   79.590,  -30.785,      0.0000
     4136,   78.394,  -31.410,      0.0000
     4137,   89.348,  -28.555,      0.0000
     4138,   88.765,  -25.999,      0.0000
     4139,   85.599,  -25.280,      0.0000
     4140,   83.581,  -24.917,      0.0000
     4141,   84.523,  -26.479,      0.0000
     4142,   81.729,  -32.053,      0.0000
     4143,   84.226,  -33.484,      0.0000
     4144,   86.785,  -34.427,      0.0000
     4145,   89.933,  -35.817,      0.0000
     4146,   89.679,  -26.649,      0.0000
     4147,   84.446,  -28.232,      0.0000
     4148,   91.973,  -32.139,      0.0000
     4149,   91.084,  -29.323,      0.0000
     4150,   88.214,  -26.996,      0.0000
     4151,   86.298,  -27.102,      0.0000
     4152,   82.888,  -30.546,      0.0000
     4153,   90.782,  -32.052,      0.0000
     4154,   91.833,  -30.829,      0.0000
     4155,   87.522,  -28.421,      0.0000
     4156,   85.727,  -33.378,      0.0000
     4157,   91.157,  -34.649,      0.0000
     4158,   89.007,  -32.103,      0.0000
     4159,   89.951,  -30.542,      0.0000
     4160,   87.654,  -30.384,      0.0000
     4161,   82.730,  -28.863,      0.0000
     4162,   80.425,  -31.631,      0.0000
     4163,   85.309,  -32.001,      0.0000
     4164,   89.597,  -34.596,      0.0000
     4165,   86.455,  -31.352,      0.0000
     4166,   84.919,  -29.635,      0.0000
     4167,   83.532,  -32.016,      0.0000
     4168,   87.059,  -32.483,      0.0000
     4169,   84.386,  -30.724,      0.0000
     4170,   86.106,  -29.051,      0.0000
     4171,   83.874,  -29.600,      0.0000
     4172,   85.805,  -30.524,      0.0000
     4173,   90.137,  -33.403,      0.0000
     4174,   88.479,  -33.731,      0.0000
     4175,   73.748,  -28.822,      0.0000
     4176,   75.923,  -30.343,      0.0000
     4177,   74.973,  -28.991,      0.0000
     4178,   75.155,  -29.890,      0.0000
     4179,   71.289,  -17.972,      0.0000
     4180,   74.448,  -19.162,      0.0000
     4181,   77.636,  -19.672,      0.0000
     4182,   80.623,  -20.753,      0.0000
     4183,   83.142,  -21.433,      0.0000
     4184,   86.377,  -21.990,      0.0000
     4185,   89.112,  -23.014,      0.0000
     4186,   92.106,  -23.879,      0.0000
     4187,   94.826,  -24.422,      0.0000
     4188,   95.030,  -23.577,      0.0000
     4189,   96.037,  -20.657,      0.0000
     4190,   96.563,  -18.282,      0.0000
     4191,   96.976,  -15.463,      0.0000
     4192,   95.118,  -13.650,      0.0000
     4193,   91.995,  -13.261,      0.0000
     4194,   88.799,  -12.519,      0.0000
     4195,   86.145,  -12.088,      0.0000
     4196,   83.465,  -12.075,      0.0000
     4197,   80.026,  -11.293,      0.0000
     4198,   76.887,  -11.012,      0.0000
     4199,   73.893,  -10.424,      0.0000
     4200,   71.152,  -10.122,      0.0000
     4201,   70.801,  -11.947,      0.0000
     4202,   73.693,  -11.509,      0.0000
     4203,   76.563,  -12.040,      0.0000
     4204,   79.905,  -12.566,      0.0000
     4205,   83.178,  -13.260,      0.0000
     4206,   84.450,  -16.765,      0.0000
     4207,   81.665,  -19.626,      0.0000
     4208,   78.845,  -18.919,      0.0000
     4209,   75.459,  -18.254,      0.0000
     4210,   72.755,  -17.812,      0.0000
     4211,   70.117,  -15.890,      0.0000
     4212,   69.216,  -18.046,      0.0000
     4213,   69.826,  -17.596,      0.0000
     4214,   73.362,  -18.803,      0.0000
     4215,   75.570,  -19.367,      0.0000
     4216,   69.707,  -16.577,      0.0000
     4217,   74.102,  -18.051,      0.0000
     4218,   69.997,  -15.255,      0.0000
     4219,   72.415,  -10.779,      0.0000
     4220,   70.958,  -11.070,      0.0000
     4221,   70.627,  -12.620,      0.0000
     4222,   94.915,  -21.407,      0.0000
     4223,   96.159,  -19.426,      0.0000
     4224,   96.036,  -16.721,      0.0000
     4225,   96.735,  -14.026,      0.0000
     4226,   95.831,  -15.036,      0.0000
     4227,   93.536,  -13.600,      0.0000
     4228,   90.049,  -13.825,      0.0000
     4229,   87.425,  -12.445,      0.0000
     4230,   84.714,  -12.722,      0.0000
     4231,   81.033,  -11.907,      0.0000
     4232,   77.679,  -12.044,      0.0000
     4233,   74.877,  -10.979,      0.0000
     4234,   75.802,  -11.540,      0.0000
     4235,   94.285,  -15.332,      0.0000
     4236,   78.930,  -11.651,      0.0000
     4237,   82.227,  -12.376,      0.0000
     4238,   84.642,  -15.367,      0.0000
     4239,   83.161,  -20.081,      0.0000
     4240,   92.713,  -16.362,      0.0000
     4241,   91.452,  -14.317,      0.0000
     4242,   87.978,  -13.648,      0.0000
     4243,   86.417,  -13.345,      0.0000
     4244,   84.380,  -18.737,      0.0000
     4245,   84.842,  -20.895,      0.0000
     4246,   87.908,  -22.236,      0.0000
     4247,   90.985,  -22.613,      0.0000
     4248,   93.635,  -23.939,      0.0000
     4249,   92.535,  -14.724,      0.0000
     4250,   86.876,  -14.767,      0.0000
     4251,   85.389,  -14.400,      0.0000
     4252,   95.349,  -18.351,      0.0000
     4253,   91.230,  -15.479,      0.0000
     4254,   85.785,  -15.871,      0.0000
     4255,   94.976,  -19.747,      0.0000
     4256,   91.210,  -17.290,      0.0000
     4257,   88.340,  -14.992,      0.0000
     4258,   85.984,  -17.581,      0.0000
     4259,   85.992,  -19.237,      0.0000
     4260,   93.257,  -19.974,      0.0000
     4261,   94.121,  -18.690,      0.0000
     4262,   89.429,  -16.377,      0.0000
     4263,   89.333,  -21.859,      0.0000
     4264,   94.283,  -22.768,      0.0000
     4265,   91.739,  -20.872,      0.0000
     4266,   94.217,  -17.264,      0.0000
     4267,   91.231,  -19.240,      0.0000
     4268,   88.447,  -20.662,      0.0000
     4269,   92.802,  -22.993,      0.0000
     4270,   89.537,  -19.477,      0.0000
     4271,   87.390,  -16.353,      0.0000
     4272,   90.212,  -20.787,      0.0000
     4273,   89.867,  -18.183,      0.0000
     4274,   87.934,  -18.539,      0.0000
     4275,   87.390,  -21.331,      0.0000
     4276,   92.997,  -21.771,      0.0000
     4277,   86.830,  -20.442,      0.0000
     4278,   92.791,  -18.137,      0.0000
     4279,   76.594,  -18.867,      0.0000
     4280,   78.729,  -20.064,      0.0000
     4281,   81.936,  -20.929,      0.0000
     4282,   79.977,  -19.611,      0.0000
     4283,  -34.924,  -42.762,      0.0000
     4284,  -56.086,  -41.431,      0.0000
     4285,  -53.282,  -44.530,      0.0000
     4286,  -45.677,  -50.034,      0.0000
     4287,   55.813,  -46.389,      0.0000
     4288,   53.295,  -49.260,      0.0000
     4289,   61.385,  -38.715,      0.0000
     4290,   59.254,  -41.905,      0.0000
     4291,   65.917,  -30.363,      0.0000
     4292,   64.228,  -33.787,      0.0000
     4293,   69.317,  -21.498,      0.0000
     4294,   68.088,  -25.118,      0.0000
     4295,   71.528,  -12.277,      0.0000
     4296,   70.779,  -16.039,      0.0000
     4297,   -9.500,  -16.295,      0.0000
     4298,   55.860,  -46.264,      0.0000
     4299,   61.421,  -38.577,      0.0000
     4300,   59.145,  -41.983,      0.0000
     4301,   69.312,  -21.365,      0.0000
     4302,   71.508,  -12.135,      0.0000
     4303,   70.709,  -16.153,      0.0000
     4304,   53.848,  -48.629,      0.0000
     4305,   64.600,  -33.035,      0.0000
     4306,   65.931,  -30.230,      0.0000
     4307,   60.939,  -39.383,      0.0000
     4308,   69.066,  -22.238,      0.0000
     4309,   71.371,  -13.065,      0.0000
     4310,  -12.649,  -13.768,      0.0000
     4311,  -13.632,  -11.914,      0.0000
3 24 RegionsTable

RegionCode,     RegionName     
   [-]    ,        [-]         
----------,--------------------
         1,Stator
         2,StatorWedge
         3,Rotor
         4,Shaft
         5,StatorWedge_1
         6,StatorWedge_2
         7,StatorWedge_3
         8,StatorWedge_4
         9,StatorWedge_5
        10,Stator_1
        11,Stator_2
        12,Stator_3
        13,Stator_4
        14,Stator_5
        15,L1_1Magnet1N1
        16,L1_1Magnet2N1
        17,L2_1Magnet1N1
        18,L2_1Magnet2N1
        19,Turn_1_1
        20,Turn_2_1
        21,Turn_3_1
        22,Turn_4_1
        23,Turn_5_1
        24,Turn_6_1
